{"type":"FeatureCollection","crs":{"type":"name","properties":{"name":"EPSG:4326"}},"features":[{"type":"Feature","id":1,"geometry":{"type":"Point","coordinates":[-75.6218762547403,45.3882057428085]},"properties":{"OBJECTID":1,"ID":"1","REP_DATE":"Wed, 03 Jan 2018 05:00:00 GMT","REP_HOUR":2200,"REP_YEAR":2018,"OCC_DATE":"Wed, 03 Jan 2018 05:00:00 GMT","OCC_HOUR":2200,"OCC_YEAR":2018,"TOD":"Evening","WEEKDAY":"Wednesday","DOW":3,"NB_NAME_EN":"Elmvale - Eastway - Riverview - Riverview Park West","SECTOR":"33","DIVISION":"East","WARD_EN":"Ward 18 - Alta Vista","COUNCILLOR":"Marty Carr","CENSUS_TRC":"5050008.00"}},{"type":"Feature","id":2,"geometry":{"type":"Point","coordinates":[-75.6472255260869,45.4261878516302]},"properties":{"OBJECTID":2,"ID":"2","REP_DATE":"Fri, 05 Jan 2018 05:00:00 GMT","REP_HOUR":1900,"REP_YEAR":2018,"OCC_DATE":"Fri, 05 Jan 2018 05:00:00 GMT","OCC_HOUR":1900,"OCC_YEAR":2018,"TOD":"Evening","WEEKDAY":"Friday","DOW":5,"NB_NAME_EN":"Overbrook - McArthur","SECTOR":"25","DIVISION":"Central","WARD_EN":"Ward 13 - Rideau-Rockcliffe","COUNCILLOR":"Rawlson King","CENSUS_TRC":"5050012.00"}},{"type":"Feature","id":3,"geometry":{"type":"Point","coordinates":[-75.7105507839214,45.4066380334796]},"properties":{"OBJECTID":3,"ID":"3","REP_DATE":"Fri, 05 Jan 2018 05:00:00 GMT","REP_HOUR":100,"REP_YEAR":2018,"OCC_DATE":"Thu, 04 Jan 2018 05:00:00 GMT","OCC_HOUR":2300,"OCC_YEAR":2018,"TOD":"Evening","WEEKDAY":"Thursday","DOW":4,"NB_NAME_EN":"West Centertown","SECTOR":"22","DIVISION":"Central","WARD_EN":"Ward 14 - Somerset","COUNCILLOR":"Ariel Troster","CENSUS_TRC":"5050042.00"}},{"type":"Feature","id":4,"geometry":{"type":"Point","coordinates":[-75.674851201245,45.3491538698267]},"properties":{"OBJECTID":4,"ID":"4","REP_DATE":"Tue, 09 Jan 2018 05:00:00 GMT","REP_HOUR":2000,"REP_YEAR":2018,"OCC_DATE":"Tue, 09 Jan 2018 05:00:00 GMT","OCC_HOUR":2000,"OCC_YEAR":2018,"TOD":"Evening","WEEKDAY":"Tuesday","DOW":2,"NB_NAME_EN":"Hunt Club East - Western Community","SECTOR":"35","DIVISION":"East","WARD_EN":"Ward 16 - River","COUNCILLOR":"Riley Brockington","CENSUS_TRC":"5050002.05"}},{"type":"Feature","id":5,"geometry":{"type":"Point","coordinates":[-75.6523647717535,45.4508182749904]},"properties":{"OBJECTID":5,"ID":"5","REP_DATE":"Wed, 10 Jan 2018 05:00:00 GMT","REP_HOUR":1900,"REP_YEAR":2018,"OCC_DATE":"Wed, 10 Jan 2018 05:00:00 GMT","OCC_HOUR":1900,"OCC_YEAR":2018,"TOD":"Evening","WEEKDAY":"Wednesday","DOW":3,"NB_NAME_EN":"Rockcliffe - Manor Park","SECTOR":"25","DIVISION":"Central","WARD_EN":"Ward 13 - Rideau-Rockcliffe","COUNCILLOR":"Rawlson King","CENSUS_TRC":"5050059.00"}},{"type":"Feature","id":6,"geometry":{"type":"Point","coordinates":[-75.840504470061,45.3160736317143]},"properties":{"OBJECTID":6,"ID":"6","REP_DATE":"Sat, 13 Jan 2018 05:00:00 GMT","REP_HOUR":2100,"REP_YEAR":2018,"OCC_DATE":"Sat, 13 Jan 2018 05:00:00 GMT","OCC_HOUR":2100,"OCC_YEAR":2018,"TOD":"Evening","WEEKDAY":"Saturday","DOW":6,"NB_NAME_EN":"Bells Corners West","SECTOR":"15","DIVISION":"West","WARD_EN":"Ward 8 - College","COUNCILLOR":"Laine Johnson","CENSUS_TRC":"5050136.02"}},{"type":"Feature","id":7,"geometry":{"type":"Point","coordinates":[-75.6543682175633,45.3740115239063]},"properties":{"OBJECTID":7,"ID":"7","REP_DATE":"Tue, 16 Jan 2018 05:00:00 GMT","REP_HOUR":1600,"REP_YEAR":2018,"OCC_DATE":"Tue, 16 Jan 2018 05:00:00 GMT","OCC_HOUR":1600,"OCC_YEAR":2018,"TOD":"Afternoon","WEEKDAY":"Tuesday","DOW":2,"NB_NAME_EN":"Ledbury - Heron Gate - Ridgemont - Elmwood","SECTOR":"34","DIVISION":"East","WARD_EN":"Ward 16 - River","COUNCILLOR":"Riley Brockington","CENSUS_TRC":"5050001.10"}},{"type":"Feature","id":8,"geometry":{"type":"Point","coordinates":[-75.6854019497223,45.41519013315]},"properties":{"OBJECTID":8,"ID":"8","REP_DATE":"Thu, 18 Jan 2018 05:00:00 GMT","REP_HOUR":600,"REP_YEAR":2018,"OCC_DATE":"Thu, 18 Jan 2018 05:00:00 GMT","OCC_HOUR":500,"OCC_YEAR":2018,"TOD":"Night","WEEKDAY":"Thursday","DOW":4,"NB_NAME_EN":"Centretown","SECTOR":"23","DIVISION":"Central","WARD_EN":"Ward 14 - Somerset","COUNCILLOR":"Ariel Troster","CENSUS_TRC":"5050037.02"}},{"type":"Feature","id":9,"geometry":{"type":"Point","coordinates":[-75.730765633179,45.4090886316551]},"properties":{"OBJECTID":9,"ID":"9","REP_DATE":"Thu, 18 Jan 2018 05:00:00 GMT","REP_HOUR":2300,"REP_YEAR":2018,"OCC_DATE":"Thu, 18 Jan 2018 05:00:00 GMT","OCC_HOUR":2300,"OCC_YEAR":2018,"TOD":"Evening","WEEKDAY":"Thursday","DOW":4,"NB_NAME_EN":"Hintonburg - Mechanicsville","SECTOR":"21","DIVISION":"Central","WARD_EN":"Ward 15 - Kitchissippi","COUNCILLOR":"Jeff Leiper","CENSUS_TRC":"5050046.00"}},{"type":"Feature","id":10,"geometry":{"type":"Point","coordinates":[-75.6123750529962,45.3113735756792]},"properties":{"OBJECTID":10,"ID":"10","REP_DATE":"Fri, 19 Jan 2018 05:00:00 GMT","REP_HOUR":2000,"REP_YEAR":2018,"OCC_DATE":"Fri, 19 Jan 2018 05:00:00 GMT","OCC_HOUR":2000,"OCC_YEAR":2018,"TOD":"Evening","WEEKDAY":"Friday","DOW":5,"NB_NAME_EN":"Riverside South - Leitrim","SECTOR":"35","DIVISION":"East","WARD_EN":"Ward 22 - Riverside South-Findlay Creek","COUNCILLOR":"Steve Desroches","CENSUS_TRC":"5050126.07"}},{"type":"Feature","id":11,"geometry":{"type":"Point","coordinates":[-75.8302955097225,45.3119981981681]},"properties":{"OBJECTID":11,"ID":"11","REP_DATE":"Sun, 21 Jan 2018 05:00:00 GMT","REP_HOUR":300,"REP_YEAR":2018,"OCC_DATE":"Sun, 21 Jan 2018 05:00:00 GMT","OCC_HOUR":300,"OCC_YEAR":2018,"TOD":"Night","WEEKDAY":"Sunday","DOW":7,"NB_NAME_EN":"Bells Corners West","SECTOR":"15","DIVISION":"West","WARD_EN":"Ward 8 - College","COUNCILLOR":"Laine Johnson","CENSUS_TRC":"5050136.02"}},{"type":"Feature","id":12,"geometry":{"type":"Point","coordinates":[-75.6186633037482,45.3984477545261]},"properties":{"OBJECTID":12,"ID":"12","REP_DATE":"Wed, 24 Jan 2018 05:00:00 GMT","REP_HOUR":2300,"REP_YEAR":2018,"OCC_DATE":"Wed, 24 Jan 2018 05:00:00 GMT","OCC_HOUR":2300,"OCC_YEAR":2018,"TOD":"Evening","WEEKDAY":"Wednesday","DOW":3,"NB_NAME_EN":"Hawthorne Meadows - Sheffield Glen","SECTOR":"33","DIVISION":"East","WARD_EN":"Ward 18 - Alta Vista","COUNCILLOR":"Marty Carr","CENSUS_TRC":"5050010.00"}},{"type":"Feature","id":13,"geometry":{"type":"Point","coordinates":[-75.6436120053763,45.3752541897385]},"properties":{"OBJECTID":13,"ID":"13","REP_DATE":"Tue, 30 Jan 2018 05:00:00 GMT","REP_HOUR":1600,"REP_YEAR":2018,"OCC_DATE":"Tue, 30 Jan 2018 05:00:00 GMT","OCC_HOUR":1600,"OCC_YEAR":2018,"TOD":"Afternoon","WEEKDAY":"Tuesday","DOW":2,"NB_NAME_EN":"Ledbury - Heron Gate - Ridgemont - Elmwood","SECTOR":"34","DIVISION":"East","WARD_EN":"Ward 10 - Gloucester-Southgate","COUNCILLOR":"Jessica Bradley","CENSUS_TRC":"5050001.09"}},{"type":"Feature","id":14,"geometry":{"type":"Point","coordinates":[-75.6498606338042,45.4260174297285]},"properties":{"OBJECTID":14,"ID":"14","REP_DATE":"Thu, 01 Feb 2018 05:00:00 GMT","REP_HOUR":1800,"REP_YEAR":2018,"OCC_DATE":"Thu, 01 Feb 2018 05:00:00 GMT","OCC_HOUR":1800,"OCC_YEAR":2018,"TOD":"Evening","WEEKDAY":"Thursday","DOW":4,"NB_NAME_EN":"Overbrook - McArthur","SECTOR":"25","DIVISION":"Central","WARD_EN":"Ward 13 - Rideau-Rockcliffe","COUNCILLOR":"Rawlson King","CENSUS_TRC":"5050012.00"}},{"type":"Feature","id":15,"geometry":{"type":"Point","coordinates":[-75.7064011856844,45.3288782319155]},"properties":{"OBJECTID":15,"ID":"15","REP_DATE":"Sun, 04 Feb 2018 05:00:00 GMT","REP_HOUR":100,"REP_YEAR":2018,"OCC_DATE":"Sun, 04 Feb 2018 05:00:00 GMT","OCC_HOUR":100,"OCC_YEAR":2018,"TOD":"Night","WEEKDAY":"Sunday","DOW":7,"NB_NAME_EN":"Merivale Gardens - Grenfell Glen - Pineglen - Country Place","SECTOR":"17","DIVISION":"West","WARD_EN":"Ward 9 - Knoxdale-Merivale","COUNCILLOR":"Sean Devine","CENSUS_TRC":"5050130.01"}},{"type":"Feature","id":16,"geometry":{"type":"Point","coordinates":[-75.7278607365171,45.3625457223833]},"properties":{"OBJECTID":16,"ID":"16","REP_DATE":"Sun, 11 Feb 2018 05:00:00 GMT","REP_HOUR":1000,"REP_YEAR":2018,"OCC_DATE":"Mon, 05 Feb 2018 05:00:00 GMT","OCC_HOUR":1300,"OCC_YEAR":2018,"TOD":"Afternoon","WEEKDAY":"Monday","DOW":1,"NB_NAME_EN":"Cityview - Skyline - Fisher Heights","SECTOR":"17","DIVISION":"West","WARD_EN":"Ward 9 - Knoxdale-Merivale","COUNCILLOR":"Sean Devine","CENSUS_TRC":"5050132.00"}},{"type":"Feature","id":17,"geometry":{"type":"Point","coordinates":[-75.660063081447,45.4366661728319]},"properties":{"OBJECTID":17,"ID":"17","REP_DATE":"Sat, 17 Feb 2018 05:00:00 GMT","REP_HOUR":1200,"REP_YEAR":2018,"OCC_DATE":"Sat, 17 Feb 2018 05:00:00 GMT","OCC_HOUR":1200,"OCC_YEAR":2018,"TOD":"Afternoon","WEEKDAY":"Saturday","DOW":6,"NB_NAME_EN":"Vanier South","SECTOR":"25","DIVISION":"Central","WARD_EN":"Ward 12 - Rideau-Vanier","COUNCILLOR":"Stéphanie Plante","CENSUS_TRC":"5050102.00"}},{"type":"Feature","id":18,"geometry":{"type":"Point","coordinates":[-75.6469487342254,45.346933150159]},"properties":{"OBJECTID":18,"ID":"18","REP_DATE":"Fri, 02 Mar 2018 05:00:00 GMT","REP_HOUR":2200,"REP_YEAR":2018,"OCC_DATE":"Fri, 02 Mar 2018 05:00:00 GMT","OCC_HOUR":2200,"OCC_YEAR":2018,"TOD":"Evening","WEEKDAY":"Friday","DOW":5,"NB_NAME_EN":"Emerald Woods - Sawmill Creek","SECTOR":"35","DIVISION":"East","WARD_EN":"Ward 10 - Gloucester-Southgate","COUNCILLOR":"Jessica Bradley","CENSUS_TRC":"5050123.01"}},{"type":"Feature","id":19,"geometry":{"type":"Point","coordinates":[-75.6541276130091,45.4234465709411]},"properties":{"OBJECTID":19,"ID":"19","REP_DATE":"Sat, 03 Mar 2018 05:00:00 GMT","REP_HOUR":200,"REP_YEAR":2018,"OCC_DATE":"Sat, 03 Mar 2018 05:00:00 GMT","OCC_HOUR":100,"OCC_YEAR":2018,"TOD":"Night","WEEKDAY":"Saturday","DOW":6,"NB_NAME_EN":"Overbrook - McArthur","SECTOR":"25","DIVISION":"Central","WARD_EN":"Ward 13 - Rideau-Rockcliffe","COUNCILLOR":"Rawlson King","CENSUS_TRC":"5050013.00"}},{"type":"Feature","id":20,"geometry":{"type":"Point","coordinates":[-75.764114803451,45.3536368851025]},"properties":{"OBJECTID":20,"ID":"20","REP_DATE":"Sat, 03 Mar 2018 05:00:00 GMT","REP_HOUR":1900,"REP_YEAR":2018,"OCC_DATE":"Sat, 03 Mar 2018 05:00:00 GMT","OCC_HOUR":200,"OCC_YEAR":2018,"TOD":"Night","WEEKDAY":"Saturday","DOW":6,"NB_NAME_EN":"Braemar Park - Bel Air Heights - Copeland Park","SECTOR":"17","DIVISION":"West","WARD_EN":"Ward 8 - College","COUNCILLOR":"Laine Johnson","CENSUS_TRC":"5050024.00"}},{"type":"Feature","id":21,"geometry":{"type":"Point","coordinates":[-75.8480261786353,45.2804481413839]},"properties":{"OBJECTID":21,"ID":"21","REP_DATE":"Tue, 06 Mar 2018 05:00:00 GMT","REP_HOUR":600,"REP_YEAR":2018,"OCC_DATE":"Tue, 06 Mar 2018 05:00:00 GMT","OCC_HOUR":300,"OCC_YEAR":2018,"TOD":"Night","WEEKDAY":"Tuesday","DOW":2,"NB_NAME_EN":"Bridlewood - Emerald Meadows","SECTOR":"13","DIVISION":"West","WARD_EN":"Ward 23 - Kanata South","COUNCILLOR":"Allan Hubley","CENSUS_TRC":"5050161.05"}},{"type":"Feature","id":22,"geometry":{"type":"Point","coordinates":[-75.7797271134818,45.3712570176052]},"properties":{"OBJECTID":22,"ID":"22","REP_DATE":"Mon, 12 Mar 2018 05:00:00 GMT","REP_HOUR":2000,"REP_YEAR":2018,"OCC_DATE":"Mon, 12 Mar 2018 05:00:00 GMT","OCC_HOUR":2000,"OCC_YEAR":2018,"TOD":"Evening","WEEKDAY":"Monday","DOW":1,"NB_NAME_EN":"Carlingwood West - Glabar Park - McKellar Heights","SECTOR":"14","DIVISION":"West","WARD_EN":"Ward 7 - Bay","COUNCILLOR":"Theresa Kavanagh","CENSUS_TRC":"5050031.00"}},{"type":"Feature","id":23,"geometry":{"type":"Point","coordinates":[-75.7723583963234,45.2170743768186]},"properties":{"OBJECTID":23,"ID":"23","REP_DATE":"Mon, 12 Mar 2018 05:00:00 GMT","REP_HOUR":1100,"REP_YEAR":2018,"OCC_DATE":"Fri, 09 Mar 2018 05:00:00 GMT","OCC_HOUR":1200,"OCC_YEAR":2018,"TOD":"Afternoon","WEEKDAY":"Friday","DOW":5,"NB_NAME_EN":"Richmond","SECTOR":"12","DIVISION":"West","WARD_EN":"Ward 21 - Rideau-Jock","COUNCILLOR":"David Brown","CENSUS_TRC":"5050141.14"}},{"type":"Feature","id":24,"geometry":{"type":"Point","coordinates":[-75.6104783677442,45.3753338641279]},"properties":{"OBJECTID":24,"ID":"24","REP_DATE":"Thu, 22 Mar 2018 05:00:00 GMT","REP_HOUR":100,"REP_YEAR":2018,"OCC_DATE":"Thu, 22 Mar 2018 05:00:00 GMT","OCC_HOUR":100,"OCC_YEAR":2018,"TOD":"Night","WEEKDAY":"Thursday","DOW":4,"NB_NAME_EN":"Hunt Club Park","SECTOR":"33","DIVISION":"East","WARD_EN":"Ward 10 - Gloucester-Southgate","COUNCILLOR":"Jessica Bradley","CENSUS_TRC":"5050001.08"}},{"type":"Feature","id":25,"geometry":{"type":"Point","coordinates":[-75.709850074887,45.4083339394619]},"properties":{"OBJECTID":25,"ID":"25","REP_DATE":"Sat, 24 Mar 2018 05:00:00 GMT","REP_HOUR":1700,"REP_YEAR":2018,"OCC_DATE":"Sat, 24 Mar 2018 05:00:00 GMT","OCC_HOUR":1500,"OCC_YEAR":2018,"TOD":"Afternoon","WEEKDAY":"Saturday","DOW":6,"NB_NAME_EN":"West Centertown","SECTOR":"22","DIVISION":"Central","WARD_EN":"Ward 14 - Somerset","COUNCILLOR":"Ariel Troster","CENSUS_TRC":"5050041.00"}},{"type":"Feature","id":26,"geometry":{"type":"Point","coordinates":[-75.8870673965012,45.3223875757296]},"properties":{"OBJECTID":26,"ID":"26","REP_DATE":"Fri, 30 Mar 2018 05:00:00 GMT","REP_HOUR":2100,"REP_YEAR":2018,"OCC_DATE":"Fri, 30 Mar 2018 05:00:00 GMT","OCC_HOUR":2100,"OCC_YEAR":2018,"TOD":"Evening","WEEKDAY":"Friday","DOW":5,"NB_NAME_EN":"Katimavik - Hazeldean","SECTOR":"13","DIVISION":"West","WARD_EN":"Ward 4 - Kanata North","COUNCILLOR":"Cathy Curry","CENSUS_TRC":"5050160.06"}},{"type":"Feature","id":27,"geometry":{"type":"Point","coordinates":[-75.7053931872189,45.3699325608096]},"properties":{"OBJECTID":27,"ID":"27","REP_DATE":"Sat, 31 Mar 2018 05:00:00 GMT","REP_HOUR":2000,"REP_YEAR":2018,"OCC_DATE":"Sat, 31 Mar 2018 05:00:00 GMT","OCC_HOUR":2000,"OCC_YEAR":2018,"TOD":"Evening","WEEKDAY":"Saturday","DOW":6,"NB_NAME_EN":"Carleton Heights - Rideauview","SECTOR":"17","DIVISION":"West","WARD_EN":"Ward 16 - River","COUNCILLOR":"Riley Brockington","CENSUS_TRC":"5050020.01"}},{"type":"Feature","id":28,"geometry":{"type":"Point","coordinates":[-75.6646444146864,45.4374018200016]},"properties":{"OBJECTID":28,"ID":"28","REP_DATE":"Tue, 10 Apr 2018 05:00:00 GMT","REP_HOUR":0,"REP_YEAR":2018,"OCC_DATE":"Tue, 10 Apr 2018 05:00:00 GMT","OCC_HOUR":0,"OCC_YEAR":2018,"TOD":"Night","WEEKDAY":"Tuesday","DOW":2,"NB_NAME_EN":"Vanier North","SECTOR":"25","DIVISION":"Central","WARD_EN":"Ward 12 - Rideau-Vanier","COUNCILLOR":"Stéphanie Plante","CENSUS_TRC":"5050102.00"}},{"type":"Feature","id":29,"geometry":{"type":"Point","coordinates":[-75.6473329740225,45.3536400840688]},"properties":{"OBJECTID":29,"ID":"29","REP_DATE":"Sun, 15 Apr 2018 05:00:00 GMT","REP_HOUR":100,"REP_YEAR":2018,"OCC_DATE":"Sun, 15 Apr 2018 05:00:00 GMT","OCC_HOUR":100,"OCC_YEAR":2018,"TOD":"Night","WEEKDAY":"Sunday","DOW":7,"NB_NAME_EN":"South Keys - Heron Gate - Greenboro West","SECTOR":"35","DIVISION":"East","WARD_EN":"Ward 10 - Gloucester-Southgate","COUNCILLOR":"Jessica Bradley","CENSUS_TRC":"5050001.04"}},{"type":"Feature","id":30,"geometry":{"type":"Point","coordinates":[-75.6453390501111,45.358081498527]},"properties":{"OBJECTID":30,"ID":"30","REP_DATE":"Mon, 16 Apr 2018 05:00:00 GMT","REP_HOUR":1200,"REP_YEAR":2018,"OCC_DATE":"Sun, 15 Apr 2018 05:00:00 GMT","OCC_HOUR":2300,"OCC_YEAR":2018,"TOD":"Evening","WEEKDAY":"Sunday","DOW":7,"NB_NAME_EN":"Greenboro East","SECTOR":"35","DIVISION":"East","WARD_EN":"Ward 10 - Gloucester-Southgate","COUNCILLOR":"Jessica Bradley","CENSUS_TRC":"5050001.06"}},{"type":"Feature","id":31,"geometry":{"type":"Point","coordinates":[-75.6522993094082,45.3749050602584]},"properties":{"OBJECTID":31,"ID":"31","REP_DATE":"Tue, 17 Apr 2018 05:00:00 GMT","REP_HOUR":2200,"REP_YEAR":2018,"OCC_DATE":"Tue, 17 Apr 2018 05:00:00 GMT","OCC_HOUR":2200,"OCC_YEAR":2018,"TOD":"Evening","WEEKDAY":"Tuesday","DOW":2,"NB_NAME_EN":"Ledbury - Heron Gate - Ridgemont - Elmwood","SECTOR":"34","DIVISION":"East","WARD_EN":"Ward 10 - Gloucester-Southgate","COUNCILLOR":"Jessica Bradley","CENSUS_TRC":"5050001.09"}},{"type":"Feature","id":32,"geometry":{"type":"Point","coordinates":[-75.657124414779,45.3652595236729]},"properties":{"OBJECTID":32,"ID":"32","REP_DATE":"Thu, 19 Apr 2018 05:00:00 GMT","REP_HOUR":100,"REP_YEAR":2018,"OCC_DATE":"Thu, 19 Apr 2018 05:00:00 GMT","OCC_HOUR":0,"OCC_YEAR":2018,"TOD":"Night","WEEKDAY":"Thursday","DOW":4,"NB_NAME_EN":"Ledbury - Heron Gate - Ridgemont - Elmwood","SECTOR":"34","DIVISION":"East","WARD_EN":"Ward 16 - River","COUNCILLOR":"Riley Brockington","CENSUS_TRC":"5050001.10"}},{"type":"Feature","id":33,"geometry":{"type":"Point","coordinates":[-75.6522993094082,45.3749050602584]},"properties":{"OBJECTID":33,"ID":"33","REP_DATE":"Fri, 20 Apr 2018 05:00:00 GMT","REP_HOUR":0,"REP_YEAR":2018,"OCC_DATE":"Thu, 19 Apr 2018 05:00:00 GMT","OCC_HOUR":2200,"OCC_YEAR":2018,"TOD":"Evening","WEEKDAY":"Thursday","DOW":4,"NB_NAME_EN":"Ledbury - Heron Gate - Ridgemont - Elmwood","SECTOR":"34","DIVISION":"East","WARD_EN":"Ward 18 - Alta Vista","COUNCILLOR":"Marty Carr","CENSUS_TRC":"5050007.02"}},{"type":"Feature","id":34,"geometry":{"type":"Point","coordinates":[-75.7430478038996,45.3566116997517]},"properties":{"OBJECTID":34,"ID":"34","REP_DATE":"Mon, 23 Apr 2018 05:00:00 GMT","REP_HOUR":2000,"REP_YEAR":2018,"OCC_DATE":"Mon, 23 Apr 2018 05:00:00 GMT","OCC_HOUR":2000,"OCC_YEAR":2018,"TOD":"Evening","WEEKDAY":"Monday","DOW":1,"NB_NAME_EN":"Crestview - Meadowlands","SECTOR":"17","DIVISION":"West","WARD_EN":"Ward 8 - College","COUNCILLOR":"Laine Johnson","CENSUS_TRC":"5050133.00"}},{"type":"Feature","id":35,"geometry":{"type":"Point","coordinates":[-75.6201564580619,45.3965551964387]},"properties":{"OBJECTID":35,"ID":"35","REP_DATE":"Sat, 05 May 2018 05:00:00 GMT","REP_HOUR":1700,"REP_YEAR":2018,"OCC_DATE":"Sat, 05 May 2018 05:00:00 GMT","OCC_HOUR":1700,"OCC_YEAR":2018,"TOD":"Afternoon","WEEKDAY":"Saturday","DOW":6,"NB_NAME_EN":"Hawthorne Meadows - Sheffield Glen","SECTOR":"33","DIVISION":"East","WARD_EN":"Ward 18 - Alta Vista","COUNCILLOR":"Marty Carr","CENSUS_TRC":"5050010.00"}},{"type":"Feature","id":36,"geometry":{"type":"Point","coordinates":[-75.6186633037482,45.3984477545261]},"properties":{"OBJECTID":36,"ID":"36","REP_DATE":"Sat, 05 May 2018 05:00:00 GMT","REP_HOUR":300,"REP_YEAR":2018,"OCC_DATE":"Sat, 05 May 2018 05:00:00 GMT","OCC_HOUR":300,"OCC_YEAR":2018,"TOD":"Night","WEEKDAY":"Saturday","DOW":6,"NB_NAME_EN":"Hawthorne Meadows - Sheffield Glen","SECTOR":"33","DIVISION":"East","WARD_EN":"Ward 18 - Alta Vista","COUNCILLOR":"Marty Carr","CENSUS_TRC":"5050010.00"}},{"type":"Feature","id":37,"geometry":{"type":"Point","coordinates":[-75.6620813046568,45.3753507138402]},"properties":{"OBJECTID":37,"ID":"37","REP_DATE":"Tue, 08 May 2018 05:00:00 GMT","REP_HOUR":2300,"REP_YEAR":2018,"OCC_DATE":"Tue, 08 May 2018 05:00:00 GMT","OCC_HOUR":2300,"OCC_YEAR":2018,"TOD":"Evening","WEEKDAY":"Tuesday","DOW":2,"NB_NAME_EN":"Ledbury - Heron Gate - Ridgemont - Elmwood","SECTOR":"34","DIVISION":"East","WARD_EN":"Ward 18 - Alta Vista","COUNCILLOR":"Marty Carr","CENSUS_TRC":"5050005.00"}},{"type":"Feature","id":38,"geometry":{"type":"Point","coordinates":[-75.653529556471,45.3725382086785]},"properties":{"OBJECTID":38,"ID":"38","REP_DATE":"Tue, 22 May 2018 05:00:00 GMT","REP_HOUR":100,"REP_YEAR":2018,"OCC_DATE":"Mon, 21 May 2018 05:00:00 GMT","OCC_HOUR":2300,"OCC_YEAR":2018,"TOD":"Evening","WEEKDAY":"Monday","DOW":1,"NB_NAME_EN":"Ledbury - Heron Gate - Ridgemont - Elmwood","SECTOR":"34","DIVISION":"East","WARD_EN":"Ward 10 - Gloucester-Southgate","COUNCILLOR":"Jessica Bradley","CENSUS_TRC":"5050001.09"}},{"type":"Feature","id":39,"geometry":{"type":"Point","coordinates":[-75.8014648394465,45.3575433939575]},"properties":{"OBJECTID":39,"ID":"39","REP_DATE":"Fri, 25 May 2018 05:00:00 GMT","REP_HOUR":2200,"REP_YEAR":2018,"OCC_DATE":"Fri, 25 May 2018 05:00:00 GMT","OCC_HOUR":2200,"OCC_YEAR":2018,"TOD":"Evening","WEEKDAY":"Friday","DOW":5,"NB_NAME_EN":"Whitehaven - Queensway Terrace North","SECTOR":"14","DIVISION":"West","WARD_EN":"Ward 7 - Bay","COUNCILLOR":"Theresa Kavanagh","CENSUS_TRC":"5050029.00"}},{"type":"Feature","id":40,"geometry":{"type":"Point","coordinates":[-75.6413173884099,45.3589852585676]},"properties":{"OBJECTID":40,"ID":"40","REP_DATE":"Sun, 27 May 2018 05:00:00 GMT","REP_HOUR":1900,"REP_YEAR":2018,"OCC_DATE":"Sun, 27 May 2018 05:00:00 GMT","OCC_HOUR":1900,"OCC_YEAR":2018,"TOD":"Evening","WEEKDAY":"Sunday","DOW":7,"NB_NAME_EN":"Greenboro East","SECTOR":"35","DIVISION":"East","WARD_EN":"Ward 10 - Gloucester-Southgate","COUNCILLOR":"Jessica Bradley","CENSUS_TRC":"5050001.06"}},{"type":"Feature","id":41,"geometry":{"type":"Point","coordinates":[-75.7183404970819,45.3354846870637]},"properties":{"OBJECTID":41,"ID":"41","REP_DATE":"Sun, 27 May 2018 05:00:00 GMT","REP_HOUR":900,"REP_YEAR":2018,"OCC_DATE":"Sun, 27 May 2018 05:00:00 GMT","OCC_HOUR":900,"OCC_YEAR":2018,"TOD":"Morning","WEEKDAY":"Sunday","DOW":7,"NB_NAME_EN":"Hunt Club South Industrial","SECTOR":"17","DIVISION":"West","WARD_EN":"Ward 9 - Knoxdale-Merivale","COUNCILLOR":"Sean Devine","CENSUS_TRC":"5050130.01"}},{"type":"Feature","id":42,"geometry":{"type":"Point","coordinates":[-75.6444158961678,45.3769789628411]},"properties":{"OBJECTID":42,"ID":"42","REP_DATE":"Mon, 28 May 2018 05:00:00 GMT","REP_HOUR":900,"REP_YEAR":2018,"OCC_DATE":"Thu, 24 May 2018 05:00:00 GMT","OCC_HOUR":1500,"OCC_YEAR":2018,"TOD":"Afternoon","WEEKDAY":"Thursday","DOW":4,"NB_NAME_EN":"Ledbury - Heron Gate - Ridgemont - Elmwood","SECTOR":"34","DIVISION":"East","WARD_EN":"Ward 10 - Gloucester-Southgate","COUNCILLOR":"Jessica Bradley","CENSUS_TRC":"5050001.09"}},{"type":"Feature","id":43,"geometry":{"type":"Point","coordinates":[-75.5214243319363,45.4706838553387]},"properties":{"OBJECTID":43,"ID":"43","REP_DATE":"Fri, 01 Jun 2018 05:00:00 GMT","REP_HOUR":200,"REP_YEAR":2018,"OCC_DATE":"Thu, 31 May 2018 05:00:00 GMT","OCC_HOUR":200,"OCC_YEAR":2018,"TOD":"Night","WEEKDAY":"Thursday","DOW":4,"NB_NAME_EN":"Orléans Village - Chateauneuf","SECTOR":"31","DIVISION":"East","WARD_EN":"Ward 2 - Orléans West-Innes","COUNCILLOR":"Laura Dudas","CENSUS_TRC":"5050125.05"}},{"type":"Feature","id":44,"geometry":{"type":"Point","coordinates":[-75.6473329740225,45.3536400840688]},"properties":{"OBJECTID":44,"ID":"44","REP_DATE":"Sat, 09 Jun 2018 05:00:00 GMT","REP_HOUR":2000,"REP_YEAR":2018,"OCC_DATE":"Sat, 09 Jun 2018 05:00:00 GMT","OCC_HOUR":2000,"OCC_YEAR":2018,"TOD":"Evening","WEEKDAY":"Saturday","DOW":6,"NB_NAME_EN":"South Keys - Heron Gate - Greenboro West","SECTOR":"35","DIVISION":"East","WARD_EN":"Ward 10 - Gloucester-Southgate","COUNCILLOR":"Jessica Bradley","CENSUS_TRC":"5050001.04"}},{"type":"Feature","id":45,"geometry":{"type":"Point","coordinates":[-75.6492068128818,45.3752349997384]},"properties":{"OBJECTID":45,"ID":"45","REP_DATE":"Mon, 18 Jun 2018 05:00:00 GMT","REP_HOUR":1300,"REP_YEAR":2018,"OCC_DATE":"Fri, 15 Jun 2018 05:00:00 GMT","OCC_HOUR":1700,"OCC_YEAR":2018,"TOD":"Afternoon","WEEKDAY":"Friday","DOW":5,"NB_NAME_EN":"Ledbury - Heron Gate - Ridgemont - Elmwood","SECTOR":"34","DIVISION":"East","WARD_EN":"Ward 10 - Gloucester-Southgate","COUNCILLOR":"Jessica Bradley","CENSUS_TRC":"5050001.09"}},{"type":"Feature","id":46,"geometry":{"type":"Point","coordinates":[-75.657124414779,45.3652595236729]},"properties":{"OBJECTID":46,"ID":"46","REP_DATE":"Wed, 20 Jun 2018 05:00:00 GMT","REP_HOUR":2300,"REP_YEAR":2018,"OCC_DATE":"Wed, 20 Jun 2018 05:00:00 GMT","OCC_HOUR":2300,"OCC_YEAR":2018,"TOD":"Evening","WEEKDAY":"Wednesday","DOW":3,"NB_NAME_EN":"Ledbury - Heron Gate - Ridgemont - Elmwood","SECTOR":"34","DIVISION":"East","WARD_EN":"Ward 16 - River","COUNCILLOR":"Riley Brockington","CENSUS_TRC":"5050001.10"}},{"type":"Feature","id":47,"geometry":{"type":"Point","coordinates":[-75.6002542765824,45.3743448977173]},"properties":{"OBJECTID":47,"ID":"47","REP_DATE":"Thu, 21 Jun 2018 05:00:00 GMT","REP_HOUR":2200,"REP_YEAR":2018,"OCC_DATE":"Thu, 21 Jun 2018 05:00:00 GMT","OCC_HOUR":2200,"OCC_YEAR":2018,"TOD":"Evening","WEEKDAY":"Thursday","DOW":4,"NB_NAME_EN":"Hunt Club Park","SECTOR":"33","DIVISION":"East","WARD_EN":"Ward 10 - Gloucester-Southgate","COUNCILLOR":"Jessica Bradley","CENSUS_TRC":"5050001.08"}},{"type":"Feature","id":48,"geometry":{"type":"Point","coordinates":[-75.653529556471,45.3725382086785]},"properties":{"OBJECTID":48,"ID":"48","REP_DATE":"Wed, 27 Jun 2018 05:00:00 GMT","REP_HOUR":2300,"REP_YEAR":2018,"OCC_DATE":"Wed, 27 Jun 2018 05:00:00 GMT","OCC_HOUR":2300,"OCC_YEAR":2018,"TOD":"Evening","WEEKDAY":"Wednesday","DOW":3,"NB_NAME_EN":"Ledbury - Heron Gate - Ridgemont - Elmwood","SECTOR":"34","DIVISION":"East","WARD_EN":"Ward 10 - Gloucester-Southgate","COUNCILLOR":"Jessica Bradley","CENSUS_TRC":"5050001.09"}},{"type":"Feature","id":49,"geometry":{"type":"Point","coordinates":[-75.6026692017636,45.3728102608572]},"properties":{"OBJECTID":49,"ID":"49","REP_DATE":"Mon, 02 Jul 2018 05:00:00 GMT","REP_HOUR":200,"REP_YEAR":2018,"OCC_DATE":"Mon, 02 Jul 2018 05:00:00 GMT","OCC_HOUR":100,"OCC_YEAR":2018,"TOD":"Night","WEEKDAY":"Monday","DOW":1,"NB_NAME_EN":"Hunt Club Park","SECTOR":"33","DIVISION":"East","WARD_EN":"Ward 10 - Gloucester-Southgate","COUNCILLOR":"Jessica Bradley","CENSUS_TRC":"5050001.07"}},{"type":"Feature","id":50,"geometry":{"type":"Point","coordinates":[-75.6398387518414,45.3539331636395]},"properties":{"OBJECTID":50,"ID":"50","REP_DATE":"Tue, 03 Jul 2018 05:00:00 GMT","REP_HOUR":2200,"REP_YEAR":2018,"OCC_DATE":"Tue, 03 Jul 2018 05:00:00 GMT","OCC_HOUR":2200,"OCC_YEAR":2018,"TOD":"Evening","WEEKDAY":"Tuesday","DOW":2,"NB_NAME_EN":"Hunt Club Upper -Blossom Park - Timbermill","SECTOR":"35","DIVISION":"East","WARD_EN":"Ward 10 - Gloucester-Southgate","COUNCILLOR":"Jessica Bradley","CENSUS_TRC":"5050123.04"}},{"type":"Feature","id":51,"geometry":{"type":"Point","coordinates":[-75.6326236404482,45.3650910748295]},"properties":{"OBJECTID":51,"ID":"51","REP_DATE":"Thu, 05 Jul 2018 05:00:00 GMT","REP_HOUR":2300,"REP_YEAR":2018,"OCC_DATE":"Thu, 05 Jul 2018 05:00:00 GMT","OCC_HOUR":2300,"OCC_YEAR":2018,"TOD":"Evening","WEEKDAY":"Thursday","DOW":4,"NB_NAME_EN":"Greenboro East","SECTOR":"35","DIVISION":"East","WARD_EN":"Ward 10 - Gloucester-Southgate","COUNCILLOR":"Jessica Bradley","CENSUS_TRC":"5050001.06"}},{"type":"Feature","id":52,"geometry":{"type":"Point","coordinates":[-75.6675916798065,45.3464290139081]},"properties":{"OBJECTID":52,"ID":"52","REP_DATE":"Thu, 05 Jul 2018 05:00:00 GMT","REP_HOUR":2100,"REP_YEAR":2018,"OCC_DATE":"Thu, 05 Jul 2018 05:00:00 GMT","OCC_HOUR":700,"OCC_YEAR":2018,"TOD":"Morning","WEEKDAY":"Thursday","DOW":4,"NB_NAME_EN":"Hunt Club East - Western Community","SECTOR":"35","DIVISION":"East","WARD_EN":"Ward 16 - River","COUNCILLOR":"Riley Brockington","CENSUS_TRC":"5050002.05"}},{"type":"Feature","id":53,"geometry":{"type":"Point","coordinates":[-75.625603833947,45.3623515554657]},"properties":{"OBJECTID":53,"ID":"53","REP_DATE":"Sat, 07 Jul 2018 05:00:00 GMT","REP_HOUR":2300,"REP_YEAR":2018,"OCC_DATE":"Sat, 07 Jul 2018 05:00:00 GMT","OCC_HOUR":2300,"OCC_YEAR":2018,"TOD":"Evening","WEEKDAY":"Saturday","DOW":6,"NB_NAME_EN":"Greenboro East","SECTOR":"35","DIVISION":"East","WARD_EN":"Ward 10 - Gloucester-Southgate","COUNCILLOR":"Jessica Bradley","CENSUS_TRC":"5050001.06"}},{"type":"Feature","id":54,"geometry":{"type":"Point","coordinates":[-75.6755207260112,45.4401529231369]},"properties":{"OBJECTID":54,"ID":"54","REP_DATE":"Wed, 11 Jul 2018 05:00:00 GMT","REP_HOUR":0,"REP_YEAR":2018,"OCC_DATE":"Wed, 11 Jul 2018 05:00:00 GMT","OCC_HOUR":0,"OCC_YEAR":2018,"TOD":"Night","WEEKDAY":"Wednesday","DOW":3,"NB_NAME_EN":"Vanier North","SECTOR":"25","DIVISION":"Central","WARD_EN":"Ward 12 - Rideau-Vanier","COUNCILLOR":"Stéphanie Plante","CENSUS_TRC":"5050104.00"}},{"type":"Feature","id":55,"geometry":{"type":"Point","coordinates":[-75.6484073380041,45.3730583626664]},"properties":{"OBJECTID":55,"ID":"55","REP_DATE":"Sat, 04 Aug 2018 05:00:00 GMT","REP_HOUR":900,"REP_YEAR":2018,"OCC_DATE":"Sat, 04 Aug 2018 05:00:00 GMT","OCC_HOUR":900,"OCC_YEAR":2018,"TOD":"Morning","WEEKDAY":"Saturday","DOW":6,"NB_NAME_EN":"Ledbury - Heron Gate - Ridgemont - Elmwood","SECTOR":"34","DIVISION":"East","WARD_EN":"Ward 10 - Gloucester-Southgate","COUNCILLOR":"Jessica Bradley","CENSUS_TRC":"5050001.09"}},{"type":"Feature","id":56,"geometry":{"type":"Point","coordinates":[-75.7323237874304,45.3851051240104]},"properties":{"OBJECTID":56,"ID":"56","REP_DATE":"Sun, 19 Aug 2018 05:00:00 GMT","REP_HOUR":400,"REP_YEAR":2018,"OCC_DATE":"Sun, 19 Aug 2018 05:00:00 GMT","OCC_HOUR":400,"OCC_YEAR":2018,"TOD":"Night","WEEKDAY":"Sunday","DOW":7,"NB_NAME_EN":"Carlington","SECTOR":"21","DIVISION":"Central","WARD_EN":"Ward 16 - River","COUNCILLOR":"Riley Brockington","CENSUS_TRC":"5050022.00"}},{"type":"Feature","id":57,"geometry":{"type":"Point","coordinates":[-75.6221462760802,45.3694547342306]},"properties":{"OBJECTID":57,"ID":"57","REP_DATE":"Wed, 22 Aug 2018 05:00:00 GMT","REP_HOUR":400,"REP_YEAR":2018,"OCC_DATE":"Wed, 22 Aug 2018 05:00:00 GMT","OCC_HOUR":400,"OCC_YEAR":2018,"TOD":"Night","WEEKDAY":"Wednesday","DOW":3,"NB_NAME_EN":"Hunt Club Park","SECTOR":"33","DIVISION":"East","WARD_EN":"Ward 10 - Gloucester-Southgate","COUNCILLOR":"Jessica Bradley","CENSUS_TRC":"5050001.06"}},{"type":"Feature","id":58,"geometry":{"type":"Point","coordinates":[-75.6899454675428,45.3431067652388]},"properties":{"OBJECTID":58,"ID":"58","REP_DATE":"Sun, 26 Aug 2018 05:00:00 GMT","REP_HOUR":0,"REP_YEAR":2018,"OCC_DATE":"Sun, 26 Aug 2018 05:00:00 GMT","OCC_HOUR":0,"OCC_YEAR":2018,"TOD":"Night","WEEKDAY":"Sunday","DOW":7,"NB_NAME_EN":"Hunt Club Woods - Quintarra - Revelstoke","SECTOR":"35","DIVISION":"East","WARD_EN":"Ward 16 - River","COUNCILLOR":"Riley Brockington","CENSUS_TRC":"5050002.06"}},{"type":"Feature","id":59,"geometry":{"type":"Point","coordinates":[-75.6473329740225,45.3536400840688]},"properties":{"OBJECTID":59,"ID":"59","REP_DATE":"Sat, 01 Sep 2018 05:00:00 GMT","REP_HOUR":100,"REP_YEAR":2018,"OCC_DATE":"Sat, 01 Sep 2018 05:00:00 GMT","OCC_HOUR":100,"OCC_YEAR":2018,"TOD":"Night","WEEKDAY":"Saturday","DOW":6,"NB_NAME_EN":"South Keys - Heron Gate - Greenboro West","SECTOR":"35","DIVISION":"East","WARD_EN":"Ward 10 - Gloucester-Southgate","COUNCILLOR":"Jessica Bradley","CENSUS_TRC":"5050001.04"}},{"type":"Feature","id":60,"geometry":{"type":"Point","coordinates":[-75.68578185814,45.4287628137067]},"properties":{"OBJECTID":60,"ID":"60","REP_DATE":"Fri, 21 Sep 2018 05:00:00 GMT","REP_HOUR":1200,"REP_YEAR":2018,"OCC_DATE":"Fri, 21 Sep 2018 05:00:00 GMT","OCC_HOUR":1100,"OCC_YEAR":2018,"TOD":"Morning","WEEKDAY":"Friday","DOW":5,"NB_NAME_EN":"Lowertown","SECTOR":"24","DIVISION":"Central","WARD_EN":"Ward 12 - Rideau-Vanier","COUNCILLOR":"Stéphanie Plante","CENSUS_TRC":"5050053.00"}},{"type":"Feature","id":61,"geometry":{"type":"Point","coordinates":[-75.6525491680519,45.3540945417735]},"properties":{"OBJECTID":61,"ID":"61","REP_DATE":"Sat, 22 Sep 2018 05:00:00 GMT","REP_HOUR":1900,"REP_YEAR":2018,"OCC_DATE":"Sat, 22 Sep 2018 05:00:00 GMT","OCC_HOUR":1900,"OCC_YEAR":2018,"TOD":"Evening","WEEKDAY":"Saturday","DOW":6,"NB_NAME_EN":"South Keys - Heron Gate - Greenboro West","SECTOR":"35","DIVISION":"East","WARD_EN":"Ward 10 - Gloucester-Southgate","COUNCILLOR":"Jessica Bradley","CENSUS_TRC":"5050001.04"}},{"type":"Feature","id":62,"geometry":{"type":"Point","coordinates":[-75.6031715436633,45.372610288075]},"properties":{"OBJECTID":62,"ID":"62","REP_DATE":"Tue, 25 Sep 2018 05:00:00 GMT","REP_HOUR":2100,"REP_YEAR":2018,"OCC_DATE":"Tue, 25 Sep 2018 05:00:00 GMT","OCC_HOUR":2100,"OCC_YEAR":2018,"TOD":"Evening","WEEKDAY":"Tuesday","DOW":2,"NB_NAME_EN":"Hunt Club Park","SECTOR":"33","DIVISION":"East","WARD_EN":"Ward 10 - Gloucester-Southgate","COUNCILLOR":"Jessica Bradley","CENSUS_TRC":"5050001.07"}},{"type":"Feature","id":63,"geometry":{"type":"Point","coordinates":[-75.7333233877384,45.3786632459828]},"properties":{"OBJECTID":63,"ID":"63","REP_DATE":"Sat, 06 Oct 2018 05:00:00 GMT","REP_HOUR":1700,"REP_YEAR":2018,"OCC_DATE":"Sat, 06 Oct 2018 05:00:00 GMT","OCC_HOUR":1700,"OCC_YEAR":2018,"TOD":"Afternoon","WEEKDAY":"Saturday","DOW":6,"NB_NAME_EN":"Carlington","SECTOR":"21","DIVISION":"Central","WARD_EN":"Ward 16 - River","COUNCILLOR":"Riley Brockington","CENSUS_TRC":"5050022.00"}},{"type":"Feature","id":64,"geometry":{"type":"Point","coordinates":[-75.6470909526455,45.3464941340884]},"properties":{"OBJECTID":64,"ID":"64","REP_DATE":"Tue, 16 Oct 2018 05:00:00 GMT","REP_HOUR":1800,"REP_YEAR":2018,"OCC_DATE":"Tue, 16 Oct 2018 05:00:00 GMT","OCC_HOUR":1800,"OCC_YEAR":2018,"TOD":"Evening","WEEKDAY":"Tuesday","DOW":2,"NB_NAME_EN":"Emerald Woods - Sawmill Creek","SECTOR":"35","DIVISION":"East","WARD_EN":"Ward 10 - Gloucester-Southgate","COUNCILLOR":"Jessica Bradley","CENSUS_TRC":"5050123.01"}},{"type":"Feature","id":65,"geometry":{"type":"Point","coordinates":[-75.8007729602896,45.3479351398644]},"properties":{"OBJECTID":65,"ID":"65","REP_DATE":"Tue, 16 Oct 2018 05:00:00 GMT","REP_HOUR":100,"REP_YEAR":2018,"OCC_DATE":"Tue, 16 Oct 2018 05:00:00 GMT","OCC_HOUR":0,"OCC_YEAR":2018,"TOD":"Night","WEEKDAY":"Tuesday","DOW":2,"NB_NAME_EN":"Bayshore","SECTOR":"14","DIVISION":"West","WARD_EN":"Ward 7 - Bay","COUNCILLOR":"Theresa Kavanagh","CENSUS_TRC":"5050138.00"}},{"type":"Feature","id":66,"geometry":{"type":"Point","coordinates":[-75.7487460833343,45.2726428989353]},"properties":{"OBJECTID":66,"ID":"66","REP_DATE":"Sat, 20 Oct 2018 05:00:00 GMT","REP_HOUR":900,"REP_YEAR":2018,"OCC_DATE":"Sat, 20 Oct 2018 05:00:00 GMT","OCC_HOUR":100,"OCC_YEAR":2018,"TOD":"Night","WEEKDAY":"Saturday","DOW":6,"NB_NAME_EN":"Barrhaven","SECTOR":"16","DIVISION":"West","WARD_EN":"Ward 3 - Barrhaven West","COUNCILLOR":"David Hill","CENSUS_TRC":"5050140.05"}},{"type":"Feature","id":67,"geometry":{"type":"Point","coordinates":[-75.6703059781328,45.4335357076296]},"properties":{"OBJECTID":67,"ID":"67","REP_DATE":"Fri, 26 Oct 2018 05:00:00 GMT","REP_HOUR":100,"REP_YEAR":2018,"OCC_DATE":"Fri, 26 Oct 2018 05:00:00 GMT","OCC_HOUR":100,"OCC_YEAR":2018,"TOD":"Night","WEEKDAY":"Friday","DOW":5,"NB_NAME_EN":"Overbrook - McArthur","SECTOR":"25","DIVISION":"Central","WARD_EN":"Ward 12 - Rideau-Vanier","COUNCILLOR":"Stéphanie Plante","CENSUS_TRC":"5050101.00"}},{"type":"Feature","id":68,"geometry":{"type":"Point","coordinates":[-75.7291961662953,45.4063602417507]},"properties":{"OBJECTID":68,"ID":"68","REP_DATE":"Mon, 29 Oct 2018 05:00:00 GMT","REP_HOUR":300,"REP_YEAR":2018,"OCC_DATE":"Mon, 29 Oct 2018 05:00:00 GMT","OCC_HOUR":300,"OCC_YEAR":2018,"TOD":"Night","WEEKDAY":"Monday","DOW":1,"NB_NAME_EN":"Hintonburg - Mechanicsville","SECTOR":"21","DIVISION":"Central","WARD_EN":"Ward 15 - Kitchissippi","COUNCILLOR":"Jeff Leiper","CENSUS_TRC":"5050046.00"}},{"type":"Feature","id":69,"geometry":{"type":"Point","coordinates":[-75.7027866690553,45.4109664536552]},"properties":{"OBJECTID":69,"ID":"69","REP_DATE":"Mon, 29 Oct 2018 05:00:00 GMT","REP_HOUR":900,"REP_YEAR":2018,"OCC_DATE":"Mon, 29 Oct 2018 05:00:00 GMT","OCC_HOUR":900,"OCC_YEAR":2018,"TOD":"Morning","WEEKDAY":"Monday","DOW":1,"NB_NAME_EN":"Centretown","SECTOR":"23","DIVISION":"Central","WARD_EN":"Ward 14 - Somerset","COUNCILLOR":"Ariel Troster","CENSUS_TRC":"5050040.00"}},{"type":"Feature","id":70,"geometry":{"type":"Point","coordinates":[-75.8011159649253,45.3577658647037]},"properties":{"OBJECTID":70,"ID":"70","REP_DATE":"Mon, 29 Oct 2018 05:00:00 GMT","REP_HOUR":2300,"REP_YEAR":2018,"OCC_DATE":"Mon, 29 Oct 2018 05:00:00 GMT","OCC_HOUR":2300,"OCC_YEAR":2018,"TOD":"Evening","WEEKDAY":"Monday","DOW":1,"NB_NAME_EN":"Britannia Village","SECTOR":"14","DIVISION":"West","WARD_EN":"Ward 7 - Bay","COUNCILLOR":"Theresa Kavanagh","CENSUS_TRC":"5050029.00"}},{"type":"Feature","id":71,"geometry":{"type":"Point","coordinates":[-75.6523776085824,45.4251992596643]},"properties":{"OBJECTID":71,"ID":"71","REP_DATE":"Thu, 08 Nov 2018 05:00:00 GMT","REP_HOUR":1800,"REP_YEAR":2018,"OCC_DATE":"Thu, 08 Nov 2018 05:00:00 GMT","OCC_HOUR":1800,"OCC_YEAR":2018,"TOD":"Evening","WEEKDAY":"Thursday","DOW":4,"NB_NAME_EN":"Overbrook - McArthur","SECTOR":"25","DIVISION":"Central","WARD_EN":"Ward 13 - Rideau-Rockcliffe","COUNCILLOR":"Rawlson King","CENSUS_TRC":"5050013.00"}},{"type":"Feature","id":72,"geometry":{"type":"Point","coordinates":[-75.6296329499691,45.3697592866937]},"properties":{"OBJECTID":72,"ID":"72","REP_DATE":"Tue, 13 Nov 2018 05:00:00 GMT","REP_HOUR":1900,"REP_YEAR":2018,"OCC_DATE":"Tue, 13 Nov 2018 05:00:00 GMT","OCC_HOUR":1900,"OCC_YEAR":2018,"TOD":"Evening","WEEKDAY":"Tuesday","DOW":2,"NB_NAME_EN":"Greenboro East","SECTOR":"35","DIVISION":"East","WARD_EN":"Ward 10 - Gloucester-Southgate","COUNCILLOR":"Jessica Bradley","CENSUS_TRC":"5050001.05"}},{"type":"Feature","id":73,"geometry":{"type":"Point","coordinates":[-75.6799873842758,45.3838684865803]},"properties":{"OBJECTID":73,"ID":"73","REP_DATE":"Wed, 21 Nov 2018 05:00:00 GMT","REP_HOUR":2200,"REP_YEAR":2018,"OCC_DATE":"Wed, 21 Nov 2018 05:00:00 GMT","OCC_HOUR":2200,"OCC_YEAR":2018,"TOD":"Evening","WEEKDAY":"Wednesday","DOW":3,"NB_NAME_EN":"Billings Bridge - Alta Vista","SECTOR":"34","DIVISION":"East","WARD_EN":"Ward 17 - Capital","COUNCILLOR":"Shawn Menard","CENSUS_TRC":"5050004.00"}},{"type":"Feature","id":74,"geometry":{"type":"Point","coordinates":[-75.6568877545201,45.3603878949723]},"properties":{"OBJECTID":74,"ID":"74","REP_DATE":"Fri, 23 Nov 2018 05:00:00 GMT","REP_HOUR":1800,"REP_YEAR":2018,"OCC_DATE":"Fri, 23 Nov 2018 05:00:00 GMT","OCC_HOUR":1800,"OCC_YEAR":2018,"TOD":"Evening","WEEKDAY":"Friday","DOW":5,"NB_NAME_EN":"South Keys - Heron Gate - Greenboro West","SECTOR":"35","DIVISION":"East","WARD_EN":"Ward 10 - Gloucester-Southgate","COUNCILLOR":"Jessica Bradley","CENSUS_TRC":"5050001.04"}},{"type":"Feature","id":75,"geometry":{"type":"Point","coordinates":[-75.6249216260091,45.442998429129]},"properties":{"OBJECTID":75,"ID":"75","REP_DATE":"Tue, 27 Nov 2018 05:00:00 GMT","REP_HOUR":1500,"REP_YEAR":2018,"OCC_DATE":"Sat, 10 Nov 2018 05:00:00 GMT","OCC_HOUR":400,"OCC_YEAR":2018,"TOD":"Night","WEEKDAY":"Saturday","DOW":6,"NB_NAME_EN":"Carson Grove - Carson Meadows","SECTOR":"32","DIVISION":"East","WARD_EN":"Ward 13 - Rideau-Rockcliffe","COUNCILLOR":"Rawlson King","CENSUS_TRC":"5050062.01"}},{"type":"Feature","id":76,"geometry":{"type":"Point","coordinates":[-75.6143492962719,45.3694607946452]},"properties":{"OBJECTID":76,"ID":"76","REP_DATE":"Thu, 29 Nov 2018 05:00:00 GMT","REP_HOUR":2200,"REP_YEAR":2018,"OCC_DATE":"Thu, 29 Nov 2018 05:00:00 GMT","OCC_HOUR":2200,"OCC_YEAR":2018,"TOD":"Evening","WEEKDAY":"Thursday","DOW":4,"NB_NAME_EN":"Hunt Club Park","SECTOR":"33","DIVISION":"East","WARD_EN":"Ward 10 - Gloucester-Southgate","COUNCILLOR":"Jessica Bradley","CENSUS_TRC":"5050001.07"}},{"type":"Feature","id":77,"geometry":{"type":"Point","coordinates":[-75.6917307983976,45.427184741357]},"properties":{"OBJECTID":77,"ID":"77","REP_DATE":"Sun, 23 Dec 2018 05:00:00 GMT","REP_HOUR":2200,"REP_YEAR":2018,"OCC_DATE":"Sun, 23 Dec 2018 05:00:00 GMT","OCC_HOUR":2200,"OCC_YEAR":2018,"TOD":"Evening","WEEKDAY":"Sunday","DOW":7,"NB_NAME_EN":"Byward Market","SECTOR":"24","DIVISION":"Central","WARD_EN":"Ward 12 - Rideau-Vanier","COUNCILLOR":"Stéphanie Plante","CENSUS_TRC":"5050054.00"}},{"type":"Feature","id":78,"geometry":{"type":"Point","coordinates":[-75.7927455530067,45.3481092894553]},"properties":{"OBJECTID":78,"ID":"78","REP_DATE":"Sat, 05 Jan 2019 05:00:00 GMT","REP_HOUR":400,"REP_YEAR":2019,"OCC_DATE":"Sat, 05 Jan 2019 05:00:00 GMT","OCC_HOUR":400,"OCC_YEAR":2019,"TOD":"Night","WEEKDAY":"Saturday","DOW":6,"NB_NAME_EN":"Whitehaven - Queensway Terrace North","SECTOR":"14","DIVISION":"West","WARD_EN":"Ward 7 - Bay","COUNCILLOR":"Theresa Kavanagh","CENSUS_TRC":"5050028.00"}},{"type":"Feature","id":79,"geometry":{"type":"Point","coordinates":[-75.6574181383525,45.4248226307686]},"properties":{"OBJECTID":79,"ID":"79","REP_DATE":"Sat, 12 Jan 2019 05:00:00 GMT","REP_HOUR":700,"REP_YEAR":2019,"OCC_DATE":"Sat, 12 Jan 2019 05:00:00 GMT","OCC_HOUR":700,"OCC_YEAR":2019,"TOD":"Morning","WEEKDAY":"Saturday","DOW":6,"NB_NAME_EN":"Overbrook - McArthur","SECTOR":"25","DIVISION":"Central","WARD_EN":"Ward 13 - Rideau-Rockcliffe","COUNCILLOR":"Rawlson King","CENSUS_TRC":"5050013.00"}},{"type":"Feature","id":80,"geometry":{"type":"Point","coordinates":[-75.8011159649253,45.3577658647037]},"properties":{"OBJECTID":80,"ID":"80","REP_DATE":"Mon, 14 Jan 2019 05:00:00 GMT","REP_HOUR":2000,"REP_YEAR":2019,"OCC_DATE":"Mon, 14 Jan 2019 05:00:00 GMT","OCC_HOUR":2000,"OCC_YEAR":2019,"TOD":"Evening","WEEKDAY":"Monday","DOW":1,"NB_NAME_EN":"Britannia Village","SECTOR":"14","DIVISION":"West","WARD_EN":"Ward 7 - Bay","COUNCILLOR":"Theresa Kavanagh","CENSUS_TRC":"5050029.00"}},{"type":"Feature","id":81,"geometry":{"type":"Point","coordinates":[-75.685485795335,45.36934238412]},"properties":{"OBJECTID":81,"ID":"81","REP_DATE":"Tue, 15 Jan 2019 05:00:00 GMT","REP_HOUR":2100,"REP_YEAR":2019,"OCC_DATE":"Thu, 03 Jan 2019 05:00:00 GMT","OCC_HOUR":2300,"OCC_YEAR":2019,"TOD":"Evening","WEEKDAY":"Thursday","DOW":4,"NB_NAME_EN":"Riverside Park","SECTOR":"34","DIVISION":"East","WARD_EN":"Ward 16 - River","COUNCILLOR":"Riley Brockington","CENSUS_TRC":"5050003.00"}},{"type":"Feature","id":82,"geometry":{"type":"Point","coordinates":[-75.6654020631406,45.4354276596402]},"properties":{"OBJECTID":82,"ID":"82","REP_DATE":"Wed, 16 Jan 2019 05:00:00 GMT","REP_HOUR":1800,"REP_YEAR":2019,"OCC_DATE":"Wed, 16 Jan 2019 05:00:00 GMT","OCC_HOUR":1700,"OCC_YEAR":2019,"TOD":"Afternoon","WEEKDAY":"Wednesday","DOW":3,"NB_NAME_EN":"Vanier North","SECTOR":"25","DIVISION":"Central","WARD_EN":"Ward 12 - Rideau-Vanier","COUNCILLOR":"Stéphanie Plante","CENSUS_TRC":"5050101.00"}},{"type":"Feature","id":83,"geometry":{"type":"Point","coordinates":[-75.6645515104962,45.436768273423]},"properties":{"OBJECTID":83,"ID":"83","REP_DATE":"Wed, 16 Jan 2019 05:00:00 GMT","REP_HOUR":2000,"REP_YEAR":2019,"OCC_DATE":"Sat, 12 Jan 2019 05:00:00 GMT","OCC_HOUR":2300,"OCC_YEAR":2019,"TOD":"Evening","WEEKDAY":"Saturday","DOW":6,"NB_NAME_EN":"Vanier North","SECTOR":"25","DIVISION":"Central","WARD_EN":"Ward 12 - Rideau-Vanier","COUNCILLOR":"Stéphanie Plante","CENSUS_TRC":"5050101.00"}},{"type":"Feature","id":84,"geometry":{"type":"Point","coordinates":[-75.6020188859708,45.4185332947437]},"properties":{"OBJECTID":84,"ID":"84","REP_DATE":"Mon, 21 Jan 2019 05:00:00 GMT","REP_HOUR":2000,"REP_YEAR":2019,"OCC_DATE":"Mon, 21 Jan 2019 05:00:00 GMT","OCC_HOUR":2000,"OCC_YEAR":2019,"TOD":"Evening","WEEKDAY":"Monday","DOW":1,"NB_NAME_EN":"Pineview","SECTOR":"32","DIVISION":"East","WARD_EN":"Ward 11 - Beacon Hill-Cyrville","COUNCILLOR":"Tim Tierney","CENSUS_TRC":"5050122.02"}},{"type":"Feature","id":85,"geometry":{"type":"Point","coordinates":[-75.6613255747563,45.4414178827595]},"properties":{"OBJECTID":85,"ID":"85","REP_DATE":"Tue, 22 Jan 2019 05:00:00 GMT","REP_HOUR":2000,"REP_YEAR":2019,"OCC_DATE":"Tue, 22 Jan 2019 05:00:00 GMT","OCC_HOUR":2000,"OCC_YEAR":2019,"TOD":"Evening","WEEKDAY":"Tuesday","DOW":2,"NB_NAME_EN":"Vanier North","SECTOR":"25","DIVISION":"Central","WARD_EN":"Ward 12 - Rideau-Vanier","COUNCILLOR":"Stéphanie Plante","CENSUS_TRC":"5050103.00"}},{"type":"Feature","id":86,"geometry":{"type":"Point","coordinates":[-75.7281554860804,45.3615218597561]},"properties":{"OBJECTID":86,"ID":"86","REP_DATE":"Thu, 24 Jan 2019 05:00:00 GMT","REP_HOUR":2300,"REP_YEAR":2019,"OCC_DATE":"Thu, 24 Jan 2019 05:00:00 GMT","OCC_HOUR":2300,"OCC_YEAR":2019,"TOD":"Evening","WEEKDAY":"Thursday","DOW":4,"NB_NAME_EN":"Cityview - Skyline - Fisher Heights","SECTOR":"17","DIVISION":"West","WARD_EN":"Ward 9 - Knoxdale-Merivale","COUNCILLOR":"Sean Devine","CENSUS_TRC":"5050132.00"}},{"type":"Feature","id":87,"geometry":{"type":"Point","coordinates":[-75.6282814852663,45.4256925306963]},"properties":{"OBJECTID":87,"ID":"87","REP_DATE":"Thu, 31 Jan 2019 05:00:00 GMT","REP_HOUR":2000,"REP_YEAR":2019,"OCC_DATE":"Thu, 31 Jan 2019 05:00:00 GMT","OCC_HOUR":2000,"OCC_YEAR":2019,"TOD":"Evening","WEEKDAY":"Thursday","DOW":4,"NB_NAME_EN":"Cummings","SECTOR":"32","DIVISION":"East","WARD_EN":"Ward 11 - Beacon Hill-Cyrville","COUNCILLOR":"Tim Tierney","CENSUS_TRC":"5050122.03"}},{"type":"Feature","id":88,"geometry":{"type":"Point","coordinates":[-75.6875457940093,45.4280229966798]},"properties":{"OBJECTID":88,"ID":"88","REP_DATE":"Fri, 01 Feb 2019 05:00:00 GMT","REP_HOUR":1700,"REP_YEAR":2019,"OCC_DATE":"Fri, 01 Feb 2019 05:00:00 GMT","OCC_HOUR":1700,"OCC_YEAR":2019,"TOD":"Afternoon","WEEKDAY":"Friday","DOW":5,"NB_NAME_EN":"Lowertown","SECTOR":"24","DIVISION":"Central","WARD_EN":"Ward 12 - Rideau-Vanier","COUNCILLOR":"Stéphanie Plante","CENSUS_TRC":"5050053.00"}},{"type":"Feature","id":89,"geometry":{"type":"Point","coordinates":[-75.7227329480371,45.3939614557794]},"properties":{"OBJECTID":89,"ID":"89","REP_DATE":"Sat, 02 Feb 2019 05:00:00 GMT","REP_HOUR":100,"REP_YEAR":2019,"OCC_DATE":"Sat, 02 Feb 2019 05:00:00 GMT","OCC_HOUR":100,"OCC_YEAR":2019,"TOD":"Night","WEEKDAY":"Saturday","DOW":6,"NB_NAME_EN":"Civic Hospital-Central Park","SECTOR":"21","DIVISION":"Central","WARD_EN":"Ward 15 - Kitchissippi","COUNCILLOR":"Jeff Leiper","CENSUS_TRC":"5050034.00"}},{"type":"Feature","id":90,"geometry":{"type":"Point","coordinates":[-75.9209231270511,45.3494742284109]},"properties":{"OBJECTID":90,"ID":"90","REP_DATE":"Wed, 06 Feb 2019 05:00:00 GMT","REP_HOUR":200,"REP_YEAR":2019,"OCC_DATE":"Wed, 06 Feb 2019 05:00:00 GMT","OCC_HOUR":200,"OCC_YEAR":2019,"TOD":"Night","WEEKDAY":"Wednesday","DOW":3,"NB_NAME_EN":"Kanata Lakes - Marchwood Lakeside - Morgan's Grant - Kanata North Business Park","SECTOR":"13","DIVISION":"West","WARD_EN":"Ward 4 - Kanata North","COUNCILLOR":"Cathy Curry","CENSUS_TRC":"5050160.11"}},{"type":"Feature","id":91,"geometry":{"type":"Point","coordinates":[-75.8465252098061,45.3535226272135]},"properties":{"OBJECTID":91,"ID":"91","REP_DATE":"Tue, 12 Feb 2019 05:00:00 GMT","REP_HOUR":900,"REP_YEAR":2019,"OCC_DATE":"Sun, 30 Dec 2018 05:00:00 GMT","OCC_HOUR":100,"OCC_YEAR":2018,"TOD":"Night","WEEKDAY":"Sunday","DOW":7,"NB_NAME_EN":"Greenbelt - Shirleys Bay","SECTOR":"14","DIVISION":"West","WARD_EN":"Ward 7 - Bay","COUNCILLOR":"Theresa Kavanagh","CENSUS_TRC":"5050141.14"}},{"type":"Feature","id":92,"geometry":{"type":"Point","coordinates":[-75.6501557648548,45.4057348620641]},"properties":{"OBJECTID":92,"ID":"92","REP_DATE":"Wed, 20 Feb 2019 05:00:00 GMT","REP_HOUR":200,"REP_YEAR":2019,"OCC_DATE":"Wed, 20 Feb 2019 05:00:00 GMT","OCC_HOUR":200,"OCC_YEAR":2019,"TOD":"Night","WEEKDAY":"Wednesday","DOW":3,"NB_NAME_EN":"Elmvale - Eastway - Riverview - Riverview Park West","SECTOR":"33","DIVISION":"East","WARD_EN":"Ward 18 - Alta Vista","COUNCILLOR":"Marty Carr","CENSUS_TRC":"5050011.04"}},{"type":"Feature","id":93,"geometry":{"type":"Point","coordinates":[-75.5286461191595,45.4523074148003]},"properties":{"OBJECTID":93,"ID":"93","REP_DATE":"Sat, 16 Mar 2019 05:00:00 GMT","REP_HOUR":1200,"REP_YEAR":2019,"OCC_DATE":"Sat, 16 Mar 2019 05:00:00 GMT","OCC_HOUR":1200,"OCC_YEAR":2019,"TOD":"Afternoon","WEEKDAY":"Saturday","DOW":6,"NB_NAME_EN":"Orléans Village - Chateauneuf","SECTOR":"31","DIVISION":"East","WARD_EN":"Ward 2 - Orléans West-Innes","COUNCILLOR":"Laura Dudas","CENSUS_TRC":"5050125.09"}},{"type":"Feature","id":94,"geometry":{"type":"Point","coordinates":[-75.5186186970162,45.454741274461]},"properties":{"OBJECTID":94,"ID":"94","REP_DATE":"Fri, 29 Mar 2019 05:00:00 GMT","REP_HOUR":0,"REP_YEAR":2019,"OCC_DATE":"Fri, 29 Mar 2019 05:00:00 GMT","OCC_HOUR":0,"OCC_YEAR":2019,"TOD":"Night","WEEKDAY":"Friday","DOW":5,"NB_NAME_EN":"Orléans Village - Chateauneuf","SECTOR":"31","DIVISION":"East","WARD_EN":"Ward 2 - Orléans West-Innes","COUNCILLOR":"Laura Dudas","CENSUS_TRC":"5050125.08"}},{"type":"Feature","id":95,"geometry":{"type":"Point","coordinates":[-75.7145805501643,45.3681380969824]},"properties":{"OBJECTID":95,"ID":"95","REP_DATE":"Mon, 01 Apr 2019 05:00:00 GMT","REP_HOUR":2200,"REP_YEAR":2019,"OCC_DATE":"Mon, 01 Apr 2019 05:00:00 GMT","OCC_HOUR":2200,"OCC_YEAR":2019,"TOD":"Evening","WEEKDAY":"Monday","DOW":1,"NB_NAME_EN":"Civic Hospital-Central Park","SECTOR":"21","DIVISION":"Central","WARD_EN":"Ward 16 - River","COUNCILLOR":"Riley Brockington","CENSUS_TRC":"5050020.01"}},{"type":"Feature","id":96,"geometry":{"type":"Point","coordinates":[-75.6484073380041,45.3730583626664]},"properties":{"OBJECTID":96,"ID":"96","REP_DATE":"Sat, 13 Apr 2019 05:00:00 GMT","REP_HOUR":2200,"REP_YEAR":2019,"OCC_DATE":"Sat, 13 Apr 2019 05:00:00 GMT","OCC_HOUR":2200,"OCC_YEAR":2019,"TOD":"Evening","WEEKDAY":"Saturday","DOW":6,"NB_NAME_EN":"Ledbury - Heron Gate - Ridgemont - Elmwood","SECTOR":"34","DIVISION":"East","WARD_EN":"Ward 10 - Gloucester-Southgate","COUNCILLOR":"Jessica Bradley","CENSUS_TRC":"5050001.09"}},{"type":"Feature","id":97,"geometry":{"type":"Point","coordinates":[-75.6940406715646,45.4275766756764]},"properties":{"OBJECTID":97,"ID":"97","REP_DATE":"Thu, 18 Apr 2019 05:00:00 GMT","REP_HOUR":200,"REP_YEAR":2019,"OCC_DATE":"Thu, 18 Apr 2019 05:00:00 GMT","OCC_HOUR":200,"OCC_YEAR":2019,"TOD":"Night","WEEKDAY":"Thursday","DOW":4,"NB_NAME_EN":"Byward Market","SECTOR":"24","DIVISION":"Central","WARD_EN":"Ward 12 - Rideau-Vanier","COUNCILLOR":"Stéphanie Plante","CENSUS_TRC":"5050054.00"}},{"type":"Feature","id":98,"geometry":{"type":"Point","coordinates":[-75.6620813046568,45.3753507138402]},"properties":{"OBJECTID":98,"ID":"98","REP_DATE":"Thu, 25 Apr 2019 05:00:00 GMT","REP_HOUR":100,"REP_YEAR":2019,"OCC_DATE":"Thu, 25 Apr 2019 05:00:00 GMT","OCC_HOUR":100,"OCC_YEAR":2019,"TOD":"Night","WEEKDAY":"Thursday","DOW":4,"NB_NAME_EN":"Ledbury - Heron Gate - Ridgemont - Elmwood","SECTOR":"34","DIVISION":"East","WARD_EN":"Ward 18 - Alta Vista","COUNCILLOR":"Marty Carr","CENSUS_TRC":"5050005.00"}},{"type":"Feature","id":99,"geometry":{"type":"Point","coordinates":[-75.7157120268274,45.4033510987276]},"properties":{"OBJECTID":99,"ID":"99","REP_DATE":"Mon, 29 Apr 2019 05:00:00 GMT","REP_HOUR":1400,"REP_YEAR":2019,"OCC_DATE":"Fri, 26 Apr 2019 05:00:00 GMT","OCC_HOUR":1700,"OCC_YEAR":2019,"TOD":"Afternoon","WEEKDAY":"Friday","DOW":5,"NB_NAME_EN":"Hintonburg - Mechanicsville","SECTOR":"21","DIVISION":"Central","WARD_EN":"Ward 15 - Kitchissippi","COUNCILLOR":"Jeff Leiper","CENSUS_TRC":"5050043.00"}},{"type":"Feature","id":100,"geometry":{"type":"Point","coordinates":[-75.7227329480371,45.3939614557794]},"properties":{"OBJECTID":100,"ID":"100","REP_DATE":"Fri, 03 May 2019 05:00:00 GMT","REP_HOUR":100,"REP_YEAR":2019,"OCC_DATE":"Fri, 03 May 2019 05:00:00 GMT","OCC_HOUR":100,"OCC_YEAR":2019,"TOD":"Night","WEEKDAY":"Friday","DOW":5,"NB_NAME_EN":"Civic Hospital-Central Park","SECTOR":"21","DIVISION":"Central","WARD_EN":"Ward 15 - Kitchissippi","COUNCILLOR":"Jeff Leiper","CENSUS_TRC":"5050034.00"}},{"type":"Feature","id":101,"geometry":{"type":"Point","coordinates":[-75.6514459887177,45.4266163023963]},"properties":{"OBJECTID":101,"ID":"101","REP_DATE":"Wed, 15 May 2019 05:00:00 GMT","REP_HOUR":2200,"REP_YEAR":2019,"OCC_DATE":"Wed, 15 May 2019 05:00:00 GMT","OCC_HOUR":2100,"OCC_YEAR":2019,"TOD":"Evening","WEEKDAY":"Wednesday","DOW":3,"NB_NAME_EN":"Overbrook - McArthur","SECTOR":"25","DIVISION":"Central","WARD_EN":"Ward 13 - Rideau-Rockcliffe","COUNCILLOR":"Rawlson King","CENSUS_TRC":"5050012.00"}},{"type":"Feature","id":102,"geometry":{"type":"Point","coordinates":[-75.6974336109608,45.4131813435644]},"properties":{"OBJECTID":102,"ID":"102","REP_DATE":"Thu, 23 May 2019 05:00:00 GMT","REP_HOUR":500,"REP_YEAR":2019,"OCC_DATE":"Thu, 23 May 2019 05:00:00 GMT","OCC_HOUR":500,"OCC_YEAR":2019,"TOD":"Night","WEEKDAY":"Thursday","DOW":4,"NB_NAME_EN":"Centretown","SECTOR":"23","DIVISION":"Central","WARD_EN":"Ward 14 - Somerset","COUNCILLOR":"Ariel Troster","CENSUS_TRC":"5050040.00"}},{"type":"Feature","id":103,"geometry":{"type":"Point","coordinates":[-75.6002542765824,45.3743448977173]},"properties":{"OBJECTID":103,"ID":"103","REP_DATE":"Fri, 24 May 2019 05:00:00 GMT","REP_HOUR":0,"REP_YEAR":2019,"OCC_DATE":"Thu, 23 May 2019 05:00:00 GMT","OCC_HOUR":2300,"OCC_YEAR":2019,"TOD":"Evening","WEEKDAY":"Thursday","DOW":4,"NB_NAME_EN":"Hunt Club Park","SECTOR":"33","DIVISION":"East","WARD_EN":"Ward 10 - Gloucester-Southgate","COUNCILLOR":"Jessica Bradley","CENSUS_TRC":"5050001.08"}},{"type":"Feature","id":104,"geometry":{"type":"Point","coordinates":[-75.6484073380041,45.3730583626664]},"properties":{"OBJECTID":104,"ID":"104","REP_DATE":"Mon, 27 May 2019 05:00:00 GMT","REP_HOUR":2200,"REP_YEAR":2019,"OCC_DATE":"Mon, 27 May 2019 05:00:00 GMT","OCC_HOUR":2200,"OCC_YEAR":2019,"TOD":"Evening","WEEKDAY":"Monday","DOW":1,"NB_NAME_EN":"Ledbury - Heron Gate - Ridgemont - Elmwood","SECTOR":"34","DIVISION":"East","WARD_EN":"Ward 10 - Gloucester-Southgate","COUNCILLOR":"Jessica Bradley","CENSUS_TRC":"5050001.09"}},{"type":"Feature","id":105,"geometry":{"type":"Point","coordinates":[-75.6845757074158,45.4326506218561]},"properties":{"OBJECTID":105,"ID":"105","REP_DATE":"Thu, 30 May 2019 05:00:00 GMT","REP_HOUR":2300,"REP_YEAR":2019,"OCC_DATE":"Thu, 30 May 2019 05:00:00 GMT","OCC_HOUR":2300,"OCC_YEAR":2019,"TOD":"Evening","WEEKDAY":"Thursday","DOW":4,"NB_NAME_EN":"Lowertown","SECTOR":"24","DIVISION":"Central","WARD_EN":"Ward 12 - Rideau-Vanier","COUNCILLOR":"Stéphanie Plante","CENSUS_TRC":"5050056.00"}},{"type":"Feature","id":106,"geometry":{"type":"Point","coordinates":[-75.7011810965147,45.4142902899376]},"properties":{"OBJECTID":106,"ID":"106","REP_DATE":"Thu, 30 May 2019 05:00:00 GMT","REP_HOUR":300,"REP_YEAR":2019,"OCC_DATE":"Thu, 30 May 2019 05:00:00 GMT","OCC_HOUR":200,"OCC_YEAR":2019,"TOD":"Night","WEEKDAY":"Thursday","DOW":4,"NB_NAME_EN":"Centretown","SECTOR":"23","DIVISION":"Central","WARD_EN":"Ward 14 - Somerset","COUNCILLOR":"Ariel Troster","CENSUS_TRC":"5050040.00"}},{"type":"Feature","id":107,"geometry":{"type":"Point","coordinates":[-75.7008913160289,45.405850962592]},"properties":{"OBJECTID":107,"ID":"107","REP_DATE":"Sun, 02 Jun 2019 05:00:00 GMT","REP_HOUR":700,"REP_YEAR":2019,"OCC_DATE":"Sun, 02 Jun 2019 05:00:00 GMT","OCC_HOUR":700,"OCC_YEAR":2019,"TOD":"Morning","WEEKDAY":"Sunday","DOW":7,"NB_NAME_EN":"Centretown","SECTOR":"23","DIVISION":"Central","WARD_EN":"Ward 14 - Somerset","COUNCILLOR":"Ariel Troster","CENSUS_TRC":"5050039.00"}},{"type":"Feature","id":108,"geometry":{"type":"Point","coordinates":[-75.6932152843776,45.4281766641234]},"properties":{"OBJECTID":108,"ID":"108","REP_DATE":"Fri, 07 Jun 2019 05:00:00 GMT","REP_HOUR":2100,"REP_YEAR":2019,"OCC_DATE":"Fri, 07 Jun 2019 05:00:00 GMT","OCC_HOUR":2100,"OCC_YEAR":2019,"TOD":"Evening","WEEKDAY":"Friday","DOW":5,"NB_NAME_EN":"Byward Market","SECTOR":"24","DIVISION":"Central","WARD_EN":"Ward 12 - Rideau-Vanier","COUNCILLOR":"Stéphanie Plante","CENSUS_TRC":"5050054.00"}},{"type":"Feature","id":109,"geometry":{"type":"Point","coordinates":[-75.6493735561341,45.34947988463]},"properties":{"OBJECTID":109,"ID":"109","REP_DATE":"Mon, 10 Jun 2019 05:00:00 GMT","REP_HOUR":1800,"REP_YEAR":2019,"OCC_DATE":"Mon, 10 Jun 2019 05:00:00 GMT","OCC_HOUR":1800,"OCC_YEAR":2019,"TOD":"Evening","WEEKDAY":"Monday","DOW":1,"NB_NAME_EN":"Emerald Woods - Sawmill Creek","SECTOR":"35","DIVISION":"East","WARD_EN":"Ward 10 - Gloucester-Southgate","COUNCILLOR":"Jessica Bradley","CENSUS_TRC":"5050123.01"}},{"type":"Feature","id":110,"geometry":{"type":"Point","coordinates":[-75.6374306299632,45.3652910755738]},"properties":{"OBJECTID":110,"ID":"110","REP_DATE":"Sat, 15 Jun 2019 05:00:00 GMT","REP_HOUR":1800,"REP_YEAR":2019,"OCC_DATE":"Sat, 15 Jun 2019 05:00:00 GMT","OCC_HOUR":1800,"OCC_YEAR":2019,"TOD":"Evening","WEEKDAY":"Saturday","DOW":6,"NB_NAME_EN":"Greenboro East","SECTOR":"35","DIVISION":"East","WARD_EN":"Ward 10 - Gloucester-Southgate","COUNCILLOR":"Jessica Bradley","CENSUS_TRC":"5050001.05"}},{"type":"Feature","id":111,"geometry":{"type":"Point","coordinates":[-75.6528500756792,45.3796233302412]},"properties":{"OBJECTID":111,"ID":"111","REP_DATE":"Wed, 19 Jun 2019 05:00:00 GMT","REP_HOUR":2000,"REP_YEAR":2019,"OCC_DATE":"Wed, 19 Jun 2019 05:00:00 GMT","OCC_HOUR":2000,"OCC_YEAR":2019,"TOD":"Evening","WEEKDAY":"Wednesday","DOW":3,"NB_NAME_EN":"Ledbury - Heron Gate - Ridgemont - Elmwood","SECTOR":"34","DIVISION":"East","WARD_EN":"Ward 18 - Alta Vista","COUNCILLOR":"Marty Carr","CENSUS_TRC":"5050007.02"}},{"type":"Feature","id":112,"geometry":{"type":"Point","coordinates":[-75.8011159649253,45.3577658647037]},"properties":{"OBJECTID":112,"ID":"112","REP_DATE":"Sat, 22 Jun 2019 05:00:00 GMT","REP_HOUR":1600,"REP_YEAR":2019,"OCC_DATE":"Sat, 22 Jun 2019 05:00:00 GMT","OCC_HOUR":1600,"OCC_YEAR":2019,"TOD":"Afternoon","WEEKDAY":"Saturday","DOW":6,"NB_NAME_EN":"Britannia Village","SECTOR":"14","DIVISION":"West","WARD_EN":"Ward 7 - Bay","COUNCILLOR":"Theresa Kavanagh","CENSUS_TRC":"5050029.00"}},{"type":"Feature","id":113,"geometry":{"type":"Point","coordinates":[-75.6985479247198,45.4179256227721]},"properties":{"OBJECTID":113,"ID":"113","REP_DATE":"Sat, 22 Jun 2019 05:00:00 GMT","REP_HOUR":0,"REP_YEAR":2019,"OCC_DATE":"Sat, 22 Jun 2019 05:00:00 GMT","OCC_HOUR":0,"OCC_YEAR":2019,"TOD":"Night","WEEKDAY":"Saturday","DOW":6,"NB_NAME_EN":"Centretown","SECTOR":"23","DIVISION":"Central","WARD_EN":"Ward 14 - Somerset","COUNCILLOR":"Ariel Troster","CENSUS_TRC":"5050038.00"}},{"type":"Feature","id":114,"geometry":{"type":"Point","coordinates":[-75.6903180717297,45.4279132015729]},"properties":{"OBJECTID":114,"ID":"114","REP_DATE":"Mon, 01 Jul 2019 05:00:00 GMT","REP_HOUR":300,"REP_YEAR":2019,"OCC_DATE":"Mon, 01 Jul 2019 05:00:00 GMT","OCC_HOUR":300,"OCC_YEAR":2019,"TOD":"Night","WEEKDAY":"Monday","DOW":1,"NB_NAME_EN":"Byward Market","SECTOR":"24","DIVISION":"Central","WARD_EN":"Ward 12 - Rideau-Vanier","COUNCILLOR":"Stéphanie Plante","CENSUS_TRC":"5050054.00"}},{"type":"Feature","id":115,"geometry":{"type":"Point","coordinates":[-75.6523776085824,45.4251992596643]},"properties":{"OBJECTID":115,"ID":"115","REP_DATE":"Tue, 02 Jul 2019 05:00:00 GMT","REP_HOUR":2100,"REP_YEAR":2019,"OCC_DATE":"Tue, 02 Jul 2019 05:00:00 GMT","OCC_HOUR":2100,"OCC_YEAR":2019,"TOD":"Evening","WEEKDAY":"Tuesday","DOW":2,"NB_NAME_EN":"Overbrook - McArthur","SECTOR":"25","DIVISION":"Central","WARD_EN":"Ward 13 - Rideau-Rockcliffe","COUNCILLOR":"Rawlson King","CENSUS_TRC":"5050013.00"}},{"type":"Feature","id":116,"geometry":{"type":"Point","coordinates":[-75.6856437146482,45.4339270557392]},"properties":{"OBJECTID":116,"ID":"116","REP_DATE":"Sat, 06 Jul 2019 05:00:00 GMT","REP_HOUR":600,"REP_YEAR":2019,"OCC_DATE":"Sat, 06 Jul 2019 05:00:00 GMT","OCC_HOUR":400,"OCC_YEAR":2019,"TOD":"Night","WEEKDAY":"Saturday","DOW":6,"NB_NAME_EN":"Lowertown","SECTOR":"24","DIVISION":"Central","WARD_EN":"Ward 12 - Rideau-Vanier","COUNCILLOR":"Stéphanie Plante","CENSUS_TRC":"5050056.00"}},{"type":"Feature","id":117,"geometry":{"type":"Point","coordinates":[-75.7927455530067,45.3481092894553]},"properties":{"OBJECTID":117,"ID":"117","REP_DATE":"Wed, 10 Jul 2019 05:00:00 GMT","REP_HOUR":600,"REP_YEAR":2019,"OCC_DATE":"Wed, 10 Jul 2019 05:00:00 GMT","OCC_HOUR":500,"OCC_YEAR":2019,"TOD":"Night","WEEKDAY":"Wednesday","DOW":3,"NB_NAME_EN":"Whitehaven - Queensway Terrace North","SECTOR":"14","DIVISION":"West","WARD_EN":"Ward 7 - Bay","COUNCILLOR":"Theresa Kavanagh","CENSUS_TRC":"5050028.00"}},{"type":"Feature","id":118,"geometry":{"type":"Point","coordinates":[-75.6170737196554,45.3687985008591]},"properties":{"OBJECTID":118,"ID":"118","REP_DATE":"Sat, 13 Jul 2019 05:00:00 GMT","REP_HOUR":2000,"REP_YEAR":2019,"OCC_DATE":"Sat, 13 Jul 2019 05:00:00 GMT","OCC_HOUR":2000,"OCC_YEAR":2019,"TOD":"Evening","WEEKDAY":"Saturday","DOW":6,"NB_NAME_EN":"Hunt Club Park","SECTOR":"33","DIVISION":"East","WARD_EN":"Ward 10 - Gloucester-Southgate","COUNCILLOR":"Jessica Bradley","CENSUS_TRC":"5050001.07"}},{"type":"Feature","id":119,"geometry":{"type":"Point","coordinates":[-75.7011810965147,45.4142902899376]},"properties":{"OBJECTID":119,"ID":"119","REP_DATE":"Fri, 19 Jul 2019 05:00:00 GMT","REP_HOUR":1900,"REP_YEAR":2019,"OCC_DATE":"Fri, 19 Jul 2019 05:00:00 GMT","OCC_HOUR":1800,"OCC_YEAR":2019,"TOD":"Evening","WEEKDAY":"Friday","DOW":5,"NB_NAME_EN":"Centretown","SECTOR":"23","DIVISION":"Central","WARD_EN":"Ward 14 - Somerset","COUNCILLOR":"Ariel Troster","CENSUS_TRC":"5050040.00"}},{"type":"Feature","id":120,"geometry":{"type":"Point","coordinates":[-75.6845757074158,45.4326506218561]},"properties":{"OBJECTID":120,"ID":"120","REP_DATE":"Fri, 26 Jul 2019 05:00:00 GMT","REP_HOUR":200,"REP_YEAR":2019,"OCC_DATE":"Fri, 26 Jul 2019 05:00:00 GMT","OCC_HOUR":100,"OCC_YEAR":2019,"TOD":"Night","WEEKDAY":"Friday","DOW":5,"NB_NAME_EN":"Lowertown","SECTOR":"24","DIVISION":"Central","WARD_EN":"Ward 12 - Rideau-Vanier","COUNCILLOR":"Stéphanie Plante","CENSUS_TRC":"5050056.00"}},{"type":"Feature","id":121,"geometry":{"type":"Point","coordinates":[-75.6929406116235,45.4177065050187]},"properties":{"OBJECTID":121,"ID":"121","REP_DATE":"Fri, 02 Aug 2019 05:00:00 GMT","REP_HOUR":900,"REP_YEAR":2019,"OCC_DATE":"Fri, 02 Aug 2019 05:00:00 GMT","OCC_HOUR":900,"OCC_YEAR":2019,"TOD":"Morning","WEEKDAY":"Friday","DOW":5,"NB_NAME_EN":"Centretown","SECTOR":"23","DIVISION":"Central","WARD_EN":"Ward 14 - Somerset","COUNCILLOR":"Ariel Troster","CENSUS_TRC":"5050037.01"}},{"type":"Feature","id":122,"geometry":{"type":"Point","coordinates":[-75.6912646882789,45.4010075960981]},"properties":{"OBJECTID":122,"ID":"122","REP_DATE":"Sat, 03 Aug 2019 05:00:00 GMT","REP_HOUR":2200,"REP_YEAR":2019,"OCC_DATE":"Sat, 03 Aug 2019 05:00:00 GMT","OCC_HOUR":2200,"OCC_YEAR":2019,"TOD":"Evening","WEEKDAY":"Saturday","DOW":6,"NB_NAME_EN":"Glebe - Dows Lake","SECTOR":"22","DIVISION":"Central","WARD_EN":"Ward 17 - Capital","COUNCILLOR":"Shawn Menard","CENSUS_TRC":"5050019.00"}},{"type":"Feature","id":123,"geometry":{"type":"Point","coordinates":[-75.8011159649253,45.3577658647037]},"properties":{"OBJECTID":123,"ID":"123","REP_DATE":"Thu, 08 Aug 2019 05:00:00 GMT","REP_HOUR":0,"REP_YEAR":2019,"OCC_DATE":"Thu, 08 Aug 2019 05:00:00 GMT","OCC_HOUR":0,"OCC_YEAR":2019,"TOD":"Night","WEEKDAY":"Thursday","DOW":4,"NB_NAME_EN":"Britannia Village","SECTOR":"14","DIVISION":"West","WARD_EN":"Ward 7 - Bay","COUNCILLOR":"Theresa Kavanagh","CENSUS_TRC":"5050029.00"}},{"type":"Feature","id":124,"geometry":{"type":"Point","coordinates":[-75.8055519995274,45.3549186391857]},"properties":{"OBJECTID":124,"ID":"124","REP_DATE":"Sat, 24 Aug 2019 05:00:00 GMT","REP_HOUR":400,"REP_YEAR":2019,"OCC_DATE":"Sat, 24 Aug 2019 05:00:00 GMT","OCC_HOUR":400,"OCC_YEAR":2019,"TOD":"Night","WEEKDAY":"Saturday","DOW":6,"NB_NAME_EN":"Bayshore","SECTOR":"14","DIVISION":"West","WARD_EN":"Ward 7 - Bay","COUNCILLOR":"Theresa Kavanagh","CENSUS_TRC":"5050138.00"}},{"type":"Feature","id":125,"geometry":{"type":"Point","coordinates":[-75.5673397646647,45.1689335022227]},"properties":{"OBJECTID":125,"ID":"125","REP_DATE":"Sun, 25 Aug 2019 05:00:00 GMT","REP_HOUR":1300,"REP_YEAR":2019,"OCC_DATE":"Sat, 24 Aug 2019 05:00:00 GMT","OCC_HOUR":1800,"OCC_YEAR":2019,"TOD":"Evening","WEEKDAY":"Saturday","DOW":6,"NB_NAME_EN":"Osgoode","SECTOR":"36","DIVISION":"East","WARD_EN":"Ward 20 - Osgoode","COUNCILLOR":"Isabelle Skalski","CENSUS_TRC":"5050191.02"}},{"type":"Feature","id":126,"geometry":{"type":"Point","coordinates":[-75.6573123784664,45.424200939371]},"properties":{"OBJECTID":126,"ID":"126","REP_DATE":"Fri, 30 Aug 2019 05:00:00 GMT","REP_HOUR":100,"REP_YEAR":2019,"OCC_DATE":"Fri, 30 Aug 2019 05:00:00 GMT","OCC_HOUR":100,"OCC_YEAR":2019,"TOD":"Night","WEEKDAY":"Friday","DOW":5,"NB_NAME_EN":"Overbrook - McArthur","SECTOR":"25","DIVISION":"Central","WARD_EN":"Ward 13 - Rideau-Rockcliffe","COUNCILLOR":"Rawlson King","CENSUS_TRC":"5050013.00"}},{"type":"Feature","id":127,"geometry":{"type":"Point","coordinates":[-75.6711630278878,45.4155736084566]},"properties":{"OBJECTID":127,"ID":"127","REP_DATE":"Sat, 31 Aug 2019 05:00:00 GMT","REP_HOUR":0,"REP_YEAR":2019,"OCC_DATE":"Sat, 31 Aug 2019 05:00:00 GMT","OCC_HOUR":0,"OCC_YEAR":2019,"TOD":"Night","WEEKDAY":"Saturday","DOW":6,"NB_NAME_EN":"Ottawa East","SECTOR":"22","DIVISION":"Central","WARD_EN":"Ward 17 - Capital","COUNCILLOR":"Shawn Menard","CENSUS_TRC":"5050015.00"}},{"type":"Feature","id":128,"geometry":{"type":"Point","coordinates":[-75.6400015571966,45.4289581475562]},"properties":{"OBJECTID":128,"ID":"128","REP_DATE":"Mon, 02 Sep 2019 05:00:00 GMT","REP_HOUR":1400,"REP_YEAR":2019,"OCC_DATE":"Mon, 02 Sep 2019 05:00:00 GMT","OCC_HOUR":1400,"OCC_YEAR":2019,"TOD":"Afternoon","WEEKDAY":"Monday","DOW":1,"NB_NAME_EN":"Overbrook - McArthur","SECTOR":"25","DIVISION":"Central","WARD_EN":"Ward 13 - Rideau-Rockcliffe","COUNCILLOR":"Rawlson King","CENSUS_TRC":"5050012.00"}},{"type":"Feature","id":129,"geometry":{"type":"Point","coordinates":[-75.7133939367244,45.2665856088572]},"properties":{"OBJECTID":129,"ID":"129","REP_DATE":"Sat, 07 Sep 2019 05:00:00 GMT","REP_HOUR":600,"REP_YEAR":2019,"OCC_DATE":"Sat, 07 Sep 2019 05:00:00 GMT","OCC_HOUR":400,"OCC_YEAR":2019,"TOD":"Night","WEEKDAY":"Saturday","DOW":6,"NB_NAME_EN":"New Barrhaven - New Development - Stonebridge","SECTOR":"16","DIVISION":"West","WARD_EN":"Ward 24 - Barrhaven East","COUNCILLOR":"Wilson Lo","CENSUS_TRC":"5050141.13"}},{"type":"Feature","id":130,"geometry":{"type":"Point","coordinates":[-75.6205825799094,45.3700758851714]},"properties":{"OBJECTID":130,"ID":"130","REP_DATE":"Sat, 14 Sep 2019 05:00:00 GMT","REP_HOUR":300,"REP_YEAR":2019,"OCC_DATE":"Sat, 14 Sep 2019 05:00:00 GMT","OCC_HOUR":300,"OCC_YEAR":2019,"TOD":"Night","WEEKDAY":"Saturday","DOW":6,"NB_NAME_EN":"Hunt Club Park","SECTOR":"33","DIVISION":"East","WARD_EN":"Ward 10 - Gloucester-Southgate","COUNCILLOR":"Jessica Bradley","CENSUS_TRC":"5050001.07"}},{"type":"Feature","id":131,"geometry":{"type":"Point","coordinates":[-75.6225110409024,45.3989225411477]},"properties":{"OBJECTID":131,"ID":"131","REP_DATE":"Mon, 23 Sep 2019 05:00:00 GMT","REP_HOUR":0,"REP_YEAR":2019,"OCC_DATE":"Mon, 23 Sep 2019 05:00:00 GMT","OCC_HOUR":0,"OCC_YEAR":2019,"TOD":"Night","WEEKDAY":"Monday","DOW":1,"NB_NAME_EN":"Hawthorne Meadows - Sheffield Glen","SECTOR":"33","DIVISION":"East","WARD_EN":"Ward 18 - Alta Vista","COUNCILLOR":"Marty Carr","CENSUS_TRC":"5050010.00"}},{"type":"Feature","id":132,"geometry":{"type":"Point","coordinates":[-75.4961183046493,45.4798226550728]},"properties":{"OBJECTID":132,"ID":"132","REP_DATE":"Sun, 29 Sep 2019 05:00:00 GMT","REP_HOUR":2000,"REP_YEAR":2019,"OCC_DATE":"Sun, 29 Sep 2019 05:00:00 GMT","OCC_HOUR":2000,"OCC_YEAR":2019,"TOD":"Evening","WEEKDAY":"Sunday","DOW":7,"NB_NAME_EN":"Orléans Avalon - Notting Gate - Fallingbrook - Gardenway South","SECTOR":"31","DIVISION":"East","WARD_EN":"Ward 1 - Orléans East-Cumberland","COUNCILLOR":"Matthew Luloff","CENSUS_TRC":"5050170.10"}},{"type":"Feature","id":133,"geometry":{"type":"Point","coordinates":[-75.5287305325039,45.4622875736383]},"properties":{"OBJECTID":133,"ID":"133","REP_DATE":"Fri, 04 Oct 2019 05:00:00 GMT","REP_HOUR":300,"REP_YEAR":2019,"OCC_DATE":"Fri, 04 Oct 2019 05:00:00 GMT","OCC_HOUR":300,"OCC_YEAR":2019,"TOD":"Night","WEEKDAY":"Friday","DOW":5,"NB_NAME_EN":"Orléans Chapel Hill","SECTOR":"31","DIVISION":"East","WARD_EN":"Ward 2 - Orléans West-Innes","COUNCILLOR":"Laura Dudas","CENSUS_TRC":"5050125.07"}},{"type":"Feature","id":134,"geometry":{"type":"Point","coordinates":[-75.8097458086656,45.346806670589]},"properties":{"OBJECTID":134,"ID":"134","REP_DATE":"Sat, 05 Oct 2019 05:00:00 GMT","REP_HOUR":2300,"REP_YEAR":2019,"OCC_DATE":"Sat, 05 Oct 2019 05:00:00 GMT","OCC_HOUR":2300,"OCC_YEAR":2019,"TOD":"Evening","WEEKDAY":"Saturday","DOW":6,"NB_NAME_EN":"Bayshore","SECTOR":"14","DIVISION":"West","WARD_EN":"Ward 7 - Bay","COUNCILLOR":"Theresa Kavanagh","CENSUS_TRC":"5050138.00"}},{"type":"Feature","id":135,"geometry":{"type":"Point","coordinates":[-75.7543887647511,45.3468031841748]},"properties":{"OBJECTID":135,"ID":"135","REP_DATE":"Sun, 06 Oct 2019 05:00:00 GMT","REP_HOUR":200,"REP_YEAR":2019,"OCC_DATE":"Sun, 06 Oct 2019 05:00:00 GMT","OCC_HOUR":200,"OCC_YEAR":2019,"TOD":"Night","WEEKDAY":"Sunday","DOW":7,"NB_NAME_EN":"Crestview - Meadowlands","SECTOR":"17","DIVISION":"West","WARD_EN":"Ward 8 - College","COUNCILLOR":"Laine Johnson","CENSUS_TRC":"5050133.00"}},{"type":"Feature","id":136,"geometry":{"type":"Point","coordinates":[-75.6031715436633,45.372610288075]},"properties":{"OBJECTID":136,"ID":"136","REP_DATE":"Tue, 08 Oct 2019 05:00:00 GMT","REP_HOUR":1800,"REP_YEAR":2019,"OCC_DATE":"Tue, 08 Oct 2019 05:00:00 GMT","OCC_HOUR":1800,"OCC_YEAR":2019,"TOD":"Evening","WEEKDAY":"Tuesday","DOW":2,"NB_NAME_EN":"Hunt Club Park","SECTOR":"33","DIVISION":"East","WARD_EN":"Ward 10 - Gloucester-Southgate","COUNCILLOR":"Jessica Bradley","CENSUS_TRC":"5050001.07"}},{"type":"Feature","id":137,"geometry":{"type":"Point","coordinates":[-75.657124414779,45.3652595236729]},"properties":{"OBJECTID":137,"ID":"137","REP_DATE":"Sat, 12 Oct 2019 05:00:00 GMT","REP_HOUR":1200,"REP_YEAR":2019,"OCC_DATE":"Sat, 12 Oct 2019 05:00:00 GMT","OCC_HOUR":1200,"OCC_YEAR":2019,"TOD":"Afternoon","WEEKDAY":"Saturday","DOW":6,"NB_NAME_EN":"Ledbury - Heron Gate - Ridgemont - Elmwood","SECTOR":"34","DIVISION":"East","WARD_EN":"Ward 16 - River","COUNCILLOR":"Riley Brockington","CENSUS_TRC":"5050001.10"}},{"type":"Feature","id":138,"geometry":{"type":"Point","coordinates":[-75.537831407808,45.4747399179084]},"properties":{"OBJECTID":138,"ID":"138","REP_DATE":"Tue, 15 Oct 2019 05:00:00 GMT","REP_HOUR":100,"REP_YEAR":2019,"OCC_DATE":"Tue, 15 Oct 2019 05:00:00 GMT","OCC_HOUR":100,"OCC_YEAR":2019,"TOD":"Night","WEEKDAY":"Tuesday","DOW":2,"NB_NAME_EN":"Orléans North West","SECTOR":"31","DIVISION":"East","WARD_EN":"Ward 2 - Orléans West-Innes","COUNCILLOR":"Laura Dudas","CENSUS_TRC":"5050124.04"}},{"type":"Feature","id":139,"geometry":{"type":"Point","coordinates":[-75.6828211329409,45.4222716387894]},"properties":{"OBJECTID":139,"ID":"139","REP_DATE":"Sun, 20 Oct 2019 05:00:00 GMT","REP_HOUR":600,"REP_YEAR":2019,"OCC_DATE":"Sun, 20 Oct 2019 05:00:00 GMT","OCC_HOUR":600,"OCC_YEAR":2019,"TOD":"Morning","WEEKDAY":"Sunday","DOW":7,"NB_NAME_EN":"Sandy Hill - Ottawa East","SECTOR":"24","DIVISION":"Central","WARD_EN":"Ward 12 - Rideau-Vanier","COUNCILLOR":"Stéphanie Plante","CENSUS_TRC":"5050050.00"}},{"type":"Feature","id":140,"geometry":{"type":"Point","coordinates":[-75.7187389529852,45.3566075064879]},"properties":{"OBJECTID":140,"ID":"140","REP_DATE":"Sun, 20 Oct 2019 05:00:00 GMT","REP_HOUR":500,"REP_YEAR":2019,"OCC_DATE":"Sun, 20 Oct 2019 05:00:00 GMT","OCC_HOUR":500,"OCC_YEAR":2019,"TOD":"Night","WEEKDAY":"Sunday","DOW":7,"NB_NAME_EN":"Borden Farm - Stewart Farm - Parkwood Hills - Fisher Glen","SECTOR":"17","DIVISION":"West","WARD_EN":"Ward 9 - Knoxdale-Merivale","COUNCILLOR":"Sean Devine","CENSUS_TRC":"5050131.02"}},{"type":"Feature","id":141,"geometry":{"type":"Point","coordinates":[-75.7587332303168,45.3962164778485]},"properties":{"OBJECTID":141,"ID":"141","REP_DATE":"Sun, 20 Oct 2019 05:00:00 GMT","REP_HOUR":0,"REP_YEAR":2019,"OCC_DATE":"Sun, 20 Oct 2019 05:00:00 GMT","OCC_HOUR":0,"OCC_YEAR":2019,"TOD":"Night","WEEKDAY":"Sunday","DOW":7,"NB_NAME_EN":"Westboro","SECTOR":"21","DIVISION":"Central","WARD_EN":"Ward 15 - Kitchissippi","COUNCILLOR":"Jeff Leiper","CENSUS_TRC":"5050045.02"}},{"type":"Feature","id":142,"geometry":{"type":"Point","coordinates":[-75.6648176684479,45.4386539022322]},"properties":{"OBJECTID":142,"ID":"142","REP_DATE":"Mon, 21 Oct 2019 05:00:00 GMT","REP_HOUR":2300,"REP_YEAR":2019,"OCC_DATE":"Mon, 21 Oct 2019 05:00:00 GMT","OCC_HOUR":300,"OCC_YEAR":2019,"TOD":"Night","WEEKDAY":"Monday","DOW":1,"NB_NAME_EN":"Vanier North","SECTOR":"25","DIVISION":"Central","WARD_EN":"Ward 12 - Rideau-Vanier","COUNCILLOR":"Stéphanie Plante","CENSUS_TRC":"5050104.00"}},{"type":"Feature","id":143,"geometry":{"type":"Point","coordinates":[-75.479648104257,45.4527210835023]},"properties":{"OBJECTID":143,"ID":"143","REP_DATE":"Sat, 26 Oct 2019 05:00:00 GMT","REP_HOUR":500,"REP_YEAR":2019,"OCC_DATE":"Sat, 26 Oct 2019 05:00:00 GMT","OCC_HOUR":500,"OCC_YEAR":2019,"TOD":"Night","WEEKDAY":"Saturday","DOW":6,"NB_NAME_EN":"Orléans Avalon - Notting Gate - Fallingbrook - Gardenway South","SECTOR":"31","DIVISION":"East","WARD_EN":"Ward 19 - Orléans South-Navan","COUNCILLOR":"Catherine Kitts","CENSUS_TRC":"5050171.15"}},{"type":"Feature","id":144,"geometry":{"type":"Point","coordinates":[-75.7867571824977,45.3439833212558]},"properties":{"OBJECTID":144,"ID":"144","REP_DATE":"Mon, 11 Nov 2019 05:00:00 GMT","REP_HOUR":1100,"REP_YEAR":2019,"OCC_DATE":"Mon, 11 Nov 2019 05:00:00 GMT","OCC_HOUR":1100,"OCC_YEAR":2019,"TOD":"Morning","WEEKDAY":"Monday","DOW":1,"NB_NAME_EN":"Iris","SECTOR":"15","DIVISION":"West","WARD_EN":"Ward 8 - College","COUNCILLOR":"Laine Johnson","CENSUS_TRC":"5050026.00"}},{"type":"Feature","id":145,"geometry":{"type":"Point","coordinates":[-75.7385237773794,45.3489982882316]},"properties":{"OBJECTID":145,"ID":"145","REP_DATE":"Fri, 15 Nov 2019 05:00:00 GMT","REP_HOUR":0,"REP_YEAR":2019,"OCC_DATE":"Wed, 13 Nov 2019 05:00:00 GMT","OCC_HOUR":400,"OCC_YEAR":2019,"TOD":"Night","WEEKDAY":"Wednesday","DOW":3,"NB_NAME_EN":"Crestview - Meadowlands","SECTOR":"17","DIVISION":"West","WARD_EN":"Ward 8 - College","COUNCILLOR":"Laine Johnson","CENSUS_TRC":"5050134.00"}},{"type":"Feature","id":146,"geometry":{"type":"Point","coordinates":[-75.7350113356175,45.3534762766834]},"properties":{"OBJECTID":146,"ID":"146","REP_DATE":"Wed, 20 Nov 2019 05:00:00 GMT","REP_HOUR":800,"REP_YEAR":2019,"OCC_DATE":"Wed, 20 Nov 2019 05:00:00 GMT","OCC_HOUR":600,"OCC_YEAR":2019,"TOD":"Morning","WEEKDAY":"Wednesday","DOW":3,"NB_NAME_EN":"Cityview - Skyline - Fisher Heights","SECTOR":"17","DIVISION":"West","WARD_EN":"Ward 9 - Knoxdale-Merivale","COUNCILLOR":"Sean Devine","CENSUS_TRC":"5050132.00"}},{"type":"Feature","id":147,"geometry":{"type":"Point","coordinates":[-75.6168368902772,45.368447159268]},"properties":{"OBJECTID":147,"ID":"147","REP_DATE":"Wed, 27 Nov 2019 05:00:00 GMT","REP_HOUR":1600,"REP_YEAR":2019,"OCC_DATE":"Wed, 27 Nov 2019 05:00:00 GMT","OCC_HOUR":1600,"OCC_YEAR":2019,"TOD":"Afternoon","WEEKDAY":"Wednesday","DOW":3,"NB_NAME_EN":"Hunt Club Park","SECTOR":"33","DIVISION":"East","WARD_EN":"Ward 10 - Gloucester-Southgate","COUNCILLOR":"Jessica Bradley","CENSUS_TRC":"5050001.07"}},{"type":"Feature","id":148,"geometry":{"type":"Point","coordinates":[-75.7032133468943,45.3674733337235]},"properties":{"OBJECTID":148,"ID":"148","REP_DATE":"Sat, 07 Dec 2019 05:00:00 GMT","REP_HOUR":1900,"REP_YEAR":2019,"OCC_DATE":"Sat, 07 Dec 2019 05:00:00 GMT","OCC_HOUR":1900,"OCC_YEAR":2019,"TOD":"Evening","WEEKDAY":"Saturday","DOW":6,"NB_NAME_EN":"Carleton Heights - Rideauview","SECTOR":"17","DIVISION":"West","WARD_EN":"Ward 16 - River","COUNCILLOR":"Riley Brockington","CENSUS_TRC":"5050020.01"}},{"type":"Feature","id":149,"geometry":{"type":"Point","coordinates":[-75.6845757074158,45.4326506218561]},"properties":{"OBJECTID":149,"ID":"149","REP_DATE":"Fri, 27 Dec 2019 05:00:00 GMT","REP_HOUR":700,"REP_YEAR":2019,"OCC_DATE":"Fri, 27 Dec 2019 05:00:00 GMT","OCC_HOUR":400,"OCC_YEAR":2019,"TOD":"Night","WEEKDAY":"Friday","DOW":5,"NB_NAME_EN":"Lowertown","SECTOR":"24","DIVISION":"Central","WARD_EN":"Ward 12 - Rideau-Vanier","COUNCILLOR":"Stéphanie Plante","CENSUS_TRC":"5050056.00"}},{"type":"Feature","id":150,"geometry":{"type":"Point","coordinates":[-75.7032133468943,45.3674733337235]},"properties":{"OBJECTID":150,"ID":"150","REP_DATE":"Sat, 28 Dec 2019 05:00:00 GMT","REP_HOUR":500,"REP_YEAR":2019,"OCC_DATE":"Sat, 28 Dec 2019 05:00:00 GMT","OCC_HOUR":500,"OCC_YEAR":2019,"TOD":"Night","WEEKDAY":"Saturday","DOW":6,"NB_NAME_EN":"Carleton Heights - Rideauview","SECTOR":"17","DIVISION":"West","WARD_EN":"Ward 16 - River","COUNCILLOR":"Riley Brockington","CENSUS_TRC":"5050020.01"}},{"type":"Feature","id":151,"geometry":{"type":"Point","coordinates":[-75.6949350079386,45.4168774968514]},"properties":{"OBJECTID":151,"ID":"151","REP_DATE":"Tue, 31 Dec 2019 05:00:00 GMT","REP_HOUR":2000,"REP_YEAR":2019,"OCC_DATE":"Tue, 31 Dec 2019 05:00:00 GMT","OCC_HOUR":2000,"OCC_YEAR":2019,"TOD":"Evening","WEEKDAY":"Tuesday","DOW":2,"NB_NAME_EN":"Centretown","SECTOR":"23","DIVISION":"Central","WARD_EN":"Ward 14 - Somerset","COUNCILLOR":"Ariel Troster","CENSUS_TRC":"5050038.00"}},{"type":"Feature","id":152,"geometry":{"type":"Point","coordinates":[-75.7113586711583,45.2648350267932]},"properties":{"OBJECTID":152,"ID":"152","REP_DATE":"Wed, 01 Jan 2020 05:00:00 GMT","REP_HOUR":800,"REP_YEAR":2020,"OCC_DATE":"Wed, 01 Jan 2020 05:00:00 GMT","OCC_HOUR":400,"OCC_YEAR":2020,"TOD":"Night","WEEKDAY":"Wednesday","DOW":3,"NB_NAME_EN":"Chapman Mills - Rideau Crest - Davidson Heights","SECTOR":"16","DIVISION":"West","WARD_EN":"Ward 24 - Barrhaven East","COUNCILLOR":"Wilson Lo","CENSUS_TRC":"5050141.13"}},{"type":"Feature","id":153,"geometry":{"type":"Point","coordinates":[-75.7057503333597,45.4114599786413]},"properties":{"OBJECTID":153,"ID":"153","REP_DATE":"Thu, 02 Jan 2020 05:00:00 GMT","REP_HOUR":0,"REP_YEAR":2020,"OCC_DATE":"Wed, 01 Jan 2020 05:00:00 GMT","OCC_HOUR":2200,"OCC_YEAR":2020,"TOD":"Evening","WEEKDAY":"Wednesday","DOW":3,"NB_NAME_EN":"West Centertown","SECTOR":"22","DIVISION":"Central","WARD_EN":"Ward 14 - Somerset","COUNCILLOR":"Ariel Troster","CENSUS_TRC":"5050041.00"}},{"type":"Feature","id":154,"geometry":{"type":"Point","coordinates":[-75.6974336109608,45.4131813435644]},"properties":{"OBJECTID":154,"ID":"154","REP_DATE":"Wed, 08 Jan 2020 05:00:00 GMT","REP_HOUR":700,"REP_YEAR":2020,"OCC_DATE":"Wed, 08 Jan 2020 05:00:00 GMT","OCC_HOUR":700,"OCC_YEAR":2020,"TOD":"Morning","WEEKDAY":"Wednesday","DOW":3,"NB_NAME_EN":"Centretown","SECTOR":"23","DIVISION":"Central","WARD_EN":"Ward 14 - Somerset","COUNCILLOR":"Ariel Troster","CENSUS_TRC":"5050040.00"}},{"type":"Feature","id":155,"geometry":{"type":"Point","coordinates":[-75.8312864584333,45.3134078175788]},"properties":{"OBJECTID":155,"ID":"155","REP_DATE":"Sat, 08 Feb 2020 05:00:00 GMT","REP_HOUR":2200,"REP_YEAR":2020,"OCC_DATE":"Sat, 08 Feb 2020 05:00:00 GMT","OCC_HOUR":2100,"OCC_YEAR":2020,"TOD":"Evening","WEEKDAY":"Saturday","DOW":6,"NB_NAME_EN":"Bells Corners West","SECTOR":"15","DIVISION":"West","WARD_EN":"Ward 8 - College","COUNCILLOR":"Laine Johnson","CENSUS_TRC":"5050136.02"}},{"type":"Feature","id":156,"geometry":{"type":"Point","coordinates":[-75.841901993315,45.3185448084406]},"properties":{"OBJECTID":156,"ID":"156","REP_DATE":"Sun, 15 Mar 2020 05:00:00 GMT","REP_HOUR":1300,"REP_YEAR":2020,"OCC_DATE":"Sun, 15 Mar 2020 05:00:00 GMT","OCC_HOUR":1300,"OCC_YEAR":2020,"TOD":"Afternoon","WEEKDAY":"Sunday","DOW":7,"NB_NAME_EN":"Bells Corners West","SECTOR":"15","DIVISION":"West","WARD_EN":"Ward 8 - College","COUNCILLOR":"Laine Johnson","CENSUS_TRC":"5050136.02"}},{"type":"Feature","id":157,"geometry":{"type":"Point","coordinates":[-75.7078705513788,45.367949926568]},"properties":{"OBJECTID":157,"ID":"157","REP_DATE":"Wed, 25 Mar 2020 05:00:00 GMT","REP_HOUR":1500,"REP_YEAR":2020,"OCC_DATE":"Wed, 25 Mar 2020 05:00:00 GMT","OCC_HOUR":1100,"OCC_YEAR":2020,"TOD":"Morning","WEEKDAY":"Wednesday","DOW":3,"NB_NAME_EN":"Carleton Heights - Rideauview","SECTOR":"17","DIVISION":"West","WARD_EN":"Ward 16 - River","COUNCILLOR":"Riley Brockington","CENSUS_TRC":"5050020.01"}},{"type":"Feature","id":158,"geometry":{"type":"Point","coordinates":[-75.7022016849739,45.4053292057664]},"properties":{"OBJECTID":158,"ID":"158","REP_DATE":"Thu, 26 Mar 2020 05:00:00 GMT","REP_HOUR":2100,"REP_YEAR":2020,"OCC_DATE":"Thu, 26 Mar 2020 05:00:00 GMT","OCC_HOUR":2100,"OCC_YEAR":2020,"TOD":"Evening","WEEKDAY":"Thursday","DOW":4,"NB_NAME_EN":"Centretown","SECTOR":"23","DIVISION":"Central","WARD_EN":"Ward 14 - Somerset","COUNCILLOR":"Ariel Troster","CENSUS_TRC":"5050039.00"}},{"type":"Feature","id":159,"geometry":{"type":"Point","coordinates":[-75.6958269808358,45.3889010747059]},"properties":{"OBJECTID":159,"ID":"159","REP_DATE":"Wed, 01 Apr 2020 05:00:00 GMT","REP_HOUR":1400,"REP_YEAR":2020,"OCC_DATE":"Wed, 01 Apr 2020 05:00:00 GMT","OCC_HOUR":1400,"OCC_YEAR":2020,"TOD":"Afternoon","WEEKDAY":"Wednesday","DOW":3,"NB_NAME_EN":"Ottawa South","SECTOR":"22","DIVISION":"Central","WARD_EN":"Ward 17 - Capital","COUNCILLOR":"Shawn Menard","CENSUS_TRC":"5050020.01"}},{"type":"Feature","id":160,"geometry":{"type":"Point","coordinates":[-75.8064648773615,45.3514997317689]},"properties":{"OBJECTID":160,"ID":"160","REP_DATE":"Wed, 15 Apr 2020 05:00:00 GMT","REP_HOUR":2300,"REP_YEAR":2020,"OCC_DATE":"Wed, 15 Apr 2020 05:00:00 GMT","OCC_HOUR":2300,"OCC_YEAR":2020,"TOD":"Evening","WEEKDAY":"Wednesday","DOW":3,"NB_NAME_EN":"Bayshore","SECTOR":"14","DIVISION":"West","WARD_EN":"Ward 7 - Bay","COUNCILLOR":"Theresa Kavanagh","CENSUS_TRC":"5050138.00"}},{"type":"Feature","id":161,"geometry":{"type":"Point","coordinates":[-75.634014711709,45.4268342171997]},"properties":{"OBJECTID":161,"ID":"161","REP_DATE":"Fri, 01 May 2020 05:00:00 GMT","REP_HOUR":2200,"REP_YEAR":2020,"OCC_DATE":"Fri, 01 May 2020 05:00:00 GMT","OCC_HOUR":2200,"OCC_YEAR":2020,"TOD":"Evening","WEEKDAY":"Friday","DOW":5,"NB_NAME_EN":"Cummings","SECTOR":"32","DIVISION":"East","WARD_EN":"Ward 11 - Beacon Hill-Cyrville","COUNCILLOR":"Tim Tierney","CENSUS_TRC":"5050122.01"}},{"type":"Feature","id":162,"geometry":{"type":"Point","coordinates":[-75.8279383220055,45.3157344047542]},"properties":{"OBJECTID":162,"ID":"162","REP_DATE":"Sat, 09 May 2020 05:00:00 GMT","REP_HOUR":2000,"REP_YEAR":2020,"OCC_DATE":"Sat, 09 May 2020 05:00:00 GMT","OCC_HOUR":2000,"OCC_YEAR":2020,"TOD":"Evening","WEEKDAY":"Saturday","DOW":6,"NB_NAME_EN":"Bells Corners East","SECTOR":"15","DIVISION":"West","WARD_EN":"Ward 8 - College","COUNCILLOR":"Laine Johnson","CENSUS_TRC":"5050136.01"}},{"type":"Feature","id":163,"geometry":{"type":"Point","coordinates":[-75.9819242099559,45.2026224386328]},"properties":{"OBJECTID":163,"ID":"163","REP_DATE":"Sat, 09 May 2020 05:00:00 GMT","REP_HOUR":0,"REP_YEAR":2020,"OCC_DATE":"Sat, 09 May 2020 05:00:00 GMT","OCC_HOUR":0,"OCC_YEAR":2020,"TOD":"Night","WEEKDAY":"Saturday","DOW":6,"NB_NAME_EN":"Munster","SECTOR":"12","DIVISION":"West","WARD_EN":"Ward 21 - Rideau-Jock","COUNCILLOR":"David Brown","CENSUS_TRC":"5050151.09"}},{"type":"Feature","id":164,"geometry":{"type":"Point","coordinates":[-75.8375779952368,45.3163600991171]},"properties":{"OBJECTID":164,"ID":"164","REP_DATE":"Sun, 17 May 2020 05:00:00 GMT","REP_HOUR":2000,"REP_YEAR":2020,"OCC_DATE":"Sun, 17 May 2020 05:00:00 GMT","OCC_HOUR":2000,"OCC_YEAR":2020,"TOD":"Evening","WEEKDAY":"Sunday","DOW":7,"NB_NAME_EN":"Bells Corners West","SECTOR":"15","DIVISION":"West","WARD_EN":"Ward 8 - College","COUNCILLOR":"Laine Johnson","CENSUS_TRC":"5050136.02"}},{"type":"Feature","id":165,"geometry":{"type":"Point","coordinates":[-75.6552644924209,45.4278482554331]},"properties":{"OBJECTID":165,"ID":"165","REP_DATE":"Mon, 01 Jun 2020 05:00:00 GMT","REP_HOUR":1700,"REP_YEAR":2020,"OCC_DATE":"Mon, 01 Jun 2020 05:00:00 GMT","OCC_HOUR":1700,"OCC_YEAR":2020,"TOD":"Afternoon","WEEKDAY":"Monday","DOW":1,"NB_NAME_EN":"Overbrook - McArthur","SECTOR":"25","DIVISION":"Central","WARD_EN":"Ward 13 - Rideau-Rockcliffe","COUNCILLOR":"Rawlson King","CENSUS_TRC":"5050013.00"}},{"type":"Feature","id":166,"geometry":{"type":"Point","coordinates":[-75.774656593563,45.3530708712472]},"properties":{"OBJECTID":166,"ID":"166","REP_DATE":"Mon, 01 Jun 2020 05:00:00 GMT","REP_HOUR":1800,"REP_YEAR":2020,"OCC_DATE":"Mon, 01 Jun 2020 05:00:00 GMT","OCC_HOUR":1800,"OCC_YEAR":2020,"TOD":"Evening","WEEKDAY":"Monday","DOW":1,"NB_NAME_EN":"Iris","SECTOR":"15","DIVISION":"West","WARD_EN":"Ward 8 - College","COUNCILLOR":"Laine Johnson","CENSUS_TRC":"5050026.00"}},{"type":"Feature","id":167,"geometry":{"type":"Point","coordinates":[-75.7708318536248,45.3491842218241]},"properties":{"OBJECTID":167,"ID":"167","REP_DATE":"Mon, 01 Jun 2020 05:00:00 GMT","REP_HOUR":600,"REP_YEAR":2020,"OCC_DATE":"Mon, 01 Jun 2020 05:00:00 GMT","OCC_HOUR":600,"OCC_YEAR":2020,"TOD":"Morning","WEEKDAY":"Monday","DOW":1,"NB_NAME_EN":"Iris","SECTOR":"15","DIVISION":"West","WARD_EN":"Ward 8 - College","COUNCILLOR":"Laine Johnson","CENSUS_TRC":"5050026.00"}},{"type":"Feature","id":168,"geometry":{"type":"Point","coordinates":[-75.7906805446161,45.3438667557558]},"properties":{"OBJECTID":168,"ID":"168","REP_DATE":"Mon, 01 Jun 2020 05:00:00 GMT","REP_HOUR":1300,"REP_YEAR":2020,"OCC_DATE":"Mon, 01 Jun 2020 05:00:00 GMT","OCC_HOUR":500,"OCC_YEAR":2020,"TOD":"Night","WEEKDAY":"Monday","DOW":1,"NB_NAME_EN":"Qualicum - Redwood Park","SECTOR":"15","DIVISION":"West","WARD_EN":"Ward 8 - College","COUNCILLOR":"Laine Johnson","CENSUS_TRC":"5050027.00"}},{"type":"Feature","id":169,"geometry":{"type":"Point","coordinates":[-75.7928361206536,45.3459948315235]},"properties":{"OBJECTID":169,"ID":"169","REP_DATE":"Sat, 06 Jun 2020 05:00:00 GMT","REP_HOUR":1400,"REP_YEAR":2020,"OCC_DATE":"Fri, 05 Jun 2020 05:00:00 GMT","OCC_HOUR":2300,"OCC_YEAR":2020,"TOD":"Evening","WEEKDAY":"Friday","DOW":5,"NB_NAME_EN":"Qualicum - Redwood Park","SECTOR":"15","DIVISION":"West","WARD_EN":"Ward 8 - College","COUNCILLOR":"Laine Johnson","CENSUS_TRC":"5050027.00"}},{"type":"Feature","id":170,"geometry":{"type":"Point","coordinates":[-75.6368216765107,45.4338384118461]},"properties":{"OBJECTID":170,"ID":"170","REP_DATE":"Wed, 10 Jun 2020 05:00:00 GMT","REP_HOUR":800,"REP_YEAR":2020,"OCC_DATE":"Tue, 09 Jun 2020 05:00:00 GMT","OCC_HOUR":2000,"OCC_YEAR":2020,"TOD":"Evening","WEEKDAY":"Tuesday","DOW":2,"NB_NAME_EN":"Cummings","SECTOR":"32","DIVISION":"East","WARD_EN":"Ward 13 - Rideau-Rockcliffe","COUNCILLOR":"Rawlson King","CENSUS_TRC":"5050061.00"}},{"type":"Feature","id":171,"geometry":{"type":"Point","coordinates":[-75.6917634326822,45.4296151878001]},"properties":{"OBJECTID":171,"ID":"171","REP_DATE":"Fri, 19 Jun 2020 05:00:00 GMT","REP_HOUR":100,"REP_YEAR":2020,"OCC_DATE":"Fri, 19 Jun 2020 05:00:00 GMT","OCC_HOUR":100,"OCC_YEAR":2020,"TOD":"Night","WEEKDAY":"Friday","DOW":5,"NB_NAME_EN":"Byward Market","SECTOR":"24","DIVISION":"Central","WARD_EN":"Ward 12 - Rideau-Vanier","COUNCILLOR":"Stéphanie Plante","CENSUS_TRC":"5050054.00"}},{"type":"Feature","id":172,"geometry":{"type":"Point","coordinates":[-75.7927455530067,45.3481092894553]},"properties":{"OBJECTID":172,"ID":"172","REP_DATE":"Mon, 29 Jun 2020 05:00:00 GMT","REP_HOUR":2100,"REP_YEAR":2020,"OCC_DATE":"Mon, 29 Jun 2020 05:00:00 GMT","OCC_HOUR":2100,"OCC_YEAR":2020,"TOD":"Evening","WEEKDAY":"Monday","DOW":1,"NB_NAME_EN":"Whitehaven - Queensway Terrace North","SECTOR":"14","DIVISION":"West","WARD_EN":"Ward 7 - Bay","COUNCILLOR":"Theresa Kavanagh","CENSUS_TRC":"5050028.00"}},{"type":"Feature","id":173,"geometry":{"type":"Point","coordinates":[-75.8037680030103,45.3557266574482]},"properties":{"OBJECTID":173,"ID":"173","REP_DATE":"Mon, 29 Jun 2020 05:00:00 GMT","REP_HOUR":2000,"REP_YEAR":2020,"OCC_DATE":"Mon, 29 Jun 2020 05:00:00 GMT","OCC_HOUR":2000,"OCC_YEAR":2020,"TOD":"Evening","WEEKDAY":"Monday","DOW":1,"NB_NAME_EN":"Bayshore","SECTOR":"14","DIVISION":"West","WARD_EN":"Ward 7 - Bay","COUNCILLOR":"Theresa Kavanagh","CENSUS_TRC":"5050029.00"}},{"type":"Feature","id":174,"geometry":{"type":"Point","coordinates":[-75.8931551539345,45.1256121971611]},"properties":{"OBJECTID":174,"ID":"174","REP_DATE":"Mon, 13 Jul 2020 05:00:00 GMT","REP_HOUR":2100,"REP_YEAR":2020,"OCC_DATE":"Mon, 13 Jul 2020 05:00:00 GMT","OCC_HOUR":2100,"OCC_YEAR":2020,"TOD":"Evening","WEEKDAY":"Monday","DOW":1,"NB_NAME_EN":"Munster","SECTOR":"12","DIVISION":"West","WARD_EN":"Ward 21 - Rideau-Jock","COUNCILLOR":"David Brown","CENSUS_TRC":"5050151.09"}},{"type":"Feature","id":175,"geometry":{"type":"Point","coordinates":[-75.7080528610487,45.3426625847329]},"properties":{"OBJECTID":175,"ID":"175","REP_DATE":"Tue, 14 Jul 2020 05:00:00 GMT","REP_HOUR":900,"REP_YEAR":2020,"OCC_DATE":"Mon, 13 Jul 2020 05:00:00 GMT","OCC_HOUR":1700,"OCC_YEAR":2020,"TOD":"Afternoon","WEEKDAY":"Monday","DOW":1,"NB_NAME_EN":"Hunt Club South Industrial","SECTOR":"17","DIVISION":"West","WARD_EN":"Ward 9 - Knoxdale-Merivale","COUNCILLOR":"Sean Devine","CENSUS_TRC":"5050130.01"}},{"type":"Feature","id":176,"geometry":{"type":"Point","coordinates":[-75.8798204476793,45.2906986540235]},"properties":{"OBJECTID":176,"ID":"176","REP_DATE":"Thu, 23 Jul 2020 05:00:00 GMT","REP_HOUR":2300,"REP_YEAR":2020,"OCC_DATE":"Thu, 23 Jul 2020 05:00:00 GMT","OCC_HOUR":2300,"OCC_YEAR":2020,"TOD":"Evening","WEEKDAY":"Thursday","DOW":4,"NB_NAME_EN":"Glen Cairn - Kanata South Business Park","SECTOR":"13","DIVISION":"West","WARD_EN":"Ward 23 - Kanata South","COUNCILLOR":"Allan Hubley","CENSUS_TRC":"5050162.03"}},{"type":"Feature","id":177,"geometry":{"type":"Point","coordinates":[-75.8011159649253,45.3577658647037]},"properties":{"OBJECTID":177,"ID":"177","REP_DATE":"Sat, 25 Jul 2020 05:00:00 GMT","REP_HOUR":2300,"REP_YEAR":2020,"OCC_DATE":"Sat, 25 Jul 2020 05:00:00 GMT","OCC_HOUR":2300,"OCC_YEAR":2020,"TOD":"Evening","WEEKDAY":"Saturday","DOW":6,"NB_NAME_EN":"Britannia Village","SECTOR":"14","DIVISION":"West","WARD_EN":"Ward 7 - Bay","COUNCILLOR":"Theresa Kavanagh","CENSUS_TRC":"5050029.00"}},{"type":"Feature","id":178,"geometry":{"type":"Point","coordinates":[-75.6315007968687,45.4435614295323]},"properties":{"OBJECTID":178,"ID":"178","REP_DATE":"Mon, 27 Jul 2020 05:00:00 GMT","REP_HOUR":1700,"REP_YEAR":2020,"OCC_DATE":"Mon, 27 Jul 2020 05:00:00 GMT","OCC_HOUR":1600,"OCC_YEAR":2020,"TOD":"Afternoon","WEEKDAY":"Monday","DOW":1,"NB_NAME_EN":"Carson Grove - Carson Meadows","SECTOR":"32","DIVISION":"East","WARD_EN":"Ward 13 - Rideau-Rockcliffe","COUNCILLOR":"Rawlson King","CENSUS_TRC":"5050062.01"}},{"type":"Feature","id":179,"geometry":{"type":"Point","coordinates":[-75.7286826373099,45.377210205493]},"properties":{"OBJECTID":179,"ID":"179","REP_DATE":"Mon, 27 Jul 2020 05:00:00 GMT","REP_HOUR":0,"REP_YEAR":2020,"OCC_DATE":"Mon, 27 Jul 2020 05:00:00 GMT","OCC_HOUR":0,"OCC_YEAR":2020,"TOD":"Night","WEEKDAY":"Monday","DOW":1,"NB_NAME_EN":"Carlington","SECTOR":"21","DIVISION":"Central","WARD_EN":"Ward 16 - River","COUNCILLOR":"Riley Brockington","CENSUS_TRC":"5050021.00"}},{"type":"Feature","id":180,"geometry":{"type":"Point","coordinates":[-75.8073901823088,45.3527263178329]},"properties":{"OBJECTID":180,"ID":"180","REP_DATE":"Mon, 27 Jul 2020 05:00:00 GMT","REP_HOUR":0,"REP_YEAR":2020,"OCC_DATE":"Mon, 27 Jul 2020 05:00:00 GMT","OCC_HOUR":0,"OCC_YEAR":2020,"TOD":"Night","WEEKDAY":"Monday","DOW":1,"NB_NAME_EN":"Bayshore","SECTOR":"14","DIVISION":"West","WARD_EN":"Ward 7 - Bay","COUNCILLOR":"Theresa Kavanagh","CENSUS_TRC":"5050138.00"}},{"type":"Feature","id":181,"geometry":{"type":"Point","coordinates":[-75.7938266760774,45.3566984055589]},"properties":{"OBJECTID":181,"ID":"181","REP_DATE":"Tue, 28 Jul 2020 05:00:00 GMT","REP_HOUR":400,"REP_YEAR":2020,"OCC_DATE":"Tue, 28 Jul 2020 05:00:00 GMT","OCC_HOUR":400,"OCC_YEAR":2020,"TOD":"Night","WEEKDAY":"Tuesday","DOW":2,"NB_NAME_EN":"Whitehaven - Queensway Terrace North","SECTOR":"14","DIVISION":"West","WARD_EN":"Ward 7 - Bay","COUNCILLOR":"Theresa Kavanagh","CENSUS_TRC":"5050028.00"}},{"type":"Feature","id":182,"geometry":{"type":"Point","coordinates":[-75.8639695660318,45.2790653521946]},"properties":{"OBJECTID":182,"ID":"182","REP_DATE":"Wed, 29 Jul 2020 05:00:00 GMT","REP_HOUR":2000,"REP_YEAR":2020,"OCC_DATE":"Wed, 29 Jul 2020 05:00:00 GMT","OCC_HOUR":2000,"OCC_YEAR":2020,"TOD":"Evening","WEEKDAY":"Wednesday","DOW":3,"NB_NAME_EN":"Bridlewood - Emerald Meadows","SECTOR":"13","DIVISION":"West","WARD_EN":"Ward 23 - Kanata South","COUNCILLOR":"Allan Hubley","CENSUS_TRC":"5050151.08"}},{"type":"Feature","id":183,"geometry":{"type":"Point","coordinates":[-75.8011159649253,45.3577658647037]},"properties":{"OBJECTID":183,"ID":"183","REP_DATE":"Wed, 29 Jul 2020 05:00:00 GMT","REP_HOUR":100,"REP_YEAR":2020,"OCC_DATE":"Wed, 29 Jul 2020 05:00:00 GMT","OCC_HOUR":100,"OCC_YEAR":2020,"TOD":"Night","WEEKDAY":"Wednesday","DOW":3,"NB_NAME_EN":"Britannia Village","SECTOR":"14","DIVISION":"West","WARD_EN":"Ward 7 - Bay","COUNCILLOR":"Theresa Kavanagh","CENSUS_TRC":"5050029.00"}},{"type":"Feature","id":184,"geometry":{"type":"Point","coordinates":[-75.8011125070345,45.3547475812034]},"properties":{"OBJECTID":184,"ID":"184","REP_DATE":"Wed, 05 Aug 2020 05:00:00 GMT","REP_HOUR":700,"REP_YEAR":2020,"OCC_DATE":"Wed, 05 Aug 2020 05:00:00 GMT","OCC_HOUR":700,"OCC_YEAR":2020,"TOD":"Morning","WEEKDAY":"Wednesday","DOW":3,"NB_NAME_EN":"Whitehaven - Queensway Terrace North","SECTOR":"14","DIVISION":"West","WARD_EN":"Ward 7 - Bay","COUNCILLOR":"Theresa Kavanagh","CENSUS_TRC":"5050029.00"}},{"type":"Feature","id":185,"geometry":{"type":"Point","coordinates":[-75.6747527333208,45.386836851679]},"properties":{"OBJECTID":185,"ID":"185","REP_DATE":"Thu, 20 Aug 2020 05:00:00 GMT","REP_HOUR":200,"REP_YEAR":2020,"OCC_DATE":"Thu, 20 Aug 2020 05:00:00 GMT","OCC_HOUR":200,"OCC_YEAR":2020,"TOD":"Night","WEEKDAY":"Thursday","DOW":4,"NB_NAME_EN":"Billings Bridge - Alta Vista","SECTOR":"34","DIVISION":"East","WARD_EN":"Ward 18 - Alta Vista","COUNCILLOR":"Marty Carr","CENSUS_TRC":"5050005.00"}},{"type":"Feature","id":186,"geometry":{"type":"Point","coordinates":[-75.7961689031876,45.3561165041322]},"properties":{"OBJECTID":186,"ID":"186","REP_DATE":"Fri, 21 Aug 2020 05:00:00 GMT","REP_HOUR":100,"REP_YEAR":2020,"OCC_DATE":"Fri, 21 Aug 2020 05:00:00 GMT","OCC_HOUR":0,"OCC_YEAR":2020,"TOD":"Night","WEEKDAY":"Friday","DOW":5,"NB_NAME_EN":"Whitehaven - Queensway Terrace North","SECTOR":"14","DIVISION":"West","WARD_EN":"Ward 7 - Bay","COUNCILLOR":"Theresa Kavanagh","CENSUS_TRC":"5050029.00"}},{"type":"Feature","id":187,"geometry":{"type":"Point","coordinates":[-75.6987612185064,45.3757831315909]},"properties":{"OBJECTID":187,"ID":"187","REP_DATE":"Sat, 22 Aug 2020 05:00:00 GMT","REP_HOUR":2000,"REP_YEAR":2020,"OCC_DATE":"Sat, 22 Aug 2020 05:00:00 GMT","OCC_HOUR":2000,"OCC_YEAR":2020,"TOD":"Evening","WEEKDAY":"Saturday","DOW":6,"NB_NAME_EN":"Riverside Park","SECTOR":"34","DIVISION":"East","WARD_EN":"Ward 16 - River","COUNCILLOR":"Riley Brockington","CENSUS_TRC":"5050003.00"}},{"type":"Feature","id":188,"geometry":{"type":"Point","coordinates":[-75.7705224038318,45.326678095845]},"properties":{"OBJECTID":188,"ID":"188","REP_DATE":"Sun, 23 Aug 2020 05:00:00 GMT","REP_HOUR":1700,"REP_YEAR":2020,"OCC_DATE":"Sun, 23 Aug 2020 05:00:00 GMT","OCC_HOUR":1700,"OCC_YEAR":2020,"TOD":"Afternoon","WEEKDAY":"Sunday","DOW":7,"NB_NAME_EN":"Woodvale - Craig Henry - Manordale - Estates of Arlington Woods","SECTOR":"15","DIVISION":"West","WARD_EN":"Ward 9 - Knoxdale-Merivale","COUNCILLOR":"Sean Devine","CENSUS_TRC":"5050135.03"}},{"type":"Feature","id":189,"geometry":{"type":"Point","coordinates":[-75.6909730206393,45.3730888661935]},"properties":{"OBJECTID":189,"ID":"189","REP_DATE":"Fri, 18 Sep 2020 05:00:00 GMT","REP_HOUR":1500,"REP_YEAR":2020,"OCC_DATE":"Mon, 14 Sep 2020 05:00:00 GMT","OCC_HOUR":1400,"OCC_YEAR":2020,"TOD":"Afternoon","WEEKDAY":"Monday","DOW":1,"NB_NAME_EN":"Riverside Park","SECTOR":"34","DIVISION":"East","WARD_EN":"Ward 16 - River","COUNCILLOR":"Riley Brockington","CENSUS_TRC":"5050003.00"}},{"type":"Feature","id":190,"geometry":{"type":"Point","coordinates":[-75.5157212010314,45.4676922925686]},"properties":{"OBJECTID":190,"ID":"190","REP_DATE":"Fri, 18 Sep 2020 05:00:00 GMT","REP_HOUR":1000,"REP_YEAR":2020,"OCC_DATE":"Fri, 18 Sep 2020 05:00:00 GMT","OCC_HOUR":1000,"OCC_YEAR":2020,"TOD":"Morning","WEEKDAY":"Friday","DOW":5,"NB_NAME_EN":"Orléans Village - Chateauneuf","SECTOR":"31","DIVISION":"East","WARD_EN":"Ward 2 - Orléans West-Innes","COUNCILLOR":"Laura Dudas","CENSUS_TRC":"5050125.05"}},{"type":"Feature","id":191,"geometry":{"type":"Point","coordinates":[-75.6737937924619,45.4121551824117]},"properties":{"OBJECTID":191,"ID":"191","REP_DATE":"Mon, 28 Sep 2020 05:00:00 GMT","REP_HOUR":2300,"REP_YEAR":2020,"OCC_DATE":"Mon, 28 Sep 2020 05:00:00 GMT","OCC_HOUR":2300,"OCC_YEAR":2020,"TOD":"Evening","WEEKDAY":"Monday","DOW":1,"NB_NAME_EN":"Ottawa East","SECTOR":"22","DIVISION":"Central","WARD_EN":"Ward 17 - Capital","COUNCILLOR":"Shawn Menard","CENSUS_TRC":"5050015.00"}},{"type":"Feature","id":192,"geometry":{"type":"Point","coordinates":[-75.6493795058912,45.428272504526]},"properties":{"OBJECTID":192,"ID":"192","REP_DATE":"Sun, 18 Oct 2020 05:00:00 GMT","REP_HOUR":2200,"REP_YEAR":2020,"OCC_DATE":"Sun, 18 Oct 2020 05:00:00 GMT","OCC_HOUR":2200,"OCC_YEAR":2020,"TOD":"Evening","WEEKDAY":"Sunday","DOW":7,"NB_NAME_EN":"Overbrook - McArthur","SECTOR":"25","DIVISION":"Central","WARD_EN":"Ward 13 - Rideau-Rockcliffe","COUNCILLOR":"Rawlson King","CENSUS_TRC":"5050012.00"}},{"type":"Feature","id":193,"geometry":{"type":"Point","coordinates":[-75.6354654705965,45.4247215285014]},"properties":{"OBJECTID":193,"ID":"193","REP_DATE":"Tue, 24 Nov 2020 05:00:00 GMT","REP_HOUR":1300,"REP_YEAR":2020,"OCC_DATE":"Tue, 24 Nov 2020 05:00:00 GMT","OCC_HOUR":1300,"OCC_YEAR":2020,"TOD":"Afternoon","WEEKDAY":"Tuesday","DOW":2,"NB_NAME_EN":"Cummings","SECTOR":"32","DIVISION":"East","WARD_EN":"Ward 11 - Beacon Hill-Cyrville","COUNCILLOR":"Tim Tierney","CENSUS_TRC":"5050122.01"}},{"type":"Feature","id":194,"geometry":{"type":"Point","coordinates":[-75.6980610897522,45.4173358168986]},"properties":{"OBJECTID":194,"ID":"194","REP_DATE":"Sat, 05 Dec 2020 05:00:00 GMT","REP_HOUR":1200,"REP_YEAR":2020,"OCC_DATE":"Sat, 05 Dec 2020 05:00:00 GMT","OCC_HOUR":1200,"OCC_YEAR":2020,"TOD":"Afternoon","WEEKDAY":"Saturday","DOW":6,"NB_NAME_EN":"Centretown","SECTOR":"23","DIVISION":"Central","WARD_EN":"Ward 14 - Somerset","COUNCILLOR":"Ariel Troster","CENSUS_TRC":"5050038.00"}},{"type":"Feature","id":195,"geometry":{"type":"Point","coordinates":[-75.6359208551665,45.4292153029448]},"properties":{"OBJECTID":195,"ID":"195","REP_DATE":"Thu, 24 Dec 2020 05:00:00 GMT","REP_HOUR":1400,"REP_YEAR":2020,"OCC_DATE":"Thu, 24 Dec 2020 05:00:00 GMT","OCC_HOUR":1400,"OCC_YEAR":2020,"TOD":"Afternoon","WEEKDAY":"Thursday","DOW":4,"NB_NAME_EN":"Cummings","SECTOR":"32","DIVISION":"East","WARD_EN":"Ward 11 - Beacon Hill-Cyrville","COUNCILLOR":"Tim Tierney","CENSUS_TRC":"5050122.01"}},{"type":"Feature","id":196,"geometry":{"type":"Point","coordinates":[-76.0222634548685,45.2602925075697]},"properties":{"OBJECTID":196,"ID":"196","REP_DATE":"Tue, 29 Dec 2020 05:00:00 GMT","REP_HOUR":600,"REP_YEAR":2020,"OCC_DATE":"Tue, 29 Dec 2020 05:00:00 GMT","OCC_HOUR":600,"OCC_YEAR":2020,"TOD":"Morning","WEEKDAY":"Tuesday","DOW":2,"NB_NAME_EN":"Corkery","SECTOR":"11","DIVISION":"West","WARD_EN":"Ward 5 - West Carleton-March","COUNCILLOR":"Clarke Kelly","CENSUS_TRC":"5050300.02"}},{"type":"Feature","id":197,"geometry":{"type":"Point","coordinates":[-75.9314810339952,45.3529330799953]},"properties":{"OBJECTID":197,"ID":"197","REP_DATE":"Fri, 01 Jan 2021 05:00:00 GMT","REP_HOUR":400,"REP_YEAR":2021,"OCC_DATE":"Fri, 01 Jan 2021 05:00:00 GMT","OCC_HOUR":400,"OCC_YEAR":2021,"TOD":"Night","WEEKDAY":"Friday","DOW":5,"NB_NAME_EN":"Kanata Lakes - Marchwood Lakeside - Morgan's Grant - Kanata North Business Park","SECTOR":"13","DIVISION":"West","WARD_EN":"Ward 4 - Kanata North","COUNCILLOR":"Cathy Curry","CENSUS_TRC":"5050160.13"}},{"type":"Feature","id":198,"geometry":{"type":"Point","coordinates":[-75.7847454275674,45.3486996046153]},"properties":{"OBJECTID":198,"ID":"198","REP_DATE":"Tue, 05 Jan 2021 05:00:00 GMT","REP_HOUR":1900,"REP_YEAR":2021,"OCC_DATE":"Tue, 05 Jan 2021 05:00:00 GMT","OCC_HOUR":1900,"OCC_YEAR":2021,"TOD":"Evening","WEEKDAY":"Tuesday","DOW":2,"NB_NAME_EN":"Iris","SECTOR":"15","DIVISION":"West","WARD_EN":"Ward 8 - College","COUNCILLOR":"Laine Johnson","CENSUS_TRC":"5050026.00"}},{"type":"Feature","id":199,"geometry":{"type":"Point","coordinates":[-75.6845757074158,45.4326506218561]},"properties":{"OBJECTID":199,"ID":"199","REP_DATE":"Fri, 08 Jan 2021 05:00:00 GMT","REP_HOUR":2300,"REP_YEAR":2021,"OCC_DATE":"Fri, 08 Jan 2021 05:00:00 GMT","OCC_HOUR":2300,"OCC_YEAR":2021,"TOD":"Evening","WEEKDAY":"Friday","DOW":5,"NB_NAME_EN":"Lowertown","SECTOR":"24","DIVISION":"Central","WARD_EN":"Ward 12 - Rideau-Vanier","COUNCILLOR":"Stéphanie Plante","CENSUS_TRC":"5050056.00"}},{"type":"Feature","id":200,"geometry":{"type":"Point","coordinates":[-75.6346308396952,45.3629000084388]},"properties":{"OBJECTID":200,"ID":"200","REP_DATE":"Sat, 16 Jan 2021 05:00:00 GMT","REP_HOUR":300,"REP_YEAR":2021,"OCC_DATE":"Sat, 16 Jan 2021 05:00:00 GMT","OCC_HOUR":300,"OCC_YEAR":2021,"TOD":"Night","WEEKDAY":"Saturday","DOW":6,"NB_NAME_EN":"Greenboro East","SECTOR":"35","DIVISION":"East","WARD_EN":"Ward 10 - Gloucester-Southgate","COUNCILLOR":"Jessica Bradley","CENSUS_TRC":"5050001.06"}},{"type":"Feature","id":201,"geometry":{"type":"Point","coordinates":[-75.8808385362621,45.2706942425749]},"properties":{"OBJECTID":201,"ID":"201","REP_DATE":"Thu, 28 Jan 2021 05:00:00 GMT","REP_HOUR":1000,"REP_YEAR":2021,"OCC_DATE":"Thu, 28 Jan 2021 05:00:00 GMT","OCC_HOUR":200,"OCC_YEAR":2021,"TOD":"Night","WEEKDAY":"Thursday","DOW":4,"NB_NAME_EN":"Glen Cairn - Kanata South Business Park","SECTOR":"13","DIVISION":"West","WARD_EN":"Ward 6 - Stittsville","COUNCILLOR":"Glen Gower","CENSUS_TRC":"5050162.04"}},{"type":"Feature","id":202,"geometry":{"type":"Point","coordinates":[-75.5958942833028,45.2595766339574]},"properties":{"OBJECTID":202,"ID":"202","REP_DATE":"Tue, 09 Feb 2021 05:00:00 GMT","REP_HOUR":1900,"REP_YEAR":2021,"OCC_DATE":"Tue, 09 Feb 2021 05:00:00 GMT","OCC_HOUR":1900,"OCC_YEAR":2021,"TOD":"Evening","WEEKDAY":"Tuesday","DOW":2,"NB_NAME_EN":"Greely","SECTOR":"36","DIVISION":"East","WARD_EN":"Ward 20 - Osgoode","COUNCILLOR":"Isabelle Skalski","CENSUS_TRC":"5050190.02"}},{"type":"Feature","id":203,"geometry":{"type":"Point","coordinates":[-75.7417006195861,45.3868734701264]},"properties":{"OBJECTID":203,"ID":"203","REP_DATE":"Tue, 09 Feb 2021 05:00:00 GMT","REP_HOUR":0,"REP_YEAR":2021,"OCC_DATE":"Tue, 09 Feb 2021 05:00:00 GMT","OCC_HOUR":0,"OCC_YEAR":2021,"TOD":"Night","WEEKDAY":"Tuesday","DOW":2,"NB_NAME_EN":"Westboro","SECTOR":"21","DIVISION":"Central","WARD_EN":"Ward 15 - Kitchissippi","COUNCILLOR":"Jeff Leiper","CENSUS_TRC":"5050033.02"}},{"type":"Feature","id":204,"geometry":{"type":"Point","coordinates":[-75.6896937344855,45.4271132739952]},"properties":{"OBJECTID":204,"ID":"204","REP_DATE":"Thu, 11 Feb 2021 05:00:00 GMT","REP_HOUR":1600,"REP_YEAR":2021,"OCC_DATE":"Thu, 11 Feb 2021 05:00:00 GMT","OCC_HOUR":1600,"OCC_YEAR":2021,"TOD":"Afternoon","WEEKDAY":"Thursday","DOW":4,"NB_NAME_EN":"Byward Market","SECTOR":"24","DIVISION":"Central","WARD_EN":"Ward 12 - Rideau-Vanier","COUNCILLOR":"Stéphanie Plante","CENSUS_TRC":"5050054.00"}},{"type":"Feature","id":205,"geometry":{"type":"Point","coordinates":[-75.5907461704646,45.4473746915547]},"properties":{"OBJECTID":205,"ID":"205","REP_DATE":"Mon, 15 Feb 2021 05:00:00 GMT","REP_HOUR":300,"REP_YEAR":2021,"OCC_DATE":"Sun, 14 Feb 2021 05:00:00 GMT","OCC_HOUR":1700,"OCC_YEAR":2021,"TOD":"Afternoon","WEEKDAY":"Sunday","DOW":7,"NB_NAME_EN":"Beacon Hill South - Cardinal Heights","SECTOR":"32","DIVISION":"East","WARD_EN":"Ward 11 - Beacon Hill-Cyrville","COUNCILLOR":"Tim Tierney","CENSUS_TRC":"5050121.02"}},{"type":"Feature","id":206,"geometry":{"type":"Point","coordinates":[-75.7127422928133,45.4059699693615]},"properties":{"OBJECTID":206,"ID":"206","REP_DATE":"Sun, 21 Feb 2021 05:00:00 GMT","REP_HOUR":1600,"REP_YEAR":2021,"OCC_DATE":"Sun, 21 Feb 2021 05:00:00 GMT","OCC_HOUR":1500,"OCC_YEAR":2021,"TOD":"Afternoon","WEEKDAY":"Sunday","DOW":7,"NB_NAME_EN":"West Centertown","SECTOR":"22","DIVISION":"Central","WARD_EN":"Ward 14 - Somerset","COUNCILLOR":"Ariel Troster","CENSUS_TRC":"5050042.00"}},{"type":"Feature","id":207,"geometry":{"type":"Point","coordinates":[-75.7049016586783,45.4073489608111]},"properties":{"OBJECTID":207,"ID":"207","REP_DATE":"Sun, 21 Feb 2021 05:00:00 GMT","REP_HOUR":1600,"REP_YEAR":2021,"OCC_DATE":"Sun, 21 Feb 2021 05:00:00 GMT","OCC_HOUR":1600,"OCC_YEAR":2021,"TOD":"Afternoon","WEEKDAY":"Sunday","DOW":7,"NB_NAME_EN":"West Centertown","SECTOR":"22","DIVISION":"Central","WARD_EN":"Ward 14 - Somerset","COUNCILLOR":"Ariel Troster","CENSUS_TRC":"5050042.00"}},{"type":"Feature","id":208,"geometry":{"type":"Point","coordinates":[-75.7813539857452,45.3388651809056]},"properties":{"OBJECTID":208,"ID":"208","REP_DATE":"Thu, 25 Feb 2021 05:00:00 GMT","REP_HOUR":2100,"REP_YEAR":2021,"OCC_DATE":"Thu, 25 Feb 2021 05:00:00 GMT","OCC_HOUR":2000,"OCC_YEAR":2021,"TOD":"Evening","WEEKDAY":"Thursday","DOW":4,"NB_NAME_EN":"Briar Green - Leslie Park","SECTOR":"15","DIVISION":"West","WARD_EN":"Ward 8 - College","COUNCILLOR":"Laine Johnson","CENSUS_TRC":"5050137.04"}},{"type":"Feature","id":209,"geometry":{"type":"Point","coordinates":[-75.7493465941179,45.377797815758]},"properties":{"OBJECTID":209,"ID":"209","REP_DATE":"Fri, 26 Feb 2021 05:00:00 GMT","REP_HOUR":1800,"REP_YEAR":2021,"OCC_DATE":"Fri, 26 Feb 2021 05:00:00 GMT","OCC_HOUR":1800,"OCC_YEAR":2021,"TOD":"Evening","WEEKDAY":"Friday","DOW":5,"NB_NAME_EN":"Carlingwood West - Glabar Park - McKellar Heights","SECTOR":"14","DIVISION":"West","WARD_EN":"Ward 16 - River","COUNCILLOR":"Riley Brockington","CENSUS_TRC":"5050025.00"}},{"type":"Feature","id":210,"geometry":{"type":"Point","coordinates":[-75.8145573858726,45.1732942833036]},"properties":{"OBJECTID":210,"ID":"210","REP_DATE":"Sun, 07 Mar 2021 05:00:00 GMT","REP_HOUR":1200,"REP_YEAR":2021,"OCC_DATE":"Sun, 07 Mar 2021 05:00:00 GMT","OCC_HOUR":1200,"OCC_YEAR":2021,"TOD":"Afternoon","WEEKDAY":"Sunday","DOW":7,"NB_NAME_EN":"Richmond","SECTOR":"12","DIVISION":"West","WARD_EN":"Ward 21 - Rideau-Jock","COUNCILLOR":"David Brown","CENSUS_TRC":"5050151.09"}},{"type":"Feature","id":211,"geometry":{"type":"Point","coordinates":[-75.6845757074158,45.4326506218561]},"properties":{"OBJECTID":211,"ID":"211","REP_DATE":"Mon, 15 Mar 2021 05:00:00 GMT","REP_HOUR":2300,"REP_YEAR":2021,"OCC_DATE":"Mon, 15 Mar 2021 05:00:00 GMT","OCC_HOUR":2200,"OCC_YEAR":2021,"TOD":"Evening","WEEKDAY":"Monday","DOW":1,"NB_NAME_EN":"Lowertown","SECTOR":"24","DIVISION":"Central","WARD_EN":"Ward 12 - Rideau-Vanier","COUNCILLOR":"Stéphanie Plante","CENSUS_TRC":"5050056.00"}},{"type":"Feature","id":212,"geometry":{"type":"Point","coordinates":[-76.0634198804904,45.1988060190768]},"properties":{"OBJECTID":212,"ID":"212","REP_DATE":"Fri, 19 Mar 2021 05:00:00 GMT","REP_HOUR":1200,"REP_YEAR":2021,"OCC_DATE":"Fri, 19 Mar 2021 05:00:00 GMT","OCC_HOUR":1200,"OCC_YEAR":2021,"TOD":"Afternoon","WEEKDAY":"Friday","DOW":5,"NB_NAME_EN":"Corkery","SECTOR":"11","DIVISION":"West","WARD_EN":"Ward 5 - West Carleton-March","COUNCILLOR":"Clarke Kelly","CENSUS_TRC":"5050151.09"}},{"type":"Feature","id":213,"geometry":{"type":"Point","coordinates":[-75.6203093693328,45.384024738041]},"properties":{"OBJECTID":213,"ID":"213","REP_DATE":"Sun, 21 Mar 2021 05:00:00 GMT","REP_HOUR":2200,"REP_YEAR":2021,"OCC_DATE":"Sun, 21 Mar 2021 05:00:00 GMT","OCC_HOUR":1800,"OCC_YEAR":2021,"TOD":"Evening","WEEKDAY":"Sunday","DOW":7,"NB_NAME_EN":"East Industrial","SECTOR":"33","DIVISION":"East","WARD_EN":"Ward 10 - Gloucester-Southgate","COUNCILLOR":"Jessica Bradley","CENSUS_TRC":"5050001.08"}},{"type":"Feature","id":214,"geometry":{"type":"Point","coordinates":[-75.7860067226006,45.3674773606245]},"properties":{"OBJECTID":214,"ID":"214","REP_DATE":"Sun, 21 Mar 2021 05:00:00 GMT","REP_HOUR":2100,"REP_YEAR":2021,"OCC_DATE":"Sun, 21 Mar 2021 05:00:00 GMT","OCC_HOUR":2100,"OCC_YEAR":2021,"TOD":"Evening","WEEKDAY":"Sunday","DOW":7,"NB_NAME_EN":"Britannia Village","SECTOR":"14","DIVISION":"West","WARD_EN":"Ward 7 - Bay","COUNCILLOR":"Theresa Kavanagh","CENSUS_TRC":"5050030.00"}},{"type":"Feature","id":215,"geometry":{"type":"Point","coordinates":[-75.6909730206393,45.3730888661935]},"properties":{"OBJECTID":215,"ID":"215","REP_DATE":"Tue, 23 Mar 2021 05:00:00 GMT","REP_HOUR":1100,"REP_YEAR":2021,"OCC_DATE":"Thu, 17 Sep 2020 05:00:00 GMT","OCC_HOUR":300,"OCC_YEAR":2020,"TOD":"Night","WEEKDAY":"Thursday","DOW":4,"NB_NAME_EN":"Riverside Park","SECTOR":"34","DIVISION":"East","WARD_EN":"Ward 16 - River","COUNCILLOR":"Riley Brockington","CENSUS_TRC":"5050003.00"}},{"type":"Feature","id":216,"geometry":{"type":"Point","coordinates":[-75.6622418901116,45.4099918283551]},"properties":{"OBJECTID":216,"ID":"216","REP_DATE":"Wed, 24 Mar 2021 05:00:00 GMT","REP_HOUR":1800,"REP_YEAR":2021,"OCC_DATE":"Wed, 24 Mar 2021 05:00:00 GMT","OCC_HOUR":1800,"OCC_YEAR":2021,"TOD":"Evening","WEEKDAY":"Wednesday","DOW":3,"NB_NAME_EN":"Elmvale - Eastway - Riverview - Riverview Park West","SECTOR":"33","DIVISION":"East","WARD_EN":"Ward 17 - Capital","COUNCILLOR":"Shawn Menard","CENSUS_TRC":"5050011.03"}},{"type":"Feature","id":217,"geometry":{"type":"Point","coordinates":[-75.6397002684181,45.4260763108561]},"properties":{"OBJECTID":217,"ID":"217","REP_DATE":"Fri, 26 Mar 2021 05:00:00 GMT","REP_HOUR":1900,"REP_YEAR":2021,"OCC_DATE":"Fri, 26 Mar 2021 05:00:00 GMT","OCC_HOUR":1900,"OCC_YEAR":2021,"TOD":"Evening","WEEKDAY":"Friday","DOW":5,"NB_NAME_EN":"Overbrook - McArthur","SECTOR":"25","DIVISION":"Central","WARD_EN":"Ward 13 - Rideau-Rockcliffe","COUNCILLOR":"Rawlson King","CENSUS_TRC":"5050012.00"}},{"type":"Feature","id":218,"geometry":{"type":"Point","coordinates":[-75.7057503333597,45.4114599786413]},"properties":{"OBJECTID":218,"ID":"218","REP_DATE":"Tue, 30 Mar 2021 05:00:00 GMT","REP_HOUR":2200,"REP_YEAR":2021,"OCC_DATE":"Tue, 30 Mar 2021 05:00:00 GMT","OCC_HOUR":2200,"OCC_YEAR":2021,"TOD":"Evening","WEEKDAY":"Tuesday","DOW":2,"NB_NAME_EN":"Centretown","SECTOR":"23","DIVISION":"Central","WARD_EN":"Ward 14 - Somerset","COUNCILLOR":"Ariel Troster","CENSUS_TRC":"5050041.00"}},{"type":"Feature","id":219,"geometry":{"type":"Point","coordinates":[-75.6638261949202,45.4351943401881]},"properties":{"OBJECTID":219,"ID":"219","REP_DATE":"Fri, 02 Apr 2021 05:00:00 GMT","REP_HOUR":1400,"REP_YEAR":2021,"OCC_DATE":"Fri, 02 Apr 2021 05:00:00 GMT","OCC_HOUR":1400,"OCC_YEAR":2021,"TOD":"Afternoon","WEEKDAY":"Friday","DOW":5,"NB_NAME_EN":"Overbrook - McArthur","SECTOR":"25","DIVISION":"Central","WARD_EN":"Ward 12 - Rideau-Vanier","COUNCILLOR":"Stéphanie Plante","CENSUS_TRC":"5050101.00"}},{"type":"Feature","id":220,"geometry":{"type":"Point","coordinates":[-75.6402411189341,45.4241086170068]},"properties":{"OBJECTID":220,"ID":"220","REP_DATE":"Sat, 03 Apr 2021 05:00:00 GMT","REP_HOUR":1700,"REP_YEAR":2021,"OCC_DATE":"Sat, 03 Apr 2021 05:00:00 GMT","OCC_HOUR":1700,"OCC_YEAR":2021,"TOD":"Afternoon","WEEKDAY":"Saturday","DOW":6,"NB_NAME_EN":"Overbrook - McArthur","SECTOR":"25","DIVISION":"Central","WARD_EN":"Ward 13 - Rideau-Rockcliffe","COUNCILLOR":"Rawlson King","CENSUS_TRC":"5050012.00"}},{"type":"Feature","id":221,"geometry":{"type":"Point","coordinates":[-75.7066371391078,45.4110835561571]},"properties":{"OBJECTID":221,"ID":"221","REP_DATE":"Thu, 06 May 2021 05:00:00 GMT","REP_HOUR":1100,"REP_YEAR":2021,"OCC_DATE":"Thu, 06 May 2021 05:00:00 GMT","OCC_HOUR":1000,"OCC_YEAR":2021,"TOD":"Morning","WEEKDAY":"Thursday","DOW":4,"NB_NAME_EN":"West Centertown","SECTOR":"22","DIVISION":"Central","WARD_EN":"Ward 14 - Somerset","COUNCILLOR":"Ariel Troster","CENSUS_TRC":"5050041.00"}},{"type":"Feature","id":222,"geometry":{"type":"Point","coordinates":[-75.7022016849739,45.4053292057664]},"properties":{"OBJECTID":222,"ID":"222","REP_DATE":"Thu, 06 May 2021 05:00:00 GMT","REP_HOUR":700,"REP_YEAR":2021,"OCC_DATE":"Thu, 06 May 2021 05:00:00 GMT","OCC_HOUR":700,"OCC_YEAR":2021,"TOD":"Morning","WEEKDAY":"Thursday","DOW":4,"NB_NAME_EN":"Centretown","SECTOR":"23","DIVISION":"Central","WARD_EN":"Ward 14 - Somerset","COUNCILLOR":"Ariel Troster","CENSUS_TRC":"5050039.00"}},{"type":"Feature","id":223,"geometry":{"type":"Point","coordinates":[-75.6472560515557,45.348564215745]},"properties":{"OBJECTID":223,"ID":"223","REP_DATE":"Fri, 14 May 2021 05:00:00 GMT","REP_HOUR":0,"REP_YEAR":2021,"OCC_DATE":"Fri, 14 May 2021 05:00:00 GMT","OCC_HOUR":0,"OCC_YEAR":2021,"TOD":"Night","WEEKDAY":"Friday","DOW":5,"NB_NAME_EN":"Emerald Woods - Sawmill Creek","SECTOR":"35","DIVISION":"East","WARD_EN":"Ward 10 - Gloucester-Southgate","COUNCILLOR":"Jessica Bradley","CENSUS_TRC":"5050123.01"}},{"type":"Feature","id":224,"geometry":{"type":"Point","coordinates":[-75.6909730206393,45.3730888661935]},"properties":{"OBJECTID":224,"ID":"224","REP_DATE":"Fri, 14 May 2021 05:00:00 GMT","REP_HOUR":1900,"REP_YEAR":2021,"OCC_DATE":"Fri, 14 May 2021 05:00:00 GMT","OCC_HOUR":1900,"OCC_YEAR":2021,"TOD":"Evening","WEEKDAY":"Friday","DOW":5,"NB_NAME_EN":"Riverside Park","SECTOR":"34","DIVISION":"East","WARD_EN":"Ward 16 - River","COUNCILLOR":"Riley Brockington","CENSUS_TRC":"5050003.00"}},{"type":"Feature","id":225,"geometry":{"type":"Point","coordinates":[-75.5452349382248,45.3700196896524]},"properties":{"OBJECTID":225,"ID":"225","REP_DATE":"Sat, 15 May 2021 05:00:00 GMT","REP_HOUR":2300,"REP_YEAR":2021,"OCC_DATE":"Sat, 15 May 2021 05:00:00 GMT","OCC_HOUR":2300,"OCC_YEAR":2021,"TOD":"Evening","WEEKDAY":"Saturday","DOW":6,"NB_NAME_EN":"Greenbelt SouthEast","SECTOR":"33","DIVISION":"East","WARD_EN":"Ward 10 - Gloucester-Southgate","COUNCILLOR":"Jessica Bradley","CENSUS_TRC":"5050126.04"}},{"type":"Feature","id":226,"geometry":{"type":"Point","coordinates":[-75.6196816146862,45.3721926362479]},"properties":{"OBJECTID":226,"ID":"226","REP_DATE":"Sat, 15 May 2021 05:00:00 GMT","REP_HOUR":1300,"REP_YEAR":2021,"OCC_DATE":"Sat, 15 May 2021 05:00:00 GMT","OCC_HOUR":1300,"OCC_YEAR":2021,"TOD":"Afternoon","WEEKDAY":"Saturday","DOW":6,"NB_NAME_EN":"Hunt Club Park","SECTOR":"33","DIVISION":"East","WARD_EN":"Ward 10 - Gloucester-Southgate","COUNCILLOR":"Jessica Bradley","CENSUS_TRC":"5050001.07"}},{"type":"Feature","id":227,"geometry":{"type":"Point","coordinates":[-75.683308314776,45.3363716843405]},"properties":{"OBJECTID":227,"ID":"227","REP_DATE":"Tue, 18 May 2021 05:00:00 GMT","REP_HOUR":600,"REP_YEAR":2021,"OCC_DATE":"Tue, 18 May 2021 05:00:00 GMT","OCC_HOUR":500,"OCC_YEAR":2021,"TOD":"Night","WEEKDAY":"Tuesday","DOW":2,"NB_NAME_EN":"Hunt Club - Ottawa Airport","SECTOR":"35","DIVISION":"East","WARD_EN":"Ward 10 - Gloucester-Southgate","COUNCILLOR":"Jessica Bradley","CENSUS_TRC":"5050002.06"}},{"type":"Feature","id":228,"geometry":{"type":"Point","coordinates":[-75.6188652652802,45.4280321235063]},"properties":{"OBJECTID":228,"ID":"228","REP_DATE":"Wed, 26 May 2021 05:00:00 GMT","REP_HOUR":2000,"REP_YEAR":2021,"OCC_DATE":"Wed, 26 May 2021 05:00:00 GMT","OCC_HOUR":2000,"OCC_YEAR":2021,"TOD":"Evening","WEEKDAY":"Wednesday","DOW":3,"NB_NAME_EN":"Cummings","SECTOR":"32","DIVISION":"East","WARD_EN":"Ward 11 - Beacon Hill-Cyrville","COUNCILLOR":"Tim Tierney","CENSUS_TRC":"5050122.03"}},{"type":"Feature","id":229,"geometry":{"type":"Point","coordinates":[-75.6581089040768,45.4086206538406]},"properties":{"OBJECTID":229,"ID":"229","REP_DATE":"Fri, 28 May 2021 05:00:00 GMT","REP_HOUR":1800,"REP_YEAR":2021,"OCC_DATE":"Fri, 28 May 2021 05:00:00 GMT","OCC_HOUR":1800,"OCC_YEAR":2021,"TOD":"Evening","WEEKDAY":"Friday","DOW":5,"NB_NAME_EN":"Elmvale - Eastway - Riverview - Riverview Park West","SECTOR":"33","DIVISION":"East","WARD_EN":"Ward 18 - Alta Vista","COUNCILLOR":"Marty Carr","CENSUS_TRC":"5050011.04"}},{"type":"Feature","id":230,"geometry":{"type":"Point","coordinates":[-75.495421914072,45.4751012777156]},"properties":{"OBJECTID":230,"ID":"230","REP_DATE":"Sat, 29 May 2021 05:00:00 GMT","REP_HOUR":500,"REP_YEAR":2021,"OCC_DATE":"Sat, 29 May 2021 05:00:00 GMT","OCC_HOUR":500,"OCC_YEAR":2021,"TOD":"Night","WEEKDAY":"Saturday","DOW":6,"NB_NAME_EN":"Orléans Avalon - Notting Gate - Fallingbrook - Gardenway South","SECTOR":"31","DIVISION":"East","WARD_EN":"Ward 1 - Orléans East-Cumberland","COUNCILLOR":"Matthew Luloff","CENSUS_TRC":"5050170.09"}},{"type":"Feature","id":231,"geometry":{"type":"Point","coordinates":[-75.7672277210028,45.3569024733694]},"properties":{"OBJECTID":231,"ID":"231","REP_DATE":"Sun, 30 May 2021 05:00:00 GMT","REP_HOUR":2100,"REP_YEAR":2021,"OCC_DATE":"Sun, 30 May 2021 05:00:00 GMT","OCC_HOUR":2100,"OCC_YEAR":2021,"TOD":"Evening","WEEKDAY":"Sunday","DOW":7,"NB_NAME_EN":"Braemar Park - Bel Air Heights - Copeland Park","SECTOR":"17","DIVISION":"West","WARD_EN":"Ward 8 - College","COUNCILLOR":"Laine Johnson","CENSUS_TRC":"5050026.00"}},{"type":"Feature","id":232,"geometry":{"type":"Point","coordinates":[-75.607558312462,45.4183894509526]},"properties":{"OBJECTID":232,"ID":"232","REP_DATE":"Sun, 30 May 2021 05:00:00 GMT","REP_HOUR":0,"REP_YEAR":2021,"OCC_DATE":"Sun, 30 May 2021 05:00:00 GMT","OCC_HOUR":0,"OCC_YEAR":2021,"TOD":"Night","WEEKDAY":"Sunday","DOW":7,"NB_NAME_EN":"Pineview","SECTOR":"32","DIVISION":"East","WARD_EN":"Ward 11 - Beacon Hill-Cyrville","COUNCILLOR":"Tim Tierney","CENSUS_TRC":"5050122.02"}},{"type":"Feature","id":233,"geometry":{"type":"Point","coordinates":[-75.6543682175633,45.3740115239063]},"properties":{"OBJECTID":233,"ID":"233","REP_DATE":"Sun, 06 Jun 2021 05:00:00 GMT","REP_HOUR":2200,"REP_YEAR":2021,"OCC_DATE":"Sun, 06 Jun 2021 05:00:00 GMT","OCC_HOUR":2200,"OCC_YEAR":2021,"TOD":"Evening","WEEKDAY":"Sunday","DOW":7,"NB_NAME_EN":"Ledbury - Heron Gate - Ridgemont - Elmwood","SECTOR":"34","DIVISION":"East","WARD_EN":"Ward 16 - River","COUNCILLOR":"Riley Brockington","CENSUS_TRC":"5050001.10"}},{"type":"Feature","id":234,"geometry":{"type":"Point","coordinates":[-75.6218762547403,45.3882057428085]},"properties":{"OBJECTID":234,"ID":"234","REP_DATE":"Fri, 11 Jun 2021 05:00:00 GMT","REP_HOUR":400,"REP_YEAR":2021,"OCC_DATE":"Fri, 11 Jun 2021 05:00:00 GMT","OCC_HOUR":400,"OCC_YEAR":2021,"TOD":"Night","WEEKDAY":"Friday","DOW":5,"NB_NAME_EN":"Elmvale - Eastway - Riverview - Riverview Park West","SECTOR":"33","DIVISION":"East","WARD_EN":"Ward 18 - Alta Vista","COUNCILLOR":"Marty Carr","CENSUS_TRC":"5050008.00"}},{"type":"Feature","id":235,"geometry":{"type":"Point","coordinates":[-75.533733977798,45.4478512944678]},"properties":{"OBJECTID":235,"ID":"235","REP_DATE":"Sat, 12 Jun 2021 05:00:00 GMT","REP_HOUR":1900,"REP_YEAR":2021,"OCC_DATE":"Sat, 12 Jun 2021 05:00:00 GMT","OCC_HOUR":1600,"OCC_YEAR":2021,"TOD":"Afternoon","WEEKDAY":"Saturday","DOW":6,"NB_NAME_EN":"Orléans Village - Chateauneuf","SECTOR":"31","DIVISION":"East","WARD_EN":"Ward 2 - Orléans West-Innes","COUNCILLOR":"Laura Dudas","CENSUS_TRC":"5050125.09"}},{"type":"Feature","id":236,"geometry":{"type":"Point","coordinates":[-75.6624352842116,45.4357465477412]},"properties":{"OBJECTID":236,"ID":"236","REP_DATE":"Sun, 13 Jun 2021 05:00:00 GMT","REP_HOUR":2100,"REP_YEAR":2021,"OCC_DATE":"Sun, 13 Jun 2021 05:00:00 GMT","OCC_HOUR":2100,"OCC_YEAR":2021,"TOD":"Evening","WEEKDAY":"Sunday","DOW":7,"NB_NAME_EN":"Vanier North","SECTOR":"25","DIVISION":"Central","WARD_EN":"Ward 12 - Rideau-Vanier","COUNCILLOR":"Stéphanie Plante","CENSUS_TRC":"5050101.00"}},{"type":"Feature","id":237,"geometry":{"type":"Point","coordinates":[-75.6182674878509,45.4311320413287]},"properties":{"OBJECTID":237,"ID":"237","REP_DATE":"Mon, 14 Jun 2021 05:00:00 GMT","REP_HOUR":0,"REP_YEAR":2021,"OCC_DATE":"Mon, 14 Jun 2021 05:00:00 GMT","OCC_HOUR":0,"OCC_YEAR":2021,"TOD":"Night","WEEKDAY":"Monday","DOW":1,"NB_NAME_EN":"Cummings","SECTOR":"32","DIVISION":"East","WARD_EN":"Ward 11 - Beacon Hill-Cyrville","COUNCILLOR":"Tim Tierney","CENSUS_TRC":"5050122.03"}},{"type":"Feature","id":238,"geometry":{"type":"Point","coordinates":[-75.6543682175633,45.3740115239063]},"properties":{"OBJECTID":238,"ID":"238","REP_DATE":"Wed, 23 Jun 2021 05:00:00 GMT","REP_HOUR":200,"REP_YEAR":2021,"OCC_DATE":"Wed, 23 Jun 2021 05:00:00 GMT","OCC_HOUR":200,"OCC_YEAR":2021,"TOD":"Night","WEEKDAY":"Wednesday","DOW":3,"NB_NAME_EN":"Ledbury - Heron Gate - Ridgemont - Elmwood","SECTOR":"34","DIVISION":"East","WARD_EN":"Ward 10 - Gloucester-Southgate","COUNCILLOR":"Jessica Bradley","CENSUS_TRC":"5050001.09"}},{"type":"Feature","id":239,"geometry":{"type":"Point","coordinates":[-75.6787194161409,45.4248688538329]},"properties":{"OBJECTID":239,"ID":"239","REP_DATE":"Sat, 03 Jul 2021 05:00:00 GMT","REP_HOUR":0,"REP_YEAR":2021,"OCC_DATE":"Fri, 02 Jul 2021 05:00:00 GMT","OCC_HOUR":2300,"OCC_YEAR":2021,"TOD":"Evening","WEEKDAY":"Friday","DOW":5,"NB_NAME_EN":"Sandy Hill - Ottawa East","SECTOR":"24","DIVISION":"Central","WARD_EN":"Ward 12 - Rideau-Vanier","COUNCILLOR":"Stéphanie Plante","CENSUS_TRC":"5050051.00"}},{"type":"Feature","id":240,"geometry":{"type":"Point","coordinates":[-75.6817381814825,45.4317131232372]},"properties":{"OBJECTID":240,"ID":"240","REP_DATE":"Mon, 05 Jul 2021 05:00:00 GMT","REP_HOUR":100,"REP_YEAR":2021,"OCC_DATE":"Sun, 04 Jul 2021 05:00:00 GMT","OCC_HOUR":100,"OCC_YEAR":2021,"TOD":"Night","WEEKDAY":"Sunday","DOW":7,"NB_NAME_EN":"Lowertown","SECTOR":"24","DIVISION":"Central","WARD_EN":"Ward 12 - Rideau-Vanier","COUNCILLOR":"Stéphanie Plante","CENSUS_TRC":"5050053.00"}},{"type":"Feature","id":241,"geometry":{"type":"Point","coordinates":[-75.6548075060757,45.4353497432091]},"properties":{"OBJECTID":241,"ID":"241","REP_DATE":"Sat, 10 Jul 2021 05:00:00 GMT","REP_HOUR":1700,"REP_YEAR":2021,"OCC_DATE":"Sat, 10 Jul 2021 05:00:00 GMT","OCC_HOUR":1700,"OCC_YEAR":2021,"TOD":"Afternoon","WEEKDAY":"Saturday","DOW":6,"NB_NAME_EN":"Vanier South","SECTOR":"25","DIVISION":"Central","WARD_EN":"Ward 12 - Rideau-Vanier","COUNCILLOR":"Stéphanie Plante","CENSUS_TRC":"5050102.00"}},{"type":"Feature","id":242,"geometry":{"type":"Point","coordinates":[-75.6186633037482,45.3984477545261]},"properties":{"OBJECTID":242,"ID":"242","REP_DATE":"Tue, 13 Jul 2021 05:00:00 GMT","REP_HOUR":500,"REP_YEAR":2021,"OCC_DATE":"Tue, 13 Jul 2021 05:00:00 GMT","OCC_HOUR":500,"OCC_YEAR":2021,"TOD":"Night","WEEKDAY":"Tuesday","DOW":2,"NB_NAME_EN":"Hawthorne Meadows - Sheffield Glen","SECTOR":"33","DIVISION":"East","WARD_EN":"Ward 18 - Alta Vista","COUNCILLOR":"Marty Carr","CENSUS_TRC":"5050010.00"}},{"type":"Feature","id":243,"geometry":{"type":"Point","coordinates":[-75.6483447833493,45.3474474953519]},"properties":{"OBJECTID":243,"ID":"243","REP_DATE":"Wed, 14 Jul 2021 05:00:00 GMT","REP_HOUR":2000,"REP_YEAR":2021,"OCC_DATE":"Wed, 14 Jul 2021 05:00:00 GMT","OCC_HOUR":2000,"OCC_YEAR":2021,"TOD":"Evening","WEEKDAY":"Wednesday","DOW":3,"NB_NAME_EN":"Emerald Woods - Sawmill Creek","SECTOR":"35","DIVISION":"East","WARD_EN":"Ward 10 - Gloucester-Southgate","COUNCILLOR":"Jessica Bradley","CENSUS_TRC":"5050123.01"}},{"type":"Feature","id":244,"geometry":{"type":"Point","coordinates":[-75.6417095838098,45.4393734233567]},"properties":{"OBJECTID":244,"ID":"244","REP_DATE":"Thu, 22 Jul 2021 05:00:00 GMT","REP_HOUR":0,"REP_YEAR":2021,"OCC_DATE":"Thu, 22 Jul 2021 05:00:00 GMT","OCC_HOUR":0,"OCC_YEAR":2021,"TOD":"Night","WEEKDAY":"Thursday","DOW":4,"NB_NAME_EN":"Cummings","SECTOR":"32","DIVISION":"East","WARD_EN":"Ward 13 - Rideau-Rockcliffe","COUNCILLOR":"Rawlson King","CENSUS_TRC":"5050061.00"}},{"type":"Feature","id":245,"geometry":{"type":"Point","coordinates":[-75.7359815761798,45.3737497585374]},"properties":{"OBJECTID":245,"ID":"245","REP_DATE":"Mon, 02 Aug 2021 05:00:00 GMT","REP_HOUR":2300,"REP_YEAR":2021,"OCC_DATE":"Mon, 02 Aug 2021 05:00:00 GMT","OCC_HOUR":2300,"OCC_YEAR":2021,"TOD":"Evening","WEEKDAY":"Monday","DOW":1,"NB_NAME_EN":"Carlington","SECTOR":"21","DIVISION":"Central","WARD_EN":"Ward 16 - River","COUNCILLOR":"Riley Brockington","CENSUS_TRC":"5050022.00"}},{"type":"Feature","id":246,"geometry":{"type":"Point","coordinates":[-75.5830028974896,45.4558164522631]},"properties":{"OBJECTID":246,"ID":"246","REP_DATE":"Tue, 03 Aug 2021 05:00:00 GMT","REP_HOUR":800,"REP_YEAR":2021,"OCC_DATE":"Tue, 03 Aug 2021 05:00:00 GMT","OCC_HOUR":800,"OCC_YEAR":2021,"TOD":"Morning","WEEKDAY":"Tuesday","DOW":2,"NB_NAME_EN":"Rothwell Heights - Beacon Hill North","SECTOR":"32","DIVISION":"East","WARD_EN":"Ward 11 - Beacon Hill-Cyrville","COUNCILLOR":"Tim Tierney","CENSUS_TRC":"5050120.02"}},{"type":"Feature","id":247,"geometry":{"type":"Point","coordinates":[-75.6486866451094,45.3876293551714]},"properties":{"OBJECTID":247,"ID":"247","REP_DATE":"Mon, 09 Aug 2021 05:00:00 GMT","REP_HOUR":1800,"REP_YEAR":2021,"OCC_DATE":"Mon, 09 Aug 2021 05:00:00 GMT","OCC_HOUR":1800,"OCC_YEAR":2021,"TOD":"Evening","WEEKDAY":"Monday","DOW":1,"NB_NAME_EN":"Playfair Park - Lynda Park - Guildwood Estates","SECTOR":"34","DIVISION":"East","WARD_EN":"Ward 18 - Alta Vista","COUNCILLOR":"Marty Carr","CENSUS_TRC":"5050007.01"}},{"type":"Feature","id":248,"geometry":{"type":"Point","coordinates":[-75.6845757074158,45.4326506218561]},"properties":{"OBJECTID":248,"ID":"248","REP_DATE":"Tue, 10 Aug 2021 05:00:00 GMT","REP_HOUR":2000,"REP_YEAR":2021,"OCC_DATE":"Tue, 10 Aug 2021 05:00:00 GMT","OCC_HOUR":2000,"OCC_YEAR":2021,"TOD":"Evening","WEEKDAY":"Tuesday","DOW":2,"NB_NAME_EN":"Lowertown","SECTOR":"24","DIVISION":"Central","WARD_EN":"Ward 12 - Rideau-Vanier","COUNCILLOR":"Stéphanie Plante","CENSUS_TRC":"5050056.00"}},{"type":"Feature","id":249,"geometry":{"type":"Point","coordinates":[-75.5945282996837,45.2056882902884]},"properties":{"OBJECTID":249,"ID":"249","REP_DATE":"Wed, 11 Aug 2021 05:00:00 GMT","REP_HOUR":1900,"REP_YEAR":2021,"OCC_DATE":"Wed, 11 Aug 2021 05:00:00 GMT","OCC_HOUR":1900,"OCC_YEAR":2021,"TOD":"Evening","WEEKDAY":"Wednesday","DOW":3,"NB_NAME_EN":"Osgoode","SECTOR":"36","DIVISION":"East","WARD_EN":"Ward 20 - Osgoode","COUNCILLOR":"Isabelle Skalski","CENSUS_TRC":"5050191.01"}},{"type":"Feature","id":250,"geometry":{"type":"Point","coordinates":[-75.7778425565786,45.3521191658972]},"properties":{"OBJECTID":250,"ID":"250","REP_DATE":"Thu, 19 Aug 2021 05:00:00 GMT","REP_HOUR":1400,"REP_YEAR":2021,"OCC_DATE":"Thu, 19 Aug 2021 05:00:00 GMT","OCC_HOUR":1400,"OCC_YEAR":2021,"TOD":"Afternoon","WEEKDAY":"Thursday","DOW":4,"NB_NAME_EN":"Iris","SECTOR":"15","DIVISION":"West","WARD_EN":"Ward 8 - College","COUNCILLOR":"Laine Johnson","CENSUS_TRC":"5050026.00"}},{"type":"Feature","id":251,"geometry":{"type":"Point","coordinates":[-75.6303744205972,45.3173861061602]},"properties":{"OBJECTID":251,"ID":"251","REP_DATE":"Sat, 21 Aug 2021 05:00:00 GMT","REP_HOUR":300,"REP_YEAR":2021,"OCC_DATE":"Sat, 21 Aug 2021 05:00:00 GMT","OCC_HOUR":300,"OCC_YEAR":2021,"TOD":"Night","WEEKDAY":"Saturday","DOW":6,"NB_NAME_EN":"Riverside South - Leitrim","SECTOR":"35","DIVISION":"East","WARD_EN":"Ward 22 - Riverside South-Findlay Creek","COUNCILLOR":"Steve Desroches","CENSUS_TRC":"5050126.07"}},{"type":"Feature","id":252,"geometry":{"type":"Point","coordinates":[-75.5892711643343,45.3284400238418]},"properties":{"OBJECTID":252,"ID":"252","REP_DATE":"Thu, 26 Aug 2021 05:00:00 GMT","REP_HOUR":1500,"REP_YEAR":2021,"OCC_DATE":"Thu, 26 Aug 2021 05:00:00 GMT","OCC_HOUR":1500,"OCC_YEAR":2021,"TOD":"Afternoon","WEEKDAY":"Thursday","DOW":4,"NB_NAME_EN":"Riverside South - Leitrim","SECTOR":"35","DIVISION":"East","WARD_EN":"Ward 22 - Riverside South-Findlay Creek","COUNCILLOR":"Steve Desroches","CENSUS_TRC":"5050126.09"}},{"type":"Feature","id":253,"geometry":{"type":"Point","coordinates":[-75.6532982680448,45.3721318700047]},"properties":{"OBJECTID":253,"ID":"253","REP_DATE":"Thu, 26 Aug 2021 05:00:00 GMT","REP_HOUR":2100,"REP_YEAR":2021,"OCC_DATE":"Thu, 26 Aug 2021 05:00:00 GMT","OCC_HOUR":2100,"OCC_YEAR":2021,"TOD":"Evening","WEEKDAY":"Thursday","DOW":4,"NB_NAME_EN":"Ledbury - Heron Gate - Ridgemont - Elmwood","SECTOR":"34","DIVISION":"East","WARD_EN":"Ward 16 - River","COUNCILLOR":"Riley Brockington","CENSUS_TRC":"5050001.10"}},{"type":"Feature","id":254,"geometry":{"type":"Point","coordinates":[-75.6346308396952,45.3629000084388]},"properties":{"OBJECTID":254,"ID":"254","REP_DATE":"Mon, 30 Aug 2021 05:00:00 GMT","REP_HOUR":0,"REP_YEAR":2021,"OCC_DATE":"Sun, 29 Aug 2021 05:00:00 GMT","OCC_HOUR":2100,"OCC_YEAR":2021,"TOD":"Evening","WEEKDAY":"Sunday","DOW":7,"NB_NAME_EN":"Greenboro East","SECTOR":"35","DIVISION":"East","WARD_EN":"Ward 10 - Gloucester-Southgate","COUNCILLOR":"Jessica Bradley","CENSUS_TRC":"5050001.05"}},{"type":"Feature","id":255,"geometry":{"type":"Point","coordinates":[-75.8632388826675,45.2823104561243]},"properties":{"OBJECTID":255,"ID":"255","REP_DATE":"Mon, 06 Sep 2021 05:00:00 GMT","REP_HOUR":2200,"REP_YEAR":2021,"OCC_DATE":"Mon, 06 Sep 2021 05:00:00 GMT","OCC_HOUR":2200,"OCC_YEAR":2021,"TOD":"Evening","WEEKDAY":"Monday","DOW":1,"NB_NAME_EN":"Bridlewood - Emerald Meadows","SECTOR":"13","DIVISION":"West","WARD_EN":"Ward 23 - Kanata South","COUNCILLOR":"Allan Hubley","CENSUS_TRC":"5050161.05"}},{"type":"Feature","id":256,"geometry":{"type":"Point","coordinates":[-75.6930363579791,45.4290752661743]},"properties":{"OBJECTID":256,"ID":"256","REP_DATE":"Mon, 06 Sep 2021 05:00:00 GMT","REP_HOUR":100,"REP_YEAR":2021,"OCC_DATE":"Mon, 06 Sep 2021 05:00:00 GMT","OCC_HOUR":0,"OCC_YEAR":2021,"TOD":"Night","WEEKDAY":"Monday","DOW":1,"NB_NAME_EN":"Byward Market","SECTOR":"24","DIVISION":"Central","WARD_EN":"Ward 12 - Rideau-Vanier","COUNCILLOR":"Stéphanie Plante","CENSUS_TRC":"5050054.00"}},{"type":"Feature","id":257,"geometry":{"type":"Point","coordinates":[-75.8632388826675,45.2823104561243]},"properties":{"OBJECTID":257,"ID":"257","REP_DATE":"Tue, 07 Sep 2021 05:00:00 GMT","REP_HOUR":1400,"REP_YEAR":2021,"OCC_DATE":"Tue, 07 Sep 2021 05:00:00 GMT","OCC_HOUR":1400,"OCC_YEAR":2021,"TOD":"Afternoon","WEEKDAY":"Tuesday","DOW":2,"NB_NAME_EN":"Bridlewood - Emerald Meadows","SECTOR":"13","DIVISION":"West","WARD_EN":"Ward 23 - Kanata South","COUNCILLOR":"Allan Hubley","CENSUS_TRC":"5050161.05"}},{"type":"Feature","id":258,"geometry":{"type":"Point","coordinates":[-75.727477951039,45.2783589754252]},"properties":{"OBJECTID":258,"ID":"258","REP_DATE":"Wed, 08 Sep 2021 05:00:00 GMT","REP_HOUR":1400,"REP_YEAR":2021,"OCC_DATE":"Wed, 18 Aug 2021 05:00:00 GMT","OCC_HOUR":0,"OCC_YEAR":2021,"TOD":"Night","WEEKDAY":"Wednesday","DOW":3,"NB_NAME_EN":"New Barrhaven - New Development - Stonebridge","SECTOR":"16","DIVISION":"West","WARD_EN":"Ward 24 - Barrhaven East","COUNCILLOR":"Wilson Lo","CENSUS_TRC":"5050141.10"}},{"type":"Feature","id":259,"geometry":{"type":"Point","coordinates":[-75.6314779566133,45.3385742394549]},"properties":{"OBJECTID":259,"ID":"259","REP_DATE":"Fri, 10 Sep 2021 05:00:00 GMT","REP_HOUR":200,"REP_YEAR":2021,"OCC_DATE":"Fri, 10 Sep 2021 05:00:00 GMT","OCC_HOUR":200,"OCC_YEAR":2021,"TOD":"Night","WEEKDAY":"Friday","DOW":5,"NB_NAME_EN":"Hunt Club Upper -Blossom Park - Timbermill","SECTOR":"35","DIVISION":"East","WARD_EN":"Ward 10 - Gloucester-Southgate","COUNCILLOR":"Jessica Bradley","CENSUS_TRC":"5050127.00"}},{"type":"Feature","id":260,"geometry":{"type":"Point","coordinates":[-75.6493452880132,45.3761089069182]},"properties":{"OBJECTID":260,"ID":"260","REP_DATE":"Wed, 15 Sep 2021 05:00:00 GMT","REP_HOUR":2200,"REP_YEAR":2021,"OCC_DATE":"Wed, 15 Sep 2021 05:00:00 GMT","OCC_HOUR":2200,"OCC_YEAR":2021,"TOD":"Evening","WEEKDAY":"Wednesday","DOW":3,"NB_NAME_EN":"Ledbury - Heron Gate - Ridgemont - Elmwood","SECTOR":"34","DIVISION":"East","WARD_EN":"Ward 10 - Gloucester-Southgate","COUNCILLOR":"Jessica Bradley","CENSUS_TRC":"5050001.09"}},{"type":"Feature","id":261,"geometry":{"type":"Point","coordinates":[-75.6103299806707,45.3941923171564]},"properties":{"OBJECTID":261,"ID":"261","REP_DATE":"Thu, 16 Sep 2021 05:00:00 GMT","REP_HOUR":2100,"REP_YEAR":2021,"OCC_DATE":"Thu, 16 Sep 2021 05:00:00 GMT","OCC_HOUR":2100,"OCC_YEAR":2021,"TOD":"Evening","WEEKDAY":"Thursday","DOW":4,"NB_NAME_EN":"Hawthorne Meadows - Sheffield Glen","SECTOR":"33","DIVISION":"East","WARD_EN":"Ward 18 - Alta Vista","COUNCILLOR":"Marty Carr","CENSUS_TRC":"5050010.00"}},{"type":"Feature","id":262,"geometry":{"type":"Point","coordinates":[-75.7960414886874,45.3517391979833]},"properties":{"OBJECTID":262,"ID":"262","REP_DATE":"Fri, 24 Sep 2021 05:00:00 GMT","REP_HOUR":0,"REP_YEAR":2021,"OCC_DATE":"Fri, 24 Sep 2021 05:00:00 GMT","OCC_HOUR":0,"OCC_YEAR":2021,"TOD":"Night","WEEKDAY":"Friday","DOW":5,"NB_NAME_EN":"Whitehaven - Queensway Terrace North","SECTOR":"14","DIVISION":"West","WARD_EN":"Ward 7 - Bay","COUNCILLOR":"Theresa Kavanagh","CENSUS_TRC":"5050028.00"}},{"type":"Feature","id":263,"geometry":{"type":"Point","coordinates":[-75.6394596835533,45.3476508558022]},"properties":{"OBJECTID":263,"ID":"263","REP_DATE":"Sun, 26 Sep 2021 05:00:00 GMT","REP_HOUR":400,"REP_YEAR":2021,"OCC_DATE":"Sun, 26 Sep 2021 05:00:00 GMT","OCC_HOUR":400,"OCC_YEAR":2021,"TOD":"Night","WEEKDAY":"Sunday","DOW":7,"NB_NAME_EN":"Emerald Woods - Sawmill Creek","SECTOR":"35","DIVISION":"East","WARD_EN":"Ward 10 - Gloucester-Southgate","COUNCILLOR":"Jessica Bradley","CENSUS_TRC":"5050123.01"}},{"type":"Feature","id":264,"geometry":{"type":"Point","coordinates":[-75.7927455530067,45.3481092894553]},"properties":{"OBJECTID":264,"ID":"264","REP_DATE":"Mon, 27 Sep 2021 05:00:00 GMT","REP_HOUR":1800,"REP_YEAR":2021,"OCC_DATE":"Mon, 27 Sep 2021 05:00:00 GMT","OCC_HOUR":1800,"OCC_YEAR":2021,"TOD":"Evening","WEEKDAY":"Monday","DOW":1,"NB_NAME_EN":"Whitehaven - Queensway Terrace North","SECTOR":"14","DIVISION":"West","WARD_EN":"Ward 7 - Bay","COUNCILLOR":"Theresa Kavanagh","CENSUS_TRC":"5050028.00"}},{"type":"Feature","id":265,"geometry":{"type":"Point","coordinates":[-75.6394596835533,45.3476508558022]},"properties":{"OBJECTID":265,"ID":"265","REP_DATE":"Mon, 27 Sep 2021 05:00:00 GMT","REP_HOUR":500,"REP_YEAR":2021,"OCC_DATE":"Mon, 27 Sep 2021 05:00:00 GMT","OCC_HOUR":500,"OCC_YEAR":2021,"TOD":"Night","WEEKDAY":"Monday","DOW":1,"NB_NAME_EN":"Emerald Woods - Sawmill Creek","SECTOR":"35","DIVISION":"East","WARD_EN":"Ward 10 - Gloucester-Southgate","COUNCILLOR":"Jessica Bradley","CENSUS_TRC":"5050123.01"}},{"type":"Feature","id":266,"geometry":{"type":"Point","coordinates":[-75.5914293998392,45.4485792021832]},"properties":{"OBJECTID":266,"ID":"266","REP_DATE":"Fri, 01 Oct 2021 05:00:00 GMT","REP_HOUR":500,"REP_YEAR":2021,"OCC_DATE":"Fri, 01 Oct 2021 05:00:00 GMT","OCC_HOUR":500,"OCC_YEAR":2021,"TOD":"Night","WEEKDAY":"Friday","DOW":5,"NB_NAME_EN":"Rothwell Heights - Beacon Hill North","SECTOR":"32","DIVISION":"East","WARD_EN":"Ward 11 - Beacon Hill-Cyrville","COUNCILLOR":"Tim Tierney","CENSUS_TRC":"5050120.02"}},{"type":"Feature","id":267,"geometry":{"type":"Point","coordinates":[-75.6471388521222,45.4255528738709]},"properties":{"OBJECTID":267,"ID":"267","REP_DATE":"Sat, 02 Oct 2021 05:00:00 GMT","REP_HOUR":2300,"REP_YEAR":2021,"OCC_DATE":"Sat, 02 Oct 2021 05:00:00 GMT","OCC_HOUR":2300,"OCC_YEAR":2021,"TOD":"Evening","WEEKDAY":"Saturday","DOW":6,"NB_NAME_EN":"Overbrook - McArthur","SECTOR":"25","DIVISION":"Central","WARD_EN":"Ward 13 - Rideau-Rockcliffe","COUNCILLOR":"Rawlson King","CENSUS_TRC":"5050012.00"}},{"type":"Feature","id":268,"geometry":{"type":"Point","coordinates":[-75.81241709785,45.3518452184575]},"properties":{"OBJECTID":268,"ID":"268","REP_DATE":"Fri, 08 Oct 2021 05:00:00 GMT","REP_HOUR":2200,"REP_YEAR":2021,"OCC_DATE":"Fri, 08 Oct 2021 05:00:00 GMT","OCC_HOUR":2200,"OCC_YEAR":2021,"TOD":"Evening","WEEKDAY":"Friday","DOW":5,"NB_NAME_EN":"Bayshore","SECTOR":"14","DIVISION":"West","WARD_EN":"Ward 7 - Bay","COUNCILLOR":"Theresa Kavanagh","CENSUS_TRC":"5050138.00"}},{"type":"Feature","id":269,"geometry":{"type":"Point","coordinates":[-75.7056146023856,45.4093238764051]},"properties":{"OBJECTID":269,"ID":"269","REP_DATE":"Sun, 10 Oct 2021 05:00:00 GMT","REP_HOUR":1700,"REP_YEAR":2021,"OCC_DATE":"Sun, 10 Oct 2021 05:00:00 GMT","OCC_HOUR":1700,"OCC_YEAR":2021,"TOD":"Afternoon","WEEKDAY":"Sunday","DOW":7,"NB_NAME_EN":"West Centertown","SECTOR":"22","DIVISION":"Central","WARD_EN":"Ward 14 - Somerset","COUNCILLOR":"Ariel Troster","CENSUS_TRC":"5050042.00"}},{"type":"Feature","id":270,"geometry":{"type":"Point","coordinates":[-75.7336111033033,45.4082509401982]},"properties":{"OBJECTID":270,"ID":"270","REP_DATE":"Wed, 20 Oct 2021 05:00:00 GMT","REP_HOUR":1700,"REP_YEAR":2021,"OCC_DATE":"Wed, 20 Oct 2021 05:00:00 GMT","OCC_HOUR":1700,"OCC_YEAR":2021,"TOD":"Afternoon","WEEKDAY":"Wednesday","DOW":3,"NB_NAME_EN":"Hintonburg - Mechanicsville","SECTOR":"21","DIVISION":"Central","WARD_EN":"Ward 15 - Kitchissippi","COUNCILLOR":"Jeff Leiper","CENSUS_TRC":"5050046.00"}},{"type":"Feature","id":271,"geometry":{"type":"Point","coordinates":[-75.6980610897522,45.4173358168986]},"properties":{"OBJECTID":271,"ID":"271","REP_DATE":"Fri, 29 Oct 2021 05:00:00 GMT","REP_HOUR":1200,"REP_YEAR":2021,"OCC_DATE":"Fri, 29 Oct 2021 05:00:00 GMT","OCC_HOUR":1200,"OCC_YEAR":2021,"TOD":"Afternoon","WEEKDAY":"Friday","DOW":5,"NB_NAME_EN":"Centretown","SECTOR":"23","DIVISION":"Central","WARD_EN":"Ward 14 - Somerset","COUNCILLOR":"Ariel Troster","CENSUS_TRC":"5050038.00"}},{"type":"Feature","id":272,"geometry":{"type":"Point","coordinates":[-75.7227329480371,45.3939614557794]},"properties":{"OBJECTID":272,"ID":"272","REP_DATE":"Fri, 05 Nov 2021 05:00:00 GMT","REP_HOUR":1600,"REP_YEAR":2021,"OCC_DATE":"Fri, 05 Nov 2021 05:00:00 GMT","OCC_HOUR":1600,"OCC_YEAR":2021,"TOD":"Afternoon","WEEKDAY":"Friday","DOW":5,"NB_NAME_EN":"Civic Hospital-Central Park","SECTOR":"21","DIVISION":"Central","WARD_EN":"Ward 15 - Kitchissippi","COUNCILLOR":"Jeff Leiper","CENSUS_TRC":"5050034.00"}},{"type":"Feature","id":273,"geometry":{"type":"Point","coordinates":[-75.6329688864909,45.3546315000476]},"properties":{"OBJECTID":273,"ID":"273","REP_DATE":"Mon, 22 Nov 2021 05:00:00 GMT","REP_HOUR":800,"REP_YEAR":2021,"OCC_DATE":"Sun, 21 Nov 2021 05:00:00 GMT","OCC_HOUR":2200,"OCC_YEAR":2021,"TOD":"Evening","WEEKDAY":"Sunday","DOW":7,"NB_NAME_EN":"Hunt Club Upper -Blossom Park - Timbermill","SECTOR":"35","DIVISION":"East","WARD_EN":"Ward 10 - Gloucester-Southgate","COUNCILLOR":"Jessica Bradley","CENSUS_TRC":"5050123.03"}},{"type":"Feature","id":274,"geometry":{"type":"Point","coordinates":[-75.774656593563,45.3530708712472]},"properties":{"OBJECTID":274,"ID":"274","REP_DATE":"Mon, 06 Dec 2021 05:00:00 GMT","REP_HOUR":300,"REP_YEAR":2021,"OCC_DATE":"Mon, 06 Dec 2021 05:00:00 GMT","OCC_HOUR":300,"OCC_YEAR":2021,"TOD":"Night","WEEKDAY":"Monday","DOW":1,"NB_NAME_EN":"Iris","SECTOR":"15","DIVISION":"West","WARD_EN":"Ward 8 - College","COUNCILLOR":"Laine Johnson","CENSUS_TRC":"5050026.00"}},{"type":"Feature","id":275,"geometry":{"type":"Point","coordinates":[-75.7159318225136,45.3343613261138]},"properties":{"OBJECTID":275,"ID":"275","REP_DATE":"Tue, 14 Dec 2021 05:00:00 GMT","REP_HOUR":1900,"REP_YEAR":2021,"OCC_DATE":"Tue, 14 Dec 2021 05:00:00 GMT","OCC_HOUR":1900,"OCC_YEAR":2021,"TOD":"Evening","WEEKDAY":"Tuesday","DOW":2,"NB_NAME_EN":"Hunt Club South Industrial","SECTOR":"17","DIVISION":"West","WARD_EN":"Ward 9 - Knoxdale-Merivale","COUNCILLOR":"Sean Devine","CENSUS_TRC":"5050130.01"}},{"type":"Feature","id":276,"geometry":{"type":"Point","coordinates":[-75.6611713286977,45.4380242715055]},"properties":{"OBJECTID":276,"ID":"276","REP_DATE":"Wed, 15 Dec 2021 05:00:00 GMT","REP_HOUR":2200,"REP_YEAR":2021,"OCC_DATE":"Wed, 15 Dec 2021 05:00:00 GMT","OCC_HOUR":2200,"OCC_YEAR":2021,"TOD":"Evening","WEEKDAY":"Wednesday","DOW":3,"NB_NAME_EN":"Vanier North","SECTOR":"25","DIVISION":"Central","WARD_EN":"Ward 12 - Rideau-Vanier","COUNCILLOR":"Stéphanie Plante","CENSUS_TRC":"5050102.00"}},{"type":"Feature","id":277,"geometry":{"type":"Point","coordinates":[-75.6917634326822,45.4296151878001]},"properties":{"OBJECTID":277,"ID":"277","REP_DATE":"Sat, 18 Dec 2021 05:00:00 GMT","REP_HOUR":100,"REP_YEAR":2021,"OCC_DATE":"Sat, 18 Dec 2021 05:00:00 GMT","OCC_HOUR":100,"OCC_YEAR":2021,"TOD":"Night","WEEKDAY":"Saturday","DOW":6,"NB_NAME_EN":"Byward Market","SECTOR":"24","DIVISION":"Central","WARD_EN":"Ward 12 - Rideau-Vanier","COUNCILLOR":"Stéphanie Plante","CENSUS_TRC":"5050054.00"}},{"type":"Feature","id":278,"geometry":{"type":"Point","coordinates":[-75.5318927254796,45.44861857535]},"properties":{"OBJECTID":278,"ID":"278","REP_DATE":"Wed, 22 Dec 2021 05:00:00 GMT","REP_HOUR":1900,"REP_YEAR":2021,"OCC_DATE":"Wed, 22 Dec 2021 05:00:00 GMT","OCC_HOUR":1900,"OCC_YEAR":2021,"TOD":"Evening","WEEKDAY":"Wednesday","DOW":3,"NB_NAME_EN":"Orléans Village - Chateauneuf","SECTOR":"31","DIVISION":"East","WARD_EN":"Ward 2 - Orléans West-Innes","COUNCILLOR":"Laura Dudas","CENSUS_TRC":"5050125.09"}},{"type":"Feature","id":279,"geometry":{"type":"Point","coordinates":[-75.6875457940093,45.4280229966798]},"properties":{"OBJECTID":279,"ID":"279","REP_DATE":"Wed, 22 Dec 2021 05:00:00 GMT","REP_HOUR":700,"REP_YEAR":2021,"OCC_DATE":"Wed, 22 Dec 2021 05:00:00 GMT","OCC_HOUR":700,"OCC_YEAR":2021,"TOD":"Morning","WEEKDAY":"Wednesday","DOW":3,"NB_NAME_EN":"Byward Market","SECTOR":"24","DIVISION":"Central","WARD_EN":"Ward 12 - Rideau-Vanier","COUNCILLOR":"Stéphanie Plante","CENSUS_TRC":"5050054.00"}},{"type":"Feature","id":280,"geometry":{"type":"Point","coordinates":[-75.523349508205,45.4296625093827]},"properties":{"OBJECTID":280,"ID":"280","REP_DATE":"Sat, 01 Jan 2022 05:00:00 GMT","REP_HOUR":300,"REP_YEAR":2022,"OCC_DATE":"Sat, 01 Jan 2022 05:00:00 GMT","OCC_HOUR":300,"OCC_YEAR":2022,"TOD":"Night","WEEKDAY":"Saturday","DOW":6,"NB_NAME_EN":"Orléans Chapel Hill South","SECTOR":"31","DIVISION":"East","WARD_EN":"Ward 19 - Orléans South-Navan","COUNCILLOR":"Catherine Kitts","CENSUS_TRC":"5050125.11"}},{"type":"Feature","id":281,"geometry":{"type":"Point","coordinates":[-75.4661509213316,45.3230086523952]},"properties":{"OBJECTID":281,"ID":"281","REP_DATE":"Sun, 02 Jan 2022 05:00:00 GMT","REP_HOUR":1400,"REP_YEAR":2022,"OCC_DATE":"Sun, 02 Jan 2022 05:00:00 GMT","OCC_HOUR":900,"OCC_YEAR":2022,"TOD":"Morning","WEEKDAY":"Sunday","DOW":7,"NB_NAME_EN":"Russell - Edwards","SECTOR":"37","DIVISION":"East","WARD_EN":"Ward 20 - Osgoode","COUNCILLOR":"Isabelle Skalski","CENSUS_TRC":"5050190.01"}},{"type":"Feature","id":282,"geometry":{"type":"Point","coordinates":[-75.701410840855,45.3384502276691]},"properties":{"OBJECTID":282,"ID":"282","REP_DATE":"Fri, 07 Jan 2022 05:00:00 GMT","REP_HOUR":1300,"REP_YEAR":2022,"OCC_DATE":"Fri, 07 Jan 2022 05:00:00 GMT","OCC_HOUR":1300,"OCC_YEAR":2022,"TOD":"Afternoon","WEEKDAY":"Friday","DOW":5,"NB_NAME_EN":"Hunt Club South Industrial","SECTOR":"17","DIVISION":"West","WARD_EN":"Ward 9 - Knoxdale-Merivale","COUNCILLOR":"Sean Devine","CENSUS_TRC":"5050130.01"}},{"type":"Feature","id":283,"geometry":{"type":"Point","coordinates":[-75.6523776085824,45.4251992596643]},"properties":{"OBJECTID":283,"ID":"283","REP_DATE":"Sat, 15 Jan 2022 05:00:00 GMT","REP_HOUR":2200,"REP_YEAR":2022,"OCC_DATE":"Sat, 15 Jan 2022 05:00:00 GMT","OCC_HOUR":2200,"OCC_YEAR":2022,"TOD":"Evening","WEEKDAY":"Saturday","DOW":6,"NB_NAME_EN":"Overbrook - McArthur","SECTOR":"25","DIVISION":"Central","WARD_EN":"Ward 13 - Rideau-Rockcliffe","COUNCILLOR":"Rawlson King","CENSUS_TRC":"5050012.00"}},{"type":"Feature","id":284,"geometry":{"type":"Point","coordinates":[-75.778658084522,45.3736897177213]},"properties":{"OBJECTID":284,"ID":"284","REP_DATE":"Wed, 02 Feb 2022 05:00:00 GMT","REP_HOUR":2100,"REP_YEAR":2022,"OCC_DATE":"Wed, 02 Feb 2022 05:00:00 GMT","OCC_HOUR":2100,"OCC_YEAR":2022,"TOD":"Evening","WEEKDAY":"Wednesday","DOW":3,"NB_NAME_EN":"Woodroffe - Lincoln Heights","SECTOR":"14","DIVISION":"West","WARD_EN":"Ward 7 - Bay","COUNCILLOR":"Theresa Kavanagh","CENSUS_TRC":"5050031.00"}},{"type":"Feature","id":285,"geometry":{"type":"Point","coordinates":[-75.7132279526006,45.3720565073659]},"properties":{"OBJECTID":285,"ID":"285","REP_DATE":"Sat, 19 Feb 2022 05:00:00 GMT","REP_HOUR":200,"REP_YEAR":2022,"OCC_DATE":"Sat, 19 Feb 2022 05:00:00 GMT","OCC_HOUR":200,"OCC_YEAR":2022,"TOD":"Night","WEEKDAY":"Saturday","DOW":6,"NB_NAME_EN":"Civic Hospital-Central Park","SECTOR":"21","DIVISION":"Central","WARD_EN":"Ward 16 - River","COUNCILLOR":"Riley Brockington","CENSUS_TRC":"5050020.01"}},{"type":"Feature","id":286,"geometry":{"type":"Point","coordinates":[-75.6334682773797,45.3691314336261]},"properties":{"OBJECTID":286,"ID":"286","REP_DATE":"Mon, 21 Feb 2022 05:00:00 GMT","REP_HOUR":1800,"REP_YEAR":2022,"OCC_DATE":"Mon, 21 Feb 2022 05:00:00 GMT","OCC_HOUR":1800,"OCC_YEAR":2022,"TOD":"Evening","WEEKDAY":"Monday","DOW":1,"NB_NAME_EN":"Greenboro East","SECTOR":"35","DIVISION":"East","WARD_EN":"Ward 10 - Gloucester-Southgate","COUNCILLOR":"Jessica Bradley","CENSUS_TRC":"5050001.05"}},{"type":"Feature","id":287,"geometry":{"type":"Point","coordinates":[-75.5914293998392,45.4485792021832]},"properties":{"OBJECTID":287,"ID":"287","REP_DATE":"Wed, 23 Feb 2022 05:00:00 GMT","REP_HOUR":2200,"REP_YEAR":2022,"OCC_DATE":"Wed, 23 Feb 2022 05:00:00 GMT","OCC_HOUR":2200,"OCC_YEAR":2022,"TOD":"Evening","WEEKDAY":"Wednesday","DOW":3,"NB_NAME_EN":"Rothwell Heights - Beacon Hill North","SECTOR":"32","DIVISION":"East","WARD_EN":"Ward 11 - Beacon Hill-Cyrville","COUNCILLOR":"Tim Tierney","CENSUS_TRC":"5050120.02"}},{"type":"Feature","id":288,"geometry":{"type":"Point","coordinates":[-75.5945460133656,45.4551796893559]},"properties":{"OBJECTID":288,"ID":"288","REP_DATE":"Thu, 24 Feb 2022 05:00:00 GMT","REP_HOUR":1000,"REP_YEAR":2022,"OCC_DATE":"Wed, 23 Feb 2022 05:00:00 GMT","OCC_HOUR":2200,"OCC_YEAR":2022,"TOD":"Evening","WEEKDAY":"Wednesday","DOW":3,"NB_NAME_EN":"Rothwell Heights - Beacon Hill North","SECTOR":"32","DIVISION":"East","WARD_EN":"Ward 11 - Beacon Hill-Cyrville","COUNCILLOR":"Tim Tierney","CENSUS_TRC":"5050120.02"}},{"type":"Feature","id":289,"geometry":{"type":"Point","coordinates":[-75.6514459887177,45.4266163023963]},"properties":{"OBJECTID":289,"ID":"289","REP_DATE":"Sat, 05 Mar 2022 05:00:00 GMT","REP_HOUR":1800,"REP_YEAR":2022,"OCC_DATE":"Sat, 05 Mar 2022 05:00:00 GMT","OCC_HOUR":1800,"OCC_YEAR":2022,"TOD":"Evening","WEEKDAY":"Saturday","DOW":6,"NB_NAME_EN":"Overbrook - McArthur","SECTOR":"25","DIVISION":"Central","WARD_EN":"Ward 13 - Rideau-Rockcliffe","COUNCILLOR":"Rawlson King","CENSUS_TRC":"5050012.00"}},{"type":"Feature","id":290,"geometry":{"type":"Point","coordinates":[-75.7340445571656,45.3772642870086]},"properties":{"OBJECTID":290,"ID":"290","REP_DATE":"Tue, 22 Mar 2022 05:00:00 GMT","REP_HOUR":2100,"REP_YEAR":2022,"OCC_DATE":"Tue, 22 Mar 2022 05:00:00 GMT","OCC_HOUR":2100,"OCC_YEAR":2022,"TOD":"Evening","WEEKDAY":"Tuesday","DOW":2,"NB_NAME_EN":"Carlington","SECTOR":"21","DIVISION":"Central","WARD_EN":"Ward 16 - River","COUNCILLOR":"Riley Brockington","CENSUS_TRC":"5050022.00"}},{"type":"Feature","id":291,"geometry":{"type":"Point","coordinates":[-75.6567852280809,45.3787676573755]},"properties":{"OBJECTID":291,"ID":"291","REP_DATE":"Mon, 04 Apr 2022 05:00:00 GMT","REP_HOUR":1600,"REP_YEAR":2022,"OCC_DATE":"Mon, 04 Apr 2022 05:00:00 GMT","OCC_HOUR":1600,"OCC_YEAR":2022,"TOD":"Afternoon","WEEKDAY":"Monday","DOW":1,"NB_NAME_EN":"Ledbury - Heron Gate - Ridgemont - Elmwood","SECTOR":"34","DIVISION":"East","WARD_EN":"Ward 18 - Alta Vista","COUNCILLOR":"Marty Carr","CENSUS_TRC":"5050007.02"}},{"type":"Feature","id":292,"geometry":{"type":"Point","coordinates":[-75.495421914072,45.4751012777156]},"properties":{"OBJECTID":292,"ID":"292","REP_DATE":"Wed, 06 Apr 2022 05:00:00 GMT","REP_HOUR":900,"REP_YEAR":2022,"OCC_DATE":"Wed, 06 Apr 2022 05:00:00 GMT","OCC_HOUR":0,"OCC_YEAR":2022,"TOD":"Night","WEEKDAY":"Wednesday","DOW":3,"NB_NAME_EN":"Orléans Avalon - Notting Gate - Fallingbrook - Gardenway South","SECTOR":"31","DIVISION":"East","WARD_EN":"Ward 1 - Orléans East-Cumberland","COUNCILLOR":"Matthew Luloff","CENSUS_TRC":"5050170.09"}},{"type":"Feature","id":293,"geometry":{"type":"Point","coordinates":[-75.6623420644491,45.4331915977502]},"properties":{"OBJECTID":293,"ID":"293","REP_DATE":"Tue, 19 Apr 2022 05:00:00 GMT","REP_HOUR":500,"REP_YEAR":2022,"OCC_DATE":"Tue, 19 Apr 2022 05:00:00 GMT","OCC_HOUR":500,"OCC_YEAR":2022,"TOD":"Night","WEEKDAY":"Tuesday","DOW":2,"NB_NAME_EN":"Vanier South","SECTOR":"25","DIVISION":"Central","WARD_EN":"Ward 12 - Rideau-Vanier","COUNCILLOR":"Stéphanie Plante","CENSUS_TRC":"5050101.00"}},{"type":"Feature","id":294,"geometry":{"type":"Point","coordinates":[-75.6566449789144,45.4398446476629]},"properties":{"OBJECTID":294,"ID":"294","REP_DATE":"Tue, 19 Apr 2022 05:00:00 GMT","REP_HOUR":200,"REP_YEAR":2022,"OCC_DATE":"Tue, 19 Apr 2022 05:00:00 GMT","OCC_HOUR":200,"OCC_YEAR":2022,"TOD":"Night","WEEKDAY":"Tuesday","DOW":2,"NB_NAME_EN":"Vanier North","SECTOR":"25","DIVISION":"Central","WARD_EN":"Ward 12 - Rideau-Vanier","COUNCILLOR":"Stéphanie Plante","CENSUS_TRC":"5050103.00"}},{"type":"Feature","id":295,"geometry":{"type":"Point","coordinates":[-75.5608744908265,45.4085557676726]},"properties":{"OBJECTID":295,"ID":"295","REP_DATE":"Mon, 25 Apr 2022 05:00:00 GMT","REP_HOUR":2200,"REP_YEAR":2022,"OCC_DATE":"Mon, 25 Apr 2022 05:00:00 GMT","OCC_HOUR":2200,"OCC_YEAR":2022,"TOD":"Evening","WEEKDAY":"Monday","DOW":1,"NB_NAME_EN":"Greenbelt - Mer Bleue","SECTOR":"31","DIVISION":"East","WARD_EN":"Ward 10 - Gloucester-Southgate","COUNCILLOR":"Jessica Bradley","CENSUS_TRC":"5050125.03"}},{"type":"Feature","id":296,"geometry":{"type":"Point","coordinates":[-75.6021090650232,45.4579839874389]},"properties":{"OBJECTID":296,"ID":"296","REP_DATE":"Sun, 01 May 2022 05:00:00 GMT","REP_HOUR":1600,"REP_YEAR":2022,"OCC_DATE":"Sun, 01 May 2022 05:00:00 GMT","OCC_HOUR":1600,"OCC_YEAR":2022,"TOD":"Afternoon","WEEKDAY":"Sunday","DOW":7,"NB_NAME_EN":"Rothwell Heights - Beacon Hill North","SECTOR":"32","DIVISION":"East","WARD_EN":"Ward 11 - Beacon Hill-Cyrville","COUNCILLOR":"Tim Tierney","CENSUS_TRC":"5050120.03"}},{"type":"Feature","id":297,"geometry":{"type":"Point","coordinates":[-75.6398490020528,45.3404817754622]},"properties":{"OBJECTID":297,"ID":"297","REP_DATE":"Mon, 02 May 2022 05:00:00 GMT","REP_HOUR":2100,"REP_YEAR":2022,"OCC_DATE":"Mon, 02 May 2022 05:00:00 GMT","OCC_HOUR":2100,"OCC_YEAR":2022,"TOD":"Evening","WEEKDAY":"Monday","DOW":1,"NB_NAME_EN":"Emerald Woods - Sawmill Creek","SECTOR":"35","DIVISION":"East","WARD_EN":"Ward 10 - Gloucester-Southgate","COUNCILLOR":"Jessica Bradley","CENSUS_TRC":"5050123.01"}},{"type":"Feature","id":298,"geometry":{"type":"Point","coordinates":[-75.6930363579791,45.4290752661743]},"properties":{"OBJECTID":298,"ID":"298","REP_DATE":"Tue, 03 May 2022 05:00:00 GMT","REP_HOUR":0,"REP_YEAR":2022,"OCC_DATE":"Tue, 03 May 2022 05:00:00 GMT","OCC_HOUR":0,"OCC_YEAR":2022,"TOD":"Night","WEEKDAY":"Tuesday","DOW":2,"NB_NAME_EN":"Byward Market","SECTOR":"24","DIVISION":"Central","WARD_EN":"Ward 12 - Rideau-Vanier","COUNCILLOR":"Stéphanie Plante","CENSUS_TRC":"5050054.00"}},{"type":"Feature","id":299,"geometry":{"type":"Point","coordinates":[-75.621569589851,45.3962067050499]},"properties":{"OBJECTID":299,"ID":"299","REP_DATE":"Sun, 08 May 2022 05:00:00 GMT","REP_HOUR":1300,"REP_YEAR":2022,"OCC_DATE":"Sun, 08 May 2022 05:00:00 GMT","OCC_HOUR":1300,"OCC_YEAR":2022,"TOD":"Afternoon","WEEKDAY":"Sunday","DOW":7,"NB_NAME_EN":"Elmvale - Eastway - Riverview - Riverview Park West","SECTOR":"33","DIVISION":"East","WARD_EN":"Ward 18 - Alta Vista","COUNCILLOR":"Marty Carr","CENSUS_TRC":"5050009.00"}},{"type":"Feature","id":300,"geometry":{"type":"Point","coordinates":[-75.6470909526455,45.3464941340884]},"properties":{"OBJECTID":300,"ID":"300","REP_DATE":"Wed, 11 May 2022 05:00:00 GMT","REP_HOUR":2300,"REP_YEAR":2022,"OCC_DATE":"Wed, 11 May 2022 05:00:00 GMT","OCC_HOUR":2300,"OCC_YEAR":2022,"TOD":"Evening","WEEKDAY":"Wednesday","DOW":3,"NB_NAME_EN":"Emerald Woods - Sawmill Creek","SECTOR":"35","DIVISION":"East","WARD_EN":"Ward 10 - Gloucester-Southgate","COUNCILLOR":"Jessica Bradley","CENSUS_TRC":"5050123.01"}},{"type":"Feature","id":301,"geometry":{"type":"Point","coordinates":[-75.6986381435624,45.4059835612452]},"properties":{"OBJECTID":301,"ID":"301","REP_DATE":"Thu, 12 May 2022 05:00:00 GMT","REP_HOUR":1300,"REP_YEAR":2022,"OCC_DATE":"Thu, 12 May 2022 05:00:00 GMT","OCC_HOUR":1300,"OCC_YEAR":2022,"TOD":"Afternoon","WEEKDAY":"Thursday","DOW":4,"NB_NAME_EN":"Glebe - Dows Lake","SECTOR":"22","DIVISION":"Central","WARD_EN":"Ward 14 - Somerset","COUNCILLOR":"Ariel Troster","CENSUS_TRC":"5050036.00"}},{"type":"Feature","id":302,"geometry":{"type":"Point","coordinates":[-75.6697947524612,45.3861200457976]},"properties":{"OBJECTID":302,"ID":"302","REP_DATE":"Sun, 15 May 2022 05:00:00 GMT","REP_HOUR":1000,"REP_YEAR":2022,"OCC_DATE":"Sun, 15 May 2022 05:00:00 GMT","OCC_HOUR":1000,"OCC_YEAR":2022,"TOD":"Morning","WEEKDAY":"Sunday","DOW":7,"NB_NAME_EN":"Billings Bridge - Alta Vista","SECTOR":"34","DIVISION":"East","WARD_EN":"Ward 18 - Alta Vista","COUNCILLOR":"Marty Carr","CENSUS_TRC":"5050005.00"}},{"type":"Feature","id":303,"geometry":{"type":"Point","coordinates":[-75.6186633037482,45.3984477545261]},"properties":{"OBJECTID":303,"ID":"303","REP_DATE":"Tue, 07 Jun 2022 05:00:00 GMT","REP_HOUR":2000,"REP_YEAR":2022,"OCC_DATE":"Tue, 07 Jun 2022 05:00:00 GMT","OCC_HOUR":2000,"OCC_YEAR":2022,"TOD":"Evening","WEEKDAY":"Tuesday","DOW":2,"NB_NAME_EN":"Hawthorne Meadows - Sheffield Glen","SECTOR":"33","DIVISION":"East","WARD_EN":"Ward 18 - Alta Vista","COUNCILLOR":"Marty Carr","CENSUS_TRC":"5050010.00"}},{"type":"Feature","id":304,"geometry":{"type":"Point","coordinates":[-75.618179980108,45.3200962672475]},"properties":{"OBJECTID":304,"ID":"304","REP_DATE":"Wed, 08 Jun 2022 05:00:00 GMT","REP_HOUR":2100,"REP_YEAR":2022,"OCC_DATE":"Wed, 08 Jun 2022 05:00:00 GMT","OCC_HOUR":2100,"OCC_YEAR":2022,"TOD":"Evening","WEEKDAY":"Wednesday","DOW":3,"NB_NAME_EN":"Riverside South - Leitrim","SECTOR":"35","DIVISION":"East","WARD_EN":"Ward 22 - Riverside South-Findlay Creek","COUNCILLOR":"Steve Desroches","CENSUS_TRC":"5050126.07"}},{"type":"Feature","id":305,"geometry":{"type":"Point","coordinates":[-75.6132400469432,45.4453109435101]},"properties":{"OBJECTID":305,"ID":"305","REP_DATE":"Wed, 22 Jun 2022 05:00:00 GMT","REP_HOUR":1800,"REP_YEAR":2022,"OCC_DATE":"Wed, 22 Jun 2022 05:00:00 GMT","OCC_HOUR":1800,"OCC_YEAR":2022,"TOD":"Evening","WEEKDAY":"Wednesday","DOW":3,"NB_NAME_EN":"Beacon Hill South - Cardinal Heights","SECTOR":"32","DIVISION":"East","WARD_EN":"Ward 11 - Beacon Hill-Cyrville","COUNCILLOR":"Tim Tierney","CENSUS_TRC":"5050121.01"}},{"type":"Feature","id":306,"geometry":{"type":"Point","coordinates":[-75.5981555724148,45.4196186890932]},"properties":{"OBJECTID":306,"ID":"306","REP_DATE":"Thu, 23 Jun 2022 05:00:00 GMT","REP_HOUR":2300,"REP_YEAR":2022,"OCC_DATE":"Thu, 23 Jun 2022 05:00:00 GMT","OCC_HOUR":2300,"OCC_YEAR":2022,"TOD":"Evening","WEEKDAY":"Thursday","DOW":4,"NB_NAME_EN":"Pineview","SECTOR":"32","DIVISION":"East","WARD_EN":"Ward 11 - Beacon Hill-Cyrville","COUNCILLOR":"Tim Tierney","CENSUS_TRC":"5050122.02"}},{"type":"Feature","id":307,"geometry":{"type":"Point","coordinates":[-75.657124414779,45.3652595236729]},"properties":{"OBJECTID":307,"ID":"307","REP_DATE":"Tue, 05 Jul 2022 05:00:00 GMT","REP_HOUR":1200,"REP_YEAR":2022,"OCC_DATE":"Tue, 05 Jul 2022 05:00:00 GMT","OCC_HOUR":1200,"OCC_YEAR":2022,"TOD":"Afternoon","WEEKDAY":"Tuesday","DOW":2,"NB_NAME_EN":"Ledbury - Heron Gate - Ridgemont - Elmwood","SECTOR":"34","DIVISION":"East","WARD_EN":"Ward 16 - River","COUNCILLOR":"Riley Brockington","CENSUS_TRC":"5050001.10"}},{"type":"Feature","id":308,"geometry":{"type":"Point","coordinates":[-75.8011159649253,45.3577658647037]},"properties":{"OBJECTID":308,"ID":"308","REP_DATE":"Wed, 06 Jul 2022 05:00:00 GMT","REP_HOUR":1300,"REP_YEAR":2022,"OCC_DATE":"Wed, 06 Jul 2022 05:00:00 GMT","OCC_HOUR":1300,"OCC_YEAR":2022,"TOD":"Afternoon","WEEKDAY":"Wednesday","DOW":3,"NB_NAME_EN":"Britannia Village","SECTOR":"14","DIVISION":"West","WARD_EN":"Ward 7 - Bay","COUNCILLOR":"Theresa Kavanagh","CENSUS_TRC":"5050029.00"}},{"type":"Feature","id":309,"geometry":{"type":"Point","coordinates":[-75.6228233414153,45.2315651443337]},"properties":{"OBJECTID":309,"ID":"309","REP_DATE":"Fri, 08 Jul 2022 05:00:00 GMT","REP_HOUR":1600,"REP_YEAR":2022,"OCC_DATE":"Fri, 08 Jul 2022 05:00:00 GMT","OCC_HOUR":1600,"OCC_YEAR":2022,"TOD":"Afternoon","WEEKDAY":"Friday","DOW":5,"NB_NAME_EN":"Manotick East","SECTOR":"36","DIVISION":"East","WARD_EN":"Ward 20 - Osgoode","COUNCILLOR":"Isabelle Skalski","CENSUS_TRC":"5050191.01"}},{"type":"Feature","id":310,"geometry":{"type":"Point","coordinates":[-75.6861061498943,45.4319866361156]},"properties":{"OBJECTID":310,"ID":"310","REP_DATE":"Sat, 16 Jul 2022 05:00:00 GMT","REP_HOUR":200,"REP_YEAR":2022,"OCC_DATE":"Fri, 15 Jul 2022 05:00:00 GMT","OCC_HOUR":2300,"OCC_YEAR":2022,"TOD":"Evening","WEEKDAY":"Friday","DOW":5,"NB_NAME_EN":"Lowertown","SECTOR":"24","DIVISION":"Central","WARD_EN":"Ward 12 - Rideau-Vanier","COUNCILLOR":"Stéphanie Plante","CENSUS_TRC":"5050056.00"}},{"type":"Feature","id":311,"geometry":{"type":"Point","coordinates":[-76.2625723402167,45.4437393980455]},"properties":{"OBJECTID":311,"ID":"311","REP_DATE":"Sat, 16 Jul 2022 05:00:00 GMT","REP_HOUR":1300,"REP_YEAR":2022,"OCC_DATE":"Fri, 01 Jul 2022 05:00:00 GMT","OCC_HOUR":1300,"OCC_YEAR":2022,"TOD":"Afternoon","WEEKDAY":"Friday","DOW":5,"NB_NAME_EN":"Galetta","SECTOR":"11","DIVISION":"West","WARD_EN":"Ward 5 - West Carleton-March","COUNCILLOR":"Clarke Kelly","CENSUS_TRC":"5050301.00"}},{"type":"Feature","id":312,"geometry":{"type":"Point","coordinates":[-75.6709120958849,45.3846883166519]},"properties":{"OBJECTID":312,"ID":"312","REP_DATE":"Mon, 18 Jul 2022 05:00:00 GMT","REP_HOUR":1500,"REP_YEAR":2022,"OCC_DATE":"Mon, 18 Jul 2022 05:00:00 GMT","OCC_HOUR":1500,"OCC_YEAR":2022,"TOD":"Afternoon","WEEKDAY":"Monday","DOW":1,"NB_NAME_EN":"Billings Bridge - Alta Vista","SECTOR":"34","DIVISION":"East","WARD_EN":"Ward 18 - Alta Vista","COUNCILLOR":"Marty Carr","CENSUS_TRC":"5050005.00"}},{"type":"Feature","id":313,"geometry":{"type":"Point","coordinates":[-75.6193732053924,45.3731441228249]},"properties":{"OBJECTID":313,"ID":"313","REP_DATE":"Thu, 21 Jul 2022 05:00:00 GMT","REP_HOUR":2200,"REP_YEAR":2022,"OCC_DATE":"Thu, 21 Jul 2022 05:00:00 GMT","OCC_HOUR":2200,"OCC_YEAR":2022,"TOD":"Evening","WEEKDAY":"Thursday","DOW":4,"NB_NAME_EN":"Hunt Club Park","SECTOR":"33","DIVISION":"East","WARD_EN":"Ward 10 - Gloucester-Southgate","COUNCILLOR":"Jessica Bradley","CENSUS_TRC":"5050001.08"}},{"type":"Feature","id":314,"geometry":{"type":"Point","coordinates":[-75.7778425565786,45.3521191658972]},"properties":{"OBJECTID":314,"ID":"314","REP_DATE":"Sat, 23 Jul 2022 05:00:00 GMT","REP_HOUR":1500,"REP_YEAR":2022,"OCC_DATE":"Tue, 19 Jul 2022 05:00:00 GMT","OCC_HOUR":2300,"OCC_YEAR":2022,"TOD":"Evening","WEEKDAY":"Tuesday","DOW":2,"NB_NAME_EN":"Iris","SECTOR":"15","DIVISION":"West","WARD_EN":"Ward 8 - College","COUNCILLOR":"Laine Johnson","CENSUS_TRC":"5050026.00"}},{"type":"Feature","id":315,"geometry":{"type":"Point","coordinates":[-75.6494708911855,45.4457519376788]},"properties":{"OBJECTID":315,"ID":"315","REP_DATE":"Sun, 31 Jul 2022 05:00:00 GMT","REP_HOUR":2200,"REP_YEAR":2022,"OCC_DATE":"Sun, 31 Jul 2022 05:00:00 GMT","OCC_HOUR":2200,"OCC_YEAR":2022,"TOD":"Evening","WEEKDAY":"Sunday","DOW":7,"NB_NAME_EN":"Vanier North","SECTOR":"25","DIVISION":"Central","WARD_EN":"Ward 12 - Rideau-Vanier","COUNCILLOR":"Stéphanie Plante","CENSUS_TRC":"5050060.00"}},{"type":"Feature","id":316,"geometry":{"type":"Point","coordinates":[-75.7466618996493,45.3501810653532]},"properties":{"OBJECTID":316,"ID":"316","REP_DATE":"Tue, 09 Aug 2022 05:00:00 GMT","REP_HOUR":1700,"REP_YEAR":2022,"OCC_DATE":"Tue, 09 Aug 2022 05:00:00 GMT","OCC_HOUR":1700,"OCC_YEAR":2022,"TOD":"Afternoon","WEEKDAY":"Tuesday","DOW":2,"NB_NAME_EN":"Crestview - Meadowlands","SECTOR":"17","DIVISION":"West","WARD_EN":"Ward 8 - College","COUNCILLOR":"Laine Johnson","CENSUS_TRC":"5050133.00"}},{"type":"Feature","id":317,"geometry":{"type":"Point","coordinates":[-75.6816236154279,45.3680369595456]},"properties":{"OBJECTID":317,"ID":"317","REP_DATE":"Fri, 12 Aug 2022 05:00:00 GMT","REP_HOUR":500,"REP_YEAR":2022,"OCC_DATE":"Fri, 12 Aug 2022 05:00:00 GMT","OCC_HOUR":500,"OCC_YEAR":2022,"TOD":"Night","WEEKDAY":"Friday","DOW":5,"NB_NAME_EN":"Riverside Park","SECTOR":"34","DIVISION":"East","WARD_EN":"Ward 16 - River","COUNCILLOR":"Riley Brockington","CENSUS_TRC":"5050003.00"}},{"type":"Feature","id":318,"geometry":{"type":"Point","coordinates":[-75.8847216372186,45.2937127811473]},"properties":{"OBJECTID":318,"ID":"318","REP_DATE":"Sat, 13 Aug 2022 05:00:00 GMT","REP_HOUR":200,"REP_YEAR":2022,"OCC_DATE":"Sat, 13 Aug 2022 05:00:00 GMT","OCC_HOUR":200,"OCC_YEAR":2022,"TOD":"Night","WEEKDAY":"Saturday","DOW":6,"NB_NAME_EN":"Glen Cairn - Kanata South Business Park","SECTOR":"13","DIVISION":"West","WARD_EN":"Ward 23 - Kanata South","COUNCILLOR":"Allan Hubley","CENSUS_TRC":"5050162.02"}},{"type":"Feature","id":319,"geometry":{"type":"Point","coordinates":[-75.6288091726652,45.4021832925928]},"properties":{"OBJECTID":319,"ID":"319","REP_DATE":"Tue, 16 Aug 2022 05:00:00 GMT","REP_HOUR":1800,"REP_YEAR":2022,"OCC_DATE":"Tue, 16 Aug 2022 05:00:00 GMT","OCC_HOUR":1800,"OCC_YEAR":2022,"TOD":"Evening","WEEKDAY":"Tuesday","DOW":2,"NB_NAME_EN":"Elmvale - Eastway - Riverview - Riverview Park West","SECTOR":"33","DIVISION":"East","WARD_EN":"Ward 18 - Alta Vista","COUNCILLOR":"Marty Carr","CENSUS_TRC":"5050011.01"}},{"type":"Feature","id":320,"geometry":{"type":"Point","coordinates":[-75.6940406715646,45.4275766756764]},"properties":{"OBJECTID":320,"ID":"320","REP_DATE":"Fri, 26 Aug 2022 05:00:00 GMT","REP_HOUR":400,"REP_YEAR":2022,"OCC_DATE":"Fri, 26 Aug 2022 05:00:00 GMT","OCC_HOUR":400,"OCC_YEAR":2022,"TOD":"Night","WEEKDAY":"Friday","DOW":5,"NB_NAME_EN":"Byward Market","SECTOR":"24","DIVISION":"Central","WARD_EN":"Ward 12 - Rideau-Vanier","COUNCILLOR":"Stéphanie Plante","CENSUS_TRC":"5050054.00"}},{"type":"Feature","id":321,"geometry":{"type":"Point","coordinates":[-75.7392966102704,45.3731329818169]},"properties":{"OBJECTID":321,"ID":"321","REP_DATE":"Sat, 27 Aug 2022 05:00:00 GMT","REP_HOUR":1700,"REP_YEAR":2022,"OCC_DATE":"Sat, 27 Aug 2022 05:00:00 GMT","OCC_HOUR":1700,"OCC_YEAR":2022,"TOD":"Afternoon","WEEKDAY":"Saturday","DOW":6,"NB_NAME_EN":"Carlington","SECTOR":"21","DIVISION":"Central","WARD_EN":"Ward 16 - River","COUNCILLOR":"Riley Brockington","CENSUS_TRC":"5050022.00"}},{"type":"Feature","id":322,"geometry":{"type":"Point","coordinates":[-75.657124414779,45.3652595236729]},"properties":{"OBJECTID":322,"ID":"322","REP_DATE":"Sat, 27 Aug 2022 05:00:00 GMT","REP_HOUR":1900,"REP_YEAR":2022,"OCC_DATE":"Sat, 27 Aug 2022 05:00:00 GMT","OCC_HOUR":1900,"OCC_YEAR":2022,"TOD":"Evening","WEEKDAY":"Saturday","DOW":6,"NB_NAME_EN":"Ledbury - Heron Gate - Ridgemont - Elmwood","SECTOR":"34","DIVISION":"East","WARD_EN":"Ward 16 - River","COUNCILLOR":"Riley Brockington","CENSUS_TRC":"5050001.10"}},{"type":"Feature","id":323,"geometry":{"type":"Point","coordinates":[-75.7117475701286,45.4114733766593]},"properties":{"OBJECTID":323,"ID":"323","REP_DATE":"Mon, 29 Aug 2022 05:00:00 GMT","REP_HOUR":1700,"REP_YEAR":2022,"OCC_DATE":"Mon, 29 Aug 2022 05:00:00 GMT","OCC_HOUR":1700,"OCC_YEAR":2022,"TOD":"Afternoon","WEEKDAY":"Monday","DOW":1,"NB_NAME_EN":"West Centertown","SECTOR":"22","DIVISION":"Central","WARD_EN":"Ward 14 - Somerset","COUNCILLOR":"Ariel Troster","CENSUS_TRC":"5050041.00"}},{"type":"Feature","id":324,"geometry":{"type":"Point","coordinates":[-75.6288091726652,45.4021832925928]},"properties":{"OBJECTID":324,"ID":"324","REP_DATE":"Fri, 02 Sep 2022 05:00:00 GMT","REP_HOUR":2300,"REP_YEAR":2022,"OCC_DATE":"Fri, 02 Sep 2022 05:00:00 GMT","OCC_HOUR":2300,"OCC_YEAR":2022,"TOD":"Evening","WEEKDAY":"Friday","DOW":5,"NB_NAME_EN":"Elmvale - Eastway - Riverview - Riverview Park West","SECTOR":"33","DIVISION":"East","WARD_EN":"Ward 18 - Alta Vista","COUNCILLOR":"Marty Carr","CENSUS_TRC":"5050011.01"}},{"type":"Feature","id":325,"geometry":{"type":"Point","coordinates":[-75.6253714377271,45.3476158266712]},"properties":{"OBJECTID":325,"ID":"325","REP_DATE":"Mon, 05 Sep 2022 05:00:00 GMT","REP_HOUR":2300,"REP_YEAR":2022,"OCC_DATE":"Mon, 05 Sep 2022 05:00:00 GMT","OCC_HOUR":2300,"OCC_YEAR":2022,"TOD":"Evening","WEEKDAY":"Monday","DOW":1,"NB_NAME_EN":"Hunt Club Upper -Blossom Park - Timbermill","SECTOR":"35","DIVISION":"East","WARD_EN":"Ward 10 - Gloucester-Southgate","COUNCILLOR":"Jessica Bradley","CENSUS_TRC":"5050123.03"}},{"type":"Feature","id":326,"geometry":{"type":"Point","coordinates":[-75.6418754578149,45.3738548520349]},"properties":{"OBJECTID":326,"ID":"326","REP_DATE":"Sun, 11 Sep 2022 05:00:00 GMT","REP_HOUR":1000,"REP_YEAR":2022,"OCC_DATE":"Sun, 11 Sep 2022 05:00:00 GMT","OCC_HOUR":1000,"OCC_YEAR":2022,"TOD":"Morning","WEEKDAY":"Sunday","DOW":7,"NB_NAME_EN":"Ledbury - Heron Gate - Ridgemont - Elmwood","SECTOR":"34","DIVISION":"East","WARD_EN":"Ward 10 - Gloucester-Southgate","COUNCILLOR":"Jessica Bradley","CENSUS_TRC":"5050001.09"}},{"type":"Feature","id":327,"geometry":{"type":"Point","coordinates":[-75.644078876214,45.4458342223368]},"properties":{"OBJECTID":327,"ID":"327","REP_DATE":"Mon, 19 Sep 2022 05:00:00 GMT","REP_HOUR":1800,"REP_YEAR":2022,"OCC_DATE":"Mon, 19 Sep 2022 05:00:00 GMT","OCC_HOUR":1800,"OCC_YEAR":2022,"TOD":"Evening","WEEKDAY":"Monday","DOW":1,"NB_NAME_EN":"CFB Rockcliffe-NRC","SECTOR":"32","DIVISION":"East","WARD_EN":"Ward 13 - Rideau-Rockcliffe","COUNCILLOR":"Rawlson King","CENSUS_TRC":"5050060.00"}},{"type":"Feature","id":328,"geometry":{"type":"Point","coordinates":[-75.5479605137085,45.4723477074698]},"properties":{"OBJECTID":328,"ID":"328","REP_DATE":"Mon, 26 Sep 2022 05:00:00 GMT","REP_HOUR":2100,"REP_YEAR":2022,"OCC_DATE":"Mon, 26 Sep 2022 05:00:00 GMT","OCC_HOUR":2100,"OCC_YEAR":2022,"TOD":"Evening","WEEKDAY":"Monday","DOW":1,"NB_NAME_EN":"Orléans North West","SECTOR":"31","DIVISION":"East","WARD_EN":"Ward 2 - Orléans West-Innes","COUNCILLOR":"Laura Dudas","CENSUS_TRC":"5050124.04"}},{"type":"Feature","id":329,"geometry":{"type":"Point","coordinates":[-75.4990472069213,45.4769508288141]},"properties":{"OBJECTID":329,"ID":"329","REP_DATE":"Wed, 05 Oct 2022 05:00:00 GMT","REP_HOUR":2000,"REP_YEAR":2022,"OCC_DATE":"Wed, 05 Oct 2022 05:00:00 GMT","OCC_HOUR":2000,"OCC_YEAR":2022,"TOD":"Evening","WEEKDAY":"Wednesday","DOW":3,"NB_NAME_EN":"Orléans Queenswood Heights","SECTOR":"31","DIVISION":"East","WARD_EN":"Ward 1 - Orléans East-Cumberland","COUNCILLOR":"Matthew Luloff","CENSUS_TRC":"5050170.03"}},{"type":"Feature","id":330,"geometry":{"type":"Point","coordinates":[-75.6930363579791,45.4290752661743]},"properties":{"OBJECTID":330,"ID":"330","REP_DATE":"Mon, 10 Oct 2022 05:00:00 GMT","REP_HOUR":200,"REP_YEAR":2022,"OCC_DATE":"Mon, 10 Oct 2022 05:00:00 GMT","OCC_HOUR":200,"OCC_YEAR":2022,"TOD":"Night","WEEKDAY":"Monday","DOW":1,"NB_NAME_EN":"Byward Market","SECTOR":"24","DIVISION":"Central","WARD_EN":"Ward 12 - Rideau-Vanier","COUNCILLOR":"Stéphanie Plante","CENSUS_TRC":"5050054.00"}},{"type":"Feature","id":331,"geometry":{"type":"Point","coordinates":[-75.6864946106081,45.4360837902829]},"properties":{"OBJECTID":331,"ID":"331","REP_DATE":"Tue, 11 Oct 2022 05:00:00 GMT","REP_HOUR":1500,"REP_YEAR":2022,"OCC_DATE":"Tue, 11 Oct 2022 05:00:00 GMT","OCC_HOUR":1500,"OCC_YEAR":2022,"TOD":"Afternoon","WEEKDAY":"Tuesday","DOW":2,"NB_NAME_EN":"Lowertown","SECTOR":"24","DIVISION":"Central","WARD_EN":"Ward 12 - Rideau-Vanier","COUNCILLOR":"Stéphanie Plante","CENSUS_TRC":"5050056.00"}},{"type":"Feature","id":332,"geometry":{"type":"Point","coordinates":[-75.5369503581322,45.3165245502416]},"properties":{"OBJECTID":332,"ID":"332","REP_DATE":"Wed, 12 Oct 2022 05:00:00 GMT","REP_HOUR":1700,"REP_YEAR":2022,"OCC_DATE":"Wed, 12 Oct 2022 05:00:00 GMT","OCC_HOUR":1700,"OCC_YEAR":2022,"TOD":"Afternoon","WEEKDAY":"Wednesday","DOW":3,"NB_NAME_EN":"Russell - Edwards","SECTOR":"37","DIVISION":"East","WARD_EN":"Ward 20 - Osgoode","COUNCILLOR":"Isabelle Skalski","CENSUS_TRC":"5050126.04"}},{"type":"Feature","id":333,"geometry":{"type":"Point","coordinates":[-75.6737303279684,45.4411923378822]},"properties":{"OBJECTID":333,"ID":"333","REP_DATE":"Sun, 16 Oct 2022 05:00:00 GMT","REP_HOUR":100,"REP_YEAR":2022,"OCC_DATE":"Sun, 16 Oct 2022 05:00:00 GMT","OCC_HOUR":100,"OCC_YEAR":2022,"TOD":"Night","WEEKDAY":"Sunday","DOW":7,"NB_NAME_EN":"Vanier North","SECTOR":"25","DIVISION":"Central","WARD_EN":"Ward 12 - Rideau-Vanier","COUNCILLOR":"Stéphanie Plante","CENSUS_TRC":"5050104.00"}},{"type":"Feature","id":334,"geometry":{"type":"Point","coordinates":[-75.6922911674777,45.4302488201323]},"properties":{"OBJECTID":334,"ID":"334","REP_DATE":"Sat, 22 Oct 2022 05:00:00 GMT","REP_HOUR":300,"REP_YEAR":2022,"OCC_DATE":"Sat, 22 Oct 2022 05:00:00 GMT","OCC_HOUR":300,"OCC_YEAR":2022,"TOD":"Night","WEEKDAY":"Saturday","DOW":6,"NB_NAME_EN":"Byward Market","SECTOR":"24","DIVISION":"Central","WARD_EN":"Ward 12 - Rideau-Vanier","COUNCILLOR":"Stéphanie Plante","CENSUS_TRC":"5050054.00"}},{"type":"Feature","id":335,"geometry":{"type":"Point","coordinates":[-75.6930363579791,45.4290752661743]},"properties":{"OBJECTID":335,"ID":"335","REP_DATE":"Sun, 23 Oct 2022 05:00:00 GMT","REP_HOUR":600,"REP_YEAR":2022,"OCC_DATE":"Sun, 23 Oct 2022 05:00:00 GMT","OCC_HOUR":600,"OCC_YEAR":2022,"TOD":"Morning","WEEKDAY":"Sunday","DOW":7,"NB_NAME_EN":"Byward Market","SECTOR":"24","DIVISION":"Central","WARD_EN":"Ward 12 - Rideau-Vanier","COUNCILLOR":"Stéphanie Plante","CENSUS_TRC":"5050054.00"}},{"type":"Feature","id":336,"geometry":{"type":"Point","coordinates":[-75.7215722105444,45.3212436674872]},"properties":{"OBJECTID":336,"ID":"336","REP_DATE":"Sat, 12 Nov 2022 05:00:00 GMT","REP_HOUR":1500,"REP_YEAR":2022,"OCC_DATE":"Sat, 12 Nov 2022 05:00:00 GMT","OCC_HOUR":1500,"OCC_YEAR":2022,"TOD":"Afternoon","WEEKDAY":"Saturday","DOW":6,"NB_NAME_EN":"Merivale Gardens - Grenfell Glen - Pineglen - Country Place","SECTOR":"17","DIVISION":"West","WARD_EN":"Ward 9 - Knoxdale-Merivale","COUNCILLOR":"Sean Devine","CENSUS_TRC":"5050130.01"}},{"type":"Feature","id":337,"geometry":{"type":"Point","coordinates":[-75.7437405974898,45.3538689336279]},"properties":{"OBJECTID":337,"ID":"337","REP_DATE":"Tue, 15 Nov 2022 05:00:00 GMT","REP_HOUR":100,"REP_YEAR":2022,"OCC_DATE":"Tue, 15 Nov 2022 05:00:00 GMT","OCC_HOUR":100,"OCC_YEAR":2022,"TOD":"Night","WEEKDAY":"Tuesday","DOW":2,"NB_NAME_EN":"Crestview - Meadowlands","SECTOR":"17","DIVISION":"West","WARD_EN":"Ward 8 - College","COUNCILLOR":"Laine Johnson","CENSUS_TRC":"5050133.00"}},{"type":"Feature","id":338,"geometry":{"type":"Point","coordinates":[-75.6689691572514,45.4376676712347]},"properties":{"OBJECTID":338,"ID":"338","REP_DATE":"Tue, 06 Dec 2022 05:00:00 GMT","REP_HOUR":1600,"REP_YEAR":2022,"OCC_DATE":"Sun, 04 Dec 2022 05:00:00 GMT","OCC_HOUR":0,"OCC_YEAR":2022,"TOD":"Night","WEEKDAY":"Sunday","DOW":7,"NB_NAME_EN":"Vanier North","SECTOR":"25","DIVISION":"Central","WARD_EN":"Ward 12 - Rideau-Vanier","COUNCILLOR":"Stéphanie Plante","CENSUS_TRC":"5050104.00"}},{"type":"Feature","id":339,"geometry":{"type":"Point","coordinates":[-75.4670380092098,45.5037542931676]},"properties":{"OBJECTID":339,"ID":"339","REP_DATE":"Fri, 09 Dec 2022 05:00:00 GMT","REP_HOUR":1700,"REP_YEAR":2022,"OCC_DATE":"Fri, 09 Dec 2022 05:00:00 GMT","OCC_HOUR":1700,"OCC_YEAR":2022,"TOD":"Afternoon","WEEKDAY":"Friday","DOW":5,"NB_NAME_EN":"Cumberland","SECTOR":"37","DIVISION":"East","WARD_EN":"Ward 1 - Orléans East-Cumberland","COUNCILLOR":"Matthew Luloff","CENSUS_TRC":"5050171.06"}},{"type":"Feature","id":340,"geometry":{"type":"Point","coordinates":[-75.7359815761798,45.3737497585374]},"properties":{"OBJECTID":340,"ID":"340","REP_DATE":"Sat, 07 Jan 2023 05:00:00 GMT","REP_HOUR":1900,"REP_YEAR":2023,"OCC_DATE":"Sat, 07 Jan 2023 05:00:00 GMT","OCC_HOUR":1900,"OCC_YEAR":2023,"TOD":"Evening","WEEKDAY":"Saturday","DOW":6,"NB_NAME_EN":"Carlington","SECTOR":"21","DIVISION":"Central","WARD_EN":"Ward 16 - River","COUNCILLOR":"Riley Brockington","CENSUS_TRC":"5050022.00"}},{"type":"Feature","id":341,"geometry":{"type":"Point","coordinates":[-75.7288607646857,45.3960085808791]},"properties":{"OBJECTID":341,"ID":"341","REP_DATE":"Fri, 13 Jan 2023 05:00:00 GMT","REP_HOUR":1600,"REP_YEAR":2023,"OCC_DATE":"Fri, 13 Jan 2023 05:00:00 GMT","OCC_HOUR":1600,"OCC_YEAR":2023,"TOD":"Afternoon","WEEKDAY":"Friday","DOW":5,"NB_NAME_EN":"Civic Hospital-Central Park","SECTOR":"21","DIVISION":"Central","WARD_EN":"Ward 15 - Kitchissippi","COUNCILLOR":"Jeff Leiper","CENSUS_TRC":"5050034.00"}},{"type":"Feature","id":342,"geometry":{"type":"Point","coordinates":[-75.6937719363708,45.4155725434962]},"properties":{"OBJECTID":342,"ID":"342","REP_DATE":"Thu, 19 Jan 2023 05:00:00 GMT","REP_HOUR":1900,"REP_YEAR":2023,"OCC_DATE":"Thu, 19 Jan 2023 05:00:00 GMT","OCC_HOUR":1900,"OCC_YEAR":2023,"TOD":"Evening","WEEKDAY":"Thursday","DOW":4,"NB_NAME_EN":"Centretown","SECTOR":"23","DIVISION":"Central","WARD_EN":"Ward 14 - Somerset","COUNCILLOR":"Ariel Troster","CENSUS_TRC":"5050038.00"}},{"type":"Feature","id":343,"geometry":{"type":"Point","coordinates":[-75.6501557648548,45.4057348620641]},"properties":{"OBJECTID":343,"ID":"343","REP_DATE":"Sun, 29 Jan 2023 05:00:00 GMT","REP_HOUR":200,"REP_YEAR":2023,"OCC_DATE":"Sun, 29 Jan 2023 05:00:00 GMT","OCC_HOUR":200,"OCC_YEAR":2023,"TOD":"Night","WEEKDAY":"Sunday","DOW":7,"NB_NAME_EN":"Elmvale - Eastway - Riverview - Riverview Park West","SECTOR":"33","DIVISION":"East","WARD_EN":"Ward 18 - Alta Vista","COUNCILLOR":"Marty Carr","CENSUS_TRC":"5050011.04"}},{"type":"Feature","id":344,"geometry":{"type":"Point","coordinates":[-75.6474800634174,45.348943832907]},"properties":{"OBJECTID":344,"ID":"344","REP_DATE":"Sun, 29 Jan 2023 05:00:00 GMT","REP_HOUR":0,"REP_YEAR":2023,"OCC_DATE":"Sun, 29 Jan 2023 05:00:00 GMT","OCC_HOUR":0,"OCC_YEAR":2023,"TOD":"Night","WEEKDAY":"Sunday","DOW":7,"NB_NAME_EN":"Emerald Woods - Sawmill Creek","SECTOR":"35","DIVISION":"East","WARD_EN":"Ward 10 - Gloucester-Southgate","COUNCILLOR":"Jessica Bradley","CENSUS_TRC":"5050123.01"}},{"type":"Feature","id":345,"geometry":{"type":"Point","coordinates":[-75.6533568333729,45.4092699008231]},"properties":{"OBJECTID":345,"ID":"345","REP_DATE":"Tue, 14 Feb 2023 05:00:00 GMT","REP_HOUR":1800,"REP_YEAR":2023,"OCC_DATE":"Tue, 14 Feb 2023 05:00:00 GMT","OCC_HOUR":1800,"OCC_YEAR":2023,"TOD":"Evening","WEEKDAY":"Tuesday","DOW":2,"NB_NAME_EN":"Elmvale - Eastway - Riverview - Riverview Park West","SECTOR":"33","DIVISION":"East","WARD_EN":"Ward 18 - Alta Vista","COUNCILLOR":"Marty Carr","CENSUS_TRC":"5050011.04"}},{"type":"Feature","id":346,"geometry":{"type":"Point","coordinates":[-75.7452647772811,45.3556704691928]},"properties":{"OBJECTID":346,"ID":"346","REP_DATE":"Sat, 18 Feb 2023 05:00:00 GMT","REP_HOUR":2000,"REP_YEAR":2023,"OCC_DATE":"Sat, 18 Feb 2023 05:00:00 GMT","OCC_HOUR":2000,"OCC_YEAR":2023,"TOD":"Evening","WEEKDAY":"Saturday","DOW":6,"NB_NAME_EN":"Crestview - Meadowlands","SECTOR":"17","DIVISION":"West","WARD_EN":"Ward 8 - College","COUNCILLOR":"Laine Johnson","CENSUS_TRC":"5050133.00"}},{"type":"Feature","id":347,"geometry":{"type":"Point","coordinates":[-75.6856437146482,45.4339270557392]},"properties":{"OBJECTID":347,"ID":"347","REP_DATE":"Sat, 18 Feb 2023 05:00:00 GMT","REP_HOUR":2200,"REP_YEAR":2023,"OCC_DATE":"Sat, 18 Feb 2023 05:00:00 GMT","OCC_HOUR":2200,"OCC_YEAR":2023,"TOD":"Evening","WEEKDAY":"Saturday","DOW":6,"NB_NAME_EN":"Lowertown","SECTOR":"24","DIVISION":"Central","WARD_EN":"Ward 12 - Rideau-Vanier","COUNCILLOR":"Stéphanie Plante","CENSUS_TRC":"5050056.00"}},{"type":"Feature","id":348,"geometry":{"type":"Point","coordinates":[-75.6873170858696,45.4304295023362]},"properties":{"OBJECTID":348,"ID":"348","REP_DATE":"Tue, 21 Feb 2023 05:00:00 GMT","REP_HOUR":100,"REP_YEAR":2023,"OCC_DATE":"Tue, 21 Feb 2023 05:00:00 GMT","OCC_HOUR":100,"OCC_YEAR":2023,"TOD":"Night","WEEKDAY":"Tuesday","DOW":2,"NB_NAME_EN":"Lowertown","SECTOR":"24","DIVISION":"Central","WARD_EN":"Ward 12 - Rideau-Vanier","COUNCILLOR":"Stéphanie Plante","CENSUS_TRC":"5050056.00"}},{"type":"Feature","id":349,"geometry":{"type":"Point","coordinates":[-75.6514459887177,45.4266163023963]},"properties":{"OBJECTID":349,"ID":"349","REP_DATE":"Mon, 27 Feb 2023 05:00:00 GMT","REP_HOUR":2000,"REP_YEAR":2023,"OCC_DATE":"Mon, 27 Feb 2023 05:00:00 GMT","OCC_HOUR":2000,"OCC_YEAR":2023,"TOD":"Evening","WEEKDAY":"Monday","DOW":1,"NB_NAME_EN":"Overbrook - McArthur","SECTOR":"25","DIVISION":"Central","WARD_EN":"Ward 13 - Rideau-Rockcliffe","COUNCILLOR":"Rawlson King","CENSUS_TRC":"5050012.00"}},{"type":"Feature","id":350,"geometry":{"type":"Point","coordinates":[-75.6507843497661,45.3490445703391]},"properties":{"OBJECTID":350,"ID":"350","REP_DATE":"Mon, 27 Feb 2023 05:00:00 GMT","REP_HOUR":2100,"REP_YEAR":2023,"OCC_DATE":"Mon, 27 Feb 2023 05:00:00 GMT","OCC_HOUR":1900,"OCC_YEAR":2023,"TOD":"Evening","WEEKDAY":"Monday","DOW":1,"NB_NAME_EN":"Emerald Woods - Sawmill Creek","SECTOR":"35","DIVISION":"East","WARD_EN":"Ward 10 - Gloucester-Southgate","COUNCILLOR":"Jessica Bradley","CENSUS_TRC":"5050123.01"}},{"type":"Feature","id":351,"geometry":{"type":"Point","coordinates":[-75.733966101062,45.3452015442845]},"properties":{"OBJECTID":351,"ID":"351","REP_DATE":"Sat, 04 Mar 2023 05:00:00 GMT","REP_HOUR":2100,"REP_YEAR":2023,"OCC_DATE":"Sat, 04 Mar 2023 05:00:00 GMT","OCC_HOUR":2100,"OCC_YEAR":2023,"TOD":"Evening","WEEKDAY":"Saturday","DOW":6,"NB_NAME_EN":"Crestview - Meadowlands","SECTOR":"17","DIVISION":"West","WARD_EN":"Ward 8 - College","COUNCILLOR":"Laine Johnson","CENSUS_TRC":"5050134.00"}},{"type":"Feature","id":352,"geometry":{"type":"Point","coordinates":[-75.5047802950014,45.4557103098333]},"properties":{"OBJECTID":352,"ID":"352","REP_DATE":"Sun, 05 Mar 2023 05:00:00 GMT","REP_HOUR":700,"REP_YEAR":2023,"OCC_DATE":"Sun, 05 Mar 2023 05:00:00 GMT","OCC_HOUR":700,"OCC_YEAR":2023,"TOD":"Morning","WEEKDAY":"Sunday","DOW":7,"NB_NAME_EN":"Orléans Village - Chateauneuf","SECTOR":"31","DIVISION":"East","WARD_EN":"Ward 2 - Orléans West-Innes","COUNCILLOR":"Laura Dudas","CENSUS_TRC":"5050125.08"}},{"type":"Feature","id":353,"geometry":{"type":"Point","coordinates":[-75.8228167611664,45.3044931800634]},"properties":{"OBJECTID":353,"ID":"353","REP_DATE":"Fri, 17 Mar 2023 05:00:00 GMT","REP_HOUR":900,"REP_YEAR":2023,"OCC_DATE":"Fri, 17 Mar 2023 05:00:00 GMT","OCC_HOUR":900,"OCC_YEAR":2023,"TOD":"Morning","WEEKDAY":"Friday","DOW":5,"NB_NAME_EN":"Greenbelt - Stony Swamp","SECTOR":"15","DIVISION":"West","WARD_EN":"Ward 8 - College","COUNCILLOR":"Laine Johnson","CENSUS_TRC":"5050141.14"}},{"type":"Feature","id":354,"geometry":{"type":"Point","coordinates":[-75.6428122113658,45.3631179112579]},"properties":{"OBJECTID":354,"ID":"354","REP_DATE":"Mon, 03 Apr 2023 05:00:00 GMT","REP_HOUR":300,"REP_YEAR":2023,"OCC_DATE":"Mon, 03 Apr 2023 05:00:00 GMT","OCC_HOUR":300,"OCC_YEAR":2023,"TOD":"Night","WEEKDAY":"Monday","DOW":1,"NB_NAME_EN":"Greenboro East","SECTOR":"35","DIVISION":"East","WARD_EN":"Ward 10 - Gloucester-Southgate","COUNCILLOR":"Jessica Bradley","CENSUS_TRC":"5050001.05"}},{"type":"Feature","id":355,"geometry":{"type":"Point","coordinates":[-75.6173726531143,45.3094270273676]},"properties":{"OBJECTID":355,"ID":"355","REP_DATE":"Wed, 12 Apr 2023 05:00:00 GMT","REP_HOUR":1900,"REP_YEAR":2023,"OCC_DATE":"Wed, 12 Apr 2023 05:00:00 GMT","OCC_HOUR":1900,"OCC_YEAR":2023,"TOD":"Evening","WEEKDAY":"Wednesday","DOW":3,"NB_NAME_EN":"Riverside South - Leitrim","SECTOR":"35","DIVISION":"East","WARD_EN":"Ward 22 - Riverside South-Findlay Creek","COUNCILLOR":"Steve Desroches","CENSUS_TRC":"5050126.07"}},{"type":"Feature","id":356,"geometry":{"type":"Point","coordinates":[-75.5941981378104,45.4473571367985]},"properties":{"OBJECTID":356,"ID":"356","REP_DATE":"Sun, 16 Apr 2023 05:00:00 GMT","REP_HOUR":1800,"REP_YEAR":2023,"OCC_DATE":"Sat, 15 Apr 2023 05:00:00 GMT","OCC_HOUR":1400,"OCC_YEAR":2023,"TOD":"Afternoon","WEEKDAY":"Saturday","DOW":6,"NB_NAME_EN":"Rothwell Heights - Beacon Hill North","SECTOR":"32","DIVISION":"East","WARD_EN":"Ward 11 - Beacon Hill-Cyrville","COUNCILLOR":"Tim Tierney","CENSUS_TRC":"5050121.01"}},{"type":"Feature","id":357,"geometry":{"type":"Point","coordinates":[-75.6917634326822,45.4296151878001]},"properties":{"OBJECTID":357,"ID":"357","REP_DATE":"Sat, 22 Apr 2023 05:00:00 GMT","REP_HOUR":400,"REP_YEAR":2023,"OCC_DATE":"Sat, 22 Apr 2023 05:00:00 GMT","OCC_HOUR":400,"OCC_YEAR":2023,"TOD":"Night","WEEKDAY":"Saturday","DOW":6,"NB_NAME_EN":"Byward Market","SECTOR":"24","DIVISION":"Central","WARD_EN":"Ward 12 - Rideau-Vanier","COUNCILLOR":"Stéphanie Plante","CENSUS_TRC":"5050054.00"}},{"type":"Feature","id":358,"geometry":{"type":"Point","coordinates":[-75.4626132641284,45.4659363484373]},"properties":{"OBJECTID":358,"ID":"358","REP_DATE":"Mon, 24 Apr 2023 05:00:00 GMT","REP_HOUR":1900,"REP_YEAR":2023,"OCC_DATE":"Mon, 24 Apr 2023 05:00:00 GMT","OCC_HOUR":1900,"OCC_YEAR":2023,"TOD":"Evening","WEEKDAY":"Monday","DOW":1,"NB_NAME_EN":"Orléans Avalon - Notting Gate - Fallingbrook - Gardenway South","SECTOR":"31","DIVISION":"East","WARD_EN":"Ward 19 - Orléans South-Navan","COUNCILLOR":"Catherine Kitts","CENSUS_TRC":"5050171.07"}},{"type":"Feature","id":359,"geometry":{"type":"Point","coordinates":[-75.7056146023856,45.4093238764051]},"properties":{"OBJECTID":359,"ID":"359","REP_DATE":"Mon, 24 Apr 2023 05:00:00 GMT","REP_HOUR":1500,"REP_YEAR":2023,"OCC_DATE":"Mon, 24 Apr 2023 05:00:00 GMT","OCC_HOUR":1500,"OCC_YEAR":2023,"TOD":"Afternoon","WEEKDAY":"Monday","DOW":1,"NB_NAME_EN":"West Centertown","SECTOR":"22","DIVISION":"Central","WARD_EN":"Ward 14 - Somerset","COUNCILLOR":"Ariel Troster","CENSUS_TRC":"5050041.00"}},{"type":"Feature","id":360,"geometry":{"type":"Point","coordinates":[-75.6714685163678,45.3472454733952]},"properties":{"OBJECTID":360,"ID":"360","REP_DATE":"Mon, 08 May 2023 05:00:00 GMT","REP_HOUR":2200,"REP_YEAR":2023,"OCC_DATE":"Mon, 08 May 2023 05:00:00 GMT","OCC_HOUR":2200,"OCC_YEAR":2023,"TOD":"Evening","WEEKDAY":"Monday","DOW":1,"NB_NAME_EN":"Hunt Club East - Western Community","SECTOR":"35","DIVISION":"East","WARD_EN":"Ward 16 - River","COUNCILLOR":"Riley Brockington","CENSUS_TRC":"5050002.05"}},{"type":"Feature","id":361,"geometry":{"type":"Point","coordinates":[-75.6142396050683,45.3912098063209]},"properties":{"OBJECTID":361,"ID":"361","REP_DATE":"Wed, 24 May 2023 05:00:00 GMT","REP_HOUR":1700,"REP_YEAR":2023,"OCC_DATE":"Wed, 24 May 2023 05:00:00 GMT","OCC_HOUR":1700,"OCC_YEAR":2023,"TOD":"Afternoon","WEEKDAY":"Wednesday","DOW":3,"NB_NAME_EN":"Hawthorne Meadows - Sheffield Glen","SECTOR":"33","DIVISION":"East","WARD_EN":"Ward 18 - Alta Vista","COUNCILLOR":"Marty Carr","CENSUS_TRC":"5050010.00"}},{"type":"Feature","id":362,"geometry":{"type":"Point","coordinates":[-75.6940406715646,45.4275766756764]},"properties":{"OBJECTID":362,"ID":"362","REP_DATE":"Thu, 25 May 2023 05:00:00 GMT","REP_HOUR":2300,"REP_YEAR":2023,"OCC_DATE":"Thu, 25 May 2023 05:00:00 GMT","OCC_HOUR":2300,"OCC_YEAR":2023,"TOD":"Evening","WEEKDAY":"Thursday","DOW":4,"NB_NAME_EN":"Byward Market","SECTOR":"24","DIVISION":"Central","WARD_EN":"Ward 12 - Rideau-Vanier","COUNCILLOR":"Stéphanie Plante","CENSUS_TRC":"5050054.00"}},{"type":"Feature","id":363,"geometry":{"type":"Point","coordinates":[-75.6388801995602,45.3597767965503]},"properties":{"OBJECTID":363,"ID":"363","REP_DATE":"Thu, 25 May 2023 05:00:00 GMT","REP_HOUR":2300,"REP_YEAR":2023,"OCC_DATE":"Thu, 25 May 2023 05:00:00 GMT","OCC_HOUR":2300,"OCC_YEAR":2023,"TOD":"Evening","WEEKDAY":"Thursday","DOW":4,"NB_NAME_EN":"Greenboro East","SECTOR":"35","DIVISION":"East","WARD_EN":"Ward 10 - Gloucester-Southgate","COUNCILLOR":"Jessica Bradley","CENSUS_TRC":"5050001.06"}},{"type":"Feature","id":364,"geometry":{"type":"Point","coordinates":[-75.7382891950261,45.3722856860889]},"properties":{"OBJECTID":364,"ID":"364","REP_DATE":"Fri, 02 Jun 2023 05:00:00 GMT","REP_HOUR":500,"REP_YEAR":2023,"OCC_DATE":"Fri, 02 Jun 2023 05:00:00 GMT","OCC_HOUR":500,"OCC_YEAR":2023,"TOD":"Night","WEEKDAY":"Friday","DOW":5,"NB_NAME_EN":"Carlington","SECTOR":"21","DIVISION":"Central","WARD_EN":"Ward 16 - River","COUNCILLOR":"Riley Brockington","CENSUS_TRC":"5050022.00"}},{"type":"Feature","id":365,"geometry":{"type":"Point","coordinates":[-75.7351082522205,45.3561333913307]},"properties":{"OBJECTID":365,"ID":"365","REP_DATE":"Sat, 03 Jun 2023 05:00:00 GMT","REP_HOUR":100,"REP_YEAR":2023,"OCC_DATE":"Sat, 03 Jun 2023 05:00:00 GMT","OCC_HOUR":100,"OCC_YEAR":2023,"TOD":"Night","WEEKDAY":"Saturday","DOW":6,"NB_NAME_EN":"Cityview - Skyline - Fisher Heights","SECTOR":"17","DIVISION":"West","WARD_EN":"Ward 9 - Knoxdale-Merivale","COUNCILLOR":"Sean Devine","CENSUS_TRC":"5050132.00"}},{"type":"Feature","id":366,"geometry":{"type":"Point","coordinates":[-75.6695085136806,45.4412797139679]},"properties":{"OBJECTID":366,"ID":"366","REP_DATE":"Sun, 04 Jun 2023 05:00:00 GMT","REP_HOUR":2100,"REP_YEAR":2023,"OCC_DATE":"Sun, 04 Jun 2023 05:00:00 GMT","OCC_HOUR":2100,"OCC_YEAR":2023,"TOD":"Evening","WEEKDAY":"Sunday","DOW":7,"NB_NAME_EN":"Vanier North","SECTOR":"25","DIVISION":"Central","WARD_EN":"Ward 12 - Rideau-Vanier","COUNCILLOR":"Stéphanie Plante","CENSUS_TRC":"5050103.00"}},{"type":"Feature","id":367,"geometry":{"type":"Point","coordinates":[-75.7006226349193,45.4136172030673]},"properties":{"OBJECTID":367,"ID":"367","REP_DATE":"Thu, 08 Jun 2023 05:00:00 GMT","REP_HOUR":1800,"REP_YEAR":2023,"OCC_DATE":"Thu, 08 Jun 2023 05:00:00 GMT","OCC_HOUR":1800,"OCC_YEAR":2023,"TOD":"Evening","WEEKDAY":"Thursday","DOW":4,"NB_NAME_EN":"Centretown","SECTOR":"23","DIVISION":"Central","WARD_EN":"Ward 14 - Somerset","COUNCILLOR":"Ariel Troster","CENSUS_TRC":"5050040.00"}},{"type":"Feature","id":368,"geometry":{"type":"Point","coordinates":[-75.7139016008034,45.3243055640557]},"properties":{"OBJECTID":368,"ID":"368","REP_DATE":"Sat, 10 Jun 2023 05:00:00 GMT","REP_HOUR":600,"REP_YEAR":2023,"OCC_DATE":"Sat, 10 Jun 2023 05:00:00 GMT","OCC_HOUR":100,"OCC_YEAR":2023,"TOD":"Night","WEEKDAY":"Saturday","DOW":6,"NB_NAME_EN":"Merivale Gardens - Grenfell Glen - Pineglen - Country Place","SECTOR":"17","DIVISION":"West","WARD_EN":"Ward 9 - Knoxdale-Merivale","COUNCILLOR":"Sean Devine","CENSUS_TRC":"5050130.01"}},{"type":"Feature","id":369,"geometry":{"type":"Point","coordinates":[-75.6988541466851,45.4161613022859]},"properties":{"OBJECTID":369,"ID":"369","REP_DATE":"Sat, 10 Jun 2023 05:00:00 GMT","REP_HOUR":0,"REP_YEAR":2023,"OCC_DATE":"Sat, 10 Jun 2023 05:00:00 GMT","OCC_HOUR":0,"OCC_YEAR":2023,"TOD":"Night","WEEKDAY":"Saturday","DOW":6,"NB_NAME_EN":"Centretown","SECTOR":"23","DIVISION":"Central","WARD_EN":"Ward 14 - Somerset","COUNCILLOR":"Ariel Troster","CENSUS_TRC":"5050038.00"}},{"type":"Feature","id":370,"geometry":{"type":"Point","coordinates":[-75.6930363579791,45.4290752661743]},"properties":{"OBJECTID":370,"ID":"370","REP_DATE":"Sat, 10 Jun 2023 05:00:00 GMT","REP_HOUR":300,"REP_YEAR":2023,"OCC_DATE":"Sat, 10 Jun 2023 05:00:00 GMT","OCC_HOUR":100,"OCC_YEAR":2023,"TOD":"Night","WEEKDAY":"Saturday","DOW":6,"NB_NAME_EN":"Byward Market","SECTOR":"24","DIVISION":"Central","WARD_EN":"Ward 12 - Rideau-Vanier","COUNCILLOR":"Stéphanie Plante","CENSUS_TRC":"5050054.00"}},{"type":"Feature","id":371,"geometry":{"type":"Point","coordinates":[-75.7227329480371,45.3939614557794]},"properties":{"OBJECTID":371,"ID":"371","REP_DATE":"Tue, 13 Jun 2023 05:00:00 GMT","REP_HOUR":300,"REP_YEAR":2023,"OCC_DATE":"Tue, 13 Jun 2023 05:00:00 GMT","OCC_HOUR":300,"OCC_YEAR":2023,"TOD":"Night","WEEKDAY":"Tuesday","DOW":2,"NB_NAME_EN":"Civic Hospital-Central Park","SECTOR":"21","DIVISION":"Central","WARD_EN":"Ward 15 - Kitchissippi","COUNCILLOR":"Jeff Leiper","CENSUS_TRC":"5050034.00"}},{"type":"Feature","id":372,"geometry":{"type":"Point","coordinates":[-75.6613365356639,45.4294587788889]},"properties":{"OBJECTID":372,"ID":"372","REP_DATE":"Sat, 17 Jun 2023 05:00:00 GMT","REP_HOUR":900,"REP_YEAR":2023,"OCC_DATE":"Sat, 17 Jun 2023 05:00:00 GMT","OCC_HOUR":900,"OCC_YEAR":2023,"TOD":"Morning","WEEKDAY":"Saturday","DOW":6,"NB_NAME_EN":"Overbrook - McArthur","SECTOR":"25","DIVISION":"Central","WARD_EN":"Ward 13 - Rideau-Rockcliffe","COUNCILLOR":"Rawlson King","CENSUS_TRC":"5050013.00"}},{"type":"Feature","id":373,"geometry":{"type":"Point","coordinates":[-75.8011125070345,45.3547475812034]},"properties":{"OBJECTID":373,"ID":"373","REP_DATE":"Mon, 19 Jun 2023 05:00:00 GMT","REP_HOUR":2000,"REP_YEAR":2023,"OCC_DATE":"Mon, 19 Jun 2023 05:00:00 GMT","OCC_HOUR":2000,"OCC_YEAR":2023,"TOD":"Evening","WEEKDAY":"Monday","DOW":1,"NB_NAME_EN":"Whitehaven - Queensway Terrace North","SECTOR":"14","DIVISION":"West","WARD_EN":"Ward 7 - Bay","COUNCILLOR":"Theresa Kavanagh","CENSUS_TRC":"5050029.00"}},{"type":"Feature","id":374,"geometry":{"type":"Point","coordinates":[-75.6494708911855,45.4457519376788]},"properties":{"OBJECTID":374,"ID":"374","REP_DATE":"Thu, 22 Jun 2023 05:00:00 GMT","REP_HOUR":2000,"REP_YEAR":2023,"OCC_DATE":"Thu, 22 Jun 2023 05:00:00 GMT","OCC_HOUR":2000,"OCC_YEAR":2023,"TOD":"Evening","WEEKDAY":"Thursday","DOW":4,"NB_NAME_EN":"Vanier North","SECTOR":"25","DIVISION":"Central","WARD_EN":"Ward 12 - Rideau-Vanier","COUNCILLOR":"Stéphanie Plante","CENSUS_TRC":"5050060.00"}},{"type":"Feature","id":375,"geometry":{"type":"Point","coordinates":[-75.7435255548812,45.3748258259641]},"properties":{"OBJECTID":375,"ID":"375","REP_DATE":"Wed, 28 Jun 2023 05:00:00 GMT","REP_HOUR":1000,"REP_YEAR":2023,"OCC_DATE":"Wed, 28 Jun 2023 05:00:00 GMT","OCC_HOUR":1000,"OCC_YEAR":2023,"TOD":"Morning","WEEKDAY":"Wednesday","DOW":3,"NB_NAME_EN":"Carlington","SECTOR":"21","DIVISION":"Central","WARD_EN":"Ward 16 - River","COUNCILLOR":"Riley Brockington","CENSUS_TRC":"5050022.00"}},{"type":"Feature","id":376,"geometry":{"type":"Point","coordinates":[-75.7388882841589,45.3701426651433]},"properties":{"OBJECTID":376,"ID":"376","REP_DATE":"Thu, 29 Jun 2023 05:00:00 GMT","REP_HOUR":2200,"REP_YEAR":2023,"OCC_DATE":"Thu, 29 Jun 2023 05:00:00 GMT","OCC_HOUR":2100,"OCC_YEAR":2023,"TOD":"Evening","WEEKDAY":"Thursday","DOW":4,"NB_NAME_EN":"Civic Hospital-Central Park","SECTOR":"21","DIVISION":"Central","WARD_EN":"Ward 16 - River","COUNCILLOR":"Riley Brockington","CENSUS_TRC":"5050023.02"}},{"type":"Feature","id":377,"geometry":{"type":"Point","coordinates":[-75.6288091726652,45.4021832925928]},"properties":{"OBJECTID":377,"ID":"377","REP_DATE":"Sun, 02 Jul 2023 05:00:00 GMT","REP_HOUR":200,"REP_YEAR":2023,"OCC_DATE":"Sun, 02 Jul 2023 05:00:00 GMT","OCC_HOUR":200,"OCC_YEAR":2023,"TOD":"Night","WEEKDAY":"Sunday","DOW":7,"NB_NAME_EN":"Elmvale - Eastway - Riverview - Riverview Park West","SECTOR":"33","DIVISION":"East","WARD_EN":"Ward 18 - Alta Vista","COUNCILLOR":"Marty Carr","CENSUS_TRC":"5050011.01"}},{"type":"Feature","id":378,"geometry":{"type":"Point","coordinates":[-75.6474584032699,45.4268547083343]},"properties":{"OBJECTID":378,"ID":"378","REP_DATE":"Sun, 02 Jul 2023 05:00:00 GMT","REP_HOUR":200,"REP_YEAR":2023,"OCC_DATE":"Sat, 01 Jul 2023 05:00:00 GMT","OCC_HOUR":2100,"OCC_YEAR":2023,"TOD":"Evening","WEEKDAY":"Saturday","DOW":6,"NB_NAME_EN":"Overbrook - McArthur","SECTOR":"25","DIVISION":"Central","WARD_EN":"Ward 13 - Rideau-Rockcliffe","COUNCILLOR":"Rawlson King","CENSUS_TRC":"5050012.00"}},{"type":"Feature","id":379,"geometry":{"type":"Point","coordinates":[-75.6369921348183,45.412666949306]},"properties":{"OBJECTID":379,"ID":"379","REP_DATE":"Wed, 05 Jul 2023 05:00:00 GMT","REP_HOUR":1100,"REP_YEAR":2023,"OCC_DATE":"Sun, 02 Jul 2023 05:00:00 GMT","OCC_HOUR":200,"OCC_YEAR":2023,"TOD":"Night","WEEKDAY":"Sunday","DOW":7,"NB_NAME_EN":"East Industrial","SECTOR":"33","DIVISION":"East","WARD_EN":"Ward 18 - Alta Vista","COUNCILLOR":"Marty Carr","CENSUS_TRC":"5050011.01"}},{"type":"Feature","id":380,"geometry":{"type":"Point","coordinates":[-75.6385293071177,45.4262696494822]},"properties":{"OBJECTID":380,"ID":"380","REP_DATE":"Wed, 05 Jul 2023 05:00:00 GMT","REP_HOUR":0,"REP_YEAR":2023,"OCC_DATE":"Wed, 05 Jul 2023 05:00:00 GMT","OCC_HOUR":0,"OCC_YEAR":2023,"TOD":"Night","WEEKDAY":"Wednesday","DOW":3,"NB_NAME_EN":"Cummings","SECTOR":"32","DIVISION":"East","WARD_EN":"Ward 11 - Beacon Hill-Cyrville","COUNCILLOR":"Tim Tierney","CENSUS_TRC":"5050012.00"}},{"type":"Feature","id":381,"geometry":{"type":"Point","coordinates":[-75.6980610897522,45.4173358168986]},"properties":{"OBJECTID":381,"ID":"381","REP_DATE":"Thu, 13 Jul 2023 05:00:00 GMT","REP_HOUR":1900,"REP_YEAR":2023,"OCC_DATE":"Thu, 13 Jul 2023 05:00:00 GMT","OCC_HOUR":1900,"OCC_YEAR":2023,"TOD":"Evening","WEEKDAY":"Thursday","DOW":4,"NB_NAME_EN":"Centretown","SECTOR":"23","DIVISION":"Central","WARD_EN":"Ward 14 - Somerset","COUNCILLOR":"Ariel Troster","CENSUS_TRC":"5050038.00"}},{"type":"Feature","id":382,"geometry":{"type":"Point","coordinates":[-75.687673574255,45.4341865291507]},"properties":{"OBJECTID":382,"ID":"382","REP_DATE":"Mon, 17 Jul 2023 05:00:00 GMT","REP_HOUR":1500,"REP_YEAR":2023,"OCC_DATE":"Mon, 17 Jul 2023 05:00:00 GMT","OCC_HOUR":1500,"OCC_YEAR":2023,"TOD":"Afternoon","WEEKDAY":"Monday","DOW":1,"NB_NAME_EN":"Lowertown","SECTOR":"24","DIVISION":"Central","WARD_EN":"Ward 12 - Rideau-Vanier","COUNCILLOR":"Stéphanie Plante","CENSUS_TRC":"5050056.00"}},{"type":"Feature","id":383,"geometry":{"type":"Point","coordinates":[-75.68668469765,45.4326386631845]},"properties":{"OBJECTID":383,"ID":"383","REP_DATE":"Mon, 17 Jul 2023 05:00:00 GMT","REP_HOUR":1600,"REP_YEAR":2023,"OCC_DATE":"Mon, 17 Jul 2023 05:00:00 GMT","OCC_HOUR":1600,"OCC_YEAR":2023,"TOD":"Afternoon","WEEKDAY":"Monday","DOW":1,"NB_NAME_EN":"Lowertown","SECTOR":"24","DIVISION":"Central","WARD_EN":"Ward 12 - Rideau-Vanier","COUNCILLOR":"Stéphanie Plante","CENSUS_TRC":"5050056.00"}},{"type":"Feature","id":384,"geometry":{"type":"Point","coordinates":[-75.5320172998359,45.2432041774563]},"properties":{"OBJECTID":384,"ID":"384","REP_DATE":"Mon, 24 Jul 2023 05:00:00 GMT","REP_HOUR":1400,"REP_YEAR":2023,"OCC_DATE":"Mon, 24 Jul 2023 05:00:00 GMT","OCC_HOUR":1400,"OCC_YEAR":2023,"TOD":"Afternoon","WEEKDAY":"Monday","DOW":1,"NB_NAME_EN":"Metcalfe","SECTOR":"36","DIVISION":"East","WARD_EN":"Ward 20 - Osgoode","COUNCILLOR":"Isabelle Skalski","CENSUS_TRC":"5050190.02"}},{"type":"Feature","id":385,"geometry":{"type":"Point","coordinates":[-75.6086500350805,45.3844352937066]},"properties":{"OBJECTID":385,"ID":"385","REP_DATE":"Sat, 29 Jul 2023 05:00:00 GMT","REP_HOUR":200,"REP_YEAR":2023,"OCC_DATE":"Sat, 29 Jul 2023 05:00:00 GMT","OCC_HOUR":200,"OCC_YEAR":2023,"TOD":"Night","WEEKDAY":"Saturday","DOW":6,"NB_NAME_EN":"East Industrial","SECTOR":"33","DIVISION":"East","WARD_EN":"Ward 10 - Gloucester-Southgate","COUNCILLOR":"Jessica Bradley","CENSUS_TRC":"5050001.08"}},{"type":"Feature","id":386,"geometry":{"type":"Point","coordinates":[-75.6398387518414,45.3539331636395]},"properties":{"OBJECTID":386,"ID":"386","REP_DATE":"Fri, 04 Aug 2023 05:00:00 GMT","REP_HOUR":2100,"REP_YEAR":2023,"OCC_DATE":"Fri, 04 Aug 2023 05:00:00 GMT","OCC_HOUR":2100,"OCC_YEAR":2023,"TOD":"Evening","WEEKDAY":"Friday","DOW":5,"NB_NAME_EN":"Hunt Club Upper -Blossom Park - Timbermill","SECTOR":"35","DIVISION":"East","WARD_EN":"Ward 10 - Gloucester-Southgate","COUNCILLOR":"Jessica Bradley","CENSUS_TRC":"5050123.04"}},{"type":"Feature","id":387,"geometry":{"type":"Point","coordinates":[-75.6288173193265,45.4423713159688]},"properties":{"OBJECTID":387,"ID":"387","REP_DATE":"Sun, 06 Aug 2023 05:00:00 GMT","REP_HOUR":0,"REP_YEAR":2023,"OCC_DATE":"Sun, 06 Aug 2023 05:00:00 GMT","OCC_HOUR":0,"OCC_YEAR":2023,"TOD":"Night","WEEKDAY":"Sunday","DOW":7,"NB_NAME_EN":"Carson Grove - Carson Meadows","SECTOR":"32","DIVISION":"East","WARD_EN":"Ward 13 - Rideau-Rockcliffe","COUNCILLOR":"Rawlson King","CENSUS_TRC":"5050062.01"}},{"type":"Feature","id":388,"geometry":{"type":"Point","coordinates":[-75.6634707353546,45.3424172623654]},"properties":{"OBJECTID":388,"ID":"388","REP_DATE":"Thu, 17 Aug 2023 05:00:00 GMT","REP_HOUR":2300,"REP_YEAR":2023,"OCC_DATE":"Thu, 17 Aug 2023 05:00:00 GMT","OCC_HOUR":2300,"OCC_YEAR":2023,"TOD":"Evening","WEEKDAY":"Thursday","DOW":4,"NB_NAME_EN":"Hunt Club East - Western Community","SECTOR":"35","DIVISION":"East","WARD_EN":"Ward 10 - Gloucester-Southgate","COUNCILLOR":"Jessica Bradley","CENSUS_TRC":"5050127.00"}},{"type":"Feature","id":389,"geometry":{"type":"Point","coordinates":[-75.5017729091541,45.3513986126747]},"properties":{"OBJECTID":389,"ID":"389","REP_DATE":"Sat, 19 Aug 2023 05:00:00 GMT","REP_HOUR":300,"REP_YEAR":2023,"OCC_DATE":"Sat, 19 Aug 2023 05:00:00 GMT","OCC_HOUR":300,"OCC_YEAR":2023,"TOD":"Night","WEEKDAY":"Saturday","DOW":6,"NB_NAME_EN":"Russell - Edwards","SECTOR":"37","DIVISION":"East","WARD_EN":"Ward 20 - Osgoode","COUNCILLOR":"Isabelle Skalski","CENSUS_TRC":"5050126.04"}},{"type":"Feature","id":390,"geometry":{"type":"Point","coordinates":[-75.6676429535713,45.342873553417]},"properties":{"OBJECTID":390,"ID":"390","REP_DATE":"Sat, 02 Sep 2023 05:00:00 GMT","REP_HOUR":2200,"REP_YEAR":2023,"OCC_DATE":"Sat, 02 Sep 2023 05:00:00 GMT","OCC_HOUR":2200,"OCC_YEAR":2023,"TOD":"Evening","WEEKDAY":"Saturday","DOW":6,"NB_NAME_EN":"Hunt Club - Ottawa Airport","SECTOR":"35","DIVISION":"East","WARD_EN":"Ward 10 - Gloucester-Southgate","COUNCILLOR":"Jessica Bradley","CENSUS_TRC":"5050127.00"}},{"type":"Feature","id":391,"geometry":{"type":"Point","coordinates":[-75.7889134284063,45.3668825329203]},"properties":{"OBJECTID":391,"ID":"391","REP_DATE":"Sat, 09 Sep 2023 05:00:00 GMT","REP_HOUR":1600,"REP_YEAR":2023,"OCC_DATE":"Sat, 09 Sep 2023 05:00:00 GMT","OCC_HOUR":1600,"OCC_YEAR":2023,"TOD":"Afternoon","WEEKDAY":"Saturday","DOW":6,"NB_NAME_EN":"Britannia Village","SECTOR":"14","DIVISION":"West","WARD_EN":"Ward 7 - Bay","COUNCILLOR":"Theresa Kavanagh","CENSUS_TRC":"5050030.00"}},{"type":"Feature","id":392,"geometry":{"type":"Point","coordinates":[-75.601869108488,45.3156866567055]},"properties":{"OBJECTID":392,"ID":"392","REP_DATE":"Sun, 17 Sep 2023 05:00:00 GMT","REP_HOUR":2300,"REP_YEAR":2023,"OCC_DATE":"Sun, 17 Sep 2023 05:00:00 GMT","OCC_HOUR":2200,"OCC_YEAR":2023,"TOD":"Evening","WEEKDAY":"Sunday","DOW":7,"NB_NAME_EN":"Riverside South - Leitrim","SECTOR":"35","DIVISION":"East","WARD_EN":"Ward 22 - Riverside South-Findlay Creek","COUNCILLOR":"Steve Desroches","CENSUS_TRC":"5050126.08"}},{"type":"Feature","id":393,"geometry":{"type":"Point","coordinates":[-75.7936117868066,45.3658070223862]},"properties":{"OBJECTID":393,"ID":"393","REP_DATE":"Sun, 17 Sep 2023 05:00:00 GMT","REP_HOUR":100,"REP_YEAR":2023,"OCC_DATE":"Sun, 17 Sep 2023 05:00:00 GMT","OCC_HOUR":100,"OCC_YEAR":2023,"TOD":"Night","WEEKDAY":"Sunday","DOW":7,"NB_NAME_EN":"Britannia Village","SECTOR":"14","DIVISION":"West","WARD_EN":"Ward 7 - Bay","COUNCILLOR":"Theresa Kavanagh","CENSUS_TRC":"5050030.00"}},{"type":"Feature","id":394,"geometry":{"type":"Point","coordinates":[-75.7927462850685,45.3498710714066]},"properties":{"OBJECTID":394,"ID":"394","REP_DATE":"Mon, 18 Sep 2023 05:00:00 GMT","REP_HOUR":900,"REP_YEAR":2023,"OCC_DATE":"Mon, 18 Sep 2023 05:00:00 GMT","OCC_HOUR":900,"OCC_YEAR":2023,"TOD":"Morning","WEEKDAY":"Monday","DOW":1,"NB_NAME_EN":"Whitehaven - Queensway Terrace North","SECTOR":"14","DIVISION":"West","WARD_EN":"Ward 7 - Bay","COUNCILLOR":"Theresa Kavanagh","CENSUS_TRC":"5050028.00"}},{"type":"Feature","id":395,"geometry":{"type":"Point","coordinates":[-75.7939850873854,45.3477835363938]},"properties":{"OBJECTID":395,"ID":"395","REP_DATE":"Mon, 18 Sep 2023 05:00:00 GMT","REP_HOUR":1800,"REP_YEAR":2023,"OCC_DATE":"Mon, 18 Sep 2023 05:00:00 GMT","OCC_HOUR":900,"OCC_YEAR":2023,"TOD":"Morning","WEEKDAY":"Monday","DOW":1,"NB_NAME_EN":"Whitehaven - Queensway Terrace North","SECTOR":"14","DIVISION":"West","WARD_EN":"Ward 7 - Bay","COUNCILLOR":"Theresa Kavanagh","CENSUS_TRC":"5050028.00"}},{"type":"Feature","id":396,"geometry":{"type":"Point","coordinates":[-75.7939850873854,45.3477835363938]},"properties":{"OBJECTID":396,"ID":"396","REP_DATE":"Mon, 18 Sep 2023 05:00:00 GMT","REP_HOUR":0,"REP_YEAR":2023,"OCC_DATE":"Mon, 18 Sep 2023 05:00:00 GMT","OCC_HOUR":0,"OCC_YEAR":2023,"TOD":"Night","WEEKDAY":"Monday","DOW":1,"NB_NAME_EN":"Whitehaven - Queensway Terrace North","SECTOR":"14","DIVISION":"West","WARD_EN":"Ward 7 - Bay","COUNCILLOR":"Theresa Kavanagh","CENSUS_TRC":"5050028.00"}},{"type":"Feature","id":397,"geometry":{"type":"Point","coordinates":[-75.6398387518414,45.3539331636395]},"properties":{"OBJECTID":397,"ID":"397","REP_DATE":"Fri, 22 Sep 2023 05:00:00 GMT","REP_HOUR":2200,"REP_YEAR":2023,"OCC_DATE":"Fri, 22 Sep 2023 05:00:00 GMT","OCC_HOUR":2200,"OCC_YEAR":2023,"TOD":"Evening","WEEKDAY":"Friday","DOW":5,"NB_NAME_EN":"Hunt Club Upper -Blossom Park - Timbermill","SECTOR":"35","DIVISION":"East","WARD_EN":"Ward 10 - Gloucester-Southgate","COUNCILLOR":"Jessica Bradley","CENSUS_TRC":"5050123.04"}},{"type":"Feature","id":398,"geometry":{"type":"Point","coordinates":[-75.6574208272933,45.4229239325538]},"properties":{"OBJECTID":398,"ID":"398","REP_DATE":"Sat, 23 Sep 2023 05:00:00 GMT","REP_HOUR":2300,"REP_YEAR":2023,"OCC_DATE":"Sat, 23 Sep 2023 05:00:00 GMT","OCC_HOUR":2300,"OCC_YEAR":2023,"TOD":"Evening","WEEKDAY":"Saturday","DOW":6,"NB_NAME_EN":"Overbrook - McArthur","SECTOR":"25","DIVISION":"Central","WARD_EN":"Ward 13 - Rideau-Rockcliffe","COUNCILLOR":"Rawlson King","CENSUS_TRC":"5050013.00"}},{"type":"Feature","id":399,"geometry":{"type":"Point","coordinates":[-75.6719498362012,45.4395427156697]},"properties":{"OBJECTID":399,"ID":"399","REP_DATE":"Tue, 26 Sep 2023 05:00:00 GMT","REP_HOUR":0,"REP_YEAR":2023,"OCC_DATE":"Tue, 26 Sep 2023 05:00:00 GMT","OCC_HOUR":0,"OCC_YEAR":2023,"TOD":"Night","WEEKDAY":"Tuesday","DOW":2,"NB_NAME_EN":"Vanier North","SECTOR":"25","DIVISION":"Central","WARD_EN":"Ward 12 - Rideau-Vanier","COUNCILLOR":"Stéphanie Plante","CENSUS_TRC":"5050104.00"}},{"type":"Feature","id":400,"geometry":{"type":"Point","coordinates":[-75.6369921348183,45.412666949306]},"properties":{"OBJECTID":400,"ID":"400","REP_DATE":"Sat, 30 Sep 2023 05:00:00 GMT","REP_HOUR":200,"REP_YEAR":2023,"OCC_DATE":"Sat, 30 Sep 2023 05:00:00 GMT","OCC_HOUR":200,"OCC_YEAR":2023,"TOD":"Night","WEEKDAY":"Saturday","DOW":6,"NB_NAME_EN":"East Industrial","SECTOR":"33","DIVISION":"East","WARD_EN":"Ward 18 - Alta Vista","COUNCILLOR":"Marty Carr","CENSUS_TRC":"5050011.01"}},{"type":"Feature","id":401,"geometry":{"type":"Point","coordinates":[-75.6516950640164,45.4281097546672]},"properties":{"OBJECTID":401,"ID":"401","REP_DATE":"Sat, 07 Oct 2023 05:00:00 GMT","REP_HOUR":1900,"REP_YEAR":2023,"OCC_DATE":"Sat, 07 Oct 2023 05:00:00 GMT","OCC_HOUR":1900,"OCC_YEAR":2023,"TOD":"Evening","WEEKDAY":"Saturday","DOW":6,"NB_NAME_EN":"Overbrook - McArthur","SECTOR":"25","DIVISION":"Central","WARD_EN":"Ward 13 - Rideau-Rockcliffe","COUNCILLOR":"Rawlson King","CENSUS_TRC":"5050012.00"}},{"type":"Feature","id":402,"geometry":{"type":"Point","coordinates":[-75.6180884731865,45.3728372543423]},"properties":{"OBJECTID":402,"ID":"402","REP_DATE":"Sun, 08 Oct 2023 05:00:00 GMT","REP_HOUR":2300,"REP_YEAR":2023,"OCC_DATE":"Sun, 08 Oct 2023 05:00:00 GMT","OCC_HOUR":2300,"OCC_YEAR":2023,"TOD":"Evening","WEEKDAY":"Sunday","DOW":7,"NB_NAME_EN":"Hunt Club Park","SECTOR":"33","DIVISION":"East","WARD_EN":"Ward 10 - Gloucester-Southgate","COUNCILLOR":"Jessica Bradley","CENSUS_TRC":"5050001.07"}},{"type":"Feature","id":403,"geometry":{"type":"Point","coordinates":[-75.4905599538939,45.4655728930132]},"properties":{"OBJECTID":403,"ID":"403","REP_DATE":"Wed, 11 Oct 2023 05:00:00 GMT","REP_HOUR":2100,"REP_YEAR":2023,"OCC_DATE":"Wed, 11 Oct 2023 05:00:00 GMT","OCC_HOUR":2100,"OCC_YEAR":2023,"TOD":"Evening","WEEKDAY":"Wednesday","DOW":3,"NB_NAME_EN":"Orléans Avalon - Notting Gate - Fallingbrook - Gardenway South","SECTOR":"31","DIVISION":"East","WARD_EN":"Ward 1 - Orléans East-Cumberland","COUNCILLOR":"Matthew Luloff","CENSUS_TRC":"5050170.08"}},{"type":"Feature","id":404,"geometry":{"type":"Point","coordinates":[-75.6889498050485,45.4297572073637]},"properties":{"OBJECTID":404,"ID":"404","REP_DATE":"Wed, 18 Oct 2023 05:00:00 GMT","REP_HOUR":1200,"REP_YEAR":2023,"OCC_DATE":"Wed, 18 Oct 2023 05:00:00 GMT","OCC_HOUR":1200,"OCC_YEAR":2023,"TOD":"Afternoon","WEEKDAY":"Wednesday","DOW":3,"NB_NAME_EN":"Byward Market","SECTOR":"24","DIVISION":"Central","WARD_EN":"Ward 12 - Rideau-Vanier","COUNCILLOR":"Stéphanie Plante","CENSUS_TRC":"5050054.00"}},{"type":"Feature","id":405,"geometry":{"type":"Point","coordinates":[-75.7939850873854,45.3477835363938]},"properties":{"OBJECTID":405,"ID":"405","REP_DATE":"Wed, 01 Nov 2023 05:00:00 GMT","REP_HOUR":800,"REP_YEAR":2023,"OCC_DATE":"Wed, 01 Nov 2023 05:00:00 GMT","OCC_HOUR":700,"OCC_YEAR":2023,"TOD":"Morning","WEEKDAY":"Wednesday","DOW":3,"NB_NAME_EN":"Whitehaven - Queensway Terrace North","SECTOR":"14","DIVISION":"West","WARD_EN":"Ward 7 - Bay","COUNCILLOR":"Theresa Kavanagh","CENSUS_TRC":"5050028.00"}},{"type":"Feature","id":406,"geometry":{"type":"Point","coordinates":[-75.7814326394077,45.3496311519881]},"properties":{"OBJECTID":406,"ID":"406","REP_DATE":"Fri, 03 Nov 2023 05:00:00 GMT","REP_HOUR":2000,"REP_YEAR":2023,"OCC_DATE":"Fri, 03 Nov 2023 05:00:00 GMT","OCC_HOUR":2000,"OCC_YEAR":2023,"TOD":"Evening","WEEKDAY":"Friday","DOW":5,"NB_NAME_EN":"Iris","SECTOR":"15","DIVISION":"West","WARD_EN":"Ward 8 - College","COUNCILLOR":"Laine Johnson","CENSUS_TRC":"5050026.00"}},{"type":"Feature","id":407,"geometry":{"type":"Point","coordinates":[-75.695809574715,45.4147103799591]},"properties":{"OBJECTID":407,"ID":"407","REP_DATE":"Mon, 06 Nov 2023 05:00:00 GMT","REP_HOUR":1400,"REP_YEAR":2023,"OCC_DATE":"Mon, 06 Nov 2023 05:00:00 GMT","OCC_HOUR":1400,"OCC_YEAR":2023,"TOD":"Afternoon","WEEKDAY":"Monday","DOW":1,"NB_NAME_EN":"Centretown","SECTOR":"23","DIVISION":"Central","WARD_EN":"Ward 14 - Somerset","COUNCILLOR":"Ariel Troster","CENSUS_TRC":"5050038.00"}},{"type":"Feature","id":408,"geometry":{"type":"Point","coordinates":[-75.6628184143341,45.4381443385573]},"properties":{"OBJECTID":408,"ID":"408","REP_DATE":"Wed, 22 Nov 2023 05:00:00 GMT","REP_HOUR":500,"REP_YEAR":2023,"OCC_DATE":"Wed, 22 Nov 2023 05:00:00 GMT","OCC_HOUR":500,"OCC_YEAR":2023,"TOD":"Night","WEEKDAY":"Wednesday","DOW":3,"NB_NAME_EN":"Vanier North","SECTOR":"25","DIVISION":"Central","WARD_EN":"Ward 12 - Rideau-Vanier","COUNCILLOR":"Stéphanie Plante","CENSUS_TRC":"5050102.00"}},{"type":"Feature","id":409,"geometry":{"type":"Point","coordinates":[-75.7705486595627,45.3460993954997]},"properties":{"OBJECTID":409,"ID":"409","REP_DATE":"Thu, 23 Nov 2023 05:00:00 GMT","REP_HOUR":600,"REP_YEAR":2023,"OCC_DATE":"Thu, 23 Nov 2023 05:00:00 GMT","OCC_HOUR":600,"OCC_YEAR":2023,"TOD":"Morning","WEEKDAY":"Thursday","DOW":4,"NB_NAME_EN":"Centrepointe","SECTOR":"15","DIVISION":"West","WARD_EN":"Ward 8 - College","COUNCILLOR":"Laine Johnson","CENSUS_TRC":"5050137.05"}},{"type":"Feature","id":410,"geometry":{"type":"Point","coordinates":[-75.5939975744912,45.4455108261438]},"properties":{"OBJECTID":410,"ID":"410","REP_DATE":"Wed, 06 Dec 2023 05:00:00 GMT","REP_HOUR":1400,"REP_YEAR":2023,"OCC_DATE":"Wed, 06 Dec 2023 05:00:00 GMT","OCC_HOUR":1400,"OCC_YEAR":2023,"TOD":"Afternoon","WEEKDAY":"Wednesday","DOW":3,"NB_NAME_EN":"Beacon Hill South - Cardinal Heights","SECTOR":"32","DIVISION":"East","WARD_EN":"Ward 11 - Beacon Hill-Cyrville","COUNCILLOR":"Tim Tierney","CENSUS_TRC":"5050121.01"}},{"type":"Feature","id":411,"geometry":{"type":"Point","coordinates":[-75.6463313375139,45.440336689236]},"properties":{"OBJECTID":411,"ID":"411","REP_DATE":"Mon, 11 Dec 2023 05:00:00 GMT","REP_HOUR":700,"REP_YEAR":2023,"OCC_DATE":"Mon, 11 Dec 2023 05:00:00 GMT","OCC_HOUR":700,"OCC_YEAR":2023,"TOD":"Morning","WEEKDAY":"Monday","DOW":1,"NB_NAME_EN":"CFB Rockcliffe-NRC","SECTOR":"32","DIVISION":"East","WARD_EN":"Ward 13 - Rideau-Rockcliffe","COUNCILLOR":"Rawlson King","CENSUS_TRC":"5050061.00"}},{"type":"Feature","id":412,"geometry":{"type":"Point","coordinates":[-75.8011125070345,45.3547475812034]},"properties":{"OBJECTID":412,"ID":"412","REP_DATE":"Sun, 17 Dec 2023 05:00:00 GMT","REP_HOUR":1400,"REP_YEAR":2023,"OCC_DATE":"Sun, 17 Dec 2023 05:00:00 GMT","OCC_HOUR":1400,"OCC_YEAR":2023,"TOD":"Afternoon","WEEKDAY":"Sunday","DOW":7,"NB_NAME_EN":"Whitehaven - Queensway Terrace North","SECTOR":"14","DIVISION":"West","WARD_EN":"Ward 7 - Bay","COUNCILLOR":"Theresa Kavanagh","CENSUS_TRC":"5050029.00"}},{"type":"Feature","id":413,"geometry":{"type":"Point","coordinates":[-75.7172664032716,45.3338035544534]},"properties":{"OBJECTID":413,"ID":"413","REP_DATE":"Thu, 21 Dec 2023 05:00:00 GMT","REP_HOUR":1400,"REP_YEAR":2023,"OCC_DATE":"Thu, 21 Dec 2023 05:00:00 GMT","OCC_HOUR":1400,"OCC_YEAR":2023,"TOD":"Afternoon","WEEKDAY":"Thursday","DOW":4,"NB_NAME_EN":"Hunt Club South Industrial","SECTOR":"17","DIVISION":"West","WARD_EN":"Ward 9 - Knoxdale-Merivale","COUNCILLOR":"Sean Devine","CENSUS_TRC":"5050130.01"}},{"type":"Feature","id":414,"geometry":{"type":"Point","coordinates":[-75.7095120899068,45.4006189722111]},"properties":{"OBJECTID":414,"ID":"414","REP_DATE":"Mon, 08 Jan 2024 05:00:00 GMT","REP_HOUR":1400,"REP_YEAR":2024,"OCC_DATE":"Mon, 08 Jan 2024 05:00:00 GMT","OCC_HOUR":1400,"OCC_YEAR":2024,"TOD":"Afternoon","WEEKDAY":"Monday","DOW":1,"NB_NAME_EN":"West Centertown","SECTOR":"22","DIVISION":"Central","WARD_EN":"Ward 14 - Somerset","COUNCILLOR":"Ariel Troster","CENSUS_TRC":"5050035.00"}},{"type":"Feature","id":415,"geometry":{"type":"Point","coordinates":[-75.6397002684181,45.4260763108561]},"properties":{"OBJECTID":415,"ID":"415","REP_DATE":"Thu, 11 Jan 2024 05:00:00 GMT","REP_HOUR":900,"REP_YEAR":2024,"OCC_DATE":"Thu, 11 Jan 2024 05:00:00 GMT","OCC_HOUR":900,"OCC_YEAR":2024,"TOD":"Morning","WEEKDAY":"Thursday","DOW":4,"NB_NAME_EN":"Overbrook - McArthur","SECTOR":"25","DIVISION":"Central","WARD_EN":"Ward 13 - Rideau-Rockcliffe","COUNCILLOR":"Rawlson King","CENSUS_TRC":"5050012.00"}},{"type":"Feature","id":416,"geometry":{"type":"Point","coordinates":[-75.5654623364506,45.4293802729257]},"properties":{"OBJECTID":416,"ID":"416","REP_DATE":"Mon, 15 Jan 2024 05:00:00 GMT","REP_HOUR":300,"REP_YEAR":2024,"OCC_DATE":"Mon, 15 Jan 2024 05:00:00 GMT","OCC_HOUR":300,"OCC_YEAR":2024,"TOD":"Night","WEEKDAY":"Monday","DOW":1,"NB_NAME_EN":"Blackburn Hamlet","SECTOR":"31","DIVISION":"East","WARD_EN":"Ward 2 - Orléans West-Innes","COUNCILLOR":"Laura Dudas","CENSUS_TRC":"5050125.02"}},{"type":"Feature","id":417,"geometry":{"type":"Point","coordinates":[-75.5799910826545,45.2968027533519]},"properties":{"OBJECTID":417,"ID":"417","REP_DATE":"Tue, 16 Jan 2024 05:00:00 GMT","REP_HOUR":1100,"REP_YEAR":2024,"OCC_DATE":"Sat, 13 Jan 2024 05:00:00 GMT","OCC_HOUR":100,"OCC_YEAR":2024,"TOD":"Night","WEEKDAY":"Saturday","DOW":6,"NB_NAME_EN":"Russell - Edwards","SECTOR":"37","DIVISION":"East","WARD_EN":"Ward 20 - Osgoode","COUNCILLOR":"Isabelle Skalski","CENSUS_TRC":"5050126.04"}},{"type":"Feature","id":418,"geometry":{"type":"Point","coordinates":[-75.7111831852279,45.3979136852018]},"properties":{"OBJECTID":418,"ID":"418","REP_DATE":"Mon, 29 Jan 2024 05:00:00 GMT","REP_HOUR":1300,"REP_YEAR":2024,"OCC_DATE":"Mon, 29 Jan 2024 05:00:00 GMT","OCC_HOUR":1300,"OCC_YEAR":2024,"TOD":"Afternoon","WEEKDAY":"Monday","DOW":1,"NB_NAME_EN":"West Centertown","SECTOR":"22","DIVISION":"Central","WARD_EN":"Ward 15 - Kitchissippi","COUNCILLOR":"Jeff Leiper","CENSUS_TRC":"5050035.00"}},{"type":"Feature","id":419,"geometry":{"type":"Point","coordinates":[-75.6985129819899,45.2042334869241]},"properties":{"OBJECTID":419,"ID":"419","REP_DATE":"Mon, 05 Feb 2024 05:00:00 GMT","REP_HOUR":400,"REP_YEAR":2024,"OCC_DATE":"Mon, 05 Feb 2024 05:00:00 GMT","OCC_HOUR":400,"OCC_YEAR":2024,"TOD":"Night","WEEKDAY":"Monday","DOW":1,"NB_NAME_EN":"North Gower","SECTOR":"12","DIVISION":"West","WARD_EN":"Ward 21 - Rideau-Jock","COUNCILLOR":"David Brown","CENSUS_TRC":"5050200.02"}},{"type":"Feature","id":420,"geometry":{"type":"Point","coordinates":[-75.7634348944804,45.354807520631]},"properties":{"OBJECTID":420,"ID":"420","REP_DATE":"Sun, 11 Feb 2024 05:00:00 GMT","REP_HOUR":1900,"REP_YEAR":2024,"OCC_DATE":"Sun, 11 Feb 2024 05:00:00 GMT","OCC_HOUR":1900,"OCC_YEAR":2024,"TOD":"Evening","WEEKDAY":"Sunday","DOW":7,"NB_NAME_EN":"Braemar Park - Bel Air Heights - Copeland Park","SECTOR":"17","DIVISION":"West","WARD_EN":"Ward 8 - College","COUNCILLOR":"Laine Johnson","CENSUS_TRC":"5050024.00"}},{"type":"Feature","id":421,"geometry":{"type":"Point","coordinates":[-75.5292535597965,45.4690679619581]},"properties":{"OBJECTID":421,"ID":"421","REP_DATE":"Sat, 17 Feb 2024 05:00:00 GMT","REP_HOUR":2000,"REP_YEAR":2024,"OCC_DATE":"Sat, 17 Feb 2024 05:00:00 GMT","OCC_HOUR":2000,"OCC_YEAR":2024,"TOD":"Evening","WEEKDAY":"Saturday","DOW":6,"NB_NAME_EN":"Orléans Central","SECTOR":"31","DIVISION":"East","WARD_EN":"Ward 2 - Orléans West-Innes","COUNCILLOR":"Laura Dudas","CENSUS_TRC":"5050124.01"}},{"type":"Feature","id":422,"geometry":{"type":"Point","coordinates":[-75.6887180892862,45.4275161428056]},"properties":{"OBJECTID":422,"ID":"422","REP_DATE":"Mon, 19 Feb 2024 05:00:00 GMT","REP_HOUR":300,"REP_YEAR":2024,"OCC_DATE":"Mon, 19 Feb 2024 05:00:00 GMT","OCC_HOUR":300,"OCC_YEAR":2024,"TOD":"Night","WEEKDAY":"Monday","DOW":1,"NB_NAME_EN":"Byward Market","SECTOR":"24","DIVISION":"Central","WARD_EN":"Ward 12 - Rideau-Vanier","COUNCILLOR":"Stéphanie Plante","CENSUS_TRC":"5050054.00"}},{"type":"Feature","id":423,"geometry":{"type":"Point","coordinates":[-75.6274516786905,45.4235817484659]},"properties":{"OBJECTID":423,"ID":"423","REP_DATE":"Mon, 26 Feb 2024 05:00:00 GMT","REP_HOUR":2100,"REP_YEAR":2024,"OCC_DATE":"Mon, 26 Feb 2024 05:00:00 GMT","OCC_HOUR":2100,"OCC_YEAR":2024,"TOD":"Evening","WEEKDAY":"Monday","DOW":1,"NB_NAME_EN":"Cummings","SECTOR":"32","DIVISION":"East","WARD_EN":"Ward 11 - Beacon Hill-Cyrville","COUNCILLOR":"Tim Tierney","CENSUS_TRC":"5050122.03"}},{"type":"Feature","id":424,"geometry":{"type":"Point","coordinates":[-76.0232849312024,45.3345550173484]},"properties":{"OBJECTID":424,"ID":"424","REP_DATE":"Wed, 28 Feb 2024 05:00:00 GMT","REP_HOUR":2300,"REP_YEAR":2024,"OCC_DATE":"Wed, 28 Feb 2024 05:00:00 GMT","OCC_HOUR":2300,"OCC_YEAR":2024,"TOD":"Evening","WEEKDAY":"Wednesday","DOW":3,"NB_NAME_EN":"Carp","SECTOR":"11","DIVISION":"West","WARD_EN":"Ward 5 - West Carleton-March","COUNCILLOR":"Clarke Kelly","CENSUS_TRC":"5050300.01"}},{"type":"Feature","id":425,"geometry":{"type":"Point","coordinates":[-75.7860496909719,45.3427490506307]},"properties":{"OBJECTID":425,"ID":"425","REP_DATE":"Sat, 09 Mar 2024 05:00:00 GMT","REP_HOUR":600,"REP_YEAR":2024,"OCC_DATE":"Sat, 09 Mar 2024 05:00:00 GMT","OCC_HOUR":600,"OCC_YEAR":2024,"TOD":"Morning","WEEKDAY":"Saturday","DOW":6,"NB_NAME_EN":"Iris","SECTOR":"15","DIVISION":"West","WARD_EN":"Ward 8 - College","COUNCILLOR":"Laine Johnson","CENSUS_TRC":"5050027.00"}},{"type":"Feature","id":426,"geometry":{"type":"Point","coordinates":[-75.9313081508419,45.305888434435]},"properties":{"OBJECTID":426,"ID":"426","REP_DATE":"Mon, 18 Mar 2024 05:00:00 GMT","REP_HOUR":1800,"REP_YEAR":2024,"OCC_DATE":"Mon, 18 Mar 2024 05:00:00 GMT","OCC_HOUR":1800,"OCC_YEAR":2024,"TOD":"Evening","WEEKDAY":"Monday","DOW":1,"NB_NAME_EN":"Kanata Lakes - Marchwood Lakeside - Morgan's Grant - Kanata North Business Park","SECTOR":"13","DIVISION":"West","WARD_EN":"Ward 4 - Kanata North","COUNCILLOR":"Cathy Curry","CENSUS_TRC":"5050160.15"}},{"type":"Feature","id":427,"geometry":{"type":"Point","coordinates":[-75.8011159649253,45.3577658647037]},"properties":{"OBJECTID":427,"ID":"427","REP_DATE":"Sun, 24 Mar 2024 05:00:00 GMT","REP_HOUR":2300,"REP_YEAR":2024,"OCC_DATE":"Sun, 24 Mar 2024 05:00:00 GMT","OCC_HOUR":2300,"OCC_YEAR":2024,"TOD":"Evening","WEEKDAY":"Sunday","DOW":7,"NB_NAME_EN":"Britannia Village","SECTOR":"14","DIVISION":"West","WARD_EN":"Ward 7 - Bay","COUNCILLOR":"Theresa Kavanagh","CENSUS_TRC":"5050029.00"}},{"type":"Feature","id":428,"geometry":{"type":"Point","coordinates":[-75.7524423303692,45.3473123846718]},"properties":{"OBJECTID":428,"ID":"428","REP_DATE":"Wed, 27 Mar 2024 05:00:00 GMT","REP_HOUR":1400,"REP_YEAR":2024,"OCC_DATE":"Wed, 27 Mar 2024 05:00:00 GMT","OCC_HOUR":1400,"OCC_YEAR":2024,"TOD":"Afternoon","WEEKDAY":"Wednesday","DOW":3,"NB_NAME_EN":"Crestview - Meadowlands","SECTOR":"17","DIVISION":"West","WARD_EN":"Ward 8 - College","COUNCILLOR":"Laine Johnson","CENSUS_TRC":"5050133.00"}},{"type":"Feature","id":429,"geometry":{"type":"Point","coordinates":[-75.7510993281891,45.3804369506683]},"properties":{"OBJECTID":429,"ID":"429","REP_DATE":"Mon, 01 Apr 2024 05:00:00 GMT","REP_HOUR":700,"REP_YEAR":2024,"OCC_DATE":"Mon, 01 Apr 2024 05:00:00 GMT","OCC_HOUR":0,"OCC_YEAR":2024,"TOD":"Night","WEEKDAY":"Monday","DOW":1,"NB_NAME_EN":"Laurentian","SECTOR":"14","DIVISION":"West","WARD_EN":"Ward 15 - Kitchissippi","COUNCILLOR":"Jeff Leiper","CENSUS_TRC":"5050033.01"}},{"type":"Feature","id":430,"geometry":{"type":"Point","coordinates":[-75.7352689954237,45.3957459496538]},"properties":{"OBJECTID":430,"ID":"430","REP_DATE":"Sun, 07 Apr 2024 05:00:00 GMT","REP_HOUR":1600,"REP_YEAR":2024,"OCC_DATE":"Sun, 24 Mar 2024 05:00:00 GMT","OCC_HOUR":1600,"OCC_YEAR":2024,"TOD":"Afternoon","WEEKDAY":"Sunday","DOW":7,"NB_NAME_EN":"Island Park","SECTOR":"21","DIVISION":"Central","WARD_EN":"Ward 15 - Kitchissippi","COUNCILLOR":"Jeff Leiper","CENSUS_TRC":"5050044.00"}},{"type":"Feature","id":431,"geometry":{"type":"Point","coordinates":[-75.661777849183,45.4498591201809]},"properties":{"OBJECTID":431,"ID":"431","REP_DATE":"Fri, 19 Apr 2024 05:00:00 GMT","REP_HOUR":2100,"REP_YEAR":2024,"OCC_DATE":"Fri, 19 Apr 2024 05:00:00 GMT","OCC_HOUR":2100,"OCC_YEAR":2024,"TOD":"Evening","WEEKDAY":"Friday","DOW":5,"NB_NAME_EN":"Rockcliffe - Manor Park","SECTOR":"25","DIVISION":"Central","WARD_EN":"Ward 13 - Rideau-Rockcliffe","COUNCILLOR":"Rawlson King","CENSUS_TRC":"5050059.00"}},{"type":"Feature","id":432,"geometry":{"type":"Point","coordinates":[-75.610976181282,45.3924532564581]},"properties":{"OBJECTID":432,"ID":"432","REP_DATE":"Sun, 19 May 2024 05:00:00 GMT","REP_HOUR":400,"REP_YEAR":2024,"OCC_DATE":"Sun, 19 May 2024 05:00:00 GMT","OCC_HOUR":400,"OCC_YEAR":2024,"TOD":"Night","WEEKDAY":"Sunday","DOW":7,"NB_NAME_EN":"Hawthorne Meadows - Sheffield Glen","SECTOR":"33","DIVISION":"East","WARD_EN":"Ward 18 - Alta Vista","COUNCILLOR":"Marty Carr","CENSUS_TRC":"5050010.00"}},{"type":"Feature","id":433,"geometry":{"type":"Point","coordinates":[-75.6335666746373,45.4260479368248]},"properties":{"OBJECTID":433,"ID":"433","REP_DATE":"Thu, 23 May 2024 05:00:00 GMT","REP_HOUR":2100,"REP_YEAR":2024,"OCC_DATE":"Thu, 23 May 2024 05:00:00 GMT","OCC_HOUR":2100,"OCC_YEAR":2024,"TOD":"Evening","WEEKDAY":"Thursday","DOW":4,"NB_NAME_EN":"Cummings","SECTOR":"32","DIVISION":"East","WARD_EN":"Ward 11 - Beacon Hill-Cyrville","COUNCILLOR":"Tim Tierney","CENSUS_TRC":"5050122.01"}},{"type":"Feature","id":434,"geometry":{"type":"Point","coordinates":[-75.6480107135739,45.4306568025173]},"properties":{"OBJECTID":434,"ID":"434","REP_DATE":"Fri, 31 May 2024 05:00:00 GMT","REP_HOUR":200,"REP_YEAR":2024,"OCC_DATE":"Fri, 31 May 2024 05:00:00 GMT","OCC_HOUR":0,"OCC_YEAR":2024,"TOD":"Night","WEEKDAY":"Friday","DOW":5,"NB_NAME_EN":"Overbrook - McArthur","SECTOR":"25","DIVISION":"Central","WARD_EN":"Ward 13 - Rideau-Rockcliffe","COUNCILLOR":"Rawlson King","CENSUS_TRC":"5050012.00"}},{"type":"Feature","id":435,"geometry":{"type":"Point","coordinates":[-75.675310106994,45.4337585444608]},"properties":{"OBJECTID":435,"ID":"435","REP_DATE":"Wed, 12 Jun 2024 05:00:00 GMT","REP_HOUR":0,"REP_YEAR":2024,"OCC_DATE":"Wed, 12 Jun 2024 05:00:00 GMT","OCC_HOUR":0,"OCC_YEAR":2024,"TOD":"Night","WEEKDAY":"Wednesday","DOW":3,"NB_NAME_EN":"Lowertown","SECTOR":"24","DIVISION":"Central","WARD_EN":"Ward 12 - Rideau-Vanier","COUNCILLOR":"Stéphanie Plante","CENSUS_TRC":"5050052.00"}},{"type":"Feature","id":436,"geometry":{"type":"Point","coordinates":[-75.685103374952,45.4332842947003]},"properties":{"OBJECTID":436,"ID":"436","REP_DATE":"Wed, 12 Jun 2024 05:00:00 GMT","REP_HOUR":1600,"REP_YEAR":2024,"OCC_DATE":"Wed, 12 Jun 2024 05:00:00 GMT","OCC_HOUR":1600,"OCC_YEAR":2024,"TOD":"Afternoon","WEEKDAY":"Wednesday","DOW":3,"NB_NAME_EN":"Lowertown","SECTOR":"24","DIVISION":"Central","WARD_EN":"Ward 12 - Rideau-Vanier","COUNCILLOR":"Stéphanie Plante","CENSUS_TRC":"5050056.00"}},{"type":"Feature","id":437,"geometry":{"type":"Point","coordinates":[-75.6896937344855,45.4271132739952]},"properties":{"OBJECTID":437,"ID":"437","REP_DATE":"Sat, 15 Jun 2024 05:00:00 GMT","REP_HOUR":300,"REP_YEAR":2024,"OCC_DATE":"Sat, 15 Jun 2024 05:00:00 GMT","OCC_HOUR":300,"OCC_YEAR":2024,"TOD":"Night","WEEKDAY":"Saturday","DOW":6,"NB_NAME_EN":"Byward Market","SECTOR":"24","DIVISION":"Central","WARD_EN":"Ward 12 - Rideau-Vanier","COUNCILLOR":"Stéphanie Plante","CENSUS_TRC":"5050054.00"}},{"type":"Feature","id":438,"geometry":{"type":"Point","coordinates":[-75.801465334997,45.3603019626984]},"properties":{"OBJECTID":438,"ID":"438","REP_DATE":"Mon, 17 Jun 2024 05:00:00 GMT","REP_HOUR":2000,"REP_YEAR":2024,"OCC_DATE":"Mon, 17 Jun 2024 05:00:00 GMT","OCC_HOUR":2000,"OCC_YEAR":2024,"TOD":"Evening","WEEKDAY":"Monday","DOW":1,"NB_NAME_EN":"Britannia Village","SECTOR":"14","DIVISION":"West","WARD_EN":"Ward 7 - Bay","COUNCILLOR":"Theresa Kavanagh","CENSUS_TRC":"5050029.00"}},{"type":"Feature","id":439,"geometry":{"type":"Point","coordinates":[-75.6883121571303,45.4267867345209]},"properties":{"OBJECTID":439,"ID":"439","REP_DATE":"Sat, 22 Jun 2024 05:00:00 GMT","REP_HOUR":200,"REP_YEAR":2024,"OCC_DATE":"Sat, 22 Jun 2024 05:00:00 GMT","OCC_HOUR":200,"OCC_YEAR":2024,"TOD":"Night","WEEKDAY":"Saturday","DOW":6,"NB_NAME_EN":"Byward Market","SECTOR":"24","DIVISION":"Central","WARD_EN":"Ward 12 - Rideau-Vanier","COUNCILLOR":"Stéphanie Plante","CENSUS_TRC":"5050054.00"}},{"type":"Feature","id":440,"geometry":{"type":"Point","coordinates":[-75.6288091726652,45.4021832925928]},"properties":{"OBJECTID":440,"ID":"440","REP_DATE":"Fri, 28 Jun 2024 05:00:00 GMT","REP_HOUR":2200,"REP_YEAR":2024,"OCC_DATE":"Fri, 28 Jun 2024 05:00:00 GMT","OCC_HOUR":2100,"OCC_YEAR":2024,"TOD":"Evening","WEEKDAY":"Friday","DOW":5,"NB_NAME_EN":"Elmvale - Eastway - Riverview - Riverview Park West","SECTOR":"33","DIVISION":"East","WARD_EN":"Ward 18 - Alta Vista","COUNCILLOR":"Marty Carr","CENSUS_TRC":"5050011.01"}},{"type":"Feature","id":441,"geometry":{"type":"Point","coordinates":[-75.6537032688546,45.4510801591202]},"properties":{"OBJECTID":441,"ID":"441","REP_DATE":"Fri, 28 Jun 2024 05:00:00 GMT","REP_HOUR":2100,"REP_YEAR":2024,"OCC_DATE":"Fri, 28 Jun 2024 05:00:00 GMT","OCC_HOUR":2100,"OCC_YEAR":2024,"TOD":"Evening","WEEKDAY":"Friday","DOW":5,"NB_NAME_EN":"Rockcliffe - Manor Park","SECTOR":"25","DIVISION":"Central","WARD_EN":"Ward 13 - Rideau-Rockcliffe","COUNCILLOR":"Rawlson King","CENSUS_TRC":"5050059.00"}},{"type":"Feature","id":442,"geometry":{"type":"Point","coordinates":[-75.6930363579791,45.4290752661743]},"properties":{"OBJECTID":442,"ID":"442","REP_DATE":"Tue, 02 Jul 2024 05:00:00 GMT","REP_HOUR":0,"REP_YEAR":2024,"OCC_DATE":"Tue, 02 Jul 2024 05:00:00 GMT","OCC_HOUR":0,"OCC_YEAR":2024,"TOD":"Night","WEEKDAY":"Tuesday","DOW":2,"NB_NAME_EN":"Byward Market","SECTOR":"24","DIVISION":"Central","WARD_EN":"Ward 12 - Rideau-Vanier","COUNCILLOR":"Stéphanie Plante","CENSUS_TRC":"5050054.00"}},{"type":"Feature","id":443,"geometry":{"type":"Point","coordinates":[-75.7403130022288,45.3864675023765]},"properties":{"OBJECTID":443,"ID":"443","REP_DATE":"Fri, 05 Jul 2024 05:00:00 GMT","REP_HOUR":1800,"REP_YEAR":2024,"OCC_DATE":"Fri, 05 Jul 2024 05:00:00 GMT","OCC_HOUR":1800,"OCC_YEAR":2024,"TOD":"Evening","WEEKDAY":"Friday","DOW":5,"NB_NAME_EN":"Westboro","SECTOR":"21","DIVISION":"Central","WARD_EN":"Ward 15 - Kitchissippi","COUNCILLOR":"Jeff Leiper","CENSUS_TRC":"5050033.02"}},{"type":"Feature","id":444,"geometry":{"type":"Point","coordinates":[-75.6940406715646,45.4275766756764]},"properties":{"OBJECTID":444,"ID":"444","REP_DATE":"Sat, 06 Jul 2024 05:00:00 GMT","REP_HOUR":200,"REP_YEAR":2024,"OCC_DATE":"Sat, 06 Jul 2024 05:00:00 GMT","OCC_HOUR":200,"OCC_YEAR":2024,"TOD":"Night","WEEKDAY":"Saturday","DOW":6,"NB_NAME_EN":"Byward Market","SECTOR":"24","DIVISION":"Central","WARD_EN":"Ward 12 - Rideau-Vanier","COUNCILLOR":"Stéphanie Plante","CENSUS_TRC":"5050054.00"}},{"type":"Feature","id":445,"geometry":{"type":"Point","coordinates":[-75.4948142291077,45.4502018402552]},"properties":{"OBJECTID":445,"ID":"445","REP_DATE":"Tue, 16 Jul 2024 05:00:00 GMT","REP_HOUR":2000,"REP_YEAR":2024,"OCC_DATE":"Tue, 16 Jul 2024 05:00:00 GMT","OCC_HOUR":2000,"OCC_YEAR":2024,"TOD":"Evening","WEEKDAY":"Tuesday","DOW":2,"NB_NAME_EN":"Orléans Avalon - Notting Gate - Fallingbrook - Gardenway South","SECTOR":"31","DIVISION":"East","WARD_EN":"Ward 19 - Orléans South-Navan","COUNCILLOR":"Catherine Kitts","CENSUS_TRC":"5050171.12"}},{"type":"Feature","id":446,"geometry":{"type":"Point","coordinates":[-75.6930363579791,45.4290752661743]},"properties":{"OBJECTID":446,"ID":"446","REP_DATE":"Thu, 18 Jul 2024 05:00:00 GMT","REP_HOUR":2000,"REP_YEAR":2024,"OCC_DATE":"Thu, 18 Jul 2024 05:00:00 GMT","OCC_HOUR":2000,"OCC_YEAR":2024,"TOD":"Evening","WEEKDAY":"Thursday","DOW":4,"NB_NAME_EN":"Byward Market","SECTOR":"24","DIVISION":"Central","WARD_EN":"Ward 12 - Rideau-Vanier","COUNCILLOR":"Stéphanie Plante","CENSUS_TRC":"5050054.00"}},{"type":"Feature","id":447,"geometry":{"type":"Point","coordinates":[-75.6987612185064,45.3757831315909]},"properties":{"OBJECTID":447,"ID":"447","REP_DATE":"Fri, 26 Jul 2024 05:00:00 GMT","REP_HOUR":2100,"REP_YEAR":2024,"OCC_DATE":"Fri, 26 Jul 2024 05:00:00 GMT","OCC_HOUR":2100,"OCC_YEAR":2024,"TOD":"Evening","WEEKDAY":"Friday","DOW":5,"NB_NAME_EN":"Riverside Park","SECTOR":"34","DIVISION":"East","WARD_EN":"Ward 16 - River","COUNCILLOR":"Riley Brockington","CENSUS_TRC":"5050003.00"}},{"type":"Feature","id":448,"geometry":{"type":"Point","coordinates":[-75.7575840204637,45.356175929706]},"properties":{"OBJECTID":448,"ID":"448","REP_DATE":"Sun, 04 Aug 2024 05:00:00 GMT","REP_HOUR":1700,"REP_YEAR":2024,"OCC_DATE":"Sun, 04 Aug 2024 05:00:00 GMT","OCC_HOUR":1700,"OCC_YEAR":2024,"TOD":"Afternoon","WEEKDAY":"Sunday","DOW":7,"NB_NAME_EN":"Braemar Park - Bel Air Heights - Copeland Park","SECTOR":"17","DIVISION":"West","WARD_EN":"Ward 8 - College","COUNCILLOR":"Laine Johnson","CENSUS_TRC":"5050024.00"}},{"type":"Feature","id":449,"geometry":{"type":"Point","coordinates":[-75.6205943049555,45.3709668520487]},"properties":{"OBJECTID":449,"ID":"449","REP_DATE":"Wed, 07 Aug 2024 05:00:00 GMT","REP_HOUR":2200,"REP_YEAR":2024,"OCC_DATE":"Wed, 07 Aug 2024 05:00:00 GMT","OCC_HOUR":2200,"OCC_YEAR":2024,"TOD":"Evening","WEEKDAY":"Wednesday","DOW":3,"NB_NAME_EN":"Hunt Club Park","SECTOR":"33","DIVISION":"East","WARD_EN":"Ward 10 - Gloucester-Southgate","COUNCILLOR":"Jessica Bradley","CENSUS_TRC":"5050001.08"}},{"type":"Feature","id":450,"geometry":{"type":"Point","coordinates":[-75.6839981627166,45.4002337203859]},"properties":{"OBJECTID":450,"ID":"450","REP_DATE":"Sat, 10 Aug 2024 05:00:00 GMT","REP_HOUR":200,"REP_YEAR":2024,"OCC_DATE":"Sat, 10 Aug 2024 05:00:00 GMT","OCC_HOUR":200,"OCC_YEAR":2024,"TOD":"Night","WEEKDAY":"Saturday","DOW":6,"NB_NAME_EN":"Glebe - Dows Lake","SECTOR":"22","DIVISION":"Central","WARD_EN":"Ward 17 - Capital","COUNCILLOR":"Shawn Menard","CENSUS_TRC":"5050018.00"}},{"type":"Feature","id":451,"geometry":{"type":"Point","coordinates":[-75.7238867149042,45.4045602543578]},"properties":{"OBJECTID":451,"ID":"451","REP_DATE":"Sat, 17 Aug 2024 05:00:00 GMT","REP_HOUR":1300,"REP_YEAR":2024,"OCC_DATE":"Mon, 01 Aug 2022 05:00:00 GMT","OCC_HOUR":0,"OCC_YEAR":2022,"TOD":"Night","WEEKDAY":"Monday","DOW":1,"NB_NAME_EN":"Hintonburg - Mechanicsville","SECTOR":"21","DIVISION":"Central","WARD_EN":"Ward 15 - Kitchissippi","COUNCILLOR":"Jeff Leiper","CENSUS_TRC":"5050043.00"}},{"type":"Feature","id":452,"geometry":{"type":"Point","coordinates":[-75.6663039176592,45.4366490701427]},"properties":{"OBJECTID":452,"ID":"452","REP_DATE":"Sat, 24 Aug 2024 05:00:00 GMT","REP_HOUR":400,"REP_YEAR":2024,"OCC_DATE":"Sat, 24 Aug 2024 05:00:00 GMT","OCC_HOUR":400,"OCC_YEAR":2024,"TOD":"Night","WEEKDAY":"Saturday","DOW":6,"NB_NAME_EN":"Vanier North","SECTOR":"25","DIVISION":"Central","WARD_EN":"Ward 12 - Rideau-Vanier","COUNCILLOR":"Stéphanie Plante","CENSUS_TRC":"5050101.00"}},{"type":"Feature","id":453,"geometry":{"type":"Point","coordinates":[-75.7332945622172,45.3363779383206]},"properties":{"OBJECTID":453,"ID":"453","REP_DATE":"Mon, 09 Sep 2024 05:00:00 GMT","REP_HOUR":2200,"REP_YEAR":2024,"OCC_DATE":"Mon, 09 Sep 2024 05:00:00 GMT","OCC_HOUR":2200,"OCC_YEAR":2024,"TOD":"Evening","WEEKDAY":"Monday","DOW":1,"NB_NAME_EN":"Tanglewood","SECTOR":"17","DIVISION":"West","WARD_EN":"Ward 9 - Knoxdale-Merivale","COUNCILLOR":"Sean Devine","CENSUS_TRC":"5050130.02"}},{"type":"Feature","id":454,"geometry":{"type":"Point","coordinates":[-75.610976181282,45.3924532564581]},"properties":{"OBJECTID":454,"ID":"454","REP_DATE":"Tue, 10 Sep 2024 05:00:00 GMT","REP_HOUR":2000,"REP_YEAR":2024,"OCC_DATE":"Tue, 10 Sep 2024 05:00:00 GMT","OCC_HOUR":2000,"OCC_YEAR":2024,"TOD":"Evening","WEEKDAY":"Tuesday","DOW":2,"NB_NAME_EN":"Hawthorne Meadows - Sheffield Glen","SECTOR":"33","DIVISION":"East","WARD_EN":"Ward 18 - Alta Vista","COUNCILLOR":"Marty Carr","CENSUS_TRC":"5050010.00"}},{"type":"Feature","id":455,"geometry":{"type":"Point","coordinates":[-75.7060405643493,45.4148945427719]},"properties":{"OBJECTID":455,"ID":"455","REP_DATE":"Sun, 15 Sep 2024 05:00:00 GMT","REP_HOUR":2100,"REP_YEAR":2024,"OCC_DATE":"Sun, 15 Sep 2024 05:00:00 GMT","OCC_HOUR":2100,"OCC_YEAR":2024,"TOD":"Evening","WEEKDAY":"Sunday","DOW":7,"NB_NAME_EN":"Centretown","SECTOR":"23","DIVISION":"Central","WARD_EN":"Ward 14 - Somerset","COUNCILLOR":"Ariel Troster","CENSUS_TRC":"5050040.00"}},{"type":"Feature","id":456,"geometry":{"type":"Point","coordinates":[-75.6432421456035,45.3785747308263]},"properties":{"OBJECTID":456,"ID":"456","REP_DATE":"Thu, 19 Sep 2024 05:00:00 GMT","REP_HOUR":1900,"REP_YEAR":2024,"OCC_DATE":"Thu, 19 Sep 2024 05:00:00 GMT","OCC_HOUR":1900,"OCC_YEAR":2024,"TOD":"Evening","WEEKDAY":"Thursday","DOW":4,"NB_NAME_EN":"Ledbury - Heron Gate - Ridgemont - Elmwood","SECTOR":"34","DIVISION":"East","WARD_EN":"Ward 18 - Alta Vista","COUNCILLOR":"Marty Carr","CENSUS_TRC":"5050007.02"}},{"type":"Feature","id":457,"geometry":{"type":"Point","coordinates":[-75.6896937344855,45.4271132739952]},"properties":{"OBJECTID":457,"ID":"457","REP_DATE":"Fri, 20 Sep 2024 05:00:00 GMT","REP_HOUR":1400,"REP_YEAR":2024,"OCC_DATE":"Fri, 20 Sep 2024 05:00:00 GMT","OCC_HOUR":1400,"OCC_YEAR":2024,"TOD":"Afternoon","WEEKDAY":"Friday","DOW":5,"NB_NAME_EN":"Byward Market","SECTOR":"24","DIVISION":"Central","WARD_EN":"Ward 12 - Rideau-Vanier","COUNCILLOR":"Stéphanie Plante","CENSUS_TRC":"5050054.00"}},{"type":"Feature","id":458,"geometry":{"type":"Point","coordinates":[-75.6634284076457,45.4407093027517]},"properties":{"OBJECTID":458,"ID":"458","REP_DATE":"Sun, 22 Sep 2024 05:00:00 GMT","REP_HOUR":2200,"REP_YEAR":2024,"OCC_DATE":"Sun, 22 Sep 2024 05:00:00 GMT","OCC_HOUR":2200,"OCC_YEAR":2024,"TOD":"Evening","WEEKDAY":"Sunday","DOW":7,"NB_NAME_EN":"Vanier North","SECTOR":"25","DIVISION":"Central","WARD_EN":"Ward 12 - Rideau-Vanier","COUNCILLOR":"Stéphanie Plante","CENSUS_TRC":"5050103.00"}},{"type":"Feature","id":459,"geometry":{"type":"Point","coordinates":[-75.7281417227855,45.3766126338156]},"properties":{"OBJECTID":459,"ID":"459","REP_DATE":"Wed, 25 Sep 2024 05:00:00 GMT","REP_HOUR":0,"REP_YEAR":2024,"OCC_DATE":"Tue, 24 Sep 2024 05:00:00 GMT","OCC_HOUR":1100,"OCC_YEAR":2024,"TOD":"Morning","WEEKDAY":"Tuesday","DOW":2,"NB_NAME_EN":"Carlington","SECTOR":"21","DIVISION":"Central","WARD_EN":"Ward 16 - River","COUNCILLOR":"Riley Brockington","CENSUS_TRC":"5050021.00"}},{"type":"Feature","id":460,"geometry":{"type":"Point","coordinates":[-75.5990295058399,45.4482232320982]},"properties":{"OBJECTID":460,"ID":"460","REP_DATE":"Thu, 10 Oct 2024 05:00:00 GMT","REP_HOUR":2300,"REP_YEAR":2024,"OCC_DATE":"Thu, 10 Oct 2024 05:00:00 GMT","OCC_HOUR":2300,"OCC_YEAR":2024,"TOD":"Evening","WEEKDAY":"Thursday","DOW":4,"NB_NAME_EN":"Rothwell Heights - Beacon Hill North","SECTOR":"32","DIVISION":"East","WARD_EN":"Ward 11 - Beacon Hill-Cyrville","COUNCILLOR":"Tim Tierney","CENSUS_TRC":"5050120.03"}},{"type":"Feature","id":461,"geometry":{"type":"Point","coordinates":[-75.745084313126,45.3363484795951]},"properties":{"OBJECTID":461,"ID":"461","REP_DATE":"Sat, 12 Oct 2024 05:00:00 GMT","REP_HOUR":400,"REP_YEAR":2024,"OCC_DATE":"Sat, 12 Oct 2024 05:00:00 GMT","OCC_HOUR":400,"OCC_YEAR":2024,"TOD":"Night","WEEKDAY":"Saturday","DOW":6,"NB_NAME_EN":"Tanglewood","SECTOR":"17","DIVISION":"West","WARD_EN":"Ward 9 - Knoxdale-Merivale","COUNCILLOR":"Sean Devine","CENSUS_TRC":"5050130.02"}},{"type":"Feature","id":462,"geometry":{"type":"Point","coordinates":[-75.8011159649253,45.3577658647037]},"properties":{"OBJECTID":462,"ID":"462","REP_DATE":"Sat, 09 Nov 2024 05:00:00 GMT","REP_HOUR":1700,"REP_YEAR":2024,"OCC_DATE":"Sat, 09 Nov 2024 05:00:00 GMT","OCC_HOUR":300,"OCC_YEAR":2024,"TOD":"Night","WEEKDAY":"Saturday","DOW":6,"NB_NAME_EN":"Britannia Village","SECTOR":"14","DIVISION":"West","WARD_EN":"Ward 7 - Bay","COUNCILLOR":"Theresa Kavanagh","CENSUS_TRC":"5050029.00"}},{"type":"Feature","id":463,"geometry":{"type":"Point","coordinates":[-75.7036803869361,45.2154985924299]},"properties":{"OBJECTID":463,"ID":"463","REP_DATE":"Sat, 16 Nov 2024 05:00:00 GMT","REP_HOUR":100,"REP_YEAR":2024,"OCC_DATE":"Sat, 16 Nov 2024 05:00:00 GMT","OCC_HOUR":100,"OCC_YEAR":2024,"TOD":"Night","WEEKDAY":"Saturday","DOW":6,"NB_NAME_EN":"Manotick West","SECTOR":"12","DIVISION":"West","WARD_EN":"Ward 21 - Rideau-Jock","COUNCILLOR":"David Brown","CENSUS_TRC":"5050200.02"}},{"type":"Feature","id":464,"geometry":{"type":"Point","coordinates":[-75.6403124950117,45.41058815439]},"properties":{"OBJECTID":464,"ID":"464","REP_DATE":"Mon, 18 Nov 2024 05:00:00 GMT","REP_HOUR":1800,"REP_YEAR":2024,"OCC_DATE":"Mon, 18 Nov 2024 05:00:00 GMT","OCC_HOUR":1800,"OCC_YEAR":2024,"TOD":"Evening","WEEKDAY":"Monday","DOW":1,"NB_NAME_EN":"East Industrial","SECTOR":"33","DIVISION":"East","WARD_EN":"Ward 18 - Alta Vista","COUNCILLOR":"Marty Carr","CENSUS_TRC":"5050011.01"}},{"type":"Feature","id":465,"geometry":{"type":"Point","coordinates":[-75.7820927772407,45.3716170817237]},"properties":{"OBJECTID":465,"ID":"465","REP_DATE":"Sat, 23 Nov 2024 05:00:00 GMT","REP_HOUR":800,"REP_YEAR":2024,"OCC_DATE":"Fri, 22 Nov 2024 05:00:00 GMT","OCC_HOUR":2100,"OCC_YEAR":2024,"TOD":"Evening","WEEKDAY":"Friday","DOW":5,"NB_NAME_EN":"Woodroffe - Lincoln Heights","SECTOR":"14","DIVISION":"West","WARD_EN":"Ward 7 - Bay","COUNCILLOR":"Theresa Kavanagh","CENSUS_TRC":"5050031.00"}},{"type":"Feature","id":466,"geometry":{"type":"Point","coordinates":[-75.6877731847957,45.3696140599835]},"properties":{"OBJECTID":466,"ID":"466","REP_DATE":"Wed, 04 Dec 2024 05:00:00 GMT","REP_HOUR":0,"REP_YEAR":2024,"OCC_DATE":"Tue, 03 Dec 2024 05:00:00 GMT","OCC_HOUR":2200,"OCC_YEAR":2024,"TOD":"Evening","WEEKDAY":"Tuesday","DOW":2,"NB_NAME_EN":"Riverside Park","SECTOR":"34","DIVISION":"East","WARD_EN":"Ward 16 - River","COUNCILLOR":"Riley Brockington","CENSUS_TRC":"5050003.00"}},{"type":"Feature","id":467,"geometry":{"type":"Point","coordinates":[-75.6963803546293,45.4032546852057]},"properties":{"OBJECTID":467,"ID":"467","REP_DATE":"Tue, 31 Dec 2024 05:00:00 GMT","REP_HOUR":800,"REP_YEAR":2024,"OCC_DATE":"Tue, 31 Dec 2024 05:00:00 GMT","OCC_HOUR":800,"OCC_YEAR":2024,"TOD":"Morning","WEEKDAY":"Tuesday","DOW":2,"NB_NAME_EN":"Glebe - Dows Lake","SECTOR":"22","DIVISION":"Central","WARD_EN":"Ward 17 - Capital","COUNCILLOR":"Shawn Menard","CENSUS_TRC":"5050036.00"}},{"type":"Feature","id":468,"geometry":{"type":"Point","coordinates":[-75.7510993281891,45.3804369506683]},"properties":{"OBJECTID":468,"ID":"468","REP_DATE":"Wed, 01 Jan 2025 05:00:00 GMT","REP_HOUR":1600,"REP_YEAR":2025,"OCC_DATE":"Wed, 01 Jan 2025 05:00:00 GMT","OCC_HOUR":1600,"OCC_YEAR":2025,"TOD":"Afternoon","WEEKDAY":"Wednesday","DOW":3,"NB_NAME_EN":"Laurentian","SECTOR":"14","DIVISION":"West","WARD_EN":"Ward 15 - Kitchissippi","COUNCILLOR":"Jeff Leiper","CENSUS_TRC":"5050033.01"}},{"type":"Feature","id":469,"geometry":{"type":"Point","coordinates":[-75.722180461811,45.2579796721454]},"properties":{"OBJECTID":469,"ID":"469","REP_DATE":"Fri, 10 Jan 2025 05:00:00 GMT","REP_HOUR":1700,"REP_YEAR":2025,"OCC_DATE":"Fri, 10 Jan 2025 05:00:00 GMT","OCC_HOUR":1700,"OCC_YEAR":2025,"TOD":"Afternoon","WEEKDAY":"Friday","DOW":5,"NB_NAME_EN":"New Barrhaven - New Development - Stonebridge","SECTOR":"16","DIVISION":"West","WARD_EN":"Ward 3 - Barrhaven West","COUNCILLOR":"David Hill","CENSUS_TRC":"5050141.04"}},{"type":"Feature","id":470,"geometry":{"type":"Point","coordinates":[-75.6741488277255,45.2425189457527]},"properties":{"OBJECTID":470,"ID":"470","REP_DATE":"Mon, 20 Jan 2025 05:00:00 GMT","REP_HOUR":2000,"REP_YEAR":2025,"OCC_DATE":"Mon, 20 Jan 2025 05:00:00 GMT","OCC_HOUR":2000,"OCC_YEAR":2025,"TOD":"Evening","WEEKDAY":"Monday","DOW":1,"NB_NAME_EN":"Manotick East","SECTOR":"36","DIVISION":"East","WARD_EN":"Ward 20 - Osgoode","COUNCILLOR":"Isabelle Skalski","CENSUS_TRC":"5050126.04"}},{"type":"Feature","id":471,"geometry":{"type":"Point","coordinates":[-75.6566298391451,45.4339954263442]},"properties":{"OBJECTID":471,"ID":"471","REP_DATE":"Thu, 23 Jan 2025 05:00:00 GMT","REP_HOUR":1500,"REP_YEAR":2025,"OCC_DATE":"Thu, 23 Jan 2025 05:00:00 GMT","OCC_HOUR":1500,"OCC_YEAR":2025,"TOD":"Afternoon","WEEKDAY":"Thursday","DOW":4,"NB_NAME_EN":"Vanier South","SECTOR":"25","DIVISION":"Central","WARD_EN":"Ward 12 - Rideau-Vanier","COUNCILLOR":"Stéphanie Plante","CENSUS_TRC":"5050100.00"}},{"type":"Feature","id":472,"geometry":{"type":"Point","coordinates":[-75.6076497434217,45.4017499423051]},"properties":{"OBJECTID":472,"ID":"472","REP_DATE":"Sat, 15 Feb 2025 05:00:00 GMT","REP_HOUR":1000,"REP_YEAR":2025,"OCC_DATE":"Thu, 13 Feb 2025 05:00:00 GMT","OCC_HOUR":2000,"OCC_YEAR":2025,"TOD":"Evening","WEEKDAY":"Thursday","DOW":4,"NB_NAME_EN":"East Industrial","SECTOR":"33","DIVISION":"East","WARD_EN":"Ward 18 - Alta Vista","COUNCILLOR":"Marty Carr","CENSUS_TRC":"5050011.01"}},{"type":"Feature","id":473,"geometry":{"type":"Point","coordinates":[-75.7597357251408,45.3200622563955]},"properties":{"OBJECTID":473,"ID":"473","REP_DATE":"Sat, 15 Feb 2025 05:00:00 GMT","REP_HOUR":2000,"REP_YEAR":2025,"OCC_DATE":"Sat, 15 Feb 2025 05:00:00 GMT","OCC_HOUR":2000,"OCC_YEAR":2025,"TOD":"Evening","WEEKDAY":"Saturday","DOW":6,"NB_NAME_EN":"Woodvale - Craig Henry - Manordale - Estates of Arlington Woods","SECTOR":"15","DIVISION":"West","WARD_EN":"Ward 9 - Knoxdale-Merivale","COUNCILLOR":"Sean Devine","CENSUS_TRC":"5050140.01"}},{"type":"Feature","id":474,"geometry":{"type":"Point","coordinates":[-75.685103374952,45.4332842947003]},"properties":{"OBJECTID":474,"ID":"474","REP_DATE":"Mon, 03 Mar 2025 05:00:00 GMT","REP_HOUR":2100,"REP_YEAR":2025,"OCC_DATE":"Mon, 03 Mar 2025 05:00:00 GMT","OCC_HOUR":2100,"OCC_YEAR":2025,"TOD":"Evening","WEEKDAY":"Monday","DOW":1,"NB_NAME_EN":"Lowertown","SECTOR":"24","DIVISION":"Central","WARD_EN":"Ward 12 - Rideau-Vanier","COUNCILLOR":"Stéphanie Plante","CENSUS_TRC":"5050056.00"}},{"type":"Feature","id":475,"geometry":{"type":"Point","coordinates":[-75.6747527333208,45.386836851679]},"properties":{"OBJECTID":475,"ID":"475","REP_DATE":"Wed, 05 Mar 2025 05:00:00 GMT","REP_HOUR":2200,"REP_YEAR":2025,"OCC_DATE":"Wed, 05 Mar 2025 05:00:00 GMT","OCC_HOUR":2200,"OCC_YEAR":2025,"TOD":"Evening","WEEKDAY":"Wednesday","DOW":3,"NB_NAME_EN":"Billings Bridge - Alta Vista","SECTOR":"34","DIVISION":"East","WARD_EN":"Ward 18 - Alta Vista","COUNCILLOR":"Marty Carr","CENSUS_TRC":"5050005.00"}},{"type":"Feature","id":476,"geometry":{"type":"Point","coordinates":[-75.7123188954661,45.39982924767]},"properties":{"OBJECTID":476,"ID":"476","REP_DATE":"Wed, 19 Mar 2025 05:00:00 GMT","REP_HOUR":1600,"REP_YEAR":2025,"OCC_DATE":"Wed, 19 Mar 2025 05:00:00 GMT","OCC_HOUR":1600,"OCC_YEAR":2025,"TOD":"Afternoon","WEEKDAY":"Wednesday","DOW":3,"NB_NAME_EN":"West Centertown","SECTOR":"22","DIVISION":"Central","WARD_EN":"Ward 15 - Kitchissippi","COUNCILLOR":"Jeff Leiper","CENSUS_TRC":"5050035.00"}},{"type":"Feature","id":477,"geometry":{"type":"Point","coordinates":[-75.6885493087504,45.4318420552889]},"properties":{"OBJECTID":477,"ID":"477","REP_DATE":"Wed, 19 Mar 2025 05:00:00 GMT","REP_HOUR":100,"REP_YEAR":2025,"OCC_DATE":"Wed, 19 Mar 2025 05:00:00 GMT","OCC_HOUR":100,"OCC_YEAR":2025,"TOD":"Night","WEEKDAY":"Wednesday","DOW":3,"NB_NAME_EN":"Lowertown","SECTOR":"24","DIVISION":"Central","WARD_EN":"Ward 12 - Rideau-Vanier","COUNCILLOR":"Stéphanie Plante","CENSUS_TRC":"5050056.00"}},{"type":"Feature","id":478,"geometry":{"type":"Point","coordinates":[-75.7628133201814,45.3342168788175]},"properties":{"OBJECTID":478,"ID":"478","REP_DATE":"Sun, 06 Apr 2025 05:00:00 GMT","REP_HOUR":900,"REP_YEAR":2025,"OCC_DATE":"Sun, 06 Apr 2025 05:00:00 GMT","OCC_HOUR":900,"OCC_YEAR":2025,"TOD":"Morning","WEEKDAY":"Sunday","DOW":7,"NB_NAME_EN":"Woodvale - Craig Henry - Manordale - Estates of Arlington Woods","SECTOR":"15","DIVISION":"West","WARD_EN":"Ward 9 - Knoxdale-Merivale","COUNCILLOR":"Sean Devine","CENSUS_TRC":"5050135.01"}},{"type":"Feature","id":479,"geometry":{"type":"Point","coordinates":[-75.8206227663497,45.3295337437837]},"properties":{"OBJECTID":479,"ID":"479","REP_DATE":"Wed, 09 Apr 2025 05:00:00 GMT","REP_HOUR":1600,"REP_YEAR":2025,"OCC_DATE":"Wed, 09 Apr 2025 05:00:00 GMT","OCC_HOUR":1600,"OCC_YEAR":2025,"TOD":"Afternoon","WEEKDAY":"Wednesday","DOW":3,"NB_NAME_EN":"Bells Corners East","SECTOR":"15","DIVISION":"West","WARD_EN":"Ward 8 - College","COUNCILLOR":"Laine Johnson","CENSUS_TRC":"5050136.02"}},{"type":"Feature","id":480,"geometry":{"type":"Point","coordinates":[-75.6254146367802,45.3994847366682]},"properties":{"OBJECTID":480,"ID":"480","REP_DATE":"Sun, 27 Apr 2025 05:00:00 GMT","REP_HOUR":2100,"REP_YEAR":2025,"OCC_DATE":"Sun, 27 Apr 2025 05:00:00 GMT","OCC_HOUR":2000,"OCC_YEAR":2025,"TOD":"Evening","WEEKDAY":"Sunday","DOW":7,"NB_NAME_EN":"Elmvale - Eastway - Riverview - Riverview Park West","SECTOR":"33","DIVISION":"East","WARD_EN":"Ward 18 - Alta Vista","COUNCILLOR":"Marty Carr","CENSUS_TRC":"5050009.00"}},{"type":"Feature","id":481,"geometry":{"type":"Point","coordinates":[-75.685103374952,45.4332842947003]},"properties":{"OBJECTID":481,"ID":"481","REP_DATE":"Mon, 28 Apr 2025 05:00:00 GMT","REP_HOUR":1500,"REP_YEAR":2025,"OCC_DATE":"Mon, 28 Apr 2025 05:00:00 GMT","OCC_HOUR":1500,"OCC_YEAR":2025,"TOD":"Afternoon","WEEKDAY":"Monday","DOW":1,"NB_NAME_EN":"Lowertown","SECTOR":"24","DIVISION":"Central","WARD_EN":"Ward 12 - Rideau-Vanier","COUNCILLOR":"Stéphanie Plante","CENSUS_TRC":"5050056.00"}},{"type":"Feature","id":482,"geometry":{"type":"Point","coordinates":[-75.5286198703847,45.4551326214701]},"properties":{"OBJECTID":482,"ID":"482","REP_DATE":"Wed, 07 May 2025 05:00:00 GMT","REP_HOUR":700,"REP_YEAR":2025,"OCC_DATE":"Wed, 07 May 2025 05:00:00 GMT","OCC_HOUR":700,"OCC_YEAR":2025,"TOD":"Morning","WEEKDAY":"Wednesday","DOW":3,"NB_NAME_EN":"Orléans Chapel Hill","SECTOR":"31","DIVISION":"East","WARD_EN":"Ward 2 - Orléans West-Innes","COUNCILLOR":"Laura Dudas","CENSUS_TRC":"5050125.07"}},{"type":"Feature","id":483,"geometry":{"type":"Point","coordinates":[-75.6048312300049,45.3812378803909]},"properties":{"OBJECTID":483,"ID":"483","REP_DATE":"Sat, 17 May 2025 05:00:00 GMT","REP_HOUR":900,"REP_YEAR":2025,"OCC_DATE":"Fri, 16 May 2025 05:00:00 GMT","OCC_HOUR":1800,"OCC_YEAR":2025,"TOD":"Evening","WEEKDAY":"Friday","DOW":5,"NB_NAME_EN":"East Industrial","SECTOR":"33","DIVISION":"East","WARD_EN":"Ward 10 - Gloucester-Southgate","COUNCILLOR":"Jessica Bradley","CENSUS_TRC":"5050001.08"}},{"type":"Feature","id":484,"geometry":{"type":"Point","coordinates":[-76.2149388959656,45.4700846496335]},"properties":{"OBJECTID":484,"ID":"484","REP_DATE":"Fri, 23 May 2025 05:00:00 GMT","REP_HOUR":1600,"REP_YEAR":2025,"OCC_DATE":"Fri, 23 May 2025 05:00:00 GMT","OCC_HOUR":1600,"OCC_YEAR":2025,"TOD":"Afternoon","WEEKDAY":"Friday","DOW":5,"NB_NAME_EN":"Fitzroy","SECTOR":"11","DIVISION":"West","WARD_EN":"Ward 5 - West Carleton-March","COUNCILLOR":"Clarke Kelly","CENSUS_TRC":"5050301.00"}},{"type":"Feature","id":485,"geometry":{"type":"Point","coordinates":[-75.882051392776,45.2942293003449]},"properties":{"OBJECTID":485,"ID":"485","REP_DATE":"Fri, 23 May 2025 05:00:00 GMT","REP_HOUR":1500,"REP_YEAR":2025,"OCC_DATE":"Fri, 23 May 2025 05:00:00 GMT","OCC_HOUR":1500,"OCC_YEAR":2025,"TOD":"Afternoon","WEEKDAY":"Friday","DOW":5,"NB_NAME_EN":"Glen Cairn - Kanata South Business Park","SECTOR":"13","DIVISION":"West","WARD_EN":"Ward 23 - Kanata South","COUNCILLOR":"Allan Hubley","CENSUS_TRC":"5050162.03"}},{"type":"Feature","id":486,"geometry":{"type":"Point","coordinates":[-75.6276464507565,45.4428662976473]},"properties":{"OBJECTID":486,"ID":"486","REP_DATE":"Sun, 25 May 2025 05:00:00 GMT","REP_HOUR":0,"REP_YEAR":2025,"OCC_DATE":"Sun, 25 May 2025 05:00:00 GMT","OCC_HOUR":0,"OCC_YEAR":2025,"TOD":"Night","WEEKDAY":"Sunday","DOW":7,"NB_NAME_EN":"Carson Grove - Carson Meadows","SECTOR":"32","DIVISION":"East","WARD_EN":"Ward 13 - Rideau-Rockcliffe","COUNCILLOR":"Rawlson King","CENSUS_TRC":"5050062.01"}},{"type":"Feature","id":487,"geometry":{"type":"Point","coordinates":[-75.7766625129446,45.2792392962545]},"properties":{"OBJECTID":487,"ID":"487","REP_DATE":"Tue, 27 May 2025 05:00:00 GMT","REP_HOUR":100,"REP_YEAR":2025,"OCC_DATE":"Tue, 27 May 2025 05:00:00 GMT","OCC_HOUR":100,"OCC_YEAR":2025,"TOD":"Night","WEEKDAY":"Tuesday","DOW":2,"NB_NAME_EN":"Barrhaven","SECTOR":"16","DIVISION":"West","WARD_EN":"Ward 3 - Barrhaven West","COUNCILLOR":"David Hill","CENSUS_TRC":"5050140.06"}},{"type":"Feature","id":488,"geometry":{"type":"Point","coordinates":[-75.778754204402,45.3314187525919]},"properties":{"OBJECTID":488,"ID":"488","REP_DATE":"Sun, 01 Jun 2025 05:00:00 GMT","REP_HOUR":2000,"REP_YEAR":2025,"OCC_DATE":"Sun, 01 Jun 2025 05:00:00 GMT","OCC_HOUR":2000,"OCC_YEAR":2025,"TOD":"Evening","WEEKDAY":"Sunday","DOW":7,"NB_NAME_EN":"Woodvale - Craig Henry - Manordale - Estates of Arlington Woods","SECTOR":"15","DIVISION":"West","WARD_EN":"Ward 9 - Knoxdale-Merivale","COUNCILLOR":"Sean Devine","CENSUS_TRC":"5050135.01"}},{"type":"Feature","id":489,"geometry":{"type":"Point","coordinates":[-75.6665110156955,45.3765574401284]},"properties":{"OBJECTID":489,"ID":"489","REP_DATE":"Sat, 14 Jun 2025 05:00:00 GMT","REP_HOUR":1500,"REP_YEAR":2025,"OCC_DATE":"Sat, 14 Jun 2025 05:00:00 GMT","OCC_HOUR":1500,"OCC_YEAR":2025,"TOD":"Afternoon","WEEKDAY":"Saturday","DOW":6,"NB_NAME_EN":"Ledbury - Heron Gate - Ridgemont - Elmwood","SECTOR":"34","DIVISION":"East","WARD_EN":"Ward 17 - Capital","COUNCILLOR":"Shawn Menard","CENSUS_TRC":"5050005.00"}},{"type":"Feature","id":490,"geometry":{"type":"Point","coordinates":[-76.274681182901,45.4434115860864]},"properties":{"OBJECTID":490,"ID":"490","REP_DATE":"Wed, 18 Jun 2025 05:00:00 GMT","REP_HOUR":600,"REP_YEAR":2025,"OCC_DATE":"Wed, 18 Jun 2025 05:00:00 GMT","OCC_HOUR":600,"OCC_YEAR":2025,"TOD":"Morning","WEEKDAY":"Wednesday","DOW":3,"NB_NAME_EN":"Galetta","SECTOR":"11","DIVISION":"West","WARD_EN":"Ward 5 - West Carleton-March","COUNCILLOR":"Clarke Kelly","CENSUS_TRC":"5050301.00"}},{"type":"Feature","id":491,"geometry":{"type":"Point","coordinates":[-75.7554416654782,45.2522087132488]},"properties":{"OBJECTID":491,"ID":"491","REP_DATE":"Sun, 22 Jun 2025 05:00:00 GMT","REP_HOUR":2000,"REP_YEAR":2025,"OCC_DATE":"Sun, 22 Jun 2025 05:00:00 GMT","OCC_HOUR":2000,"OCC_YEAR":2025,"TOD":"Evening","WEEKDAY":"Sunday","DOW":7,"NB_NAME_EN":"New Barrhaven - New Development - Stonebridge","SECTOR":"16","DIVISION":"West","WARD_EN":"Ward 3 - Barrhaven West","COUNCILLOR":"David Hill","CENSUS_TRC":"5050141.24"}},{"type":"Feature","id":492,"geometry":{"type":"Point","coordinates":[-75.81241709785,45.3518452184575]},"properties":{"OBJECTID":492,"ID":"492","REP_DATE":"Thu, 26 Jun 2025 05:00:00 GMT","REP_HOUR":2300,"REP_YEAR":2025,"OCC_DATE":"Thu, 26 Jun 2025 05:00:00 GMT","OCC_HOUR":2300,"OCC_YEAR":2025,"TOD":"Evening","WEEKDAY":"Thursday","DOW":4,"NB_NAME_EN":"Bayshore","SECTOR":"14","DIVISION":"West","WARD_EN":"Ward 7 - Bay","COUNCILLOR":"Theresa Kavanagh","CENSUS_TRC":"5050138.00"}},{"type":"Feature","id":493,"geometry":{"type":"Point","coordinates":[-75.9023314200472,45.2752506570003]},"properties":{"OBJECTID":493,"ID":"493","REP_DATE":"Sat, 02 Aug 2025 05:00:00 GMT","REP_HOUR":1000,"REP_YEAR":2025,"OCC_DATE":"Fri, 01 Aug 2025 05:00:00 GMT","OCC_HOUR":1800,"OCC_YEAR":2025,"TOD":"Evening","WEEKDAY":"Friday","DOW":5,"NB_NAME_EN":"Stittsville","SECTOR":"13","DIVISION":"West","WARD_EN":"Ward 6 - Stittsville","COUNCILLOR":"Glen Gower","CENSUS_TRC":"5050151.08"}},{"type":"Feature","id":494,"geometry":{"type":"Point","coordinates":[-75.6066001597833,45.1359016899119]},"properties":{"OBJECTID":494,"ID":"494","REP_DATE":"Mon, 04 Aug 2025 05:00:00 GMT","REP_HOUR":1700,"REP_YEAR":2025,"OCC_DATE":"Mon, 04 Aug 2025 05:00:00 GMT","OCC_HOUR":1700,"OCC_YEAR":2025,"TOD":"Afternoon","WEEKDAY":"Monday","DOW":1,"NB_NAME_EN":"Osgoode","SECTOR":"36","DIVISION":"East","WARD_EN":"Ward 20 - Osgoode","COUNCILLOR":"Isabelle Skalski","CENSUS_TRC":"5050191.02"}},{"type":"Feature","id":495,"geometry":{"type":"Point","coordinates":[-75.6522852194117,45.4245416784886]},"properties":{"OBJECTID":495,"ID":"495","REP_DATE":"Tue, 05 Aug 2025 05:00:00 GMT","REP_HOUR":0,"REP_YEAR":2025,"OCC_DATE":"Tue, 05 Aug 2025 05:00:00 GMT","OCC_HOUR":0,"OCC_YEAR":2025,"TOD":"Night","WEEKDAY":"Tuesday","DOW":2,"NB_NAME_EN":"Overbrook - McArthur","SECTOR":"25","DIVISION":"Central","WARD_EN":"Ward 13 - Rideau-Rockcliffe","COUNCILLOR":"Rawlson King","CENSUS_TRC":"5050012.00"}},{"type":"Feature","id":496,"geometry":{"type":"Point","coordinates":[-75.7939850873854,45.3477835363938]},"properties":{"OBJECTID":496,"ID":"496","REP_DATE":"Sat, 09 Aug 2025 05:00:00 GMT","REP_HOUR":200,"REP_YEAR":2025,"OCC_DATE":"Sat, 09 Aug 2025 05:00:00 GMT","OCC_HOUR":200,"OCC_YEAR":2025,"TOD":"Night","WEEKDAY":"Saturday","DOW":6,"NB_NAME_EN":"Whitehaven - Queensway Terrace North","SECTOR":"14","DIVISION":"West","WARD_EN":"Ward 7 - Bay","COUNCILLOR":"Theresa Kavanagh","CENSUS_TRC":"5050028.00"}},{"type":"Feature","id":497,"geometry":{"type":"Point","coordinates":[-75.69208204825,45.4269898348582]},"properties":{"OBJECTID":497,"ID":"497","REP_DATE":"Thu, 14 Aug 2025 05:00:00 GMT","REP_HOUR":2300,"REP_YEAR":2025,"OCC_DATE":"Thu, 14 Aug 2025 05:00:00 GMT","OCC_HOUR":2300,"OCC_YEAR":2025,"TOD":"Evening","WEEKDAY":"Thursday","DOW":4,"NB_NAME_EN":"Byward Market","SECTOR":"24","DIVISION":"Central","WARD_EN":"Ward 12 - Rideau-Vanier","COUNCILLOR":"Stéphanie Plante","CENSUS_TRC":"5050054.00"}},{"type":"Feature","id":498,"geometry":{"type":"Point","coordinates":[-75.6846015891578,45.3993088212005]},"properties":{"OBJECTID":498,"ID":"498","REP_DATE":"Fri, 29 Aug 2025 05:00:00 GMT","REP_HOUR":1600,"REP_YEAR":2025,"OCC_DATE":"Fri, 29 Aug 2025 05:00:00 GMT","OCC_HOUR":1600,"OCC_YEAR":2025,"TOD":"Afternoon","WEEKDAY":"Friday","DOW":5,"NB_NAME_EN":"Glebe - Dows Lake","SECTOR":"22","DIVISION":"Central","WARD_EN":"Ward 17 - Capital","COUNCILLOR":"Shawn Menard","CENSUS_TRC":"5050018.00"}},{"type":"Feature","id":499,"geometry":{"type":"Point","coordinates":[-75.693038182356,45.4280494331447]},"properties":{"OBJECTID":499,"ID":"499","REP_DATE":"Sat, 30 Aug 2025 05:00:00 GMT","REP_HOUR":300,"REP_YEAR":2025,"OCC_DATE":"Sat, 30 Aug 2025 05:00:00 GMT","OCC_HOUR":300,"OCC_YEAR":2025,"TOD":"Night","WEEKDAY":"Saturday","DOW":6,"NB_NAME_EN":"Byward Market","SECTOR":"24","DIVISION":"Central","WARD_EN":"Ward 12 - Rideau-Vanier","COUNCILLOR":"Stéphanie Plante","CENSUS_TRC":"5050054.00"}},{"type":"Feature","id":500,"geometry":{"type":"Point","coordinates":[-75.6188387754107,45.3212082030238]},"properties":{"OBJECTID":500,"ID":"500","REP_DATE":"Thu, 11 Sep 2025 05:00:00 GMT","REP_HOUR":900,"REP_YEAR":2025,"OCC_DATE":"Thu, 11 Sep 2025 05:00:00 GMT","OCC_HOUR":900,"OCC_YEAR":2025,"TOD":"Morning","WEEKDAY":"Thursday","DOW":4,"NB_NAME_EN":"Riverside South - Leitrim","SECTOR":"35","DIVISION":"East","WARD_EN":"Ward 22 - Riverside South-Findlay Creek","COUNCILLOR":"Steve Desroches","CENSUS_TRC":"5050126.07"}},{"type":"Feature","id":501,"geometry":{"type":"Point","coordinates":[-75.9206369090556,45.35612185249]},"properties":{"OBJECTID":501,"ID":"501","REP_DATE":"Thu, 02 Oct 2025 05:00:00 GMT","REP_HOUR":2100,"REP_YEAR":2025,"OCC_DATE":"Thu, 02 Oct 2025 05:00:00 GMT","OCC_HOUR":2100,"OCC_YEAR":2025,"TOD":"Evening","WEEKDAY":"Thursday","DOW":4,"NB_NAME_EN":"Kanata Lakes - Marchwood Lakeside - Morgan's Grant - Kanata North Business Park","SECTOR":"13","DIVISION":"West","WARD_EN":"Ward 4 - Kanata North","COUNCILLOR":"Cathy Curry","CENSUS_TRC":"5050160.11"}},{"type":"Feature","id":502,"geometry":{"type":"Point","coordinates":[-75.651827128596,45.4235574236228]},"properties":{"OBJECTID":502,"ID":"502","REP_DATE":"Fri, 03 Oct 2025 05:00:00 GMT","REP_HOUR":1100,"REP_YEAR":2025,"OCC_DATE":"Fri, 03 Oct 2025 05:00:00 GMT","OCC_HOUR":1100,"OCC_YEAR":2025,"TOD":"Morning","WEEKDAY":"Friday","DOW":5,"NB_NAME_EN":"Overbrook - McArthur","SECTOR":"25","DIVISION":"Central","WARD_EN":"Ward 13 - Rideau-Rockcliffe","COUNCILLOR":"Rawlson King","CENSUS_TRC":"5050012.00"}},{"type":"Feature","id":503,"geometry":{"type":"Point","coordinates":[-75.6288091726652,45.4021832925928]},"properties":{"OBJECTID":503,"ID":"503","REP_DATE":"Mon, 13 Oct 2025 05:00:00 GMT","REP_HOUR":1400,"REP_YEAR":2025,"OCC_DATE":"Mon, 13 Oct 2025 05:00:00 GMT","OCC_HOUR":1400,"OCC_YEAR":2025,"TOD":"Afternoon","WEEKDAY":"Monday","DOW":1,"NB_NAME_EN":"Elmvale - Eastway - Riverview - Riverview Park West","SECTOR":"33","DIVISION":"East","WARD_EN":"Ward 18 - Alta Vista","COUNCILLOR":"Marty Carr","CENSUS_TRC":"5050011.01"}},{"type":"Feature","id":504,"geometry":{"type":"Point","coordinates":[-75.64230979862,45.4259069665482]},"properties":{"OBJECTID":504,"ID":"504","REP_DATE":"Mon, 13 Oct 2025 05:00:00 GMT","REP_HOUR":1200,"REP_YEAR":2025,"OCC_DATE":"Mon, 13 Oct 2025 05:00:00 GMT","OCC_HOUR":1200,"OCC_YEAR":2025,"TOD":"Afternoon","WEEKDAY":"Monday","DOW":1,"NB_NAME_EN":"Overbrook - McArthur","SECTOR":"25","DIVISION":"Central","WARD_EN":"Ward 13 - Rideau-Rockcliffe","COUNCILLOR":"Rawlson King","CENSUS_TRC":"5050012.00"}},{"type":"Feature","id":505,"geometry":{"type":"Point","coordinates":[-75.702145877135,45.4129832868649]},"properties":{"OBJECTID":505,"ID":"505","REP_DATE":"Wed, 15 Oct 2025 05:00:00 GMT","REP_HOUR":100,"REP_YEAR":2025,"OCC_DATE":"Wed, 15 Oct 2025 05:00:00 GMT","OCC_HOUR":100,"OCC_YEAR":2025,"TOD":"Night","WEEKDAY":"Wednesday","DOW":3,"NB_NAME_EN":"Centretown","SECTOR":"23","DIVISION":"Central","WARD_EN":"Ward 14 - Somerset","COUNCILLOR":"Ariel Troster","CENSUS_TRC":"5050040.00"}}]}