{"type":"FeatureCollection","crs":{"type":"name","properties":{"name":"EPSG:4326"}},"features":[{"type":"Feature","id":1,"geometry":null,"properties":{"OBJECTID":1,"ID":"1","YEAR":2022,"REP_DATE":"Wed, 04 May 2022 00:00:00 GMT","OCC_DATE":"Wed, 04 May 2022 00:00:00 GMT","WEEKDAY":"Wednesday","HATE_CRIME":"Religion","HC_MOTIVATION":"Jewish","HC_STATUS":"Hatecrime Happened","OFF_CATEG":"Public Incitement Of Hatred","NB_NAME_EN":"Corkery","SECTOR":"Sector 11","DIVISION":"West","CENSUS_TRC":"5050300.02","WARD":"Ward 5 - West Carleton-March","COUNCILLOR":"Clarke Kelly","OFF_TYPE":"Criminal"}},{"type":"Feature","id":2,"geometry":null,"properties":{"OBJECTID":2,"ID":"2","YEAR":2021,"REP_DATE":"Sun, 28 Nov 2021 00:00:00 GMT","OCC_DATE":"Mon, 25 Oct 2021 00:00:00 GMT","WEEKDAY":"Monday","HATE_CRIME":"Religion","HC_MOTIVATION":"Jewish","HC_STATUS":"Hatecrime Happened","OFF_CATEG":"Mischief To Property","NB_NAME_EN":"Fitzroy","SECTOR":"Sector 11","DIVISION":"West","CENSUS_TRC":"5050302.00","WARD":"Ward 5 - West Carleton-March","COUNCILLOR":"Clarke Kelly","OFF_TYPE":"Criminal"}},{"type":"Feature","id":3,"geometry":null,"properties":{"OBJECTID":3,"ID":"3","YEAR":2023,"REP_DATE":"Tue, 23 May 2023 00:00:00 GMT","OCC_DATE":"Tue, 23 May 2023 00:00:00 GMT","WEEKDAY":"Tuesday","HATE_CRIME":"Race/Ethnicity","HC_MOTIVATION":"Black","HC_STATUS":"Hatecrime Happened","OFF_CATEG":"Mischief To Property","NB_NAME_EN":"Stittsville","SECTOR":"Sector 13","DIVISION":"West","CENSUS_TRC":"5050151.04","WARD":"Ward 6 - Stittsville","COUNCILLOR":"Glen Gower","OFF_TYPE":"Criminal"}},{"type":"Feature","id":4,"geometry":null,"properties":{"OBJECTID":4,"ID":"4","YEAR":2020,"REP_DATE":"Sun, 04 Oct 2020 00:00:00 GMT","OCC_DATE":"Fri, 31 Jul 2020 00:00:00 GMT","WEEKDAY":"Friday","HATE_CRIME":"Race/Ethnicity","HC_MOTIVATION":"Black","HC_STATUS":"Hatecrime Suspected","OFF_CATEG":"Theft \u003c $5000","NB_NAME_EN":"Kanata Lakes - Marchwood Lakeside - Morgan's Grant - Kanata North Business Park","SECTOR":"Sector 13","DIVISION":"West","CENSUS_TRC":"5050160.15","WARD":"Ward 4 - Kanata North","COUNCILLOR":"Cathy Curry","OFF_TYPE":"Criminal"}},{"type":"Feature","id":5,"geometry":null,"properties":{"OBJECTID":5,"ID":"5","YEAR":2022,"REP_DATE":"Sun, 31 Jul 2022 00:00:00 GMT","OCC_DATE":"Wed, 13 Jul 2022 00:00:00 GMT","WEEKDAY":"Wednesday","HATE_CRIME":"Race/Ethnicity","HC_MOTIVATION":"Black","HC_STATUS":"Hatecrime Happened","OFF_CATEG":"Mischief To Property","NB_NAME_EN":"Stittsville","SECTOR":"Sector 13","DIVISION":"West","CENSUS_TRC":"5050151.11","WARD":"Ward 6 - Stittsville","COUNCILLOR":"Glen Gower","OFF_TYPE":"Criminal"}},{"type":"Feature","id":6,"geometry":null,"properties":{"OBJECTID":6,"ID":"6","YEAR":2022,"REP_DATE":"Mon, 09 May 2022 00:00:00 GMT","OCC_DATE":"Sat, 07 May 2022 00:00:00 GMT","WEEKDAY":"Saturday","HATE_CRIME":"Race/Ethnicity","HC_MOTIVATION":"Other race/ethnicity","HC_STATUS":"Hatecrime Happened","OFF_CATEG":"Wilful Promotion Of Hatred","NB_NAME_EN":"Galetta","SECTOR":"Sector 11","DIVISION":"West","CENSUS_TRC":"5050301.00","WARD":"Ward 5 - West Carleton-March","COUNCILLOR":"Clarke Kelly","OFF_TYPE":"Criminal"}},{"type":"Feature","id":7,"geometry":null,"properties":{"OBJECTID":7,"ID":"7","YEAR":2022,"REP_DATE":"Thu, 13 Oct 2022 00:00:00 GMT","OCC_DATE":"Tue, 11 Oct 2022 00:00:00 GMT","WEEKDAY":"Tuesday","HATE_CRIME":"Race/Ethnicity","HC_MOTIVATION":"Arab(West Asian,Middle Eastern and North African origins)","HC_STATUS":"Hatecrime Happened","OFF_CATEG":"Assault With Weapon Or Cbh Lv2","NB_NAME_EN":"Stittsville","SECTOR":"Sector 13","DIVISION":"West","CENSUS_TRC":"5050151.11","WARD":"Ward 6 - Stittsville","COUNCILLOR":"Glen Gower","OFF_TYPE":"Criminal"}},{"type":"Feature","id":8,"geometry":null,"properties":{"OBJECTID":8,"ID":"8","YEAR":2022,"REP_DATE":"Tue, 08 Nov 2022 00:00:00 GMT","OCC_DATE":"Tue, 08 Nov 2022 00:00:00 GMT","WEEKDAY":"Tuesday","HATE_CRIME":"Race/Ethnicity","HC_MOTIVATION":"Black","HC_STATUS":"Hatecrime Happened","OFF_CATEG":"Mischief Hate Cultrl/ Rel Prop","NB_NAME_EN":"Stittsville","SECTOR":"Sector 13","DIVISION":"West","CENSUS_TRC":"5050151.04","WARD":"Ward 6 - Stittsville","COUNCILLOR":"Glen Gower","OFF_TYPE":"Criminal"}},{"type":"Feature","id":9,"geometry":null,"properties":{"OBJECTID":9,"ID":"9","YEAR":2022,"REP_DATE":"Fri, 29 Jul 2022 00:00:00 GMT","OCC_DATE":"Fri, 29 Jul 2022 00:00:00 GMT","WEEKDAY":"Friday","HATE_CRIME":"Race/Ethnicity","HC_MOTIVATION":"Multiple Races/Ethnicities","HC_STATUS":"Hatecrime Happened","OFF_CATEG":"Mischief Hate Cultrl/ Rel Prop","NB_NAME_EN":"Stittsville","SECTOR":"Sector 13","DIVISION":"West","CENSUS_TRC":"5050151.04","WARD":"Ward 6 - Stittsville","COUNCILLOR":"Glen Gower","OFF_TYPE":"Criminal"}},{"type":"Feature","id":10,"geometry":null,"properties":{"OBJECTID":10,"ID":"10","YEAR":2022,"REP_DATE":"Thu, 26 May 2022 00:00:00 GMT","OCC_DATE":"Thu, 26 May 2022 00:00:00 GMT","WEEKDAY":"Thursday","HATE_CRIME":"Race/Ethnicity","HC_MOTIVATION":"Black","HC_STATUS":"Hatecrime Happened","OFF_CATEG":"Mischief To Property","NB_NAME_EN":"Stittsville","SECTOR":"Sector 13","DIVISION":"West","CENSUS_TRC":"5050151.05","WARD":"Ward 6 - Stittsville","COUNCILLOR":"Glen Gower","OFF_TYPE":"Criminal"}},{"type":"Feature","id":11,"geometry":null,"properties":{"OBJECTID":11,"ID":"11","YEAR":2024,"REP_DATE":"Thu, 01 Feb 2024 00:00:00 GMT","OCC_DATE":"Wed, 31 Jan 2024 00:00:00 GMT","WEEKDAY":"Wednesday","HATE_CRIME":"Sexual Orientation","HC_MOTIVATION":"LGBTQ2+","HC_STATUS":"Hatecrime Happened","OFF_CATEG":"Harass Crim Stalking","NB_NAME_EN":"Kanata Lakes - Marchwood Lakeside - Morgan's Grant - Kanata North Business Park","SECTOR":"Sector 13","DIVISION":"West","CENSUS_TRC":"5050160.07","WARD":"Ward 4 - Kanata North","COUNCILLOR":"Cathy Curry","OFF_TYPE":"Criminal"}},{"type":"Feature","id":12,"geometry":null,"properties":{"OBJECTID":12,"ID":"12","YEAR":2020,"REP_DATE":"Fri, 14 Feb 2020 00:00:00 GMT","OCC_DATE":"Fri, 14 Feb 2020 00:00:00 GMT","WEEKDAY":"Friday","HATE_CRIME":"Race/Ethnicity","HC_MOTIVATION":"Black","HC_STATUS":"Hatecrime Happened","OFF_CATEG":"Threats Utter To Person","NB_NAME_EN":"Carp","SECTOR":"Sector 11","DIVISION":"West","CENSUS_TRC":"5050300.01","WARD":"Ward 5 - West Carleton-March","COUNCILLOR":"Clarke Kelly","OFF_TYPE":"Criminal"}},{"type":"Feature","id":13,"geometry":null,"properties":{"OBJECTID":13,"ID":"13","YEAR":2023,"REP_DATE":"Fri, 22 Sep 2023 00:00:00 GMT","OCC_DATE":"Wed, 13 Sep 2023 00:00:00 GMT","WEEKDAY":"Wednesday","HATE_CRIME":"Race/Ethnicity","HC_MOTIVATION":"Black","HC_STATUS":"Hatecrime Happened","OFF_CATEG":"Assault Under 16","NB_NAME_EN":"Carp","SECTOR":"Sector 11","DIVISION":"West","CENSUS_TRC":"5050300.01","WARD":"Ward 5 - West Carleton-March","COUNCILLOR":"Clarke Kelly","OFF_TYPE":"Criminal"}},{"type":"Feature","id":14,"geometry":null,"properties":{"OBJECTID":14,"ID":"14","YEAR":2022,"REP_DATE":"Sun, 31 Jul 2022 00:00:00 GMT","OCC_DATE":"Sat, 30 Jul 2022 00:00:00 GMT","WEEKDAY":"Saturday","HATE_CRIME":"Race/Ethnicity","HC_MOTIVATION":"Black","HC_STATUS":"Hatecrime Suspected","OFF_CATEG":"Mischief To Property","NB_NAME_EN":"Kanata Lakes - Marchwood Lakeside - Morgan's Grant - Kanata North Business Park","SECTOR":"Sector 13","DIVISION":"West","CENSUS_TRC":"5050160.11","WARD":"Ward 4 - Kanata North","COUNCILLOR":"Cathy Curry","OFF_TYPE":"Criminal"}},{"type":"Feature","id":15,"geometry":null,"properties":{"OBJECTID":15,"ID":"15","YEAR":2018,"REP_DATE":"Fri, 07 Sep 2018 00:00:00 GMT","OCC_DATE":"Wed, 05 Sep 2018 00:00:00 GMT","WEEKDAY":"Wednesday","HATE_CRIME":"Gender","HC_MOTIVATION":"Man","HC_STATUS":"Hatecrime Suspected","OFF_CATEG":"Mischief To Property","NB_NAME_EN":"Constance Bay","SECTOR":"Sector 11","DIVISION":"West","CENSUS_TRC":"5050302.00","WARD":"Ward 5 - West Carleton-March","COUNCILLOR":"Clarke Kelly","OFF_TYPE":"Criminal"}},{"type":"Feature","id":16,"geometry":null,"properties":{"OBJECTID":16,"ID":"16","YEAR":2020,"REP_DATE":"Sat, 04 Apr 2020 00:00:00 GMT","OCC_DATE":"Sat, 04 Apr 2020 00:00:00 GMT","WEEKDAY":"Saturday","HATE_CRIME":"Race/Ethnicity","HC_MOTIVATION":"Indigenous/Aboriginal","HC_STATUS":"Hatecrime Happened","OFF_CATEG":"Mischief To Property","NB_NAME_EN":"Constance Bay","SECTOR":"Sector 11","DIVISION":"West","CENSUS_TRC":"5050302.00","WARD":"Ward 5 - West Carleton-March","COUNCILLOR":"Clarke Kelly","OFF_TYPE":"Criminal"}},{"type":"Feature","id":17,"geometry":null,"properties":{"OBJECTID":17,"ID":"17","YEAR":2023,"REP_DATE":"Sat, 16 Sep 2023 00:00:00 GMT","OCC_DATE":"Fri, 15 Sep 2023 00:00:00 GMT","WEEKDAY":"Friday","HATE_CRIME":"Sexual Orientation","HC_MOTIVATION":"LGBTQ2+","HC_STATUS":"Hatecrime Suspected","OFF_CATEG":"Mischief To Property","NB_NAME_EN":"Stittsville","SECTOR":"Sector 13","DIVISION":"West","CENSUS_TRC":"5050151.06","WARD":"Ward 6 - Stittsville","COUNCILLOR":"Glen Gower","OFF_TYPE":"Criminal"}},{"type":"Feature","id":18,"geometry":null,"properties":{"OBJECTID":18,"ID":"18","YEAR":2019,"REP_DATE":"Wed, 06 Nov 2019 00:00:00 GMT","OCC_DATE":"Wed, 06 Nov 2019 00:00:00 GMT","WEEKDAY":"Wednesday","HATE_CRIME":"Mental or Physical Disability","HC_MOTIVATION":"Mental","HC_STATUS":"Hatecrime Happened","OFF_CATEG":"Public Incitement Of Hatred","NB_NAME_EN":"Constance Bay","SECTOR":"Sector 11","DIVISION":"West","CENSUS_TRC":"5050302.00","WARD":"Ward 5 - West Carleton-March","COUNCILLOR":"Clarke Kelly","OFF_TYPE":"Criminal"}},{"type":"Feature","id":19,"geometry":null,"properties":{"OBJECTID":19,"ID":"19","YEAR":2023,"REP_DATE":"Wed, 09 Aug 2023 00:00:00 GMT","OCC_DATE":"Sun, 16 Jul 2023 00:00:00 GMT","WEEKDAY":"Sunday","HATE_CRIME":"Immigrants/Newcomers to Canada","HC_MOTIVATION":"Immigrants/Newcomers to Canada","HC_STATUS":"Hatecrime Suspected","OFF_CATEG":"Dispute- Neighbour","NB_NAME_EN":"Kanata Lakes - Marchwood Lakeside - Morgan's Grant - Kanata North Business Park","SECTOR":"Sector 13","DIVISION":"West","CENSUS_TRC":"5050160.07","WARD":"Ward 4 - Kanata North","COUNCILLOR":"Cathy Curry","OFF_TYPE":"Non Criminal"}},{"type":"Feature","id":20,"geometry":null,"properties":{"OBJECTID":20,"ID":"20","YEAR":2022,"REP_DATE":"Tue, 20 Sep 2022 00:00:00 GMT","OCC_DATE":"Sun, 18 Sep 2022 00:00:00 GMT","WEEKDAY":"Sunday","HATE_CRIME":"Race/Ethnicity","HC_MOTIVATION":"South Asian","HC_STATUS":"Hatecrime Suspected","OFF_CATEG":"Mischief To Property","NB_NAME_EN":"Dunrobin","SECTOR":"Sector 11","DIVISION":"West","CENSUS_TRC":"5050160.09","WARD":"Ward 5 - West Carleton-March","COUNCILLOR":"Clarke Kelly","OFF_TYPE":"Criminal"}},{"type":"Feature","id":21,"geometry":null,"properties":{"OBJECTID":21,"ID":"21","YEAR":2022,"REP_DATE":"Fri, 25 Feb 2022 00:00:00 GMT","OCC_DATE":"Fri, 25 Feb 2022 00:00:00 GMT","WEEKDAY":"Friday","HATE_CRIME":"Race/Ethnicity","HC_MOTIVATION":"Black","HC_STATUS":"Hatecrime Happened","OFF_CATEG":"Dispute- Disturbance","NB_NAME_EN":"Carp","SECTOR":"Sector 11","DIVISION":"West","CENSUS_TRC":"5050300.01","WARD":"Ward 5 - West Carleton-March","COUNCILLOR":"Clarke Kelly","OFF_TYPE":"Non Criminal"}},{"type":"Feature","id":22,"geometry":null,"properties":{"OBJECTID":22,"ID":"22","YEAR":2022,"REP_DATE":"Fri, 02 Sep 2022 00:00:00 GMT","OCC_DATE":"Sun, 31 Jul 2022 00:00:00 GMT","WEEKDAY":"Sunday","HATE_CRIME":"Religion","HC_MOTIVATION":"Catholic","HC_STATUS":"Hatecrime Suspected","OFF_CATEG":"B&e Non- Res.prop/ Commercial","NB_NAME_EN":"Stittsville","SECTOR":"Sector 13","DIVISION":"West","CENSUS_TRC":"5050151.06","WARD":"Ward 6 - Stittsville","COUNCILLOR":"Glen Gower","OFF_TYPE":"Criminal"}},{"type":"Feature","id":23,"geometry":null,"properties":{"OBJECTID":23,"ID":"23","YEAR":2022,"REP_DATE":"Thu, 01 Dec 2022 00:00:00 GMT","OCC_DATE":"Sat, 01 Oct 2022 00:00:00 GMT","WEEKDAY":"Saturday","HATE_CRIME":"Religion","HC_MOTIVATION":"Catholic","HC_STATUS":"Hatecrime Suspected","OFF_CATEG":"Mischief To Property","NB_NAME_EN":"Stittsville","SECTOR":"Sector 13","DIVISION":"West","CENSUS_TRC":"5050151.08","WARD":"Ward 6 - Stittsville","COUNCILLOR":"Glen Gower","OFF_TYPE":"Criminal"}},{"type":"Feature","id":24,"geometry":null,"properties":{"OBJECTID":24,"ID":"24","YEAR":2024,"REP_DATE":"Thu, 04 Jan 2024 00:00:00 GMT","OCC_DATE":"Thu, 04 Jan 2024 00:00:00 GMT","WEEKDAY":"Thursday","HATE_CRIME":"Religion","HC_MOTIVATION":"Catholic","HC_STATUS":"Hatecrime Suspected","OFF_CATEG":"Mischief Hate Cultrl/ Rel Prop","NB_NAME_EN":"Carp","SECTOR":"Sector 11","DIVISION":"West","CENSUS_TRC":"5050300.01","WARD":"Ward 5 - West Carleton-March","COUNCILLOR":"Clarke Kelly","OFF_TYPE":"Criminal"}},{"type":"Feature","id":25,"geometry":null,"properties":{"OBJECTID":25,"ID":"25","YEAR":2023,"REP_DATE":"Fri, 20 Oct 2023 00:00:00 GMT","OCC_DATE":"Fri, 20 Oct 2023 00:00:00 GMT","WEEKDAY":"Friday","HATE_CRIME":"Religion","HC_MOTIVATION":"Jewish","HC_STATUS":"Hatecrime Happened","OFF_CATEG":"Mischief To Property","NB_NAME_EN":"Kanata Lakes - Marchwood Lakeside - Morgan's Grant - Kanata North Business Park","SECTOR":"Sector 13","DIVISION":"West","CENSUS_TRC":"5050160.15","WARD":"Ward 4 - Kanata North","COUNCILLOR":"Cathy Curry","OFF_TYPE":"Criminal"}},{"type":"Feature","id":26,"geometry":null,"properties":{"OBJECTID":26,"ID":"26","YEAR":2023,"REP_DATE":"Fri, 20 Oct 2023 00:00:00 GMT","OCC_DATE":"Fri, 20 Oct 2023 00:00:00 GMT","WEEKDAY":"Friday","HATE_CRIME":"Religion","HC_MOTIVATION":"Jewish","HC_STATUS":"Hatecrime Happened","OFF_CATEG":"Mischief To Property","NB_NAME_EN":"Kanata Lakes - Marchwood Lakeside - Morgan's Grant - Kanata North Business Park","SECTOR":"Sector 13","DIVISION":"West","CENSUS_TRC":"5050160.15","WARD":"Ward 4 - Kanata North","COUNCILLOR":"Cathy Curry","OFF_TYPE":"Criminal"}},{"type":"Feature","id":27,"geometry":null,"properties":{"OBJECTID":27,"ID":"27","YEAR":2023,"REP_DATE":"Sat, 26 Aug 2023 00:00:00 GMT","OCC_DATE":"Sat, 26 Aug 2023 00:00:00 GMT","WEEKDAY":"Saturday","HATE_CRIME":"Gender","HC_MOTIVATION":"LGBTQ2+","HC_STATUS":"Hatecrime Happened","OFF_CATEG":"Traffic Complaint -  Person","NB_NAME_EN":"Kanata Lakes - Marchwood Lakeside - Morgan's Grant - Kanata North Business Park","SECTOR":"Sector 13","DIVISION":"West","CENSUS_TRC":"5050160.15","WARD":"Ward 23 - Kanata South","COUNCILLOR":"Allan Hubley","OFF_TYPE":"Non Criminal"}},{"type":"Feature","id":28,"geometry":null,"properties":{"OBJECTID":28,"ID":"28","YEAR":2022,"REP_DATE":"Thu, 03 Feb 2022 00:00:00 GMT","OCC_DATE":"Wed, 02 Feb 2022 00:00:00 GMT","WEEKDAY":"Wednesday","HATE_CRIME":"Race/Ethnicity","HC_MOTIVATION":"Unknown race/ethnicity","HC_STATUS":"Hatecrime Happened","OFF_CATEG":"Mischief To Property","NB_NAME_EN":"Stittsville","SECTOR":"Sector 13","DIVISION":"West","CENSUS_TRC":"5050151.04","WARD":"Ward 6 - Stittsville","COUNCILLOR":"Glen Gower","OFF_TYPE":"Criminal"}},{"type":"Feature","id":29,"geometry":null,"properties":{"OBJECTID":29,"ID":"29","YEAR":2023,"REP_DATE":"Sun, 09 Apr 2023 00:00:00 GMT","OCC_DATE":"Sun, 09 Apr 2023 00:00:00 GMT","WEEKDAY":"Sunday","HATE_CRIME":"Race/Ethnicity","HC_MOTIVATION":"Black","HC_STATUS":"Hatecrime Suspected","OFF_CATEG":"Mischief To Property","NB_NAME_EN":"Glen Cairn - Kanata South Business Park","SECTOR":"Sector 13","DIVISION":"West","CENSUS_TRC":"5050151.10","WARD":"Ward 6 - Stittsville","COUNCILLOR":"Glen Gower","OFF_TYPE":"Criminal"}},{"type":"Feature","id":30,"geometry":null,"properties":{"OBJECTID":30,"ID":"30","YEAR":2021,"REP_DATE":"Sun, 24 Oct 2021 00:00:00 GMT","OCC_DATE":"Sun, 24 Oct 2021 00:00:00 GMT","WEEKDAY":"Sunday","HATE_CRIME":"Race/Ethnicity","HC_MOTIVATION":"Black","HC_STATUS":"Hatecrime Happened","OFF_CATEG":"Dispute- Neighbour","NB_NAME_EN":"Beaverbrook","SECTOR":"Sector 13","DIVISION":"West","CENSUS_TRC":"5050160.02","WARD":"Ward 4 - Kanata North","COUNCILLOR":"Cathy Curry","OFF_TYPE":"Non Criminal"}},{"type":"Feature","id":31,"geometry":null,"properties":{"OBJECTID":31,"ID":"31","YEAR":2024,"REP_DATE":"Wed, 07 Feb 2024 00:00:00 GMT","OCC_DATE":"Wed, 07 Feb 2024 00:00:00 GMT","WEEKDAY":"Wednesday","HATE_CRIME":"Religion","HC_MOTIVATION":"Jewish","HC_STATUS":"Hatecrime Happened","OFF_CATEG":"Mischief To Property","NB_NAME_EN":"Beaverbrook","SECTOR":"Sector 13","DIVISION":"West","CENSUS_TRC":"5050160.02","WARD":"Ward 4 - Kanata North","COUNCILLOR":"Cathy Curry","OFF_TYPE":"Criminal"}},{"type":"Feature","id":32,"geometry":null,"properties":{"OBJECTID":32,"ID":"32","YEAR":2023,"REP_DATE":"Sun, 17 Sep 2023 00:00:00 GMT","OCC_DATE":"Sun, 17 Sep 2023 00:00:00 GMT","WEEKDAY":"Sunday","HATE_CRIME":"Religion","HC_MOTIVATION":"Jewish","HC_STATUS":"Hatecrime Happened","OFF_CATEG":"Mischief To Property","NB_NAME_EN":"Beaverbrook","SECTOR":"Sector 13","DIVISION":"West","CENSUS_TRC":"5050160.02","WARD":"Ward 4 - Kanata North","COUNCILLOR":"Cathy Curry","OFF_TYPE":"Criminal"}},{"type":"Feature","id":33,"geometry":null,"properties":{"OBJECTID":33,"ID":"33","YEAR":2022,"REP_DATE":"Mon, 06 Jun 2022 00:00:00 GMT","OCC_DATE":"Fri, 03 Jun 2022 00:00:00 GMT","WEEKDAY":"Friday","HATE_CRIME":"Religion","HC_MOTIVATION":"Jewish","HC_STATUS":"Hatecrime Suspected","OFF_CATEG":"Mischief To Property","NB_NAME_EN":"Beaverbrook","SECTOR":"Sector 13","DIVISION":"West","CENSUS_TRC":"5050160.02","WARD":"Ward 4 - Kanata North","COUNCILLOR":"Cathy Curry","OFF_TYPE":"Criminal"}},{"type":"Feature","id":34,"geometry":null,"properties":{"OBJECTID":34,"ID":"34","YEAR":2024,"REP_DATE":"Mon, 12 Feb 2024 00:00:00 GMT","OCC_DATE":"Mon, 12 Feb 2024 00:00:00 GMT","WEEKDAY":"Monday","HATE_CRIME":"Religion","HC_MOTIVATION":"Jewish","HC_STATUS":"Hatecrime Happened","OFF_CATEG":"Mischief Damage To Prop Accide","NB_NAME_EN":"Beaverbrook","SECTOR":"Sector 13","DIVISION":"West","CENSUS_TRC":"5050160.02","WARD":"Ward 4 - Kanata North","COUNCILLOR":"Cathy Curry","OFF_TYPE":"Non Criminal"}},{"type":"Feature","id":35,"geometry":null,"properties":{"OBJECTID":35,"ID":"35","YEAR":2022,"REP_DATE":"Thu, 31 Mar 2022 00:00:00 GMT","OCC_DATE":"Tue, 29 Mar 2022 00:00:00 GMT","WEEKDAY":"Tuesday","HATE_CRIME":"Race/Ethnicity","HC_MOTIVATION":"Black","HC_STATUS":"Hatecrime Happened","OFF_CATEG":"Public Incitement Of Hatred","NB_NAME_EN":"Beaverbrook","SECTOR":"Sector 13","DIVISION":"West","CENSUS_TRC":"5050160.02","WARD":"Ward 4 - Kanata North","COUNCILLOR":"Cathy Curry","OFF_TYPE":"Criminal"}},{"type":"Feature","id":36,"geometry":null,"properties":{"OBJECTID":36,"ID":"36","YEAR":2022,"REP_DATE":"Tue, 08 Feb 2022 00:00:00 GMT","OCC_DATE":"Sat, 05 Feb 2022 00:00:00 GMT","WEEKDAY":"Saturday","HATE_CRIME":"Race/Ethnicity","HC_MOTIVATION":"South Asian","HC_STATUS":"Hatecrime Suspected","OFF_CATEG":"Threats Utter To Person","NB_NAME_EN":"Carp","SECTOR":"Sector 11","DIVISION":"West","CENSUS_TRC":"5050300.01","WARD":"Ward 5 - West Carleton-March","COUNCILLOR":"Clarke Kelly","OFF_TYPE":"Criminal"}},{"type":"Feature","id":37,"geometry":null,"properties":{"OBJECTID":37,"ID":"37","YEAR":2018,"REP_DATE":"Fri, 06 Jul 2018 00:00:00 GMT","OCC_DATE":"Fri, 06 Jul 2018 00:00:00 GMT","WEEKDAY":"Friday","HATE_CRIME":"Religion","HC_MOTIVATION":"Jewish","HC_STATUS":"Hatecrime Happened","OFF_CATEG":"Mischief To Property","NB_NAME_EN":"Katimavik - Hazeldean","SECTOR":"Sector 13","DIVISION":"West","CENSUS_TRC":"5050160.04","WARD":"Ward 23 - Kanata South","COUNCILLOR":"Allan Hubley","OFF_TYPE":"Criminal"}},{"type":"Feature","id":38,"geometry":null,"properties":{"OBJECTID":38,"ID":"38","YEAR":2023,"REP_DATE":"Sun, 11 Jun 2023 00:00:00 GMT","OCC_DATE":"Sun, 11 Jun 2023 00:00:00 GMT","WEEKDAY":"Sunday","HATE_CRIME":"Race/Ethnicity","HC_MOTIVATION":"Unknown race/ethnicity","HC_STATUS":"Hatecrime Suspected","OFF_CATEG":"Dispute- Neighbour","NB_NAME_EN":"Glen Cairn - Kanata South Business Park","SECTOR":"Sector 13","DIVISION":"West","CENSUS_TRC":"5050162.02","WARD":"Ward 6 - Stittsville","COUNCILLOR":"Glen Gower","OFF_TYPE":"Non Criminal"}},{"type":"Feature","id":39,"geometry":null,"properties":{"OBJECTID":39,"ID":"39","YEAR":2022,"REP_DATE":"Mon, 25 Apr 2022 00:00:00 GMT","OCC_DATE":"Mon, 25 Apr 2022 00:00:00 GMT","WEEKDAY":"Monday","HATE_CRIME":"Race/Ethnicity","HC_MOTIVATION":"Black","HC_STATUS":"Hatecrime Happened","OFF_CATEG":"Assault Level 1","NB_NAME_EN":"Katimavik - Hazeldean","SECTOR":"Sector 13","DIVISION":"West","CENSUS_TRC":"5050160.06","WARD":"Ward 23 - Kanata South","COUNCILLOR":"Allan Hubley","OFF_TYPE":"Criminal"}},{"type":"Feature","id":40,"geometry":null,"properties":{"OBJECTID":40,"ID":"40","YEAR":2022,"REP_DATE":"Sat, 10 Dec 2022 00:00:00 GMT","OCC_DATE":"Sat, 10 Dec 2022 00:00:00 GMT","WEEKDAY":"Saturday","HATE_CRIME":"Race/Ethnicity","HC_MOTIVATION":"Arab(West Asian,Middle Eastern and North African origins)","HC_STATUS":"Hatecrime Happened","OFF_CATEG":"Harass Crim Stalking","NB_NAME_EN":"Glen Cairn - Kanata South Business Park","SECTOR":"Sector 13","DIVISION":"West","CENSUS_TRC":"5050162.02","WARD":"Ward 23 - Kanata South","COUNCILLOR":"Allan Hubley","OFF_TYPE":"Criminal"}},{"type":"Feature","id":41,"geometry":null,"properties":{"OBJECTID":41,"ID":"41","YEAR":2022,"REP_DATE":"Wed, 21 Sep 2022 00:00:00 GMT","OCC_DATE":"Mon, 01 Aug 2022 00:00:00 GMT","WEEKDAY":"Monday","HATE_CRIME":"Race/Ethnicity","HC_MOTIVATION":"South Asian","HC_STATUS":"Hatecrime Suspected","OFF_CATEG":"Dispute- Neighbour","NB_NAME_EN":"Stittsville","SECTOR":"Sector 13","DIVISION":"West","CENSUS_TRC":"5050300.01","WARD":"Ward 6 - Stittsville","COUNCILLOR":"Glen Gower","OFF_TYPE":"Non Criminal"}},{"type":"Feature","id":42,"geometry":null,"properties":{"OBJECTID":42,"ID":"42","YEAR":2023,"REP_DATE":"Mon, 13 Nov 2023 00:00:00 GMT","OCC_DATE":"Sun, 12 Nov 2023 00:00:00 GMT","WEEKDAY":"Sunday","HATE_CRIME":"Religion","HC_MOTIVATION":"Jewish","HC_STATUS":"Hatecrime Suspected","OFF_CATEG":"Mischief To Property","NB_NAME_EN":"Kanata Lakes - Marchwood Lakeside - Morgan's Grant - Kanata North Business Park","SECTOR":"Sector 13","DIVISION":"West","CENSUS_TRC":"5050160.12","WARD":"Ward 4 - Kanata North","COUNCILLOR":"Cathy Curry","OFF_TYPE":"Criminal"}},{"type":"Feature","id":43,"geometry":null,"properties":{"OBJECTID":43,"ID":"43","YEAR":2023,"REP_DATE":"Tue, 02 May 2023 00:00:00 GMT","OCC_DATE":"Tue, 02 May 2023 00:00:00 GMT","WEEKDAY":"Tuesday","HATE_CRIME":"Race/Ethnicity","HC_MOTIVATION":"Black","HC_STATUS":"Hatecrime Happened","OFF_CATEG":"Mischief To Property","NB_NAME_EN":"Kanata Lakes - Marchwood Lakeside - Morgan's Grant - Kanata North Business Park","SECTOR":"Sector 13","DIVISION":"West","CENSUS_TRC":"5050160.12","WARD":"Ward 4 - Kanata North","COUNCILLOR":"Cathy Curry","OFF_TYPE":"Criminal"}},{"type":"Feature","id":44,"geometry":null,"properties":{"OBJECTID":44,"ID":"44","YEAR":2023,"REP_DATE":"Tue, 03 Oct 2023 00:00:00 GMT","OCC_DATE":"Tue, 03 Oct 2023 00:00:00 GMT","WEEKDAY":"Tuesday","HATE_CRIME":"Race/Ethnicity","HC_MOTIVATION":"India,Pakistan/South Asian","HC_STATUS":"Hatecrime Suspected","OFF_CATEG":"B&e Residential Property","NB_NAME_EN":"Kanata Lakes - Marchwood Lakeside - Morgan's Grant - Kanata North Business Park","SECTOR":"Sector 13","DIVISION":"West","CENSUS_TRC":"5050160.11","WARD":"Ward 4 - Kanata North","COUNCILLOR":"Cathy Curry","OFF_TYPE":"Criminal"}},{"type":"Feature","id":45,"geometry":null,"properties":{"OBJECTID":45,"ID":"45","YEAR":2023,"REP_DATE":"Thu, 23 Feb 2023 00:00:00 GMT","OCC_DATE":"Wed, 22 Feb 2023 00:00:00 GMT","WEEKDAY":"Wednesday","HATE_CRIME":"Race/Ethnicity","HC_MOTIVATION":"Black","HC_STATUS":"Hatecrime Happened","OFF_CATEG":"Mischief To Property","NB_NAME_EN":"Katimavik - Hazeldean","SECTOR":"Sector 13","DIVISION":"West","CENSUS_TRC":"5050160.04","WARD":"Ward 23 - Kanata South","COUNCILLOR":"Allan Hubley","OFF_TYPE":"Criminal"}},{"type":"Feature","id":46,"geometry":null,"properties":{"OBJECTID":46,"ID":"46","YEAR":2020,"REP_DATE":"Wed, 19 Aug 2020 00:00:00 GMT","OCC_DATE":"Tue, 18 Aug 2020 00:00:00 GMT","WEEKDAY":"Tuesday","HATE_CRIME":"Sexual Orientation","HC_MOTIVATION":"LGBTQ2+","HC_STATUS":"Hatecrime Happened","OFF_CATEG":"Mischief To Property","NB_NAME_EN":"Katimavik - Hazeldean","SECTOR":"Sector 13","DIVISION":"West","CENSUS_TRC":"5050160.04","WARD":"Ward 23 - Kanata South","COUNCILLOR":"Allan Hubley","OFF_TYPE":"Criminal"}},{"type":"Feature","id":47,"geometry":null,"properties":{"OBJECTID":47,"ID":"47","YEAR":2018,"REP_DATE":"Thu, 19 Jul 2018 00:00:00 GMT","OCC_DATE":"Tue, 17 Jul 2018 00:00:00 GMT","WEEKDAY":"Tuesday","HATE_CRIME":"Religion","HC_MOTIVATION":"Other Religion","HC_STATUS":"Hatecrime Happened","OFF_CATEG":"Mischief To Property","NB_NAME_EN":"Katimavik - Hazeldean","SECTOR":"Sector 13","DIVISION":"West","CENSUS_TRC":"5050160.04","WARD":"Ward 23 - Kanata South","COUNCILLOR":"Allan Hubley","OFF_TYPE":"Criminal"}},{"type":"Feature","id":48,"geometry":null,"properties":{"OBJECTID":48,"ID":"48","YEAR":2019,"REP_DATE":"Tue, 06 Aug 2019 00:00:00 GMT","OCC_DATE":"Tue, 06 Aug 2019 00:00:00 GMT","WEEKDAY":"Tuesday","HATE_CRIME":"Race/Ethnicity","HC_MOTIVATION":"Black","HC_STATUS":"Hatecrime Suspected","OFF_CATEG":"Mischief To Property","NB_NAME_EN":"Katimavik - Hazeldean","SECTOR":"Sector 13","DIVISION":"West","CENSUS_TRC":"5050160.04","WARD":"Ward 23 - Kanata South","COUNCILLOR":"Allan Hubley","OFF_TYPE":"Criminal"}},{"type":"Feature","id":49,"geometry":null,"properties":{"OBJECTID":49,"ID":"49","YEAR":2023,"REP_DATE":"Sat, 24 Jun 2023 00:00:00 GMT","OCC_DATE":"Thu, 22 Jun 2023 00:00:00 GMT","WEEKDAY":"Thursday","HATE_CRIME":"Gender","HC_MOTIVATION":"LGBTQ2+","HC_STATUS":"Hatecrime Suspected","OFF_CATEG":"Suspicious Circumstance( S)","NB_NAME_EN":"Beaverbrook","SECTOR":"Sector 13","DIVISION":"West","CENSUS_TRC":"5050160.02","WARD":"Ward 4 - Kanata North","COUNCILLOR":"Cathy Curry","OFF_TYPE":"Non Criminal"}},{"type":"Feature","id":50,"geometry":null,"properties":{"OBJECTID":50,"ID":"50","YEAR":2022,"REP_DATE":"Mon, 21 Nov 2022 00:00:00 GMT","OCC_DATE":"Mon, 21 Nov 2022 00:00:00 GMT","WEEKDAY":"Monday","HATE_CRIME":"Race/Ethnicity","HC_MOTIVATION":"Black","HC_STATUS":"Hatecrime Suspected","OFF_CATEG":"Harass Crim Stalking","NB_NAME_EN":"Katimavik - Hazeldean","SECTOR":"Sector 13","DIVISION":"West","CENSUS_TRC":"5050160.04","WARD":"Ward 23 - Kanata South","COUNCILLOR":"Allan Hubley","OFF_TYPE":"Criminal"}},{"type":"Feature","id":51,"geometry":null,"properties":{"OBJECTID":51,"ID":"51","YEAR":2020,"REP_DATE":"Tue, 18 Feb 2020 00:00:00 GMT","OCC_DATE":"Fri, 14 Feb 2020 00:00:00 GMT","WEEKDAY":"Friday","HATE_CRIME":"Religion","HC_MOTIVATION":"Jewish","HC_STATUS":"Hatecrime Suspected","OFF_CATEG":"Mischief To Property","NB_NAME_EN":"Kanata Lakes - Marchwood Lakeside - Morgan's Grant - Kanata North Business Park","SECTOR":"Sector 13","DIVISION":"West","CENSUS_TRC":"5050160.11","WARD":"Ward 4 - Kanata North","COUNCILLOR":"Cathy Curry","OFF_TYPE":"Criminal"}},{"type":"Feature","id":52,"geometry":null,"properties":{"OBJECTID":52,"ID":"52","YEAR":2018,"REP_DATE":"Mon, 24 Sep 2018 00:00:00 GMT","OCC_DATE":"Mon, 24 Sep 2018 00:00:00 GMT","WEEKDAY":"Monday","HATE_CRIME":"Religion","HC_MOTIVATION":"Jewish","HC_STATUS":"Hatecrime Happened","OFF_CATEG":"Mischief To Property","NB_NAME_EN":"Munster","SECTOR":"Sector 12","DIVISION":"West","CENSUS_TRC":"5050151.09","WARD":"Ward 21 - Rideau-Jock","COUNCILLOR":"David Brown","OFF_TYPE":"Criminal"}},{"type":"Feature","id":53,"geometry":null,"properties":{"OBJECTID":53,"ID":"53","YEAR":2022,"REP_DATE":"Wed, 23 Mar 2022 00:00:00 GMT","OCC_DATE":"Wed, 23 Mar 2022 00:00:00 GMT","WEEKDAY":"Wednesday","HATE_CRIME":"Race/Ethnicity","HC_MOTIVATION":"Other race/ethnicity","HC_STATUS":"Hatecrime Happened","OFF_CATEG":"Public Incitement Of Hatred","NB_NAME_EN":"Stittsville","SECTOR":"Sector 13","DIVISION":"West","CENSUS_TRC":"5050300.01","WARD":"Ward 6 - Stittsville","COUNCILLOR":"Glen Gower","OFF_TYPE":"Criminal"}},{"type":"Feature","id":54,"geometry":null,"properties":{"OBJECTID":54,"ID":"54","YEAR":2023,"REP_DATE":"Wed, 18 Jan 2023 00:00:00 GMT","OCC_DATE":"Tue, 17 Jan 2023 00:00:00 GMT","WEEKDAY":"Tuesday","HATE_CRIME":"Race/Ethnicity","HC_MOTIVATION":"India,Pakistan/South Asian","HC_STATUS":"Hatecrime Happened","OFF_CATEG":"Assault With Weapon Or Cbh Lv2","NB_NAME_EN":"Stittsville","SECTOR":"Sector 13","DIVISION":"West","CENSUS_TRC":"5050300.01","WARD":"Ward 6 - Stittsville","COUNCILLOR":"Glen Gower","OFF_TYPE":"Criminal"}},{"type":"Feature","id":55,"geometry":null,"properties":{"OBJECTID":55,"ID":"55","YEAR":2019,"REP_DATE":"Sat, 06 Apr 2019 00:00:00 GMT","OCC_DATE":"Sat, 06 Apr 2019 00:00:00 GMT","WEEKDAY":"Saturday","HATE_CRIME":"Religion","HC_MOTIVATION":"Jewish","HC_STATUS":"Hatecrime Happened","OFF_CATEG":"Mischief To Property","NB_NAME_EN":"Kanata Lakes - Marchwood Lakeside - Morgan's Grant - Kanata North Business Park","SECTOR":"Sector 13","DIVISION":"West","CENSUS_TRC":"5050160.12","WARD":"Ward 4 - Kanata North","COUNCILLOR":"Cathy Curry","OFF_TYPE":"Criminal"}},{"type":"Feature","id":56,"geometry":null,"properties":{"OBJECTID":56,"ID":"56","YEAR":2022,"REP_DATE":"Fri, 15 Apr 2022 00:00:00 GMT","OCC_DATE":"Fri, 15 Apr 2022 00:00:00 GMT","WEEKDAY":"Friday","HATE_CRIME":"Race/Ethnicity","HC_MOTIVATION":"South Asian","HC_STATUS":"Hatecrime Suspected","OFF_CATEG":"Dispute- Disturbance","NB_NAME_EN":"Kanata Lakes - Marchwood Lakeside - Morgan's Grant - Kanata North Business Park","SECTOR":"Sector 13","DIVISION":"West","CENSUS_TRC":"5050160.11","WARD":"Ward 4 - Kanata North","COUNCILLOR":"Cathy Curry","OFF_TYPE":"Non Criminal"}},{"type":"Feature","id":57,"geometry":null,"properties":{"OBJECTID":57,"ID":"57","YEAR":2022,"REP_DATE":"Tue, 21 Jun 2022 00:00:00 GMT","OCC_DATE":"Sun, 19 Jun 2022 00:00:00 GMT","WEEKDAY":"Sunday","HATE_CRIME":"Race/Ethnicity","HC_MOTIVATION":"Black","HC_STATUS":"Hatecrime Suspected","OFF_CATEG":"Dispute- Neighbour","NB_NAME_EN":"Kanata Lakes - Marchwood Lakeside - Morgan's Grant - Kanata North Business Park","SECTOR":"Sector 13","DIVISION":"West","CENSUS_TRC":"5050160.11","WARD":"Ward 4 - Kanata North","COUNCILLOR":"Cathy Curry","OFF_TYPE":"Non Criminal"}},{"type":"Feature","id":58,"geometry":null,"properties":{"OBJECTID":58,"ID":"58","YEAR":2021,"REP_DATE":"Sat, 10 Apr 2021 00:00:00 GMT","OCC_DATE":"Sat, 10 Apr 2021 00:00:00 GMT","WEEKDAY":"Saturday","HATE_CRIME":"Race/Ethnicity","HC_MOTIVATION":"Black","HC_STATUS":"Hatecrime Happened","OFF_CATEG":"Mischief To Property","NB_NAME_EN":"Stittsville","SECTOR":"Sector 13","DIVISION":"West","CENSUS_TRC":"5050151.04","WARD":"Ward 6 - Stittsville","COUNCILLOR":"Glen Gower","OFF_TYPE":"Criminal"}},{"type":"Feature","id":59,"geometry":null,"properties":{"OBJECTID":59,"ID":"59","YEAR":2023,"REP_DATE":"Tue, 27 Jun 2023 00:00:00 GMT","OCC_DATE":"Mon, 26 Jun 2023 00:00:00 GMT","WEEKDAY":"Monday","HATE_CRIME":"Race/Ethnicity","HC_MOTIVATION":"Chinese","HC_STATUS":"Hatecrime Suspected","OFF_CATEG":"Mischief To Property","NB_NAME_EN":"Kanata Lakes - Marchwood Lakeside - Morgan's Grant - Kanata North Business Park","SECTOR":"Sector 13","DIVISION":"West","CENSUS_TRC":"5050160.15","WARD":"Ward 4 - Kanata North","COUNCILLOR":"Cathy Curry","OFF_TYPE":"Criminal"}},{"type":"Feature","id":60,"geometry":null,"properties":{"OBJECTID":60,"ID":"60","YEAR":2021,"REP_DATE":"Mon, 14 Jun 2021 00:00:00 GMT","OCC_DATE":"Mon, 14 Jun 2021 00:00:00 GMT","WEEKDAY":"Monday","HATE_CRIME":"Race/Ethnicity","HC_MOTIVATION":"Black","HC_STATUS":"Hatecrime Happened","OFF_CATEG":"Mischief To Property","NB_NAME_EN":"Glen Cairn - Kanata South Business Park","SECTOR":"Sector 13","DIVISION":"West","CENSUS_TRC":"5050162.03","WARD":"Ward 23 - Kanata South","COUNCILLOR":"Allan Hubley","OFF_TYPE":"Criminal"}},{"type":"Feature","id":61,"geometry":null,"properties":{"OBJECTID":61,"ID":"61","YEAR":2018,"REP_DATE":"Thu, 05 Jul 2018 00:00:00 GMT","OCC_DATE":"Wed, 04 Jul 2018 00:00:00 GMT","WEEKDAY":"Wednesday","HATE_CRIME":"Religion","HC_MOTIVATION":"Jewish","HC_STATUS":"Hatecrime Suspected","OFF_CATEG":"Mischief To Property","NB_NAME_EN":"Katimavik - Hazeldean","SECTOR":"Sector 13","DIVISION":"West","CENSUS_TRC":"5050160.04","WARD":"Ward 23 - Kanata South","COUNCILLOR":"Allan Hubley","OFF_TYPE":"Criminal"}},{"type":"Feature","id":62,"geometry":null,"properties":{"OBJECTID":62,"ID":"62","YEAR":2023,"REP_DATE":"Thu, 11 May 2023 00:00:00 GMT","OCC_DATE":"Thu, 11 May 2023 00:00:00 GMT","WEEKDAY":"Thursday","HATE_CRIME":"Race/Ethnicity","HC_MOTIVATION":"Black","HC_STATUS":"Hatecrime Suspected","OFF_CATEG":"Mischief To Property","NB_NAME_EN":"Stittsville","SECTOR":"Sector 13","DIVISION":"West","CENSUS_TRC":"5050151.11","WARD":"Ward 6 - Stittsville","COUNCILLOR":"Glen Gower","OFF_TYPE":"Criminal"}},{"type":"Feature","id":63,"geometry":null,"properties":{"OBJECTID":63,"ID":"63","YEAR":2023,"REP_DATE":"Mon, 19 Jun 2023 00:00:00 GMT","OCC_DATE":"Mon, 19 Jun 2023 00:00:00 GMT","WEEKDAY":"Monday","HATE_CRIME":"Religion","HC_MOTIVATION":"Jewish","HC_STATUS":"Hatecrime Happened","OFF_CATEG":"Mischief To Property","NB_NAME_EN":"Stittsville","SECTOR":"Sector 13","DIVISION":"West","CENSUS_TRC":"5050151.11","WARD":"Ward 6 - Stittsville","COUNCILLOR":"Glen Gower","OFF_TYPE":"Criminal"}},{"type":"Feature","id":64,"geometry":null,"properties":{"OBJECTID":64,"ID":"64","YEAR":2022,"REP_DATE":"Wed, 14 Sep 2022 00:00:00 GMT","OCC_DATE":"Wed, 14 Sep 2022 00:00:00 GMT","WEEKDAY":"Wednesday","HATE_CRIME":"Race/Ethnicity","HC_MOTIVATION":"Black","HC_STATUS":"Hatecrime Happened","OFF_CATEG":"Assault Level 1","NB_NAME_EN":"Glen Cairn - Kanata South Business Park","SECTOR":"Sector 13","DIVISION":"West","CENSUS_TRC":"5050162.04","WARD":"Ward 23 - Kanata South","COUNCILLOR":"Allan Hubley","OFF_TYPE":"Criminal"}},{"type":"Feature","id":65,"geometry":null,"properties":{"OBJECTID":65,"ID":"65","YEAR":2023,"REP_DATE":"Mon, 13 Nov 2023 00:00:00 GMT","OCC_DATE":"Mon, 13 Nov 2023 00:00:00 GMT","WEEKDAY":"Monday","HATE_CRIME":"Religion","HC_MOTIVATION":"Muslim (Islam)","HC_STATUS":"Hatecrime Suspected","OFF_CATEG":"Threats Utter To Person","NB_NAME_EN":"Glen Cairn - Kanata South Business Park","SECTOR":"Sector 13","DIVISION":"West","CENSUS_TRC":"5050162.04","WARD":"Ward 23 - Kanata South","COUNCILLOR":"Allan Hubley","OFF_TYPE":"Criminal"}},{"type":"Feature","id":66,"geometry":null,"properties":{"OBJECTID":66,"ID":"66","YEAR":2020,"REP_DATE":"Sun, 25 Oct 2020 00:00:00 GMT","OCC_DATE":"Sun, 25 Oct 2020 00:00:00 GMT","WEEKDAY":"Sunday","HATE_CRIME":"Race/Ethnicity","HC_MOTIVATION":"Multiple Races/Ethnicities","HC_STATUS":"Hatecrime Happened","OFF_CATEG":"Mischief To Property","NB_NAME_EN":"Bridlewood - Emerald Meadows","SECTOR":"Sector 13","DIVISION":"West","CENSUS_TRC":"5050162.03","WARD":"Ward 23 - Kanata South","COUNCILLOR":"Allan Hubley","OFF_TYPE":"Criminal"}},{"type":"Feature","id":67,"geometry":null,"properties":{"OBJECTID":67,"ID":"67","YEAR":2022,"REP_DATE":"Mon, 02 May 2022 00:00:00 GMT","OCC_DATE":"Thu, 07 Apr 2022 00:00:00 GMT","WEEKDAY":"Thursday","HATE_CRIME":"Sexual Orientation","HC_MOTIVATION":"LGBTQ2+","HC_STATUS":"Hatecrime Happened","OFF_CATEG":"Threats Utter To Person","NB_NAME_EN":"Dunrobin","SECTOR":"Sector 11","DIVISION":"West","CENSUS_TRC":"5050160.09","WARD":"Ward 5 - West Carleton-March","COUNCILLOR":"Clarke Kelly","OFF_TYPE":"Criminal"}},{"type":"Feature","id":68,"geometry":null,"properties":{"OBJECTID":68,"ID":"68","YEAR":2022,"REP_DATE":"Mon, 07 Feb 2022 00:00:00 GMT","OCC_DATE":"Mon, 07 Feb 2022 00:00:00 GMT","WEEKDAY":"Monday","HATE_CRIME":"Religion","HC_MOTIVATION":"Jewish","HC_STATUS":"Hatecrime Happened","OFF_CATEG":"Mischief To Property","NB_NAME_EN":"Kanata Lakes - Marchwood Lakeside - Morgan's Grant - Kanata North Business Park","SECTOR":"Sector 13","DIVISION":"West","CENSUS_TRC":"5050160.07","WARD":"Ward 4 - Kanata North","COUNCILLOR":"Cathy Curry","OFF_TYPE":"Criminal"}},{"type":"Feature","id":69,"geometry":null,"properties":{"OBJECTID":69,"ID":"69","YEAR":2022,"REP_DATE":"Mon, 21 Mar 2022 00:00:00 GMT","OCC_DATE":"Mon, 21 Mar 2022 00:00:00 GMT","WEEKDAY":"Monday","HATE_CRIME":"Religion","HC_MOTIVATION":"Jewish","HC_STATUS":"Hatecrime Happened","OFF_CATEG":"Mischief To Property","NB_NAME_EN":"Kanata Lakes - Marchwood Lakeside - Morgan's Grant - Kanata North Business Park","SECTOR":"Sector 13","DIVISION":"West","CENSUS_TRC":"5050160.07","WARD":"Ward 4 - Kanata North","COUNCILLOR":"Cathy Curry","OFF_TYPE":"Criminal"}},{"type":"Feature","id":70,"geometry":null,"properties":{"OBJECTID":70,"ID":"70","YEAR":2022,"REP_DATE":"Tue, 25 Jan 2022 00:00:00 GMT","OCC_DATE":"Tue, 25 Jan 2022 00:00:00 GMT","WEEKDAY":"Tuesday","HATE_CRIME":"Religion","HC_MOTIVATION":"Jewish","HC_STATUS":"Hatecrime Happened","OFF_CATEG":"Mischief To Property","NB_NAME_EN":"Kanata Lakes - Marchwood Lakeside - Morgan's Grant - Kanata North Business Park","SECTOR":"Sector 13","DIVISION":"West","CENSUS_TRC":"5050160.15","WARD":"Ward 4 - Kanata North","COUNCILLOR":"Cathy Curry","OFF_TYPE":"Criminal"}},{"type":"Feature","id":71,"geometry":null,"properties":{"OBJECTID":71,"ID":"71","YEAR":2023,"REP_DATE":"Tue, 26 Dec 2023 00:00:00 GMT","OCC_DATE":"Tue, 26 Dec 2023 00:00:00 GMT","WEEKDAY":"Tuesday","HATE_CRIME":"Race/Ethnicity","HC_MOTIVATION":"Chinese","HC_STATUS":"Hatecrime Suspected","OFF_CATEG":"Dispute- Disturbance","NB_NAME_EN":"Crystal Bay - Lakeview Park","SECTOR":"Sector 14","DIVISION":"West","CENSUS_TRC":"5050141.14","WARD":"Ward 7 - Bay","COUNCILLOR":"Theresa Kavanagh","OFF_TYPE":"Non Criminal"}},{"type":"Feature","id":72,"geometry":null,"properties":{"OBJECTID":72,"ID":"72","YEAR":2023,"REP_DATE":"Sun, 25 Jun 2023 00:00:00 GMT","OCC_DATE":"Sun, 25 Jun 2023 00:00:00 GMT","WEEKDAY":"Sunday","HATE_CRIME":"Race/Ethnicity","HC_MOTIVATION":"Unknown race/ethnicity","HC_STATUS":"Hatecrime Suspected","OFF_CATEG":"Dispute- Neighbour","NB_NAME_EN":"Glen Cairn - Kanata South Business Park","SECTOR":"Sector 13","DIVISION":"West","CENSUS_TRC":"5050162.04","WARD":"Ward 23 - Kanata South","COUNCILLOR":"Allan Hubley","OFF_TYPE":"Non Criminal"}},{"type":"Feature","id":73,"geometry":null,"properties":{"OBJECTID":73,"ID":"73","YEAR":2022,"REP_DATE":"Thu, 30 Jun 2022 00:00:00 GMT","OCC_DATE":"Thu, 30 Jun 2022 00:00:00 GMT","WEEKDAY":"Thursday","HATE_CRIME":"Religion","HC_MOTIVATION":"Jewish","HC_STATUS":"Hatecrime Happened","OFF_CATEG":"Mischief To Property","NB_NAME_EN":"Stittsville","SECTOR":"Sector 13","DIVISION":"West","CENSUS_TRC":"5050151.11","WARD":"Ward 6 - Stittsville","COUNCILLOR":"Glen Gower","OFF_TYPE":"Criminal"}},{"type":"Feature","id":74,"geometry":null,"properties":{"OBJECTID":74,"ID":"74","YEAR":2020,"REP_DATE":"Sat, 17 Oct 2020 00:00:00 GMT","OCC_DATE":"Sat, 17 Oct 2020 00:00:00 GMT","WEEKDAY":"Saturday","HATE_CRIME":"Religion","HC_MOTIVATION":"Jewish","HC_STATUS":"Hatecrime Happened","OFF_CATEG":"Mischief To Property","NB_NAME_EN":"Stittsville","SECTOR":"Sector 13","DIVISION":"West","CENSUS_TRC":"5050151.11","WARD":"Ward 6 - Stittsville","COUNCILLOR":"Glen Gower","OFF_TYPE":"Criminal"}},{"type":"Feature","id":75,"geometry":null,"properties":{"OBJECTID":75,"ID":"75","YEAR":2018,"REP_DATE":"Sat, 23 Jun 2018 00:00:00 GMT","OCC_DATE":"Sat, 23 Jun 2018 00:00:00 GMT","WEEKDAY":"Saturday","HATE_CRIME":"Religion","HC_MOTIVATION":"Jewish","HC_STATUS":"Hatecrime Happened","OFF_CATEG":"Mischief To Property","NB_NAME_EN":"Stittsville","SECTOR":"Sector 13","DIVISION":"West","CENSUS_TRC":"5050151.11","WARD":"Ward 6 - Stittsville","COUNCILLOR":"Glen Gower","OFF_TYPE":"Criminal"}},{"type":"Feature","id":76,"geometry":null,"properties":{"OBJECTID":76,"ID":"76","YEAR":2018,"REP_DATE":"Wed, 20 Jun 2018 00:00:00 GMT","OCC_DATE":"Wed, 20 Jun 2018 00:00:00 GMT","WEEKDAY":"Wednesday","HATE_CRIME":"Race/Ethnicity","HC_MOTIVATION":"Multiple Races/Ethnicities","HC_STATUS":"Hatecrime Happened","OFF_CATEG":"Mischief To Property","NB_NAME_EN":"Stittsville","SECTOR":"Sector 13","DIVISION":"West","CENSUS_TRC":"5050151.11","WARD":"Ward 6 - Stittsville","COUNCILLOR":"Glen Gower","OFF_TYPE":"Criminal"}},{"type":"Feature","id":77,"geometry":null,"properties":{"OBJECTID":77,"ID":"77","YEAR":2022,"REP_DATE":"Sun, 26 Jun 2022 00:00:00 GMT","OCC_DATE":"Sat, 25 Jun 2022 00:00:00 GMT","WEEKDAY":"Saturday","HATE_CRIME":"Religion","HC_MOTIVATION":"Jewish","HC_STATUS":"Hatecrime Happened","OFF_CATEG":"Assault Level 1","NB_NAME_EN":"Munster","SECTOR":"Sector 12","DIVISION":"West","CENSUS_TRC":"5050151.09","WARD":"Ward 21 - Rideau-Jock","COUNCILLOR":"David Brown","OFF_TYPE":"Criminal"}},{"type":"Feature","id":78,"geometry":null,"properties":{"OBJECTID":78,"ID":"78","YEAR":2022,"REP_DATE":"Thu, 30 Jun 2022 00:00:00 GMT","OCC_DATE":"Thu, 30 Jun 2022 00:00:00 GMT","WEEKDAY":"Thursday","HATE_CRIME":"Race/Ethnicity","HC_MOTIVATION":"Black","HC_STATUS":"Hatecrime Happened","OFF_CATEG":"Mischief To Property","NB_NAME_EN":"Bridlewood - Emerald Meadows","SECTOR":"Sector 13","DIVISION":"West","CENSUS_TRC":"5050161.05","WARD":"Ward 23 - Kanata South","COUNCILLOR":"Allan Hubley","OFF_TYPE":"Criminal"}},{"type":"Feature","id":79,"geometry":null,"properties":{"OBJECTID":79,"ID":"79","YEAR":2018,"REP_DATE":"Wed, 08 Aug 2018 00:00:00 GMT","OCC_DATE":"Wed, 08 Aug 2018 00:00:00 GMT","WEEKDAY":"Wednesday","HATE_CRIME":"Religion","HC_MOTIVATION":"Jewish","HC_STATUS":"Hatecrime Happened","OFF_CATEG":"Mischief To Property","NB_NAME_EN":"Bridlewood - Emerald Meadows","SECTOR":"Sector 13","DIVISION":"West","CENSUS_TRC":"5050161.05","WARD":"Ward 23 - Kanata South","COUNCILLOR":"Allan Hubley","OFF_TYPE":"Criminal"}},{"type":"Feature","id":80,"geometry":null,"properties":{"OBJECTID":80,"ID":"80","YEAR":2018,"REP_DATE":"Wed, 15 Aug 2018 00:00:00 GMT","OCC_DATE":"Tue, 14 Aug 2018 00:00:00 GMT","WEEKDAY":"Tuesday","HATE_CRIME":"Religion","HC_MOTIVATION":"Jewish","HC_STATUS":"Hatecrime Happened","OFF_CATEG":"Mischief To Property","NB_NAME_EN":"Bridlewood - Emerald Meadows","SECTOR":"Sector 13","DIVISION":"West","CENSUS_TRC":"5050161.05","WARD":"Ward 23 - Kanata South","COUNCILLOR":"Allan Hubley","OFF_TYPE":"Criminal"}},{"type":"Feature","id":81,"geometry":null,"properties":{"OBJECTID":81,"ID":"81","YEAR":2018,"REP_DATE":"Wed, 04 Jul 2018 00:00:00 GMT","OCC_DATE":"Fri, 01 Jun 2018 00:00:00 GMT","WEEKDAY":"Friday","HATE_CRIME":"Religion","HC_MOTIVATION":"Jewish","HC_STATUS":"Hatecrime Happened","OFF_CATEG":"Mischief To Property","NB_NAME_EN":"Bridlewood - Emerald Meadows","SECTOR":"Sector 13","DIVISION":"West","CENSUS_TRC":"5050161.05","WARD":"Ward 23 - Kanata South","COUNCILLOR":"Allan Hubley","OFF_TYPE":"Criminal"}},{"type":"Feature","id":82,"geometry":null,"properties":{"OBJECTID":82,"ID":"82","YEAR":2018,"REP_DATE":"Thu, 25 Oct 2018 00:00:00 GMT","OCC_DATE":"Thu, 25 Oct 2018 00:00:00 GMT","WEEKDAY":"Thursday","HATE_CRIME":"Religion","HC_MOTIVATION":"Jewish","HC_STATUS":"Hatecrime Happened","OFF_CATEG":"Mischief To Property","NB_NAME_EN":"Bridlewood - Emerald Meadows","SECTOR":"Sector 13","DIVISION":"West","CENSUS_TRC":"5050161.05","WARD":"Ward 23 - Kanata South","COUNCILLOR":"Allan Hubley","OFF_TYPE":"Criminal"}},{"type":"Feature","id":83,"geometry":null,"properties":{"OBJECTID":83,"ID":"83","YEAR":2023,"REP_DATE":"Wed, 28 Jun 2023 00:00:00 GMT","OCC_DATE":"Fri, 23 Jun 2023 00:00:00 GMT","WEEKDAY":"Friday","HATE_CRIME":"Religion","HC_MOTIVATION":"Jewish","HC_STATUS":"Hatecrime Happened","OFF_CATEG":"Mischief To Property","NB_NAME_EN":"Stittsville","SECTOR":"Sector 13","DIVISION":"West","CENSUS_TRC":"5050151.05","WARD":"Ward 6 - Stittsville","COUNCILLOR":"Glen Gower","OFF_TYPE":"Criminal"}},{"type":"Feature","id":84,"geometry":null,"properties":{"OBJECTID":84,"ID":"1501","YEAR":2020,"REP_DATE":"Mon, 19 Oct 2020 00:00:00 GMT","OCC_DATE":"Mon, 19 Oct 2020 00:00:00 GMT","WEEKDAY":"Monday","HATE_CRIME":"Religion","HC_MOTIVATION":"Jewish","HC_STATUS":"Hatecrime Happened","OFF_CATEG":"Mischief To Property","NB_NAME_EN":"Orléans Village - Chateauneuf","SECTOR":"Sector 31","DIVISION":"East","CENSUS_TRC":"5050125.05","WARD":"Ward 2 - Orléans West-Innes","COUNCILLOR":"Laura Dudas","OFF_TYPE":"Criminal"}},{"type":"Feature","id":85,"geometry":null,"properties":{"OBJECTID":85,"ID":"84","YEAR":2023,"REP_DATE":"Tue, 27 Jun 2023 00:00:00 GMT","OCC_DATE":"Mon, 26 Jun 2023 00:00:00 GMT","WEEKDAY":"Monday","HATE_CRIME":"Combination (More than 2 Motivations)","HC_MOTIVATION":"Combination (More than 2 Motivations)","HC_STATUS":"Hatecrime Happened","OFF_CATEG":"Mischief To Property","NB_NAME_EN":"Stittsville","SECTOR":"Sector 13","DIVISION":"West","CENSUS_TRC":"5050151.05","WARD":"Ward 6 - Stittsville","COUNCILLOR":"Glen Gower","OFF_TYPE":"Criminal"}},{"type":"Feature","id":86,"geometry":null,"properties":{"OBJECTID":86,"ID":"85","YEAR":2021,"REP_DATE":"Mon, 15 Nov 2021 00:00:00 GMT","OCC_DATE":"Thu, 11 Nov 2021 00:00:00 GMT","WEEKDAY":"Thursday","HATE_CRIME":"Race/Ethnicity","HC_MOTIVATION":"Black","HC_STATUS":"Hatecrime Happened","OFF_CATEG":"Mischief To Property","NB_NAME_EN":"Stittsville","SECTOR":"Sector 13","DIVISION":"West","CENSUS_TRC":"5050151.04","WARD":"Ward 6 - Stittsville","COUNCILLOR":"Glen Gower","OFF_TYPE":"Criminal"}},{"type":"Feature","id":87,"geometry":null,"properties":{"OBJECTID":87,"ID":"86","YEAR":2020,"REP_DATE":"Thu, 29 Oct 2020 00:00:00 GMT","OCC_DATE":"Fri, 23 Oct 2020 00:00:00 GMT","WEEKDAY":"Friday","HATE_CRIME":"Race/Ethnicity","HC_MOTIVATION":"Black","HC_STATUS":"Hatecrime Happened","OFF_CATEG":"Mischief To Property","NB_NAME_EN":"Stittsville","SECTOR":"Sector 13","DIVISION":"West","CENSUS_TRC":"5050151.04","WARD":"Ward 6 - Stittsville","COUNCILLOR":"Glen Gower","OFF_TYPE":"Criminal"}},{"type":"Feature","id":88,"geometry":null,"properties":{"OBJECTID":88,"ID":"87","YEAR":2022,"REP_DATE":"Sat, 18 Jun 2022 00:00:00 GMT","OCC_DATE":"Sat, 18 Jun 2022 00:00:00 GMT","WEEKDAY":"Saturday","HATE_CRIME":"Race/Ethnicity","HC_MOTIVATION":"Black","HC_STATUS":"Hatecrime Happened","OFF_CATEG":"Robbery ( Personal- 1 Suspect)","NB_NAME_EN":"Bridlewood - Emerald Meadows","SECTOR":"Sector 13","DIVISION":"West","CENSUS_TRC":"5050161.04","WARD":"Ward 23 - Kanata South","COUNCILLOR":"Allan Hubley","OFF_TYPE":"Criminal"}},{"type":"Feature","id":89,"geometry":null,"properties":{"OBJECTID":89,"ID":"88","YEAR":2023,"REP_DATE":"Tue, 23 May 2023 00:00:00 GMT","OCC_DATE":"Tue, 23 May 2023 00:00:00 GMT","WEEKDAY":"Tuesday","HATE_CRIME":"Race/Ethnicity","HC_MOTIVATION":"Black","HC_STATUS":"Hatecrime Happened","OFF_CATEG":"Mischief To Property","NB_NAME_EN":"Kanata Lakes - Marchwood Lakeside - Morgan's Grant - Kanata North Business Park","SECTOR":"Sector 13","DIVISION":"West","CENSUS_TRC":"5050160.07","WARD":"Ward 4 - Kanata North","COUNCILLOR":"Cathy Curry","OFF_TYPE":"Criminal"}},{"type":"Feature","id":90,"geometry":null,"properties":{"OBJECTID":90,"ID":"89","YEAR":2023,"REP_DATE":"Wed, 08 Nov 2023 00:00:00 GMT","OCC_DATE":"Wed, 13 Sep 2023 00:00:00 GMT","WEEKDAY":"Wednesday","HATE_CRIME":"Race/Ethnicity","HC_MOTIVATION":"Black","HC_STATUS":"Hatecrime Happened","OFF_CATEG":"Threatening Communications","NB_NAME_EN":"Kanata Lakes - Marchwood Lakeside - Morgan's Grant - Kanata North Business Park","SECTOR":"Sector 13","DIVISION":"West","CENSUS_TRC":"5050160.15","WARD":"Ward 23 - Kanata South","COUNCILLOR":"Allan Hubley","OFF_TYPE":"Criminal"}},{"type":"Feature","id":91,"geometry":null,"properties":{"OBJECTID":91,"ID":"90","YEAR":2021,"REP_DATE":"Tue, 31 Aug 2021 00:00:00 GMT","OCC_DATE":"Tue, 31 Aug 2021 00:00:00 GMT","WEEKDAY":"Tuesday","HATE_CRIME":"Religion","HC_MOTIVATION":"Jewish","HC_STATUS":"Hatecrime Happened","OFF_CATEG":"Mischief To Property","NB_NAME_EN":"Katimavik - Hazeldean","SECTOR":"Sector 13","DIVISION":"West","CENSUS_TRC":"5050160.06","WARD":"Ward 4 - Kanata North","COUNCILLOR":"Cathy Curry","OFF_TYPE":"Criminal"}},{"type":"Feature","id":92,"geometry":null,"properties":{"OBJECTID":92,"ID":"91","YEAR":2023,"REP_DATE":"Fri, 17 Nov 2023 00:00:00 GMT","OCC_DATE":"Fri, 17 Nov 2023 00:00:00 GMT","WEEKDAY":"Friday","HATE_CRIME":"Race/Ethnicity","HC_MOTIVATION":"India,Pakistan/South Asian","HC_STATUS":"Hatecrime Suspected","OFF_CATEG":"Assault With Weapon Or Cbh Lv2","NB_NAME_EN":"Stittsville","SECTOR":"Sector 13","DIVISION":"West","CENSUS_TRC":"5050300.01","WARD":"Ward 4 - Kanata North","COUNCILLOR":"Cathy Curry","OFF_TYPE":"Criminal"}},{"type":"Feature","id":93,"geometry":null,"properties":{"OBJECTID":93,"ID":"92","YEAR":2021,"REP_DATE":"Sun, 27 Jun 2021 00:00:00 GMT","OCC_DATE":"Sun, 27 Jun 2021 00:00:00 GMT","WEEKDAY":"Sunday","HATE_CRIME":"Religion","HC_MOTIVATION":"Jewish","HC_STATUS":"Hatecrime Happened","OFF_CATEG":"Mischief To Property","NB_NAME_EN":"Stittsville","SECTOR":"Sector 13","DIVISION":"West","CENSUS_TRC":"5050151.04","WARD":"Ward 6 - Stittsville","COUNCILLOR":"Glen Gower","OFF_TYPE":"Criminal"}},{"type":"Feature","id":94,"geometry":null,"properties":{"OBJECTID":94,"ID":"93","YEAR":2021,"REP_DATE":"Mon, 07 Jun 2021 00:00:00 GMT","OCC_DATE":"Fri, 04 Jun 2021 00:00:00 GMT","WEEKDAY":"Friday","HATE_CRIME":"Sexual Orientation","HC_MOTIVATION":"LGBTQ2+","HC_STATUS":"Hatecrime Happened","OFF_CATEG":"Mischief To Property","NB_NAME_EN":"Stittsville","SECTOR":"Sector 13","DIVISION":"West","CENSUS_TRC":"5050151.04","WARD":"Ward 6 - Stittsville","COUNCILLOR":"Glen Gower","OFF_TYPE":"Criminal"}},{"type":"Feature","id":95,"geometry":null,"properties":{"OBJECTID":95,"ID":"94","YEAR":2021,"REP_DATE":"Wed, 07 Jul 2021 00:00:00 GMT","OCC_DATE":"Wed, 07 Jul 2021 00:00:00 GMT","WEEKDAY":"Wednesday","HATE_CRIME":"Religion","HC_MOTIVATION":"Jewish","HC_STATUS":"Hatecrime Happened","OFF_CATEG":"Mischief To Property","NB_NAME_EN":"Stittsville","SECTOR":"Sector 13","DIVISION":"West","CENSUS_TRC":"5050151.04","WARD":"Ward 6 - Stittsville","COUNCILLOR":"Glen Gower","OFF_TYPE":"Criminal"}},{"type":"Feature","id":96,"geometry":null,"properties":{"OBJECTID":96,"ID":"95","YEAR":2020,"REP_DATE":"Sun, 04 Oct 2020 00:00:00 GMT","OCC_DATE":"Sat, 03 Oct 2020 00:00:00 GMT","WEEKDAY":"Saturday","HATE_CRIME":"Race/Ethnicity","HC_MOTIVATION":"Black","HC_STATUS":"Hatecrime Happened","OFF_CATEG":"Theft \u003c $5000","NB_NAME_EN":"Stittsville","SECTOR":"Sector 13","DIVISION":"West","CENSUS_TRC":"5050151.05","WARD":"Ward 6 - Stittsville","COUNCILLOR":"Glen Gower","OFF_TYPE":"Criminal"}},{"type":"Feature","id":97,"geometry":null,"properties":{"OBJECTID":97,"ID":"96","YEAR":2021,"REP_DATE":"Thu, 05 Aug 2021 00:00:00 GMT","OCC_DATE":"Thu, 05 Aug 2021 00:00:00 GMT","WEEKDAY":"Thursday","HATE_CRIME":"Race/Ethnicity","HC_MOTIVATION":"Arab(West Asian,Middle Eastern and North African origins)","HC_STATUS":"Hatecrime Suspected","OFF_CATEG":"Mischief To Property","NB_NAME_EN":"Stittsville","SECTOR":"Sector 13","DIVISION":"West","CENSUS_TRC":"5050151.08","WARD":"Ward 6 - Stittsville","COUNCILLOR":"Glen Gower","OFF_TYPE":"Criminal"}},{"type":"Feature","id":98,"geometry":null,"properties":{"OBJECTID":98,"ID":"97","YEAR":2021,"REP_DATE":"Fri, 26 Feb 2021 00:00:00 GMT","OCC_DATE":"Fri, 19 Feb 2021 00:00:00 GMT","WEEKDAY":"Friday","HATE_CRIME":"Religion","HC_MOTIVATION":"Jewish","HC_STATUS":"Hatecrime Happened","OFF_CATEG":"Mischief To Property","NB_NAME_EN":"Stittsville","SECTOR":"Sector 13","DIVISION":"West","CENSUS_TRC":"5050151.05","WARD":"Ward 6 - Stittsville","COUNCILLOR":"Glen Gower","OFF_TYPE":"Criminal"}},{"type":"Feature","id":99,"geometry":null,"properties":{"OBJECTID":99,"ID":"98","YEAR":2022,"REP_DATE":"Tue, 18 Oct 2022 00:00:00 GMT","OCC_DATE":"Mon, 17 Oct 2022 00:00:00 GMT","WEEKDAY":"Monday","HATE_CRIME":"Race/Ethnicity","HC_MOTIVATION":"Multiple Races/Ethnicities","HC_STATUS":"Hatecrime Happened","OFF_CATEG":"Mischief To Property","NB_NAME_EN":"Stittsville","SECTOR":"Sector 13","DIVISION":"West","CENSUS_TRC":"5050151.05","WARD":"Ward 6 - Stittsville","COUNCILLOR":"Glen Gower","OFF_TYPE":"Criminal"}},{"type":"Feature","id":100,"geometry":null,"properties":{"OBJECTID":100,"ID":"99","YEAR":2022,"REP_DATE":"Mon, 17 Oct 2022 00:00:00 GMT","OCC_DATE":"Mon, 17 Oct 2022 00:00:00 GMT","WEEKDAY":"Monday","HATE_CRIME":"Other Similar Factor","HC_MOTIVATION":"non","HC_STATUS":"Hatecrime Happened","OFF_CATEG":"Mischief To Property","NB_NAME_EN":"Stittsville","SECTOR":"Sector 13","DIVISION":"West","CENSUS_TRC":"5050151.05","WARD":"Ward 6 - Stittsville","COUNCILLOR":"Glen Gower","OFF_TYPE":"Criminal"}},{"type":"Feature","id":101,"geometry":null,"properties":{"OBJECTID":101,"ID":"100","YEAR":2021,"REP_DATE":"Mon, 19 Apr 2021 00:00:00 GMT","OCC_DATE":"Mon, 19 Apr 2021 00:00:00 GMT","WEEKDAY":"Monday","HATE_CRIME":"Religion","HC_MOTIVATION":"Jewish","HC_STATUS":"Hatecrime Happened","OFF_CATEG":"Mischief To Property","NB_NAME_EN":"Stittsville","SECTOR":"Sector 13","DIVISION":"West","CENSUS_TRC":"5050151.06","WARD":"Ward 6 - Stittsville","COUNCILLOR":"Glen Gower","OFF_TYPE":"Criminal"}},{"type":"Feature","id":102,"geometry":null,"properties":{"OBJECTID":102,"ID":"101","YEAR":2022,"REP_DATE":"Sun, 01 May 2022 00:00:00 GMT","OCC_DATE":"Sun, 01 May 2022 00:00:00 GMT","WEEKDAY":"Sunday","HATE_CRIME":"Religion","HC_MOTIVATION":"Jewish","HC_STATUS":"Hatecrime Happened","OFF_CATEG":"Mischief To Property","NB_NAME_EN":"Katimavik - Hazeldean","SECTOR":"Sector 13","DIVISION":"West","CENSUS_TRC":"5050160.07","WARD":"Ward 4 - Kanata North","COUNCILLOR":"Cathy Curry","OFF_TYPE":"Criminal"}},{"type":"Feature","id":103,"geometry":null,"properties":{"OBJECTID":103,"ID":"102","YEAR":2020,"REP_DATE":"Wed, 18 Mar 2020 00:00:00 GMT","OCC_DATE":"Tue, 17 Mar 2020 00:00:00 GMT","WEEKDAY":"Tuesday","HATE_CRIME":"Race/Ethnicity","HC_MOTIVATION":"Black","HC_STATUS":"Hatecrime Happened","OFF_CATEG":"B&e Residential Property","NB_NAME_EN":"Carp Ridge","SECTOR":"Sector 11","DIVISION":"West","CENSUS_TRC":"5050160.09","WARD":"Ward 5 - West Carleton-March","COUNCILLOR":"Clarke Kelly","OFF_TYPE":"Criminal"}},{"type":"Feature","id":104,"geometry":null,"properties":{"OBJECTID":104,"ID":"103","YEAR":2022,"REP_DATE":"Tue, 05 Apr 2022 00:00:00 GMT","OCC_DATE":"Fri, 01 Apr 2022 00:00:00 GMT","WEEKDAY":"Friday","HATE_CRIME":"Race/Ethnicity","HC_MOTIVATION":"Black","HC_STATUS":"Hatecrime Happened","OFF_CATEG":"Mischief To Property","NB_NAME_EN":"Stittsville","SECTOR":"Sector 13","DIVISION":"West","CENSUS_TRC":"5050151.08","WARD":"Ward 6 - Stittsville","COUNCILLOR":"Glen Gower","OFF_TYPE":"Criminal"}},{"type":"Feature","id":105,"geometry":null,"properties":{"OBJECTID":105,"ID":"104","YEAR":2021,"REP_DATE":"Fri, 03 Sep 2021 00:00:00 GMT","OCC_DATE":"Thu, 02 Sep 2021 00:00:00 GMT","WEEKDAY":"Thursday","HATE_CRIME":"Race/Ethnicity","HC_MOTIVATION":"Indigenous/Aboriginal","HC_STATUS":"Hatecrime Happened","OFF_CATEG":"Mischief To Property","NB_NAME_EN":"Stittsville","SECTOR":"Sector 13","DIVISION":"West","CENSUS_TRC":"5050151.11","WARD":"Ward 6 - Stittsville","COUNCILLOR":"Glen Gower","OFF_TYPE":"Criminal"}},{"type":"Feature","id":106,"geometry":null,"properties":{"OBJECTID":106,"ID":"105","YEAR":2019,"REP_DATE":"Sat, 23 Mar 2019 00:00:00 GMT","OCC_DATE":"Tue, 19 Mar 2019 00:00:00 GMT","WEEKDAY":"Tuesday","HATE_CRIME":"Religion","HC_MOTIVATION":"Jewish","HC_STATUS":"Hatecrime Suspected","OFF_CATEG":"Mischief To Property","NB_NAME_EN":"Dunrobin","SECTOR":"Sector 11","DIVISION":"West","CENSUS_TRC":"5050160.09","WARD":"Ward 5 - West Carleton-March","COUNCILLOR":"Clarke Kelly","OFF_TYPE":"Criminal"}},{"type":"Feature","id":107,"geometry":null,"properties":{"OBJECTID":107,"ID":"106","YEAR":2022,"REP_DATE":"Wed, 03 Aug 2022 00:00:00 GMT","OCC_DATE":"Mon, 01 Aug 2022 00:00:00 GMT","WEEKDAY":"Monday","HATE_CRIME":"Unknown","HC_MOTIVATION":"Unknown","HC_STATUS":"Hatecrime Suspected","OFF_CATEG":"Mischief To Property","NB_NAME_EN":"Bells Corners West","SECTOR":"Sector 15","DIVISION":"West","CENSUS_TRC":"5050136.02","WARD":"Ward 8 - College","COUNCILLOR":"Laine Johnson","OFF_TYPE":"Criminal"}},{"type":"Feature","id":108,"geometry":null,"properties":{"OBJECTID":108,"ID":"107","YEAR":2023,"REP_DATE":"Thu, 16 Feb 2023 00:00:00 GMT","OCC_DATE":"Thu, 16 Feb 2023 00:00:00 GMT","WEEKDAY":"Thursday","HATE_CRIME":"Religion","HC_MOTIVATION":"Jewish","HC_STATUS":"Hatecrime Happened","OFF_CATEG":"Mischief To Property","NB_NAME_EN":"Stittsville","SECTOR":"Sector 13","DIVISION":"West","CENSUS_TRC":"5050151.05","WARD":"Ward 6 - Stittsville","COUNCILLOR":"Glen Gower","OFF_TYPE":"Criminal"}},{"type":"Feature","id":109,"geometry":null,"properties":{"OBJECTID":109,"ID":"108","YEAR":2022,"REP_DATE":"Sat, 25 Jun 2022 00:00:00 GMT","OCC_DATE":"Sat, 25 Jun 2022 00:00:00 GMT","WEEKDAY":"Saturday","HATE_CRIME":"Religion","HC_MOTIVATION":"Jewish","HC_STATUS":"Hatecrime Happened","OFF_CATEG":"Mischief To Property","NB_NAME_EN":"Stittsville","SECTOR":"Sector 13","DIVISION":"West","CENSUS_TRC":"5050151.04","WARD":"Ward 6 - Stittsville","COUNCILLOR":"Glen Gower","OFF_TYPE":"Criminal"}},{"type":"Feature","id":110,"geometry":null,"properties":{"OBJECTID":110,"ID":"109","YEAR":2022,"REP_DATE":"Wed, 11 May 2022 00:00:00 GMT","OCC_DATE":"Tue, 10 May 2022 00:00:00 GMT","WEEKDAY":"Tuesday","HATE_CRIME":"Race/Ethnicity","HC_MOTIVATION":"Multiple Races/Ethnicities","HC_STATUS":"Hatecrime Happened","OFF_CATEG":"Wilful Promotion Of Hatred","NB_NAME_EN":"Corkery","SECTOR":"Sector 11","DIVISION":"West","CENSUS_TRC":"5050300.02","WARD":"Ward 5 - West Carleton-March","COUNCILLOR":"Clarke Kelly","OFF_TYPE":"Criminal"}},{"type":"Feature","id":111,"geometry":null,"properties":{"OBJECTID":111,"ID":"110","YEAR":2022,"REP_DATE":"Tue, 10 May 2022 00:00:00 GMT","OCC_DATE":"Tue, 10 May 2022 00:00:00 GMT","WEEKDAY":"Tuesday","HATE_CRIME":"Religion","HC_MOTIVATION":"Jewish","HC_STATUS":"Hatecrime Happened","OFF_CATEG":"Wilful Promotion Of Hatred","NB_NAME_EN":"Corkery","SECTOR":"Sector 11","DIVISION":"West","CENSUS_TRC":"5050300.02","WARD":"Ward 5 - West Carleton-March","COUNCILLOR":"Clarke Kelly","OFF_TYPE":"Criminal"}},{"type":"Feature","id":112,"geometry":null,"properties":{"OBJECTID":112,"ID":"111","YEAR":2022,"REP_DATE":"Thu, 12 May 2022 00:00:00 GMT","OCC_DATE":"Thu, 12 May 2022 00:00:00 GMT","WEEKDAY":"Thursday","HATE_CRIME":"Religion","HC_MOTIVATION":"Jewish","HC_STATUS":"Hatecrime Happened","OFF_CATEG":"Wilful Promotion Of Hatred","NB_NAME_EN":"Corkery","SECTOR":"Sector 11","DIVISION":"West","CENSUS_TRC":"5050300.02","WARD":"Ward 5 - West Carleton-March","COUNCILLOR":"Clarke Kelly","OFF_TYPE":"Criminal"}},{"type":"Feature","id":113,"geometry":null,"properties":{"OBJECTID":113,"ID":"112","YEAR":2022,"REP_DATE":"Tue, 03 May 2022 00:00:00 GMT","OCC_DATE":"Tue, 03 May 2022 00:00:00 GMT","WEEKDAY":"Tuesday","HATE_CRIME":"Race/Ethnicity","HC_MOTIVATION":"Multiple Races/Ethnicities","HC_STATUS":"Hatecrime Happened","OFF_CATEG":"Wilful Promotion Of Hatred","NB_NAME_EN":"Corkery","SECTOR":"Sector 11","DIVISION":"West","CENSUS_TRC":"5050300.02","WARD":"Ward 5 - West Carleton-March","COUNCILLOR":"Clarke Kelly","OFF_TYPE":"Criminal"}},{"type":"Feature","id":114,"geometry":null,"properties":{"OBJECTID":114,"ID":"113","YEAR":2022,"REP_DATE":"Fri, 06 May 2022 00:00:00 GMT","OCC_DATE":"Fri, 06 May 2022 00:00:00 GMT","WEEKDAY":"Friday","HATE_CRIME":"Race/Ethnicity","HC_MOTIVATION":"Multiple Races/Ethnicities","HC_STATUS":"Hatecrime Happened","OFF_CATEG":"Assault Peace Officer Wpn- Cbh","NB_NAME_EN":"Corkery","SECTOR":"Sector 11","DIVISION":"West","CENSUS_TRC":"5050300.02","WARD":"Ward 5 - West Carleton-March","COUNCILLOR":"Clarke Kelly","OFF_TYPE":"Criminal"}},{"type":"Feature","id":115,"geometry":null,"properties":{"OBJECTID":115,"ID":"114","YEAR":2022,"REP_DATE":"Wed, 04 May 2022 00:00:00 GMT","OCC_DATE":"Wed, 04 May 2022 00:00:00 GMT","WEEKDAY":"Wednesday","HATE_CRIME":"Race/Ethnicity","HC_MOTIVATION":"Arab(West Asian,Middle Eastern and North African origins)","HC_STATUS":"Hatecrime Happened","OFF_CATEG":"Threats Utter To Person","NB_NAME_EN":"Corkery","SECTOR":"Sector 11","DIVISION":"West","CENSUS_TRC":"5050300.02","WARD":"Ward 5 - West Carleton-March","COUNCILLOR":"Clarke Kelly","OFF_TYPE":"Criminal"}},{"type":"Feature","id":116,"geometry":null,"properties":{"OBJECTID":116,"ID":"115","YEAR":2022,"REP_DATE":"Tue, 22 Mar 2022 00:00:00 GMT","OCC_DATE":"Tue, 22 Mar 2022 00:00:00 GMT","WEEKDAY":"Tuesday","HATE_CRIME":"Religion","HC_MOTIVATION":"Muslim (Islam)","HC_STATUS":"Hatecrime Suspected","OFF_CATEG":"Suspicious Circumstance( S)","NB_NAME_EN":"Kanata Lakes - Marchwood Lakeside - Morgan's Grant - Kanata North Business Park","SECTOR":"Sector 13","DIVISION":"West","CENSUS_TRC":"5050160.15","WARD":"Ward 4 - Kanata North","COUNCILLOR":"Cathy Curry","OFF_TYPE":"Non Criminal"}},{"type":"Feature","id":117,"geometry":null,"properties":{"OBJECTID":117,"ID":"116","YEAR":2021,"REP_DATE":"Sat, 12 Jun 2021 00:00:00 GMT","OCC_DATE":"Sat, 12 Jun 2021 00:00:00 GMT","WEEKDAY":"Saturday","HATE_CRIME":"Religion","HC_MOTIVATION":"Muslim (Islam)","HC_STATUS":"Hatecrime Suspected","OFF_CATEG":"Suspicious Circumstance( S)","NB_NAME_EN":"Kanata Lakes - Marchwood Lakeside - Morgan's Grant - Kanata North Business Park","SECTOR":"Sector 13","DIVISION":"West","CENSUS_TRC":"5050160.15","WARD":"Ward 4 - Kanata North","COUNCILLOR":"Cathy Curry","OFF_TYPE":"Non Criminal"}},{"type":"Feature","id":118,"geometry":null,"properties":{"OBJECTID":118,"ID":"117","YEAR":2021,"REP_DATE":"Fri, 02 Jul 2021 00:00:00 GMT","OCC_DATE":"Fri, 02 Jul 2021 00:00:00 GMT","WEEKDAY":"Friday","HATE_CRIME":"Unknown","HC_MOTIVATION":"Unknown","HC_STATUS":"Hatecrime Happened","OFF_CATEG":"Dispute- Disturbance","NB_NAME_EN":"Kanata Lakes - Marchwood Lakeside - Morgan's Grant - Kanata North Business Park","SECTOR":"Sector 13","DIVISION":"West","CENSUS_TRC":"5050160.11","WARD":"Ward 4 - Kanata North","COUNCILLOR":"Cathy Curry","OFF_TYPE":"Non Criminal"}},{"type":"Feature","id":119,"geometry":null,"properties":{"OBJECTID":119,"ID":"118","YEAR":2021,"REP_DATE":"Wed, 10 Mar 2021 00:00:00 GMT","OCC_DATE":"Wed, 10 Mar 2021 00:00:00 GMT","WEEKDAY":"Wednesday","HATE_CRIME":"Religion","HC_MOTIVATION":"Muslim (Islam)","HC_STATUS":"Hatecrime Happened","OFF_CATEG":"Indecent Acts","NB_NAME_EN":"Bells Corners West","SECTOR":"Sector 15","DIVISION":"West","CENSUS_TRC":"5050136.02","WARD":"Ward 8 - College","COUNCILLOR":"Laine Johnson","OFF_TYPE":"Criminal"}},{"type":"Feature","id":120,"geometry":null,"properties":{"OBJECTID":120,"ID":"119","YEAR":2022,"REP_DATE":"Tue, 18 Oct 2022 00:00:00 GMT","OCC_DATE":"Mon, 17 Oct 2022 00:00:00 GMT","WEEKDAY":"Monday","HATE_CRIME":"Race/Ethnicity","HC_MOTIVATION":"Multiple Races/Ethnicities","HC_STATUS":"Hatecrime Happened","OFF_CATEG":"Mischief To Property","NB_NAME_EN":"Stittsville","SECTOR":"Sector 13","DIVISION":"West","CENSUS_TRC":"5050151.05","WARD":"Ward 6 - Stittsville","COUNCILLOR":"Glen Gower","OFF_TYPE":"Criminal"}},{"type":"Feature","id":121,"geometry":null,"properties":{"OBJECTID":121,"ID":"120","YEAR":2023,"REP_DATE":"Mon, 23 Oct 2023 00:00:00 GMT","OCC_DATE":"Tue, 17 Oct 2023 00:00:00 GMT","WEEKDAY":"Tuesday","HATE_CRIME":"Race/Ethnicity","HC_MOTIVATION":"Black","HC_STATUS":"Hatecrime Happened","OFF_CATEG":"Mischief To Property","NB_NAME_EN":"Stittsville","SECTOR":"Sector 13","DIVISION":"West","CENSUS_TRC":"5050151.06","WARD":"Ward 6 - Stittsville","COUNCILLOR":"Glen Gower","OFF_TYPE":"Criminal"}},{"type":"Feature","id":122,"geometry":null,"properties":{"OBJECTID":122,"ID":"121","YEAR":2018,"REP_DATE":"Tue, 11 Sep 2018 00:00:00 GMT","OCC_DATE":"Tue, 11 Sep 2018 00:00:00 GMT","WEEKDAY":"Tuesday","HATE_CRIME":"Religion","HC_MOTIVATION":"Muslim (Islam)","HC_STATUS":"Hatecrime Suspected","OFF_CATEG":"Mischief To Property","NB_NAME_EN":"Kanata Lakes - Marchwood Lakeside - Morgan's Grant - Kanata North Business Park","SECTOR":"Sector 13","DIVISION":"West","CENSUS_TRC":"5050160.15","WARD":"Ward 23 - Kanata South","COUNCILLOR":"Allan Hubley","OFF_TYPE":"Criminal"}},{"type":"Feature","id":123,"geometry":null,"properties":{"OBJECTID":123,"ID":"122","YEAR":2021,"REP_DATE":"Sat, 21 Aug 2021 00:00:00 GMT","OCC_DATE":"Sat, 21 Aug 2021 00:00:00 GMT","WEEKDAY":"Saturday","HATE_CRIME":"Religion","HC_MOTIVATION":"Other Religion","HC_STATUS":"Hatecrime Suspected","OFF_CATEG":"Mischief To Property","NB_NAME_EN":"Kanata Lakes - Marchwood Lakeside - Morgan's Grant - Kanata North Business Park","SECTOR":"Sector 13","DIVISION":"West","CENSUS_TRC":"5050160.15","WARD":"Ward 23 - Kanata South","COUNCILLOR":"Allan Hubley","OFF_TYPE":"Criminal"}},{"type":"Feature","id":124,"geometry":null,"properties":{"OBJECTID":124,"ID":"123","YEAR":2021,"REP_DATE":"Sun, 04 Apr 2021 00:00:00 GMT","OCC_DATE":"Sun, 04 Apr 2021 00:00:00 GMT","WEEKDAY":"Sunday","HATE_CRIME":"Religion","HC_MOTIVATION":"Catholic","HC_STATUS":"Hatecrime Happened","OFF_CATEG":"Mischief Hate Cultrl/ Rel Prop","NB_NAME_EN":"Katimavik - Hazeldean","SECTOR":"Sector 13","DIVISION":"West","CENSUS_TRC":"5050160.04","WARD":"Ward 23 - Kanata South","COUNCILLOR":"Allan Hubley","OFF_TYPE":"Criminal"}},{"type":"Feature","id":125,"geometry":null,"properties":{"OBJECTID":125,"ID":"124","YEAR":2021,"REP_DATE":"Sun, 14 Mar 2021 00:00:00 GMT","OCC_DATE":"Sun, 14 Mar 2021 00:00:00 GMT","WEEKDAY":"Sunday","HATE_CRIME":"Religion","HC_MOTIVATION":"Catholic","HC_STATUS":"Hatecrime Suspected","OFF_CATEG":"Mischief To Property","NB_NAME_EN":"Katimavik - Hazeldean","SECTOR":"Sector 13","DIVISION":"West","CENSUS_TRC":"5050160.04","WARD":"Ward 23 - Kanata South","COUNCILLOR":"Allan Hubley","OFF_TYPE":"Criminal"}},{"type":"Feature","id":126,"geometry":null,"properties":{"OBJECTID":126,"ID":"125","YEAR":2023,"REP_DATE":"Wed, 25 Oct 2023 00:00:00 GMT","OCC_DATE":"Wed, 25 Oct 2023 00:00:00 GMT","WEEKDAY":"Wednesday","HATE_CRIME":"Race/Ethnicity","HC_MOTIVATION":"Chinese","HC_STATUS":"Hatecrime Happened","OFF_CATEG":"Dispute- Neighbour","NB_NAME_EN":"Bells Corners East","SECTOR":"Sector 15","DIVISION":"West","CENSUS_TRC":"5050136.01","WARD":"Ward 8 - College","COUNCILLOR":"Laine Johnson","OFF_TYPE":"Non Criminal"}},{"type":"Feature","id":127,"geometry":null,"properties":{"OBJECTID":127,"ID":"126","YEAR":2019,"REP_DATE":"Tue, 24 Sep 2019 00:00:00 GMT","OCC_DATE":"Mon, 23 Sep 2019 00:00:00 GMT","WEEKDAY":"Monday","HATE_CRIME":"Sexual Orientation","HC_MOTIVATION":"LGBTQ2+","HC_STATUS":"Hatecrime Happened","OFF_CATEG":"Mischief To Property","NB_NAME_EN":"Katimavik - Hazeldean","SECTOR":"Sector 13","DIVISION":"West","CENSUS_TRC":"5050160.04","WARD":"Ward 23 - Kanata South","COUNCILLOR":"Allan Hubley","OFF_TYPE":"Criminal"}},{"type":"Feature","id":128,"geometry":null,"properties":{"OBJECTID":128,"ID":"127","YEAR":2023,"REP_DATE":"Sun, 27 Aug 2023 00:00:00 GMT","OCC_DATE":"Sun, 27 Aug 2023 00:00:00 GMT","WEEKDAY":"Sunday","HATE_CRIME":"Race/Ethnicity","HC_MOTIVATION":"Black","HC_STATUS":"Hatecrime Happened","OFF_CATEG":"Mischief To Property","NB_NAME_EN":"Kanata Lakes - Marchwood Lakeside - Morgan's Grant - Kanata North Business Park","SECTOR":"Sector 13","DIVISION":"West","CENSUS_TRC":"5050160.15","WARD":"Ward 23 - Kanata South","COUNCILLOR":"Allan Hubley","OFF_TYPE":"Criminal"}},{"type":"Feature","id":129,"geometry":null,"properties":{"OBJECTID":129,"ID":"128","YEAR":2018,"REP_DATE":"Tue, 27 Nov 2018 00:00:00 GMT","OCC_DATE":"Tue, 27 Nov 2018 00:00:00 GMT","WEEKDAY":"Tuesday","HATE_CRIME":"Religion","HC_MOTIVATION":"Jewish","HC_STATUS":"Hatecrime Happened","OFF_CATEG":"Mischief To Property","NB_NAME_EN":"Kanata Lakes - Marchwood Lakeside - Morgan's Grant - Kanata North Business Park","SECTOR":"Sector 13","DIVISION":"West","CENSUS_TRC":"5050160.15","WARD":"Ward 23 - Kanata South","COUNCILLOR":"Allan Hubley","OFF_TYPE":"Criminal"}},{"type":"Feature","id":130,"geometry":null,"properties":{"OBJECTID":130,"ID":"129","YEAR":2020,"REP_DATE":"Wed, 12 Aug 2020 00:00:00 GMT","OCC_DATE":"Fri, 07 Aug 2020 00:00:00 GMT","WEEKDAY":"Friday","HATE_CRIME":"Race/Ethnicity","HC_MOTIVATION":"Indigenous/Aboriginal","HC_STATUS":"Hatecrime Happened","OFF_CATEG":"Mischief To Property","NB_NAME_EN":"Kanata Lakes - Marchwood Lakeside - Morgan's Grant - Kanata North Business Park","SECTOR":"Sector 13","DIVISION":"West","CENSUS_TRC":"5050160.15","WARD":"Ward 23 - Kanata South","COUNCILLOR":"Allan Hubley","OFF_TYPE":"Criminal"}},{"type":"Feature","id":131,"geometry":null,"properties":{"OBJECTID":131,"ID":"130","YEAR":2020,"REP_DATE":"Sat, 28 Mar 2020 00:00:00 GMT","OCC_DATE":"Sat, 28 Mar 2020 00:00:00 GMT","WEEKDAY":"Saturday","HATE_CRIME":"Religion","HC_MOTIVATION":"Jewish","HC_STATUS":"Hatecrime Happened","OFF_CATEG":"Mischief To Property","NB_NAME_EN":"Glen Cairn - Kanata South Business Park","SECTOR":"Sector 13","DIVISION":"West","CENSUS_TRC":"5050162.02","WARD":"Ward 23 - Kanata South","COUNCILLOR":"Allan Hubley","OFF_TYPE":"Criminal"}},{"type":"Feature","id":132,"geometry":null,"properties":{"OBJECTID":132,"ID":"131","YEAR":2020,"REP_DATE":"Sun, 22 Mar 2020 00:00:00 GMT","OCC_DATE":"Sun, 22 Mar 2020 00:00:00 GMT","WEEKDAY":"Sunday","HATE_CRIME":"Religion","HC_MOTIVATION":"Jewish","HC_STATUS":"Hatecrime Happened","OFF_CATEG":"Mischief To Property","NB_NAME_EN":"Glen Cairn - Kanata South Business Park","SECTOR":"Sector 13","DIVISION":"West","CENSUS_TRC":"5050162.02","WARD":"Ward 23 - Kanata South","COUNCILLOR":"Allan Hubley","OFF_TYPE":"Criminal"}},{"type":"Feature","id":133,"geometry":null,"properties":{"OBJECTID":133,"ID":"132","YEAR":2020,"REP_DATE":"Mon, 23 Mar 2020 00:00:00 GMT","OCC_DATE":"Mon, 23 Mar 2020 00:00:00 GMT","WEEKDAY":"Monday","HATE_CRIME":"Religion","HC_MOTIVATION":"Jewish","HC_STATUS":"Hatecrime Happened","OFF_CATEG":"Mischief To Property","NB_NAME_EN":"Glen Cairn - Kanata South Business Park","SECTOR":"Sector 13","DIVISION":"West","CENSUS_TRC":"5050162.02","WARD":"Ward 23 - Kanata South","COUNCILLOR":"Allan Hubley","OFF_TYPE":"Criminal"}},{"type":"Feature","id":134,"geometry":null,"properties":{"OBJECTID":134,"ID":"133","YEAR":2021,"REP_DATE":"Fri, 16 Apr 2021 00:00:00 GMT","OCC_DATE":"Fri, 16 Apr 2021 00:00:00 GMT","WEEKDAY":"Friday","HATE_CRIME":"Gender","HC_MOTIVATION":"Woman","HC_STATUS":"Hatecrime Suspected","OFF_CATEG":"Dispute Partner ( No Charges)","NB_NAME_EN":"Dunrobin","SECTOR":"Sector 11","DIVISION":"West","CENSUS_TRC":"5050160.09","WARD":"Ward 5 - West Carleton-March","COUNCILLOR":"Clarke Kelly","OFF_TYPE":"Non Criminal"}},{"type":"Feature","id":135,"geometry":null,"properties":{"OBJECTID":135,"ID":"134","YEAR":2023,"REP_DATE":"Wed, 08 Feb 2023 00:00:00 GMT","OCC_DATE":"Wed, 08 Feb 2023 00:00:00 GMT","WEEKDAY":"Wednesday","HATE_CRIME":"Religion","HC_MOTIVATION":"Jewish","HC_STATUS":"Hatecrime Happened","OFF_CATEG":"Mischief To Property","NB_NAME_EN":"Bells Corners East","SECTOR":"Sector 15","DIVISION":"West","CENSUS_TRC":"5050136.01","WARD":"Ward 8 - College","COUNCILLOR":"Laine Johnson","OFF_TYPE":"Criminal"}},{"type":"Feature","id":136,"geometry":null,"properties":{"OBJECTID":136,"ID":"135","YEAR":2023,"REP_DATE":"Mon, 12 Jun 2023 00:00:00 GMT","OCC_DATE":"Thu, 25 May 2023 00:00:00 GMT","WEEKDAY":"Thursday","HATE_CRIME":"Sexual Orientation","HC_MOTIVATION":"LGBTQ2+","HC_STATUS":"Hatecrime Suspected","OFF_CATEG":"Harass Harrassment","NB_NAME_EN":"Bells Corners East","SECTOR":"Sector 15","DIVISION":"West","CENSUS_TRC":"5050136.01","WARD":"Ward 8 - College","COUNCILLOR":"Laine Johnson","OFF_TYPE":"Non Criminal"}},{"type":"Feature","id":137,"geometry":null,"properties":{"OBJECTID":137,"ID":"136","YEAR":2023,"REP_DATE":"Wed, 28 Jun 2023 00:00:00 GMT","OCC_DATE":"Wed, 28 Dec 2022 00:00:00 GMT","WEEKDAY":"Wednesday","HATE_CRIME":"Unknown","HC_MOTIVATION":"Unknown","HC_STATUS":"Hatecrime Suspected","OFF_CATEG":"Cyber Bullying/ Harassment","NB_NAME_EN":"Bayshore","SECTOR":"Sector 14","DIVISION":"West","CENSUS_TRC":"5050029.00","WARD":"Ward 7 - Bay","COUNCILLOR":"Theresa Kavanagh","OFF_TYPE":"Non Criminal"}},{"type":"Feature","id":138,"geometry":null,"properties":{"OBJECTID":138,"ID":"137","YEAR":2023,"REP_DATE":"Wed, 18 Oct 2023 00:00:00 GMT","OCC_DATE":"Wed, 18 Oct 2023 00:00:00 GMT","WEEKDAY":"Wednesday","HATE_CRIME":"Religion","HC_MOTIVATION":"Jewish","HC_STATUS":"Hatecrime Happened","OFF_CATEG":"Harass Crim Stalking","NB_NAME_EN":"Kanata Lakes - Marchwood Lakeside - Morgan's Grant - Kanata North Business Park","SECTOR":"Sector 13","DIVISION":"West","CENSUS_TRC":"5050160.15","WARD":"Ward 4 - Kanata North","COUNCILLOR":"Cathy Curry","OFF_TYPE":"Criminal"}},{"type":"Feature","id":139,"geometry":null,"properties":{"OBJECTID":139,"ID":"138","YEAR":2023,"REP_DATE":"Wed, 21 Jun 2023 00:00:00 GMT","OCC_DATE":"Wed, 21 Jun 2023 00:00:00 GMT","WEEKDAY":"Wednesday","HATE_CRIME":"Sexual Orientation","HC_MOTIVATION":"LGBTQ2+","HC_STATUS":"Hatecrime Happened","OFF_CATEG":"Mischief To Property","NB_NAME_EN":"Bayshore","SECTOR":"Sector 14","DIVISION":"West","CENSUS_TRC":"5050138.00","WARD":"Ward 7 - Bay","COUNCILLOR":"Theresa Kavanagh","OFF_TYPE":"Criminal"}},{"type":"Feature","id":140,"geometry":null,"properties":{"OBJECTID":140,"ID":"139","YEAR":2022,"REP_DATE":"Thu, 16 Jun 2022 00:00:00 GMT","OCC_DATE":"Thu, 16 Jun 2022 00:00:00 GMT","WEEKDAY":"Thursday","HATE_CRIME":"Race/Ethnicity","HC_MOTIVATION":"Arab(West Asian,Middle Eastern and North African origins)","HC_STATUS":"Hatecrime Happened","OFF_CATEG":"Assault Level 1","NB_NAME_EN":"Bayshore","SECTOR":"Sector 14","DIVISION":"West","CENSUS_TRC":"5050138.00","WARD":"Ward 7 - Bay","COUNCILLOR":"Theresa Kavanagh","OFF_TYPE":"Criminal"}},{"type":"Feature","id":141,"geometry":null,"properties":{"OBJECTID":141,"ID":"140","YEAR":2022,"REP_DATE":"Tue, 04 Jan 2022 00:00:00 GMT","OCC_DATE":"Mon, 20 Dec 2021 00:00:00 GMT","WEEKDAY":"Monday","HATE_CRIME":"Race/Ethnicity","HC_MOTIVATION":"Other race/ethnicity","HC_STATUS":"Hatecrime Happened","OFF_CATEG":"Mischief To Property","NB_NAME_EN":"Katimavik - Hazeldean","SECTOR":"Sector 13","DIVISION":"West","CENSUS_TRC":"5050160.04","WARD":"Ward 23 - Kanata South","COUNCILLOR":"Allan Hubley","OFF_TYPE":"Criminal"}},{"type":"Feature","id":142,"geometry":null,"properties":{"OBJECTID":142,"ID":"141","YEAR":2023,"REP_DATE":"Tue, 03 Oct 2023 00:00:00 GMT","OCC_DATE":"Tue, 03 Oct 2023 00:00:00 GMT","WEEKDAY":"Tuesday","HATE_CRIME":"Race/Ethnicity","HC_MOTIVATION":"India,Pakistan/South Asian","HC_STATUS":"Hatecrime Suspected","OFF_CATEG":"B&e Residential Property","NB_NAME_EN":"Kanata Lakes - Marchwood Lakeside - Morgan's Grant - Kanata North Business Park","SECTOR":"Sector 13","DIVISION":"West","CENSUS_TRC":"5050160.12","WARD":"Ward 4 - Kanata North","COUNCILLOR":"Cathy Curry","OFF_TYPE":"Criminal"}},{"type":"Feature","id":143,"geometry":null,"properties":{"OBJECTID":143,"ID":"142","YEAR":2022,"REP_DATE":"Sat, 01 Jan 2022 00:00:00 GMT","OCC_DATE":"Sat, 01 Jan 2022 00:00:00 GMT","WEEKDAY":"Saturday","HATE_CRIME":"Religion","HC_MOTIVATION":"Jewish","HC_STATUS":"Hatecrime Happened","OFF_CATEG":"Mischief To Property","NB_NAME_EN":"Katimavik - Hazeldean","SECTOR":"Sector 13","DIVISION":"West","CENSUS_TRC":"5050160.04","WARD":"Ward 23 - Kanata South","COUNCILLOR":"Allan Hubley","OFF_TYPE":"Criminal"}},{"type":"Feature","id":144,"geometry":null,"properties":{"OBJECTID":144,"ID":"143","YEAR":2020,"REP_DATE":"Sun, 02 Aug 2020 00:00:00 GMT","OCC_DATE":"Sat, 01 Aug 2020 00:00:00 GMT","WEEKDAY":"Saturday","HATE_CRIME":"Race/Ethnicity","HC_MOTIVATION":"Black","HC_STATUS":"Hatecrime Suspected","OFF_CATEG":"Theft \u003c $5000","NB_NAME_EN":"Glen Cairn - Kanata South Business Park","SECTOR":"Sector 13","DIVISION":"West","CENSUS_TRC":"5050162.03","WARD":"Ward 23 - Kanata South","COUNCILLOR":"Allan Hubley","OFF_TYPE":"Criminal"}},{"type":"Feature","id":145,"geometry":null,"properties":{"OBJECTID":145,"ID":"144","YEAR":2020,"REP_DATE":"Sat, 01 Aug 2020 00:00:00 GMT","OCC_DATE":"Fri, 31 Jul 2020 00:00:00 GMT","WEEKDAY":"Friday","HATE_CRIME":"Race/Ethnicity","HC_MOTIVATION":"Black","HC_STATUS":"Hatecrime Suspected","OFF_CATEG":"Theft \u003c $5000","NB_NAME_EN":"Glen Cairn - Kanata South Business Park","SECTOR":"Sector 13","DIVISION":"West","CENSUS_TRC":"5050162.03","WARD":"Ward 23 - Kanata South","COUNCILLOR":"Allan Hubley","OFF_TYPE":"Criminal"}},{"type":"Feature","id":146,"geometry":null,"properties":{"OBJECTID":146,"ID":"145","YEAR":2021,"REP_DATE":"Tue, 08 Jun 2021 00:00:00 GMT","OCC_DATE":"Tue, 08 Jun 2021 00:00:00 GMT","WEEKDAY":"Tuesday","HATE_CRIME":"Sexual Orientation","HC_MOTIVATION":"LGBTQ2+","HC_STATUS":"Hatecrime Suspected","OFF_CATEG":"Suspicious Circumstance( S)","NB_NAME_EN":"Glen Cairn - Kanata South Business Park","SECTOR":"Sector 13","DIVISION":"West","CENSUS_TRC":"5050162.03","WARD":"Ward 23 - Kanata South","COUNCILLOR":"Allan Hubley","OFF_TYPE":"Non Criminal"}},{"type":"Feature","id":147,"geometry":null,"properties":{"OBJECTID":147,"ID":"146","YEAR":2018,"REP_DATE":"Tue, 10 Jul 2018 00:00:00 GMT","OCC_DATE":"Mon, 09 Jul 2018 00:00:00 GMT","WEEKDAY":"Monday","HATE_CRIME":"Race/Ethnicity","HC_MOTIVATION":"Black","HC_STATUS":"Hatecrime Happened","OFF_CATEG":"Mischief To Property","NB_NAME_EN":"Glen Cairn - Kanata South Business Park","SECTOR":"Sector 13","DIVISION":"West","CENSUS_TRC":"5050162.02","WARD":"Ward 23 - Kanata South","COUNCILLOR":"Allan Hubley","OFF_TYPE":"Criminal"}},{"type":"Feature","id":148,"geometry":null,"properties":{"OBJECTID":148,"ID":"147","YEAR":2021,"REP_DATE":"Thu, 04 Feb 2021 00:00:00 GMT","OCC_DATE":"Thu, 04 Feb 2021 00:00:00 GMT","WEEKDAY":"Thursday","HATE_CRIME":"Religion","HC_MOTIVATION":"Jewish","HC_STATUS":"Hatecrime Suspected","OFF_CATEG":"Mischief To Property","NB_NAME_EN":"Glen Cairn - Kanata South Business Park","SECTOR":"Sector 13","DIVISION":"West","CENSUS_TRC":"5050162.02","WARD":"Ward 6 - Stittsville","COUNCILLOR":"Glen Gower","OFF_TYPE":"Criminal"}},{"type":"Feature","id":149,"geometry":null,"properties":{"OBJECTID":149,"ID":"148","YEAR":2020,"REP_DATE":"Mon, 22 Jun 2020 00:00:00 GMT","OCC_DATE":"Mon, 22 Jun 2020 00:00:00 GMT","WEEKDAY":"Monday","HATE_CRIME":"Race/Ethnicity","HC_MOTIVATION":"Black","HC_STATUS":"Hatecrime Happened","OFF_CATEG":"Dispute- Disturbance","NB_NAME_EN":"Katimavik - Hazeldean","SECTOR":"Sector 13","DIVISION":"West","CENSUS_TRC":"5050160.06","WARD":"Ward 4 - Kanata North","COUNCILLOR":"Cathy Curry","OFF_TYPE":"Non Criminal"}},{"type":"Feature","id":150,"geometry":null,"properties":{"OBJECTID":150,"ID":"149","YEAR":2018,"REP_DATE":"Sat, 21 Jul 2018 00:00:00 GMT","OCC_DATE":"Sat, 21 Jul 2018 00:00:00 GMT","WEEKDAY":"Saturday","HATE_CRIME":"Religion","HC_MOTIVATION":"Jewish","HC_STATUS":"Hatecrime Happened","OFF_CATEG":"Mischief To Property","NB_NAME_EN":"Glen Cairn - Kanata South Business Park","SECTOR":"Sector 13","DIVISION":"West","CENSUS_TRC":"5050162.03","WARD":"Ward 23 - Kanata South","COUNCILLOR":"Allan Hubley","OFF_TYPE":"Criminal"}},{"type":"Feature","id":151,"geometry":null,"properties":{"OBJECTID":151,"ID":"150","YEAR":2023,"REP_DATE":"Tue, 23 May 2023 00:00:00 GMT","OCC_DATE":"Fri, 19 May 2023 00:00:00 GMT","WEEKDAY":"Friday","HATE_CRIME":"Sexual Orientation","HC_MOTIVATION":"LGBTQ2+","HC_STATUS":"Hatecrime Happened","OFF_CATEG":"Mischief To Property","NB_NAME_EN":"Glen Cairn - Kanata South Business Park","SECTOR":"Sector 13","DIVISION":"West","CENSUS_TRC":"5050162.04","WARD":"Ward 23 - Kanata South","COUNCILLOR":"Allan Hubley","OFF_TYPE":"Criminal"}},{"type":"Feature","id":152,"geometry":null,"properties":{"OBJECTID":152,"ID":"151","YEAR":2019,"REP_DATE":"Mon, 23 Dec 2019 00:00:00 GMT","OCC_DATE":"Mon, 23 Dec 2019 00:00:00 GMT","WEEKDAY":"Monday","HATE_CRIME":"Race/Ethnicity","HC_MOTIVATION":"Other race/ethnicity","HC_STATUS":"Hatecrime Suspected","OFF_CATEG":"Threats Utter To Person","NB_NAME_EN":"Glen Cairn - Kanata South Business Park","SECTOR":"Sector 13","DIVISION":"West","CENSUS_TRC":"5050162.04","WARD":"Ward 23 - Kanata South","COUNCILLOR":"Allan Hubley","OFF_TYPE":"Criminal"}},{"type":"Feature","id":153,"geometry":null,"properties":{"OBJECTID":153,"ID":"152","YEAR":2021,"REP_DATE":"Thu, 14 Jan 2021 00:00:00 GMT","OCC_DATE":"Thu, 14 Jan 2021 00:00:00 GMT","WEEKDAY":"Thursday","HATE_CRIME":"Religion","HC_MOTIVATION":"Jewish","HC_STATUS":"Hatecrime Happened","OFF_CATEG":"Mischief To Property","NB_NAME_EN":"Stittsville","SECTOR":"Sector 13","DIVISION":"West","CENSUS_TRC":"5050151.10","WARD":"Ward 6 - Stittsville","COUNCILLOR":"Glen Gower","OFF_TYPE":"Criminal"}},{"type":"Feature","id":154,"geometry":null,"properties":{"OBJECTID":154,"ID":"153","YEAR":2020,"REP_DATE":"Wed, 23 Sep 2020 00:00:00 GMT","OCC_DATE":"Tue, 15 Sep 2020 00:00:00 GMT","WEEKDAY":"Tuesday","HATE_CRIME":"Race/Ethnicity","HC_MOTIVATION":"Black","HC_STATUS":"Hatecrime Happened","OFF_CATEG":"Information ( General)","NB_NAME_EN":"Stittsville","SECTOR":"Sector 13","DIVISION":"West","CENSUS_TRC":"5050151.05","WARD":"Ward 6 - Stittsville","COUNCILLOR":"Glen Gower","OFF_TYPE":"Non Criminal"}},{"type":"Feature","id":155,"geometry":null,"properties":{"OBJECTID":155,"ID":"154","YEAR":2020,"REP_DATE":"Fri, 04 Sep 2020 00:00:00 GMT","OCC_DATE":"Fri, 04 Sep 2020 00:00:00 GMT","WEEKDAY":"Friday","HATE_CRIME":"Sexual Orientation","HC_MOTIVATION":"LGBTQ2+","HC_STATUS":"Hatecrime Happened","OFF_CATEG":"Mischief To Property","NB_NAME_EN":"Stittsville","SECTOR":"Sector 13","DIVISION":"West","CENSUS_TRC":"5050151.06","WARD":"Ward 6 - Stittsville","COUNCILLOR":"Glen Gower","OFF_TYPE":"Criminal"}},{"type":"Feature","id":156,"geometry":null,"properties":{"OBJECTID":156,"ID":"155","YEAR":2023,"REP_DATE":"Mon, 07 Aug 2023 00:00:00 GMT","OCC_DATE":"Mon, 07 Aug 2023 00:00:00 GMT","WEEKDAY":"Monday","HATE_CRIME":"Race/Ethnicity","HC_MOTIVATION":"Black","HC_STATUS":"Hatecrime Happened","OFF_CATEG":"Dispute- Disturbance","NB_NAME_EN":"Glen Cairn - Kanata South Business Park","SECTOR":"Sector 13","DIVISION":"West","CENSUS_TRC":"5050162.02","WARD":"Ward 23 - Kanata South","COUNCILLOR":"Allan Hubley","OFF_TYPE":"Non Criminal"}},{"type":"Feature","id":157,"geometry":null,"properties":{"OBJECTID":157,"ID":"156","YEAR":2023,"REP_DATE":"Tue, 17 Oct 2023 00:00:00 GMT","OCC_DATE":"Sun, 15 Oct 2023 00:00:00 GMT","WEEKDAY":"Sunday","HATE_CRIME":"Race/Ethnicity","HC_MOTIVATION":"Black","HC_STATUS":"Hatecrime Happened","OFF_CATEG":"Mischief To Property","NB_NAME_EN":"Briar Green - Leslie Park","SECTOR":"Sector 15","DIVISION":"West","CENSUS_TRC":"5050137.02","WARD":"Ward 8 - College","COUNCILLOR":"Laine Johnson","OFF_TYPE":"Criminal"}},{"type":"Feature","id":158,"geometry":null,"properties":{"OBJECTID":158,"ID":"157","YEAR":2023,"REP_DATE":"Fri, 20 Oct 2023 00:00:00 GMT","OCC_DATE":"Fri, 20 Oct 2023 00:00:00 GMT","WEEKDAY":"Friday","HATE_CRIME":"Religion","HC_MOTIVATION":"Jewish","HC_STATUS":"Hatecrime Happened","OFF_CATEG":"Mischief To Property","NB_NAME_EN":"Briar Green - Leslie Park","SECTOR":"Sector 15","DIVISION":"West","CENSUS_TRC":"5050137.02","WARD":"Ward 8 - College","COUNCILLOR":"Laine Johnson","OFF_TYPE":"Criminal"}},{"type":"Feature","id":159,"geometry":null,"properties":{"OBJECTID":159,"ID":"158","YEAR":2021,"REP_DATE":"Sun, 11 Jul 2021 00:00:00 GMT","OCC_DATE":"Fri, 09 Jul 2021 00:00:00 GMT","WEEKDAY":"Friday","HATE_CRIME":"Sexual Orientation","HC_MOTIVATION":"Unknown sexual orientation","HC_STATUS":"Hatecrime Happened","OFF_CATEG":"Theft \u003c $5000","NB_NAME_EN":"Whitehaven - Queensway Terrace North","SECTOR":"Sector 14","DIVISION":"West","CENSUS_TRC":"5050028.00","WARD":"Ward 7 - Bay","COUNCILLOR":"Theresa Kavanagh","OFF_TYPE":"Criminal"}},{"type":"Feature","id":160,"geometry":null,"properties":{"OBJECTID":160,"ID":"159","YEAR":2020,"REP_DATE":"Fri, 04 Sep 2020 00:00:00 GMT","OCC_DATE":"Fri, 04 Sep 2020 00:00:00 GMT","WEEKDAY":"Friday","HATE_CRIME":"Race/Ethnicity","HC_MOTIVATION":"Black","HC_STATUS":"Hatecrime Happened","OFF_CATEG":"Mischief To Property","NB_NAME_EN":"Whitehaven - Queensway Terrace North","SECTOR":"Sector 14","DIVISION":"West","CENSUS_TRC":"5050028.00","WARD":"Ward 7 - Bay","COUNCILLOR":"Theresa Kavanagh","OFF_TYPE":"Criminal"}},{"type":"Feature","id":161,"geometry":null,"properties":{"OBJECTID":161,"ID":"160","YEAR":2020,"REP_DATE":"Tue, 13 Oct 2020 00:00:00 GMT","OCC_DATE":"Mon, 12 Oct 2020 00:00:00 GMT","WEEKDAY":"Monday","HATE_CRIME":"Religion","HC_MOTIVATION":"Jewish","HC_STATUS":"Hatecrime Happened","OFF_CATEG":"Mischief To Property","NB_NAME_EN":"Kanata Lakes - Marchwood Lakeside - Morgan's Grant - Kanata North Business Park","SECTOR":"Sector 13","DIVISION":"West","CENSUS_TRC":"5050160.15","WARD":"Ward 4 - Kanata North","COUNCILLOR":"Cathy Curry","OFF_TYPE":"Criminal"}},{"type":"Feature","id":162,"geometry":null,"properties":{"OBJECTID":162,"ID":"161","YEAR":2023,"REP_DATE":"Fri, 08 Sep 2023 00:00:00 GMT","OCC_DATE":"Fri, 08 Sep 2023 00:00:00 GMT","WEEKDAY":"Friday","HATE_CRIME":"Race/Ethnicity","HC_MOTIVATION":"India,Pakistan/South Asian","HC_STATUS":"Hatecrime Suspected","OFF_CATEG":"Threats Utter To Person","NB_NAME_EN":"Katimavik - Hazeldean","SECTOR":"Sector 13","DIVISION":"West","CENSUS_TRC":"5050160.04","WARD":"Ward 23 - Kanata South","COUNCILLOR":"Allan Hubley","OFF_TYPE":"Criminal"}},{"type":"Feature","id":163,"geometry":null,"properties":{"OBJECTID":163,"ID":"162","YEAR":2021,"REP_DATE":"Thu, 09 Sep 2021 00:00:00 GMT","OCC_DATE":"Wed, 08 Sep 2021 00:00:00 GMT","WEEKDAY":"Wednesday","HATE_CRIME":"Race/Ethnicity","HC_MOTIVATION":"Other race/ethnicity","HC_STATUS":"Hatecrime Happened","OFF_CATEG":"Mischief To Property","NB_NAME_EN":"Stittsville","SECTOR":"Sector 13","DIVISION":"West","CENSUS_TRC":"5050151.04","WARD":"Ward 6 - Stittsville","COUNCILLOR":"Glen Gower","OFF_TYPE":"Criminal"}},{"type":"Feature","id":164,"geometry":null,"properties":{"OBJECTID":164,"ID":"163","YEAR":2018,"REP_DATE":"Thu, 16 Aug 2018 00:00:00 GMT","OCC_DATE":"Thu, 16 Aug 2018 00:00:00 GMT","WEEKDAY":"Thursday","HATE_CRIME":"Religion","HC_MOTIVATION":"Muslim (Islam)","HC_STATUS":"Hatecrime Happened","OFF_CATEG":"Mischief To Property","NB_NAME_EN":"Bridlewood - Emerald Meadows","SECTOR":"Sector 13","DIVISION":"West","CENSUS_TRC":"5050161.03","WARD":"Ward 23 - Kanata South","COUNCILLOR":"Allan Hubley","OFF_TYPE":"Criminal"}},{"type":"Feature","id":165,"geometry":null,"properties":{"OBJECTID":165,"ID":"164","YEAR":2020,"REP_DATE":"Tue, 18 Aug 2020 00:00:00 GMT","OCC_DATE":"Thu, 13 Aug 2020 00:00:00 GMT","WEEKDAY":"Thursday","HATE_CRIME":"Race/Ethnicity","HC_MOTIVATION":"Black","HC_STATUS":"Hatecrime Suspected","OFF_CATEG":"Theft \u003c $5000","NB_NAME_EN":"Glen Cairn - Kanata South Business Park","SECTOR":"Sector 13","DIVISION":"West","CENSUS_TRC":"5050162.03","WARD":"Ward 23 - Kanata South","COUNCILLOR":"Allan Hubley","OFF_TYPE":"Criminal"}},{"type":"Feature","id":166,"geometry":null,"properties":{"OBJECTID":166,"ID":"165","YEAR":2020,"REP_DATE":"Tue, 18 Aug 2020 00:00:00 GMT","OCC_DATE":"Wed, 22 Jul 2020 00:00:00 GMT","WEEKDAY":"Wednesday","HATE_CRIME":"Race/Ethnicity","HC_MOTIVATION":"Black","HC_STATUS":"Hatecrime Happened","OFF_CATEG":"Theft \u003c $5000","NB_NAME_EN":"Glen Cairn - Kanata South Business Park","SECTOR":"Sector 13","DIVISION":"West","CENSUS_TRC":"5050162.03","WARD":"Ward 23 - Kanata South","COUNCILLOR":"Allan Hubley","OFF_TYPE":"Criminal"}},{"type":"Feature","id":167,"geometry":null,"properties":{"OBJECTID":167,"ID":"166","YEAR":2020,"REP_DATE":"Mon, 17 Aug 2020 00:00:00 GMT","OCC_DATE":"Mon, 13 Jul 2020 00:00:00 GMT","WEEKDAY":"Monday","HATE_CRIME":"Race/Ethnicity","HC_MOTIVATION":"Black","HC_STATUS":"Hatecrime Happened","OFF_CATEG":"Theft \u003c $5000","NB_NAME_EN":"Glen Cairn - Kanata South Business Park","SECTOR":"Sector 13","DIVISION":"West","CENSUS_TRC":"5050162.03","WARD":"Ward 23 - Kanata South","COUNCILLOR":"Allan Hubley","OFF_TYPE":"Criminal"}},{"type":"Feature","id":168,"geometry":null,"properties":{"OBJECTID":168,"ID":"167","YEAR":2020,"REP_DATE":"Tue, 18 Aug 2020 00:00:00 GMT","OCC_DATE":"Sat, 01 Aug 2020 00:00:00 GMT","WEEKDAY":"Saturday","HATE_CRIME":"Race/Ethnicity","HC_MOTIVATION":"Black","HC_STATUS":"Hatecrime Happened","OFF_CATEG":"Theft \u003c $5000","NB_NAME_EN":"Glen Cairn - Kanata South Business Park","SECTOR":"Sector 13","DIVISION":"West","CENSUS_TRC":"5050162.03","WARD":"Ward 23 - Kanata South","COUNCILLOR":"Allan Hubley","OFF_TYPE":"Criminal"}},{"type":"Feature","id":169,"geometry":null,"properties":{"OBJECTID":169,"ID":"168","YEAR":2020,"REP_DATE":"Tue, 18 Aug 2020 00:00:00 GMT","OCC_DATE":"Thu, 13 Aug 2020 00:00:00 GMT","WEEKDAY":"Thursday","HATE_CRIME":"Race/Ethnicity","HC_MOTIVATION":"Black","HC_STATUS":"Hatecrime Happened","OFF_CATEG":"Mischief To Property","NB_NAME_EN":"Glen Cairn - Kanata South Business Park","SECTOR":"Sector 13","DIVISION":"West","CENSUS_TRC":"5050162.03","WARD":"Ward 23 - Kanata South","COUNCILLOR":"Allan Hubley","OFF_TYPE":"Criminal"}},{"type":"Feature","id":170,"geometry":null,"properties":{"OBJECTID":170,"ID":"169","YEAR":2020,"REP_DATE":"Tue, 18 Aug 2020 00:00:00 GMT","OCC_DATE":"Mon, 17 Aug 2020 00:00:00 GMT","WEEKDAY":"Monday","HATE_CRIME":"Race/Ethnicity","HC_MOTIVATION":"Black","HC_STATUS":"Hatecrime Happened","OFF_CATEG":"Theft \u003c $5000","NB_NAME_EN":"Glen Cairn - Kanata South Business Park","SECTOR":"Sector 13","DIVISION":"West","CENSUS_TRC":"5050162.03","WARD":"Ward 23 - Kanata South","COUNCILLOR":"Allan Hubley","OFF_TYPE":"Criminal"}},{"type":"Feature","id":171,"geometry":null,"properties":{"OBJECTID":171,"ID":"170","YEAR":2018,"REP_DATE":"Thu, 19 Jul 2018 00:00:00 GMT","OCC_DATE":"Thu, 19 Jul 2018 00:00:00 GMT","WEEKDAY":"Thursday","HATE_CRIME":"Race/Ethnicity","HC_MOTIVATION":"Multiple Races/Ethnicities","HC_STATUS":"Hatecrime Happened","OFF_CATEG":"Mischief To Property","NB_NAME_EN":"Katimavik - Hazeldean","SECTOR":"Sector 13","DIVISION":"West","CENSUS_TRC":"5050160.06","WARD":"Ward 23 - Kanata South","COUNCILLOR":"Allan Hubley","OFF_TYPE":"Criminal"}},{"type":"Feature","id":172,"geometry":null,"properties":{"OBJECTID":172,"ID":"171","YEAR":2018,"REP_DATE":"Tue, 03 Apr 2018 00:00:00 GMT","OCC_DATE":"Mon, 02 Apr 2018 00:00:00 GMT","WEEKDAY":"Monday","HATE_CRIME":"Religion","HC_MOTIVATION":"Jewish","HC_STATUS":"Hatecrime Happened","OFF_CATEG":"Mischief To Property","NB_NAME_EN":"Qualicum - Redwood Park","SECTOR":"Sector 15","DIVISION":"West","CENSUS_TRC":"5050027.00","WARD":"Ward 8 - College","COUNCILLOR":"Laine Johnson","OFF_TYPE":"Criminal"}},{"type":"Feature","id":173,"geometry":null,"properties":{"OBJECTID":173,"ID":"172","YEAR":2018,"REP_DATE":"Wed, 04 Jul 2018 00:00:00 GMT","OCC_DATE":"Tue, 03 Jul 2018 00:00:00 GMT","WEEKDAY":"Tuesday","HATE_CRIME":"Religion","HC_MOTIVATION":"Jewish","HC_STATUS":"Hatecrime Happened","OFF_CATEG":"Mischief To Property","NB_NAME_EN":"Glen Cairn - Kanata South Business Park","SECTOR":"Sector 13","DIVISION":"West","CENSUS_TRC":"5050162.03","WARD":"Ward 23 - Kanata South","COUNCILLOR":"Allan Hubley","OFF_TYPE":"Criminal"}},{"type":"Feature","id":174,"geometry":null,"properties":{"OBJECTID":174,"ID":"173","YEAR":2019,"REP_DATE":"Sun, 04 Aug 2019 00:00:00 GMT","OCC_DATE":"Sun, 04 Aug 2019 00:00:00 GMT","WEEKDAY":"Sunday","HATE_CRIME":"Religion","HC_MOTIVATION":"Jewish","HC_STATUS":"Hatecrime Happened","OFF_CATEG":"Mischief To Property","NB_NAME_EN":"Glen Cairn - Kanata South Business Park","SECTOR":"Sector 13","DIVISION":"West","CENSUS_TRC":"5050162.03","WARD":"Ward 23 - Kanata South","COUNCILLOR":"Allan Hubley","OFF_TYPE":"Criminal"}},{"type":"Feature","id":175,"geometry":null,"properties":{"OBJECTID":175,"ID":"174","YEAR":2021,"REP_DATE":"Sun, 27 Jun 2021 00:00:00 GMT","OCC_DATE":"Sun, 27 Jun 2021 00:00:00 GMT","WEEKDAY":"Sunday","HATE_CRIME":"Religion","HC_MOTIVATION":"Muslim (Islam)","HC_STATUS":"Hatecrime Suspected","OFF_CATEG":"Dispute- Disturbance","NB_NAME_EN":"Beaverbrook","SECTOR":"Sector 13","DIVISION":"West","CENSUS_TRC":"5050160.02","WARD":"Ward 4 - Kanata North","COUNCILLOR":"Cathy Curry","OFF_TYPE":"Non Criminal"}},{"type":"Feature","id":176,"geometry":null,"properties":{"OBJECTID":176,"ID":"175","YEAR":2021,"REP_DATE":"Thu, 27 May 2021 00:00:00 GMT","OCC_DATE":"Sun, 23 May 2021 00:00:00 GMT","WEEKDAY":"Sunday","HATE_CRIME":"Race/Ethnicity","HC_MOTIVATION":"White","HC_STATUS":"Hatecrime Suspected","OFF_CATEG":"Dispute- Neighbour","NB_NAME_EN":"Whitehaven - Queensway Terrace North","SECTOR":"Sector 14","DIVISION":"West","CENSUS_TRC":"5050028.00","WARD":"Ward 7 - Bay","COUNCILLOR":"Theresa Kavanagh","OFF_TYPE":"Non Criminal"}},{"type":"Feature","id":177,"geometry":null,"properties":{"OBJECTID":177,"ID":"176","YEAR":2018,"REP_DATE":"Wed, 18 Jul 2018 00:00:00 GMT","OCC_DATE":"Mon, 16 Jul 2018 00:00:00 GMT","WEEKDAY":"Monday","HATE_CRIME":"Race/Ethnicity","HC_MOTIVATION":"Black","HC_STATUS":"Hatecrime Happened","OFF_CATEG":"Mischief To Property","NB_NAME_EN":"Bridlewood - Emerald Meadows","SECTOR":"Sector 13","DIVISION":"West","CENSUS_TRC":"5050161.04","WARD":"Ward 23 - Kanata South","COUNCILLOR":"Allan Hubley","OFF_TYPE":"Criminal"}},{"type":"Feature","id":178,"geometry":null,"properties":{"OBJECTID":178,"ID":"177","YEAR":2021,"REP_DATE":"Tue, 30 Mar 2021 00:00:00 GMT","OCC_DATE":"Mon, 29 Mar 2021 00:00:00 GMT","WEEKDAY":"Monday","HATE_CRIME":"Race/Ethnicity","HC_MOTIVATION":"Indigenous/Aboriginal","HC_STATUS":"Hatecrime Suspected","OFF_CATEG":"Dispute- Civil","NB_NAME_EN":"Kanata Lakes - Marchwood Lakeside - Morgan's Grant - Kanata North Business Park","SECTOR":"Sector 13","DIVISION":"West","CENSUS_TRC":"5050160.13","WARD":"Ward 4 - Kanata North","COUNCILLOR":"Cathy Curry","OFF_TYPE":"Non Criminal"}},{"type":"Feature","id":179,"geometry":null,"properties":{"OBJECTID":179,"ID":"178","YEAR":2023,"REP_DATE":"Mon, 13 Mar 2023 00:00:00 GMT","OCC_DATE":"Mon, 13 Mar 2023 00:00:00 GMT","WEEKDAY":"Monday","HATE_CRIME":"Religion","HC_MOTIVATION":"Jewish","HC_STATUS":"Hatecrime Happened","OFF_CATEG":"Wilful Promotion Of Hatred","NB_NAME_EN":"Glen Cairn - Kanata South Business Park","SECTOR":"Sector 13","DIVISION":"West","CENSUS_TRC":"5050162.04","WARD":"Ward 23 - Kanata South","COUNCILLOR":"Allan Hubley","OFF_TYPE":"Criminal"}},{"type":"Feature","id":180,"geometry":null,"properties":{"OBJECTID":180,"ID":"179","YEAR":2020,"REP_DATE":"Sat, 18 Apr 2020 00:00:00 GMT","OCC_DATE":"Fri, 17 Apr 2020 00:00:00 GMT","WEEKDAY":"Friday","HATE_CRIME":"Race/Ethnicity","HC_MOTIVATION":"East and Southeast Asian","HC_STATUS":"Hatecrime Happened","OFF_CATEG":"Mischief To Property","NB_NAME_EN":"Kanata Lakes - Marchwood Lakeside - Morgan's Grant - Kanata North Business Park","SECTOR":"Sector 13","DIVISION":"West","CENSUS_TRC":"5050160.11","WARD":"Ward 4 - Kanata North","COUNCILLOR":"Cathy Curry","OFF_TYPE":"Criminal"}},{"type":"Feature","id":181,"geometry":null,"properties":{"OBJECTID":181,"ID":"180","YEAR":2022,"REP_DATE":"Mon, 22 Aug 2022 00:00:00 GMT","OCC_DATE":"Mon, 01 Aug 2022 00:00:00 GMT","WEEKDAY":"Monday","HATE_CRIME":"Religion","HC_MOTIVATION":"Jewish","HC_STATUS":"Hatecrime Suspected","OFF_CATEG":"Mischief To Property","NB_NAME_EN":"Katimavik - Hazeldean","SECTOR":"Sector 13","DIVISION":"West","CENSUS_TRC":"5050160.06","WARD":"Ward 4 - Kanata North","COUNCILLOR":"Cathy Curry","OFF_TYPE":"Criminal"}},{"type":"Feature","id":182,"geometry":null,"properties":{"OBJECTID":182,"ID":"181","YEAR":2021,"REP_DATE":"Sun, 18 Apr 2021 00:00:00 GMT","OCC_DATE":"Sun, 18 Apr 2021 00:00:00 GMT","WEEKDAY":"Sunday","HATE_CRIME":"Race/Ethnicity","HC_MOTIVATION":"Arab(West Asian,Middle Eastern and North African origins)","HC_STATUS":"Hatecrime Happened","OFF_CATEG":"Disturbance Causing, Loiter Etc","NB_NAME_EN":"Kanata Lakes - Marchwood Lakeside - Morgan's Grant - Kanata North Business Park","SECTOR":"Sector 13","DIVISION":"West","CENSUS_TRC":"5050160.13","WARD":"Ward 4 - Kanata North","COUNCILLOR":"Cathy Curry","OFF_TYPE":"Criminal"}},{"type":"Feature","id":183,"geometry":null,"properties":{"OBJECTID":183,"ID":"182","YEAR":2020,"REP_DATE":"Wed, 22 Jul 2020 00:00:00 GMT","OCC_DATE":"Wed, 22 Jul 2020 00:00:00 GMT","WEEKDAY":"Wednesday","HATE_CRIME":"Race/Ethnicity","HC_MOTIVATION":"Multiple Races/Ethnicities","HC_STATUS":"Hatecrime Happened","OFF_CATEG":"Mischief To Property","NB_NAME_EN":"Woodroffe - Lincoln Heights","SECTOR":"Sector 14","DIVISION":"West","CENSUS_TRC":"5050031.00","WARD":"Ward 7 - Bay","COUNCILLOR":"Theresa Kavanagh","OFF_TYPE":"Criminal"}},{"type":"Feature","id":184,"geometry":null,"properties":{"OBJECTID":184,"ID":"183","YEAR":2024,"REP_DATE":"Sun, 14 Jan 2024 00:00:00 GMT","OCC_DATE":"Sun, 14 Jan 2024 00:00:00 GMT","WEEKDAY":"Sunday","HATE_CRIME":"Gender","HC_MOTIVATION":"LGBTQ2+","HC_STATUS":"Hatecrime Happened","OFF_CATEG":"Harass Communications","NB_NAME_EN":"Woodroffe - Lincoln Heights","SECTOR":"Sector 14","DIVISION":"West","CENSUS_TRC":"5050031.00","WARD":"Ward 7 - Bay","COUNCILLOR":"Theresa Kavanagh","OFF_TYPE":"Criminal"}},{"type":"Feature","id":185,"geometry":null,"properties":{"OBJECTID":185,"ID":"184","YEAR":2022,"REP_DATE":"Sat, 08 Oct 2022 00:00:00 GMT","OCC_DATE":"Sat, 08 Oct 2022 00:00:00 GMT","WEEKDAY":"Saturday","HATE_CRIME":"Race/Ethnicity","HC_MOTIVATION":"Unknown race/ethnicity","HC_STATUS":"Hatecrime Suspected","OFF_CATEG":"Suspicious Calls","NB_NAME_EN":"Kanata Lakes - Marchwood Lakeside - Morgan's Grant - Kanata North Business Park","SECTOR":"Sector 13","DIVISION":"West","CENSUS_TRC":"5050160.13","WARD":"Ward 4 - Kanata North","COUNCILLOR":"Cathy Curry","OFF_TYPE":"Non Criminal"}},{"type":"Feature","id":186,"geometry":null,"properties":{"OBJECTID":186,"ID":"185","YEAR":2022,"REP_DATE":"Thu, 10 Mar 2022 00:00:00 GMT","OCC_DATE":"Wed, 09 Mar 2022 00:00:00 GMT","WEEKDAY":"Wednesday","HATE_CRIME":"Race/Ethnicity","HC_MOTIVATION":"East and Southeast Asian","HC_STATUS":"Hatecrime Happened","OFF_CATEG":"Mischief To Property","NB_NAME_EN":"Bridlewood - Emerald Meadows","SECTOR":"Sector 13","DIVISION":"West","CENSUS_TRC":"5050161.03","WARD":"Ward 23 - Kanata South","COUNCILLOR":"Allan Hubley","OFF_TYPE":"Criminal"}},{"type":"Feature","id":187,"geometry":null,"properties":{"OBJECTID":187,"ID":"186","YEAR":2018,"REP_DATE":"Thu, 09 Aug 2018 00:00:00 GMT","OCC_DATE":"Thu, 09 Aug 2018 00:00:00 GMT","WEEKDAY":"Thursday","HATE_CRIME":"Race/Ethnicity","HC_MOTIVATION":"Multiple Races/Ethnicities","HC_STATUS":"Hatecrime Happened","OFF_CATEG":"Mischief To Property","NB_NAME_EN":"Stittsville","SECTOR":"Sector 13","DIVISION":"West","CENSUS_TRC":"5050151.04","WARD":"Ward 6 - Stittsville","COUNCILLOR":"Glen Gower","OFF_TYPE":"Criminal"}},{"type":"Feature","id":188,"geometry":null,"properties":{"OBJECTID":188,"ID":"187","YEAR":2023,"REP_DATE":"Thu, 04 May 2023 00:00:00 GMT","OCC_DATE":"Thu, 04 May 2023 00:00:00 GMT","WEEKDAY":"Thursday","HATE_CRIME":"Religion","HC_MOTIVATION":"Jewish","HC_STATUS":"Hatecrime Happened","OFF_CATEG":"Mischief To Property","NB_NAME_EN":"Stittsville","SECTOR":"Sector 13","DIVISION":"West","CENSUS_TRC":"5050151.04","WARD":"Ward 6 - Stittsville","COUNCILLOR":"Glen Gower","OFF_TYPE":"Criminal"}},{"type":"Feature","id":189,"geometry":null,"properties":{"OBJECTID":189,"ID":"188","YEAR":2022,"REP_DATE":"Mon, 05 Dec 2022 00:00:00 GMT","OCC_DATE":"Mon, 05 Dec 2022 00:00:00 GMT","WEEKDAY":"Monday","HATE_CRIME":"Race/Ethnicity","HC_MOTIVATION":"Black","HC_STATUS":"Hatecrime Happened","OFF_CATEG":"Mischief To Property","NB_NAME_EN":"Stittsville","SECTOR":"Sector 13","DIVISION":"West","CENSUS_TRC":"5050151.04","WARD":"Ward 6 - Stittsville","COUNCILLOR":"Glen Gower","OFF_TYPE":"Criminal"}},{"type":"Feature","id":190,"geometry":null,"properties":{"OBJECTID":190,"ID":"189","YEAR":2023,"REP_DATE":"Thu, 09 Nov 2023 00:00:00 GMT","OCC_DATE":"Tue, 31 Oct 2023 00:00:00 GMT","WEEKDAY":"Tuesday","HATE_CRIME":"Race/Ethnicity","HC_MOTIVATION":"Other race/ethnicity","HC_STATUS":"Hatecrime Happened","OFF_CATEG":"Mischief To Property","NB_NAME_EN":"Stittsville","SECTOR":"Sector 13","DIVISION":"West","CENSUS_TRC":"5050151.11","WARD":"Ward 6 - Stittsville","COUNCILLOR":"Glen Gower","OFF_TYPE":"Criminal"}},{"type":"Feature","id":191,"geometry":null,"properties":{"OBJECTID":191,"ID":"190","YEAR":2022,"REP_DATE":"Wed, 27 Apr 2022 00:00:00 GMT","OCC_DATE":"Tue, 27 Apr 2021 00:00:00 GMT","WEEKDAY":"Tuesday","HATE_CRIME":"Race/Ethnicity","HC_MOTIVATION":"Black","HC_STATUS":"Hatecrime Suspected","OFF_CATEG":"Dispute- Disturbance","NB_NAME_EN":"Whitehaven - Queensway Terrace North","SECTOR":"Sector 14","DIVISION":"West","CENSUS_TRC":"5050025.00","WARD":"Ward 7 - Bay","COUNCILLOR":"Theresa Kavanagh","OFF_TYPE":"Non Criminal"}},{"type":"Feature","id":192,"geometry":null,"properties":{"OBJECTID":192,"ID":"191","YEAR":2023,"REP_DATE":"Fri, 25 Aug 2023 00:00:00 GMT","OCC_DATE":"Fri, 25 Aug 2023 00:00:00 GMT","WEEKDAY":"Friday","HATE_CRIME":"Religion","HC_MOTIVATION":"Muslim (Islam)","HC_STATUS":"Hatecrime Happened","OFF_CATEG":"Dispute- Disturbance","NB_NAME_EN":"Bridlewood - Emerald Meadows","SECTOR":"Sector 13","DIVISION":"West","CENSUS_TRC":"5050161.06","WARD":"Ward 23 - Kanata South","COUNCILLOR":"Allan Hubley","OFF_TYPE":"Non Criminal"}},{"type":"Feature","id":193,"geometry":null,"properties":{"OBJECTID":193,"ID":"192","YEAR":2018,"REP_DATE":"Mon, 09 Jul 2018 00:00:00 GMT","OCC_DATE":"Fri, 06 Jul 2018 00:00:00 GMT","WEEKDAY":"Friday","HATE_CRIME":"Religion","HC_MOTIVATION":"Jewish","HC_STATUS":"Hatecrime Happened","OFF_CATEG":"Mischief To Property","NB_NAME_EN":"Bridlewood - Emerald Meadows","SECTOR":"Sector 13","DIVISION":"West","CENSUS_TRC":"5050161.05","WARD":"Ward 23 - Kanata South","COUNCILLOR":"Allan Hubley","OFF_TYPE":"Criminal"}},{"type":"Feature","id":194,"geometry":null,"properties":{"OBJECTID":194,"ID":"193","YEAR":2022,"REP_DATE":"Wed, 20 Jul 2022 00:00:00 GMT","OCC_DATE":"Wed, 20 Jul 2022 00:00:00 GMT","WEEKDAY":"Wednesday","HATE_CRIME":"Race/Ethnicity","HC_MOTIVATION":"Black","HC_STATUS":"Hatecrime Happened","OFF_CATEG":"Assault With Weapon Or Cbh Lv2","NB_NAME_EN":"Kanata Lakes - Marchwood Lakeside - Morgan's Grant - Kanata North Business Park","SECTOR":"Sector 13","DIVISION":"West","CENSUS_TRC":"5050160.07","WARD":"Ward 4 - Kanata North","COUNCILLOR":"Cathy Curry","OFF_TYPE":"Criminal"}},{"type":"Feature","id":195,"geometry":null,"properties":{"OBJECTID":195,"ID":"194","YEAR":2021,"REP_DATE":"Fri, 21 May 2021 00:00:00 GMT","OCC_DATE":"Mon, 17 May 2021 00:00:00 GMT","WEEKDAY":"Monday","HATE_CRIME":"Religion","HC_MOTIVATION":"Jewish","HC_STATUS":"Hatecrime Suspected","OFF_CATEG":"Harass Communications","NB_NAME_EN":"Richmond","SECTOR":"Sector 12","DIVISION":"West","CENSUS_TRC":"5050151.09","WARD":"Ward 21 - Rideau-Jock","COUNCILLOR":"David Brown","OFF_TYPE":"Criminal"}},{"type":"Feature","id":196,"geometry":null,"properties":{"OBJECTID":196,"ID":"195","YEAR":2022,"REP_DATE":"Wed, 06 Jul 2022 00:00:00 GMT","OCC_DATE":"Tue, 05 Jul 2022 00:00:00 GMT","WEEKDAY":"Tuesday","HATE_CRIME":"Race/Ethnicity","HC_MOTIVATION":"Black","HC_STATUS":"Hatecrime Happened","OFF_CATEG":"Mischief To Property","NB_NAME_EN":"Bridlewood - Emerald Meadows","SECTOR":"Sector 13","DIVISION":"West","CENSUS_TRC":"5050161.04","WARD":"Ward 23 - Kanata South","COUNCILLOR":"Allan Hubley","OFF_TYPE":"Criminal"}},{"type":"Feature","id":197,"geometry":null,"properties":{"OBJECTID":197,"ID":"196","YEAR":2022,"REP_DATE":"Tue, 05 Jul 2022 00:00:00 GMT","OCC_DATE":"Tue, 05 Jul 2022 00:00:00 GMT","WEEKDAY":"Tuesday","HATE_CRIME":"Race/Ethnicity","HC_MOTIVATION":"Black","HC_STATUS":"Hatecrime Suspected","OFF_CATEG":"Mischief To Property","NB_NAME_EN":"Bridlewood - Emerald Meadows","SECTOR":"Sector 13","DIVISION":"West","CENSUS_TRC":"5050161.04","WARD":"Ward 23 - Kanata South","COUNCILLOR":"Allan Hubley","OFF_TYPE":"Criminal"}},{"type":"Feature","id":198,"geometry":null,"properties":{"OBJECTID":198,"ID":"197","YEAR":2021,"REP_DATE":"Sun, 06 Jun 2021 00:00:00 GMT","OCC_DATE":"Sun, 06 Jun 2021 00:00:00 GMT","WEEKDAY":"Sunday","HATE_CRIME":"Sexual Orientation","HC_MOTIVATION":"LGBTQ2+","HC_STATUS":"Hatecrime Suspected","OFF_CATEG":"Mischief To Property","NB_NAME_EN":"Kanata Lakes - Marchwood Lakeside - Morgan's Grant - Kanata North Business Park","SECTOR":"Sector 13","DIVISION":"West","CENSUS_TRC":"5050160.07","WARD":"Ward 4 - Kanata North","COUNCILLOR":"Cathy Curry","OFF_TYPE":"Criminal"}},{"type":"Feature","id":199,"geometry":null,"properties":{"OBJECTID":199,"ID":"198","YEAR":2023,"REP_DATE":"Thu, 05 Oct 2023 00:00:00 GMT","OCC_DATE":"Thu, 05 Oct 2023 00:00:00 GMT","WEEKDAY":"Thursday","HATE_CRIME":"Race/Ethnicity","HC_MOTIVATION":"Black","HC_STATUS":"Hatecrime Happened","OFF_CATEG":"Mischief Hate Cultrl/ Rel Prop","NB_NAME_EN":"Kanata Lakes - Marchwood Lakeside - Morgan's Grant - Kanata North Business Park","SECTOR":"Sector 13","DIVISION":"West","CENSUS_TRC":"5050160.07","WARD":"Ward 4 - Kanata North","COUNCILLOR":"Cathy Curry","OFF_TYPE":"Criminal"}},{"type":"Feature","id":200,"geometry":null,"properties":{"OBJECTID":200,"ID":"199","YEAR":2022,"REP_DATE":"Thu, 10 Nov 2022 00:00:00 GMT","OCC_DATE":"Thu, 10 Nov 2022 00:00:00 GMT","WEEKDAY":"Thursday","HATE_CRIME":"Language","HC_MOTIVATION":"Other language","HC_STATUS":"Hatecrime Happened","OFF_CATEG":"Mischief To Property","NB_NAME_EN":"Stittsville","SECTOR":"Sector 13","DIVISION":"West","CENSUS_TRC":"5050151.05","WARD":"Ward 6 - Stittsville","COUNCILLOR":"Glen Gower","OFF_TYPE":"Criminal"}},{"type":"Feature","id":201,"geometry":null,"properties":{"OBJECTID":201,"ID":"200","YEAR":2020,"REP_DATE":"Sat, 25 Apr 2020 00:00:00 GMT","OCC_DATE":"Sat, 25 Apr 2020 00:00:00 GMT","WEEKDAY":"Saturday","HATE_CRIME":"Religion","HC_MOTIVATION":"Muslim (Islam)","HC_STATUS":"Hatecrime Suspected","OFF_CATEG":"Traffic Complaint -  Vehicle","NB_NAME_EN":"Bells Corners West","SECTOR":"Sector 15","DIVISION":"West","CENSUS_TRC":"5050136.02","WARD":"Ward 8 - College","COUNCILLOR":"Laine Johnson","OFF_TYPE":"Non Criminal"}},{"type":"Feature","id":202,"geometry":null,"properties":{"OBJECTID":202,"ID":"201","YEAR":2021,"REP_DATE":"Mon, 01 Mar 2021 00:00:00 GMT","OCC_DATE":"Fri, 10 Jul 2020 00:00:00 GMT","WEEKDAY":"Friday","HATE_CRIME":"Race/Ethnicity","HC_MOTIVATION":"Unknown race/ethnicity","HC_STATUS":"Hatecrime Suspected","OFF_CATEG":"Mischief To Property","NB_NAME_EN":"Bridlewood - Emerald Meadows","SECTOR":"Sector 13","DIVISION":"West","CENSUS_TRC":"5050161.06","WARD":"Ward 23 - Kanata South","COUNCILLOR":"Allan Hubley","OFF_TYPE":"Criminal"}},{"type":"Feature","id":203,"geometry":null,"properties":{"OBJECTID":203,"ID":"202","YEAR":2022,"REP_DATE":"Sat, 26 Mar 2022 00:00:00 GMT","OCC_DATE":"Fri, 25 Mar 2022 00:00:00 GMT","WEEKDAY":"Friday","HATE_CRIME":"Religion","HC_MOTIVATION":"Catholic","HC_STATUS":"Hatecrime Suspected","OFF_CATEG":"Mischief To Property","NB_NAME_EN":"Woodvale - Craig Henry - Manordale - Estates of Arlington Woods","SECTOR":"Sector 15","DIVISION":"West","CENSUS_TRC":"5050135.01","WARD":"Ward 9 - Knoxdale-Merivale","COUNCILLOR":"Sean Devine","OFF_TYPE":"Criminal"}},{"type":"Feature","id":204,"geometry":null,"properties":{"OBJECTID":204,"ID":"203","YEAR":2020,"REP_DATE":"Sat, 19 Sep 2020 00:00:00 GMT","OCC_DATE":"Sat, 19 Sep 2020 00:00:00 GMT","WEEKDAY":"Saturday","HATE_CRIME":"Religion","HC_MOTIVATION":"Jewish","HC_STATUS":"Hatecrime Happened","OFF_CATEG":"Mischief Hate Cultrl/ Rel Prop","NB_NAME_EN":"Glen Cairn - Kanata South Business Park","SECTOR":"Sector 13","DIVISION":"West","CENSUS_TRC":"5050162.03","WARD":"Ward 23 - Kanata South","COUNCILLOR":"Allan Hubley","OFF_TYPE":"Criminal"}},{"type":"Feature","id":205,"geometry":null,"properties":{"OBJECTID":205,"ID":"204","YEAR":2022,"REP_DATE":"Mon, 26 Sep 2022 00:00:00 GMT","OCC_DATE":"Mon, 26 Sep 2022 00:00:00 GMT","WEEKDAY":"Monday","HATE_CRIME":"Religion","HC_MOTIVATION":"Jewish","HC_STATUS":"Hatecrime Suspected","OFF_CATEG":"Assault Level 1","NB_NAME_EN":"Glen Cairn - Kanata South Business Park","SECTOR":"Sector 13","DIVISION":"West","CENSUS_TRC":"5050162.03","WARD":"Ward 23 - Kanata South","COUNCILLOR":"Allan Hubley","OFF_TYPE":"Criminal"}},{"type":"Feature","id":206,"geometry":null,"properties":{"OBJECTID":206,"ID":"205","YEAR":2022,"REP_DATE":"Wed, 01 Jun 2022 00:00:00 GMT","OCC_DATE":"Mon, 23 May 2022 00:00:00 GMT","WEEKDAY":"Monday","HATE_CRIME":"Sexual Orientation","HC_MOTIVATION":"Other sexual orientation","HC_STATUS":"Hatecrime Happened","OFF_CATEG":"Assault With Weapon Or Cbh Lv2","NB_NAME_EN":"Glen Cairn - Kanata South Business Park","SECTOR":"Sector 13","DIVISION":"West","CENSUS_TRC":"5050162.03","WARD":"Ward 23 - Kanata South","COUNCILLOR":"Allan Hubley","OFF_TYPE":"Criminal"}},{"type":"Feature","id":207,"geometry":null,"properties":{"OBJECTID":207,"ID":"206","YEAR":2020,"REP_DATE":"Thu, 29 Oct 2020 00:00:00 GMT","OCC_DATE":"Wed, 28 Oct 2020 00:00:00 GMT","WEEKDAY":"Wednesday","HATE_CRIME":"Race/Ethnicity","HC_MOTIVATION":"Other race/ethnicity","HC_STATUS":"Hatecrime Happened","OFF_CATEG":"Threats Utter To Person","NB_NAME_EN":"Bells Corners West","SECTOR":"Sector 15","DIVISION":"West","CENSUS_TRC":"5050136.02","WARD":"Ward 8 - College","COUNCILLOR":"Laine Johnson","OFF_TYPE":"Criminal"}},{"type":"Feature","id":208,"geometry":null,"properties":{"OBJECTID":208,"ID":"207","YEAR":2022,"REP_DATE":"Sun, 07 Aug 2022 00:00:00 GMT","OCC_DATE":"Wed, 03 Aug 2022 00:00:00 GMT","WEEKDAY":"Wednesday","HATE_CRIME":"Religion","HC_MOTIVATION":"Jewish","HC_STATUS":"Hatecrime Happened","OFF_CATEG":"Mischief To Property","NB_NAME_EN":"Woodvale - Craig Henry - Manordale - Estates of Arlington Woods","SECTOR":"Sector 15","DIVISION":"West","CENSUS_TRC":"5050135.01","WARD":"Ward 9 - Knoxdale-Merivale","COUNCILLOR":"Sean Devine","OFF_TYPE":"Criminal"}},{"type":"Feature","id":209,"geometry":null,"properties":{"OBJECTID":209,"ID":"208","YEAR":2021,"REP_DATE":"Tue, 27 Jul 2021 00:00:00 GMT","OCC_DATE":"Tue, 27 Jul 2021 00:00:00 GMT","WEEKDAY":"Tuesday","HATE_CRIME":"Race/Ethnicity","HC_MOTIVATION":"Multiple Races/Ethnicities","HC_STATUS":"Hatecrime Happened","OFF_CATEG":"Mischief To Property","NB_NAME_EN":"Crystal Bay - Lakeview Park","SECTOR":"Sector 14","DIVISION":"West","CENSUS_TRC":"5050139.00","WARD":"Ward 7 - Bay","COUNCILLOR":"Theresa Kavanagh","OFF_TYPE":"Criminal"}},{"type":"Feature","id":210,"geometry":null,"properties":{"OBJECTID":210,"ID":"209","YEAR":2021,"REP_DATE":"Sat, 17 Apr 2021 00:00:00 GMT","OCC_DATE":"Sat, 17 Apr 2021 00:00:00 GMT","WEEKDAY":"Saturday","HATE_CRIME":"Race/Ethnicity","HC_MOTIVATION":"South Asian","HC_STATUS":"Hatecrime Happened","OFF_CATEG":"Harass Harrassment","NB_NAME_EN":"Katimavik - Hazeldean","SECTOR":"Sector 13","DIVISION":"West","CENSUS_TRC":"5050160.06","WARD":"Ward 4 - Kanata North","COUNCILLOR":"Cathy Curry","OFF_TYPE":"Non Criminal"}},{"type":"Feature","id":211,"geometry":null,"properties":{"OBJECTID":211,"ID":"210","YEAR":2020,"REP_DATE":"Fri, 25 Sep 2020 00:00:00 GMT","OCC_DATE":"Fri, 25 Sep 2020 00:00:00 GMT","WEEKDAY":"Friday","HATE_CRIME":"Religion","HC_MOTIVATION":"Muslim (Islam)","HC_STATUS":"Hatecrime Suspected","OFF_CATEG":"Assault Level 1","NB_NAME_EN":"Katimavik - Hazeldean","SECTOR":"Sector 13","DIVISION":"West","CENSUS_TRC":"5050160.06","WARD":"Ward 4 - Kanata North","COUNCILLOR":"Cathy Curry","OFF_TYPE":"Criminal"}},{"type":"Feature","id":212,"geometry":null,"properties":{"OBJECTID":212,"ID":"211","YEAR":2023,"REP_DATE":"Mon, 13 Feb 2023 00:00:00 GMT","OCC_DATE":"Mon, 13 Feb 2023 00:00:00 GMT","WEEKDAY":"Monday","HATE_CRIME":"Race/Ethnicity","HC_MOTIVATION":"Black","HC_STATUS":"Hatecrime Happened","OFF_CATEG":"Mischief To Property","NB_NAME_EN":"Katimavik - Hazeldean","SECTOR":"Sector 13","DIVISION":"West","CENSUS_TRC":"5050160.06","WARD":"Ward 4 - Kanata North","COUNCILLOR":"Cathy Curry","OFF_TYPE":"Criminal"}},{"type":"Feature","id":213,"geometry":null,"properties":{"OBJECTID":213,"ID":"212","YEAR":2018,"REP_DATE":"Mon, 22 Oct 2018 00:00:00 GMT","OCC_DATE":"Mon, 22 Oct 2018 00:00:00 GMT","WEEKDAY":"Monday","HATE_CRIME":"Religion","HC_MOTIVATION":"Jewish","HC_STATUS":"Hatecrime Happened","OFF_CATEG":"Mischief To Property","NB_NAME_EN":"Katimavik - Hazeldean","SECTOR":"Sector 13","DIVISION":"West","CENSUS_TRC":"5050160.06","WARD":"Ward 4 - Kanata North","COUNCILLOR":"Cathy Curry","OFF_TYPE":"Criminal"}},{"type":"Feature","id":214,"geometry":null,"properties":{"OBJECTID":214,"ID":"213","YEAR":2023,"REP_DATE":"Thu, 09 Mar 2023 00:00:00 GMT","OCC_DATE":"Tue, 07 Mar 2023 00:00:00 GMT","WEEKDAY":"Tuesday","HATE_CRIME":"Race/Ethnicity","HC_MOTIVATION":"Black","HC_STATUS":"Hatecrime Happened","OFF_CATEG":"Mischief To Property","NB_NAME_EN":"Katimavik - Hazeldean","SECTOR":"Sector 13","DIVISION":"West","CENSUS_TRC":"5050160.06","WARD":"Ward 4 - Kanata North","COUNCILLOR":"Cathy Curry","OFF_TYPE":"Criminal"}},{"type":"Feature","id":215,"geometry":null,"properties":{"OBJECTID":215,"ID":"214","YEAR":2021,"REP_DATE":"Mon, 26 Apr 2021 00:00:00 GMT","OCC_DATE":"Sat, 24 Apr 2021 00:00:00 GMT","WEEKDAY":"Saturday","HATE_CRIME":"Religion","HC_MOTIVATION":"Catholic","HC_STATUS":"Hatecrime Happened","OFF_CATEG":"Mischief Cultural Property","NB_NAME_EN":"Richmond","SECTOR":"Sector 12","DIVISION":"West","CENSUS_TRC":"5050151.03","WARD":"Ward 21 - Rideau-Jock","COUNCILLOR":"David Brown","OFF_TYPE":"Criminal"}},{"type":"Feature","id":216,"geometry":null,"properties":{"OBJECTID":216,"ID":"215","YEAR":2019,"REP_DATE":"Fri, 10 May 2019 00:00:00 GMT","OCC_DATE":"Fri, 10 May 2019 00:00:00 GMT","WEEKDAY":"Friday","HATE_CRIME":"Race/Ethnicity","HC_MOTIVATION":"Black","HC_STATUS":"Hatecrime Suspected","OFF_CATEG":"Assault Level 1","NB_NAME_EN":"Laurentian","SECTOR":"Sector 14","DIVISION":"West","CENSUS_TRC":"5050032.01","WARD":"Ward 7 - Bay","COUNCILLOR":"Theresa Kavanagh","OFF_TYPE":"Criminal"}},{"type":"Feature","id":217,"geometry":null,"properties":{"OBJECTID":217,"ID":"216","YEAR":2023,"REP_DATE":"Fri, 16 Jun 2023 00:00:00 GMT","OCC_DATE":"Fri, 16 Jun 2023 00:00:00 GMT","WEEKDAY":"Friday","HATE_CRIME":"Race/Ethnicity","HC_MOTIVATION":"Arab(West Asian,Middle Eastern and North African origins)","HC_STATUS":"Hatecrime Happened","OFF_CATEG":"Dispute- Neighbour","NB_NAME_EN":"Glen Cairn - Kanata South Business Park","SECTOR":"Sector 13","DIVISION":"West","CENSUS_TRC":"5050151.08","WARD":"Ward 23 - Kanata South","COUNCILLOR":"Allan Hubley","OFF_TYPE":"Non Criminal"}},{"type":"Feature","id":218,"geometry":null,"properties":{"OBJECTID":218,"ID":"217","YEAR":2023,"REP_DATE":"Tue, 29 Aug 2023 00:00:00 GMT","OCC_DATE":"Tue, 29 Aug 2023 00:00:00 GMT","WEEKDAY":"Tuesday","HATE_CRIME":"Religion","HC_MOTIVATION":"Muslim (Islam)","HC_STATUS":"Hatecrime Happened","OFF_CATEG":"Threats Utter To Person","NB_NAME_EN":"Glen Cairn - Kanata South Business Park","SECTOR":"Sector 13","DIVISION":"West","CENSUS_TRC":"5050151.08","WARD":"Ward 23 - Kanata South","COUNCILLOR":"Allan Hubley","OFF_TYPE":"Criminal"}},{"type":"Feature","id":219,"geometry":null,"properties":{"OBJECTID":219,"ID":"218","YEAR":2020,"REP_DATE":"Wed, 11 Mar 2020 00:00:00 GMT","OCC_DATE":"Wed, 04 Mar 2020 00:00:00 GMT","WEEKDAY":"Wednesday","HATE_CRIME":"Race/Ethnicity","HC_MOTIVATION":"East and Southeast Asian","HC_STATUS":"Hatecrime Suspected","OFF_CATEG":"Suspicious Circumstance( S)","NB_NAME_EN":"Richmond","SECTOR":"Sector 12","DIVISION":"West","CENSUS_TRC":"5050151.09","WARD":"Ward 21 - Rideau-Jock","COUNCILLOR":"David Brown","OFF_TYPE":"Non Criminal"}},{"type":"Feature","id":220,"geometry":null,"properties":{"OBJECTID":220,"ID":"219","YEAR":2021,"REP_DATE":"Tue, 13 Apr 2021 00:00:00 GMT","OCC_DATE":"Tue, 13 Apr 2021 00:00:00 GMT","WEEKDAY":"Tuesday","HATE_CRIME":"Religion","HC_MOTIVATION":"Other Religion","HC_STATUS":"Hatecrime Happened","OFF_CATEG":"Mischief Hate Cultrl/ Rel Prop","NB_NAME_EN":"Richmond","SECTOR":"Sector 12","DIVISION":"West","CENSUS_TRC":"5050151.09","WARD":"Ward 21 - Rideau-Jock","COUNCILLOR":"David Brown","OFF_TYPE":"Criminal"}},{"type":"Feature","id":221,"geometry":null,"properties":{"OBJECTID":221,"ID":"220","YEAR":2023,"REP_DATE":"Wed, 10 May 2023 00:00:00 GMT","OCC_DATE":"Mon, 08 May 2023 00:00:00 GMT","WEEKDAY":"Monday","HATE_CRIME":"Race/Ethnicity","HC_MOTIVATION":"Black","HC_STATUS":"Hatecrime Happened","OFF_CATEG":"Mischief To Property","NB_NAME_EN":"Qualicum - Redwood Park","SECTOR":"Sector 15","DIVISION":"West","CENSUS_TRC":"5050137.03","WARD":"Ward 8 - College","COUNCILLOR":"Laine Johnson","OFF_TYPE":"Criminal"}},{"type":"Feature","id":222,"geometry":null,"properties":{"OBJECTID":222,"ID":"221","YEAR":2023,"REP_DATE":"Thu, 16 Feb 2023 00:00:00 GMT","OCC_DATE":"Wed, 15 Feb 2023 00:00:00 GMT","WEEKDAY":"Wednesday","HATE_CRIME":"Religion","HC_MOTIVATION":"Jewish","HC_STATUS":"Hatecrime Happened","OFF_CATEG":"Mischief To Property","NB_NAME_EN":"Stittsville","SECTOR":"Sector 13","DIVISION":"West","CENSUS_TRC":"5050151.05","WARD":"Ward 6 - Stittsville","COUNCILLOR":"Glen Gower","OFF_TYPE":"Criminal"}},{"type":"Feature","id":223,"geometry":null,"properties":{"OBJECTID":223,"ID":"222","YEAR":2020,"REP_DATE":"Mon, 05 Oct 2020 00:00:00 GMT","OCC_DATE":"Sat, 03 Oct 2020 00:00:00 GMT","WEEKDAY":"Saturday","HATE_CRIME":"Race/Ethnicity","HC_MOTIVATION":"Black","HC_STATUS":"Hatecrime Happened","OFF_CATEG":"Theft \u003c $5000","NB_NAME_EN":"Stittsville","SECTOR":"Sector 13","DIVISION":"West","CENSUS_TRC":"5050151.05","WARD":"Ward 6 - Stittsville","COUNCILLOR":"Glen Gower","OFF_TYPE":"Criminal"}},{"type":"Feature","id":224,"geometry":null,"properties":{"OBJECTID":224,"ID":"223","YEAR":2021,"REP_DATE":"Sat, 13 Feb 2021 00:00:00 GMT","OCC_DATE":"Fri, 12 Feb 2021 00:00:00 GMT","WEEKDAY":"Friday","HATE_CRIME":"Race/Ethnicity","HC_MOTIVATION":"Arab(West Asian,Middle Eastern and North African origins)","HC_STATUS":"Hatecrime Happened","OFF_CATEG":"Threats Utter To Person","NB_NAME_EN":"Richmond","SECTOR":"Sector 12","DIVISION":"West","CENSUS_TRC":"5050151.03","WARD":"Ward 21 - Rideau-Jock","COUNCILLOR":"David Brown","OFF_TYPE":"Criminal"}},{"type":"Feature","id":225,"geometry":null,"properties":{"OBJECTID":225,"ID":"224","YEAR":2024,"REP_DATE":"Thu, 04 Jan 2024 00:00:00 GMT","OCC_DATE":"Wed, 03 Jan 2024 00:00:00 GMT","WEEKDAY":"Wednesday","HATE_CRIME":"Race/Ethnicity","HC_MOTIVATION":"Chinese","HC_STATUS":"Hatecrime Happened","OFF_CATEG":"Dispute- Disturbance","NB_NAME_EN":"Richmond","SECTOR":"Sector 12","DIVISION":"West","CENSUS_TRC":"5050151.03","WARD":"Ward 21 - Rideau-Jock","COUNCILLOR":"David Brown","OFF_TYPE":"Non Criminal"}},{"type":"Feature","id":226,"geometry":null,"properties":{"OBJECTID":226,"ID":"225","YEAR":2023,"REP_DATE":"Mon, 27 Nov 2023 00:00:00 GMT","OCC_DATE":"Mon, 27 Nov 2023 00:00:00 GMT","WEEKDAY":"Monday","HATE_CRIME":"Religion","HC_MOTIVATION":"Muslim (Islam)","HC_STATUS":"Hatecrime Happened","OFF_CATEG":"Threats Utter To Person","NB_NAME_EN":"Richmond","SECTOR":"Sector 12","DIVISION":"West","CENSUS_TRC":"5050151.03","WARD":"Ward 21 - Rideau-Jock","COUNCILLOR":"David Brown","OFF_TYPE":"Criminal"}},{"type":"Feature","id":227,"geometry":null,"properties":{"OBJECTID":227,"ID":"226","YEAR":2023,"REP_DATE":"Mon, 04 Dec 2023 00:00:00 GMT","OCC_DATE":"Fri, 01 Dec 2023 00:00:00 GMT","WEEKDAY":"Friday","HATE_CRIME":"Religion","HC_MOTIVATION":"Jewish","HC_STATUS":"Hatecrime Happened","OFF_CATEG":"Dispute- Disturbance","NB_NAME_EN":"Richmond","SECTOR":"Sector 12","DIVISION":"West","CENSUS_TRC":"5050151.03","WARD":"Ward 21 - Rideau-Jock","COUNCILLOR":"David Brown","OFF_TYPE":"Non Criminal"}},{"type":"Feature","id":228,"geometry":null,"properties":{"OBJECTID":228,"ID":"227","YEAR":2023,"REP_DATE":"Thu, 12 Oct 2023 00:00:00 GMT","OCC_DATE":"Wed, 11 Oct 2023 00:00:00 GMT","WEEKDAY":"Wednesday","HATE_CRIME":"Religion","HC_MOTIVATION":"Jewish","HC_STATUS":"Hatecrime Happened","OFF_CATEG":"Harass Communications","NB_NAME_EN":"Richmond","SECTOR":"Sector 12","DIVISION":"West","CENSUS_TRC":"5050151.03","WARD":"Ward 21 - Rideau-Jock","COUNCILLOR":"David Brown","OFF_TYPE":"Criminal"}},{"type":"Feature","id":229,"geometry":null,"properties":{"OBJECTID":229,"ID":"228","YEAR":2023,"REP_DATE":"Wed, 11 Oct 2023 00:00:00 GMT","OCC_DATE":"Wed, 11 Oct 2023 00:00:00 GMT","WEEKDAY":"Wednesday","HATE_CRIME":"Religion","HC_MOTIVATION":"Jewish","HC_STATUS":"Hatecrime Happened","OFF_CATEG":"Public Incitement Of Hatred","NB_NAME_EN":"Richmond","SECTOR":"Sector 12","DIVISION":"West","CENSUS_TRC":"5050151.03","WARD":"Ward 21 - Rideau-Jock","COUNCILLOR":"David Brown","OFF_TYPE":"Criminal"}},{"type":"Feature","id":230,"geometry":null,"properties":{"OBJECTID":230,"ID":"229","YEAR":2023,"REP_DATE":"Tue, 14 Feb 2023 00:00:00 GMT","OCC_DATE":"Tue, 14 Feb 2023 00:00:00 GMT","WEEKDAY":"Tuesday","HATE_CRIME":"Religion","HC_MOTIVATION":"Muslim (Islam)","HC_STATUS":"Hatecrime Suspected","OFF_CATEG":"Assault Level 1","NB_NAME_EN":"Richmond","SECTOR":"Sector 12","DIVISION":"West","CENSUS_TRC":"5050151.03","WARD":"Ward 21 - Rideau-Jock","COUNCILLOR":"David Brown","OFF_TYPE":"Criminal"}},{"type":"Feature","id":231,"geometry":null,"properties":{"OBJECTID":231,"ID":"230","YEAR":2021,"REP_DATE":"Thu, 14 Oct 2021 00:00:00 GMT","OCC_DATE":"Tue, 12 Oct 2021 00:00:00 GMT","WEEKDAY":"Tuesday","HATE_CRIME":"Race/Ethnicity","HC_MOTIVATION":"Indigenous/Aboriginal","HC_STATUS":"Hatecrime Happened","OFF_CATEG":"Theft \u003c $5000","NB_NAME_EN":"Bells Corners East","SECTOR":"Sector 15","DIVISION":"West","CENSUS_TRC":"5050136.01","WARD":"Ward 8 - College","COUNCILLOR":"Laine Johnson","OFF_TYPE":"Criminal"}},{"type":"Feature","id":232,"geometry":null,"properties":{"OBJECTID":232,"ID":"231","YEAR":2020,"REP_DATE":"Mon, 10 Feb 2020 00:00:00 GMT","OCC_DATE":"Mon, 10 Feb 2020 00:00:00 GMT","WEEKDAY":"Monday","HATE_CRIME":"Religion","HC_MOTIVATION":"Jewish","HC_STATUS":"Hatecrime Happened","OFF_CATEG":"Mischief To Property","NB_NAME_EN":"Beaverbrook","SECTOR":"Sector 13","DIVISION":"West","CENSUS_TRC":"5050160.02","WARD":"Ward 4 - Kanata North","COUNCILLOR":"Cathy Curry","OFF_TYPE":"Criminal"}},{"type":"Feature","id":233,"geometry":null,"properties":{"OBJECTID":233,"ID":"232","YEAR":2018,"REP_DATE":"Wed, 18 Jul 2018 00:00:00 GMT","OCC_DATE":"Wed, 18 Jul 2018 00:00:00 GMT","WEEKDAY":"Wednesday","HATE_CRIME":"Race/Ethnicity","HC_MOTIVATION":"White","HC_STATUS":"Hatecrime Happened","OFF_CATEG":"Mischief To Property","NB_NAME_EN":"Bridlewood - Emerald Meadows","SECTOR":"Sector 13","DIVISION":"West","CENSUS_TRC":"5050161.04","WARD":"Ward 23 - Kanata South","COUNCILLOR":"Allan Hubley","OFF_TYPE":"Criminal"}},{"type":"Feature","id":234,"geometry":null,"properties":{"OBJECTID":234,"ID":"233","YEAR":2023,"REP_DATE":"Mon, 27 Feb 2023 00:00:00 GMT","OCC_DATE":"Sat, 25 Feb 2023 00:00:00 GMT","WEEKDAY":"Saturday","HATE_CRIME":"Race/Ethnicity","HC_MOTIVATION":"Black","HC_STATUS":"Hatecrime Happened","OFF_CATEG":"Mischief To Property","NB_NAME_EN":"Bridlewood - Emerald Meadows","SECTOR":"Sector 13","DIVISION":"West","CENSUS_TRC":"5050161.04","WARD":"Ward 23 - Kanata South","COUNCILLOR":"Allan Hubley","OFF_TYPE":"Criminal"}},{"type":"Feature","id":235,"geometry":null,"properties":{"OBJECTID":235,"ID":"234","YEAR":2023,"REP_DATE":"Thu, 15 Jun 2023 00:00:00 GMT","OCC_DATE":"Thu, 15 Jun 2023 00:00:00 GMT","WEEKDAY":"Thursday","HATE_CRIME":"Gender","HC_MOTIVATION":"LGBTQ2+","HC_STATUS":"Hatecrime Happened","OFF_CATEG":"Mischief To Property","NB_NAME_EN":"Bridlewood - Emerald Meadows","SECTOR":"Sector 13","DIVISION":"West","CENSUS_TRC":"5050161.04","WARD":"Ward 23 - Kanata South","COUNCILLOR":"Allan Hubley","OFF_TYPE":"Criminal"}},{"type":"Feature","id":236,"geometry":null,"properties":{"OBJECTID":236,"ID":"235","YEAR":2023,"REP_DATE":"Wed, 01 Nov 2023 00:00:00 GMT","OCC_DATE":"Wed, 01 Nov 2023 00:00:00 GMT","WEEKDAY":"Wednesday","HATE_CRIME":"Religion","HC_MOTIVATION":"Muslim (Islam)","HC_STATUS":"Hatecrime Happened","OFF_CATEG":"Harass Harrassment","NB_NAME_EN":"Britannia Village","SECTOR":"Sector 14","DIVISION":"West","CENSUS_TRC":"5050029.00","WARD":"Ward 7 - Bay","COUNCILLOR":"Theresa Kavanagh","OFF_TYPE":"Non Criminal"}},{"type":"Feature","id":237,"geometry":null,"properties":{"OBJECTID":237,"ID":"236","YEAR":2020,"REP_DATE":"Fri, 26 Jun 2020 00:00:00 GMT","OCC_DATE":"Thu, 25 Jun 2020 00:00:00 GMT","WEEKDAY":"Thursday","HATE_CRIME":"Race/Ethnicity","HC_MOTIVATION":"Arab(West Asian,Middle Eastern and North African origins)","HC_STATUS":"Hatecrime Happened","OFF_CATEG":"Dispute- Neighbour","NB_NAME_EN":"Britannia Village","SECTOR":"Sector 14","DIVISION":"West","CENSUS_TRC":"5050029.00","WARD":"Ward 7 - Bay","COUNCILLOR":"Theresa Kavanagh","OFF_TYPE":"Non Criminal"}},{"type":"Feature","id":238,"geometry":null,"properties":{"OBJECTID":238,"ID":"237","YEAR":2022,"REP_DATE":"Tue, 18 Oct 2022 00:00:00 GMT","OCC_DATE":"Mon, 17 Oct 2022 00:00:00 GMT","WEEKDAY":"Monday","HATE_CRIME":"Race/Ethnicity","HC_MOTIVATION":"Multiple Races/Ethnicities","HC_STATUS":"Hatecrime Happened","OFF_CATEG":"Mischief To Property","NB_NAME_EN":"Stittsville","SECTOR":"Sector 13","DIVISION":"West","CENSUS_TRC":"5050151.05","WARD":"Ward 6 - Stittsville","COUNCILLOR":"Glen Gower","OFF_TYPE":"Criminal"}},{"type":"Feature","id":239,"geometry":null,"properties":{"OBJECTID":239,"ID":"238","YEAR":2023,"REP_DATE":"Fri, 02 Jun 2023 00:00:00 GMT","OCC_DATE":"Thu, 01 Jun 2023 00:00:00 GMT","WEEKDAY":"Thursday","HATE_CRIME":"Sexual Orientation","HC_MOTIVATION":"LGBTQ2+","HC_STATUS":"Hatecrime Suspected","OFF_CATEG":"Theft \u003c $5000","NB_NAME_EN":"Stittsville","SECTOR":"Sector 13","DIVISION":"West","CENSUS_TRC":"5050151.06","WARD":"Ward 6 - Stittsville","COUNCILLOR":"Glen Gower","OFF_TYPE":"Criminal"}},{"type":"Feature","id":240,"geometry":null,"properties":{"OBJECTID":240,"ID":"239","YEAR":2023,"REP_DATE":"Tue, 17 Oct 2023 00:00:00 GMT","OCC_DATE":"Fri, 13 Oct 2023 00:00:00 GMT","WEEKDAY":"Friday","HATE_CRIME":"Combination (More than 2 Motivations)","HC_MOTIVATION":"Combination (More than 2 Motivations)","HC_STATUS":"Hatecrime Happened","OFF_CATEG":"Mischief To Property","NB_NAME_EN":"Stittsville","SECTOR":"Sector 13","DIVISION":"West","CENSUS_TRC":"5050151.06","WARD":"Ward 6 - Stittsville","COUNCILLOR":"Glen Gower","OFF_TYPE":"Criminal"}},{"type":"Feature","id":241,"geometry":null,"properties":{"OBJECTID":241,"ID":"240","YEAR":2023,"REP_DATE":"Thu, 16 Feb 2023 00:00:00 GMT","OCC_DATE":"Wed, 15 Feb 2023 00:00:00 GMT","WEEKDAY":"Wednesday","HATE_CRIME":"Religion","HC_MOTIVATION":"Jewish","HC_STATUS":"Hatecrime Happened","OFF_CATEG":"Mischief To Property","NB_NAME_EN":"Stittsville","SECTOR":"Sector 13","DIVISION":"West","CENSUS_TRC":"5050151.06","WARD":"Ward 6 - Stittsville","COUNCILLOR":"Glen Gower","OFF_TYPE":"Criminal"}},{"type":"Feature","id":242,"geometry":null,"properties":{"OBJECTID":242,"ID":"241","YEAR":2023,"REP_DATE":"Tue, 13 Jun 2023 00:00:00 GMT","OCC_DATE":"Mon, 12 Jun 2023 00:00:00 GMT","WEEKDAY":"Monday","HATE_CRIME":"Sexual Orientation","HC_MOTIVATION":"LGBTQ2+","HC_STATUS":"Hatecrime Happened","OFF_CATEG":"Mischief To Property","NB_NAME_EN":"Stittsville","SECTOR":"Sector 13","DIVISION":"West","CENSUS_TRC":"5050151.06","WARD":"Ward 6 - Stittsville","COUNCILLOR":"Glen Gower","OFF_TYPE":"Criminal"}},{"type":"Feature","id":243,"geometry":null,"properties":{"OBJECTID":243,"ID":"242","YEAR":2018,"REP_DATE":"Sat, 07 Jul 2018 00:00:00 GMT","OCC_DATE":"Sat, 07 Jul 2018 00:00:00 GMT","WEEKDAY":"Saturday","HATE_CRIME":"Race/Ethnicity","HC_MOTIVATION":"Multiple Races/Ethnicities","HC_STATUS":"Hatecrime Happened","OFF_CATEG":"Mischief To Property","NB_NAME_EN":"Bridlewood - Emerald Meadows","SECTOR":"Sector 13","DIVISION":"West","CENSUS_TRC":"5050161.06","WARD":"Ward 23 - Kanata South","COUNCILLOR":"Allan Hubley","OFF_TYPE":"Criminal"}},{"type":"Feature","id":244,"geometry":null,"properties":{"OBJECTID":244,"ID":"243","YEAR":2020,"REP_DATE":"Sat, 11 Jul 2020 00:00:00 GMT","OCC_DATE":"Mon, 06 Jul 2020 00:00:00 GMT","WEEKDAY":"Monday","HATE_CRIME":"Race/Ethnicity","HC_MOTIVATION":"East and Southeast Asian","HC_STATUS":"Hatecrime Happened","OFF_CATEG":"Threats Letters","NB_NAME_EN":"Kanata Lakes - Marchwood Lakeside - Morgan's Grant - Kanata North Business Park","SECTOR":"Sector 13","DIVISION":"West","CENSUS_TRC":"5050160.11","WARD":"Ward 4 - Kanata North","COUNCILLOR":"Cathy Curry","OFF_TYPE":"Criminal"}},{"type":"Feature","id":245,"geometry":null,"properties":{"OBJECTID":245,"ID":"244","YEAR":2023,"REP_DATE":"Thu, 16 Nov 2023 00:00:00 GMT","OCC_DATE":"Thu, 16 Nov 2023 00:00:00 GMT","WEEKDAY":"Thursday","HATE_CRIME":"Religion","HC_MOTIVATION":"Jewish","HC_STATUS":"Hatecrime Happened","OFF_CATEG":"Dispute- Disturbance","NB_NAME_EN":"Bells Corners East","SECTOR":"Sector 15","DIVISION":"West","CENSUS_TRC":"5050136.01","WARD":"Ward 8 - College","COUNCILLOR":"Laine Johnson","OFF_TYPE":"Non Criminal"}},{"type":"Feature","id":246,"geometry":null,"properties":{"OBJECTID":246,"ID":"245","YEAR":2022,"REP_DATE":"Tue, 19 Jul 2022 00:00:00 GMT","OCC_DATE":"Tue, 19 Jul 2022 00:00:00 GMT","WEEKDAY":"Tuesday","HATE_CRIME":"Religion","HC_MOTIVATION":"Jewish","HC_STATUS":"Hatecrime Happened","OFF_CATEG":"Mischief To Property","NB_NAME_EN":"Bayshore","SECTOR":"Sector 14","DIVISION":"West","CENSUS_TRC":"5050138.00","WARD":"Ward 7 - Bay","COUNCILLOR":"Theresa Kavanagh","OFF_TYPE":"Criminal"}},{"type":"Feature","id":247,"geometry":null,"properties":{"OBJECTID":247,"ID":"246","YEAR":2024,"REP_DATE":"Fri, 19 Jan 2024 00:00:00 GMT","OCC_DATE":"Fri, 19 Jan 2024 00:00:00 GMT","WEEKDAY":"Friday","HATE_CRIME":"Sexual Orientation","HC_MOTIVATION":"LGBTQ2+","HC_STATUS":"Hatecrime Happened","OFF_CATEG":"Mischief To Property","NB_NAME_EN":"Richmond","SECTOR":"Sector 12","DIVISION":"West","CENSUS_TRC":"5050151.09","WARD":"Ward 21 - Rideau-Jock","COUNCILLOR":"David Brown","OFF_TYPE":"Criminal"}},{"type":"Feature","id":248,"geometry":null,"properties":{"OBJECTID":248,"ID":"247","YEAR":2018,"REP_DATE":"Sun, 16 Sep 2018 00:00:00 GMT","OCC_DATE":"Sun, 16 Sep 2018 00:00:00 GMT","WEEKDAY":"Sunday","HATE_CRIME":"Race/Ethnicity","HC_MOTIVATION":"White","HC_STATUS":"Hatecrime Happened","OFF_CATEG":"Mischief To Property","NB_NAME_EN":"Beaverbrook","SECTOR":"Sector 13","DIVISION":"West","CENSUS_TRC":"5050160.02","WARD":"Ward 4 - Kanata North","COUNCILLOR":"Cathy Curry","OFF_TYPE":"Criminal"}},{"type":"Feature","id":249,"geometry":null,"properties":{"OBJECTID":249,"ID":"248","YEAR":2018,"REP_DATE":"Wed, 19 Sep 2018 00:00:00 GMT","OCC_DATE":"Sat, 15 Sep 2018 00:00:00 GMT","WEEKDAY":"Saturday","HATE_CRIME":"Religion","HC_MOTIVATION":"Jewish","HC_STATUS":"Hatecrime Happened","OFF_CATEG":"Mischief To Property","NB_NAME_EN":"Beaverbrook","SECTOR":"Sector 13","DIVISION":"West","CENSUS_TRC":"5050160.02","WARD":"Ward 4 - Kanata North","COUNCILLOR":"Cathy Curry","OFF_TYPE":"Criminal"}},{"type":"Feature","id":250,"geometry":null,"properties":{"OBJECTID":250,"ID":"249","YEAR":2021,"REP_DATE":"Sun, 07 Nov 2021 00:00:00 GMT","OCC_DATE":"Fri, 05 Nov 2021 00:00:00 GMT","WEEKDAY":"Friday","HATE_CRIME":"Religion","HC_MOTIVATION":"Jewish","HC_STATUS":"Hatecrime Happened","OFF_CATEG":"Mischief To Property","NB_NAME_EN":"Centrepointe","SECTOR":"Sector 15","DIVISION":"West","CENSUS_TRC":"5050137.05","WARD":"Ward 8 - College","COUNCILLOR":"Laine Johnson","OFF_TYPE":"Criminal"}},{"type":"Feature","id":251,"geometry":null,"properties":{"OBJECTID":251,"ID":"250","YEAR":2021,"REP_DATE":"Tue, 12 Oct 2021 00:00:00 GMT","OCC_DATE":"Wed, 29 Sep 2021 00:00:00 GMT","WEEKDAY":"Wednesday","HATE_CRIME":"Sexual Orientation","HC_MOTIVATION":"LGBTQ2+","HC_STATUS":"Hatecrime Happened","OFF_CATEG":"Suicide Counsel, Aid","NB_NAME_EN":"Katimavik - Hazeldean","SECTOR":"Sector 13","DIVISION":"West","CENSUS_TRC":"5050160.06","WARD":"Ward 23 - Kanata South","COUNCILLOR":"Allan Hubley","OFF_TYPE":"Criminal"}},{"type":"Feature","id":252,"geometry":null,"properties":{"OBJECTID":252,"ID":"251","YEAR":2022,"REP_DATE":"Wed, 25 May 2022 00:00:00 GMT","OCC_DATE":"Wed, 25 May 2022 00:00:00 GMT","WEEKDAY":"Wednesday","HATE_CRIME":"Sexual Orientation","HC_MOTIVATION":"LGBTQ2+","HC_STATUS":"Hatecrime Happened","OFF_CATEG":"Assault Level 1","NB_NAME_EN":"Britannia Village","SECTOR":"Sector 14","DIVISION":"West","CENSUS_TRC":"5050029.00","WARD":"Ward 7 - Bay","COUNCILLOR":"Theresa Kavanagh","OFF_TYPE":"Criminal"}},{"type":"Feature","id":253,"geometry":null,"properties":{"OBJECTID":253,"ID":"252","YEAR":2023,"REP_DATE":"Mon, 25 Sep 2023 00:00:00 GMT","OCC_DATE":"Fri, 15 Sep 2023 00:00:00 GMT","WEEKDAY":"Friday","HATE_CRIME":"Gender","HC_MOTIVATION":"LGBTQ2+","HC_STATUS":"Hatecrime Happened","OFF_CATEG":"Mischief To Property","NB_NAME_EN":"Whitehaven - Queensway Terrace North","SECTOR":"Sector 14","DIVISION":"West","CENSUS_TRC":"5050028.00","WARD":"Ward 7 - Bay","COUNCILLOR":"Theresa Kavanagh","OFF_TYPE":"Criminal"}},{"type":"Feature","id":254,"geometry":null,"properties":{"OBJECTID":254,"ID":"253","YEAR":2022,"REP_DATE":"Tue, 12 Jul 2022 00:00:00 GMT","OCC_DATE":"Mon, 11 Jul 2022 00:00:00 GMT","WEEKDAY":"Monday","HATE_CRIME":"Religion","HC_MOTIVATION":"Jewish","HC_STATUS":"Hatecrime Happened","OFF_CATEG":"Mischief To Property","NB_NAME_EN":"Barrhaven","SECTOR":"Sector 16","DIVISION":"West","CENSUS_TRC":"5050140.04","WARD":"Ward 3 - Barrhaven West","COUNCILLOR":"David Hill","OFF_TYPE":"Criminal"}},{"type":"Feature","id":255,"geometry":null,"properties":{"OBJECTID":255,"ID":"254","YEAR":2022,"REP_DATE":"Wed, 06 Jul 2022 00:00:00 GMT","OCC_DATE":"Wed, 06 Jul 2022 00:00:00 GMT","WEEKDAY":"Wednesday","HATE_CRIME":"Race/Ethnicity","HC_MOTIVATION":"Arab(West Asian,Middle Eastern and North African origins)","HC_STATUS":"Hatecrime Suspected","OFF_CATEG":"Assault With Weapon Or Cbh Lv2","NB_NAME_EN":"Crestview - Meadowlands","SECTOR":"Sector 17","DIVISION":"West","CENSUS_TRC":"5050024.00","WARD":"Ward 8 - College","COUNCILLOR":"Laine Johnson","OFF_TYPE":"Criminal"}},{"type":"Feature","id":256,"geometry":null,"properties":{"OBJECTID":256,"ID":"255","YEAR":2019,"REP_DATE":"Sun, 08 Sep 2019 00:00:00 GMT","OCC_DATE":"Sun, 08 Sep 2019 00:00:00 GMT","WEEKDAY":"Sunday","HATE_CRIME":"Race/Ethnicity","HC_MOTIVATION":"Multiple Races/Ethnicities","HC_STATUS":"Hatecrime Happened","OFF_CATEG":"Mischief To Property","NB_NAME_EN":"Beaverbrook","SECTOR":"Sector 13","DIVISION":"West","CENSUS_TRC":"5050160.02","WARD":"Ward 4 - Kanata North","COUNCILLOR":"Cathy Curry","OFF_TYPE":"Criminal"}},{"type":"Feature","id":257,"geometry":null,"properties":{"OBJECTID":257,"ID":"256","YEAR":2023,"REP_DATE":"Thu, 27 Jul 2023 00:00:00 GMT","OCC_DATE":"Thu, 01 Jun 2023 00:00:00 GMT","WEEKDAY":"Thursday","HATE_CRIME":"Sexual Orientation","HC_MOTIVATION":"LGBTQ2+","HC_STATUS":"Hatecrime Suspected","OFF_CATEG":"Mischief To Property","NB_NAME_EN":"Qualicum - Redwood Park","SECTOR":"Sector 15","DIVISION":"West","CENSUS_TRC":"5050027.00","WARD":"Ward 8 - College","COUNCILLOR":"Laine Johnson","OFF_TYPE":"Criminal"}},{"type":"Feature","id":258,"geometry":null,"properties":{"OBJECTID":258,"ID":"257","YEAR":2021,"REP_DATE":"Thu, 21 Oct 2021 00:00:00 GMT","OCC_DATE":"Thu, 21 Oct 2021 00:00:00 GMT","WEEKDAY":"Thursday","HATE_CRIME":"Religion","HC_MOTIVATION":"Muslim (Islam)","HC_STATUS":"Hatecrime Happened","OFF_CATEG":"Mischief To Property","NB_NAME_EN":"Whitehaven - Queensway Terrace North","SECTOR":"Sector 14","DIVISION":"West","CENSUS_TRC":"5050028.00","WARD":"Ward 7 - Bay","COUNCILLOR":"Theresa Kavanagh","OFF_TYPE":"Criminal"}},{"type":"Feature","id":259,"geometry":null,"properties":{"OBJECTID":259,"ID":"258","YEAR":2021,"REP_DATE":"Tue, 06 Jul 2021 00:00:00 GMT","OCC_DATE":"Mon, 05 Jul 2021 00:00:00 GMT","WEEKDAY":"Monday","HATE_CRIME":"Race/Ethnicity","HC_MOTIVATION":"East and Southeast Asian","HC_STATUS":"Hatecrime Suspected","OFF_CATEG":"Mischief To Property","NB_NAME_EN":"Whitehaven - Queensway Terrace North","SECTOR":"Sector 14","DIVISION":"West","CENSUS_TRC":"5050028.00","WARD":"Ward 7 - Bay","COUNCILLOR":"Theresa Kavanagh","OFF_TYPE":"Criminal"}},{"type":"Feature","id":260,"geometry":null,"properties":{"OBJECTID":260,"ID":"259","YEAR":2023,"REP_DATE":"Tue, 22 Aug 2023 00:00:00 GMT","OCC_DATE":"Tue, 22 Aug 2023 00:00:00 GMT","WEEKDAY":"Tuesday","HATE_CRIME":"Race/Ethnicity","HC_MOTIVATION":"Unknown race/ethnicity","HC_STATUS":"Hatecrime Happened","OFF_CATEG":"Harass Race/ Religion","NB_NAME_EN":"Kanata Lakes - Marchwood Lakeside - Morgan's Grant - Kanata North Business Park","SECTOR":"Sector 13","DIVISION":"West","CENSUS_TRC":"5050160.15","WARD":"Ward 23 - Kanata South","COUNCILLOR":"Allan Hubley","OFF_TYPE":"Non Criminal"}},{"type":"Feature","id":261,"geometry":null,"properties":{"OBJECTID":261,"ID":"260","YEAR":2021,"REP_DATE":"Sat, 24 Jul 2021 00:00:00 GMT","OCC_DATE":"Fri, 23 Jul 2021 00:00:00 GMT","WEEKDAY":"Friday","HATE_CRIME":"Race/Ethnicity","HC_MOTIVATION":"Black","HC_STATUS":"Hatecrime Suspected","OFF_CATEG":"Mischief To Property","NB_NAME_EN":"New Barrhaven - New Development - Stonebridge","SECTOR":"Sector 16","DIVISION":"West","CENSUS_TRC":"5050141.20","WARD":"Ward 3 - Barrhaven West","COUNCILLOR":"David Hill","OFF_TYPE":"Criminal"}},{"type":"Feature","id":262,"geometry":null,"properties":{"OBJECTID":262,"ID":"261","YEAR":2019,"REP_DATE":"Sat, 20 Apr 2019 00:00:00 GMT","OCC_DATE":"Sat, 20 Apr 2019 00:00:00 GMT","WEEKDAY":"Saturday","HATE_CRIME":"Religion","HC_MOTIVATION":"Jewish","HC_STATUS":"Hatecrime Happened","OFF_CATEG":"Mischief To Property","NB_NAME_EN":"Bells Corners West","SECTOR":"Sector 15","DIVISION":"West","CENSUS_TRC":"5050136.02","WARD":"Ward 8 - College","COUNCILLOR":"Laine Johnson","OFF_TYPE":"Criminal"}},{"type":"Feature","id":263,"geometry":null,"properties":{"OBJECTID":263,"ID":"262","YEAR":2021,"REP_DATE":"Fri, 23 Apr 2021 00:00:00 GMT","OCC_DATE":"Thu, 22 Apr 2021 00:00:00 GMT","WEEKDAY":"Thursday","HATE_CRIME":"Race/Ethnicity","HC_MOTIVATION":"East and Southeast Asian","HC_STATUS":"Hatecrime Happened","OFF_CATEG":"Information ( General)","NB_NAME_EN":"Barrhaven","SECTOR":"Sector 16","DIVISION":"West","CENSUS_TRC":"5050140.06","WARD":"Ward 3 - Barrhaven West","COUNCILLOR":"David Hill","OFF_TYPE":"Non Criminal"}},{"type":"Feature","id":264,"geometry":null,"properties":{"OBJECTID":264,"ID":"263","YEAR":2020,"REP_DATE":"Mon, 13 Jul 2020 00:00:00 GMT","OCC_DATE":"Mon, 01 Jun 2020 00:00:00 GMT","WEEKDAY":"Monday","HATE_CRIME":"Race/Ethnicity","HC_MOTIVATION":"Black","HC_STATUS":"Hatecrime Suspected","OFF_CATEG":"Mischief To Property","NB_NAME_EN":"Bells Corners West","SECTOR":"Sector 15","DIVISION":"West","CENSUS_TRC":"5050136.02","WARD":"Ward 8 - College","COUNCILLOR":"Laine Johnson","OFF_TYPE":"Criminal"}},{"type":"Feature","id":265,"geometry":null,"properties":{"OBJECTID":265,"ID":"264","YEAR":2021,"REP_DATE":"Tue, 21 Sep 2021 00:00:00 GMT","OCC_DATE":"Mon, 20 Sep 2021 00:00:00 GMT","WEEKDAY":"Monday","HATE_CRIME":"Race/Ethnicity","HC_MOTIVATION":"Multiple Races/Ethnicities","HC_STATUS":"Hatecrime Suspected","OFF_CATEG":"Harass Harrassment","NB_NAME_EN":"Iris","SECTOR":"Sector 15","DIVISION":"West","CENSUS_TRC":"5050026.00","WARD":"Ward 8 - College","COUNCILLOR":"Laine Johnson","OFF_TYPE":"Non Criminal"}},{"type":"Feature","id":266,"geometry":null,"properties":{"OBJECTID":266,"ID":"265","YEAR":2021,"REP_DATE":"Fri, 05 Mar 2021 00:00:00 GMT","OCC_DATE":"Fri, 05 Mar 2021 00:00:00 GMT","WEEKDAY":"Friday","HATE_CRIME":"Sexual Orientation","HC_MOTIVATION":"Other sexual orientation","HC_STATUS":"Hatecrime Happened","OFF_CATEG":"Harass Crim Stalking","NB_NAME_EN":"Britannia Village","SECTOR":"Sector 14","DIVISION":"West","CENSUS_TRC":"5050030.00","WARD":"Ward 7 - Bay","COUNCILLOR":"Theresa Kavanagh","OFF_TYPE":"Criminal"}},{"type":"Feature","id":267,"geometry":null,"properties":{"OBJECTID":267,"ID":"266","YEAR":2019,"REP_DATE":"Mon, 01 Jul 2019 00:00:00 GMT","OCC_DATE":"Mon, 01 Jul 2019 00:00:00 GMT","WEEKDAY":"Monday","HATE_CRIME":"Gender","HC_MOTIVATION":"Man","HC_STATUS":"Hatecrime Suspected","OFF_CATEG":"Threats Utter To Person","NB_NAME_EN":"Britannia Village","SECTOR":"Sector 14","DIVISION":"West","CENSUS_TRC":"5050030.00","WARD":"Ward 7 - Bay","COUNCILLOR":"Theresa Kavanagh","OFF_TYPE":"Criminal"}},{"type":"Feature","id":268,"geometry":null,"properties":{"OBJECTID":268,"ID":"267","YEAR":2019,"REP_DATE":"Fri, 07 Jun 2019 00:00:00 GMT","OCC_DATE":"Fri, 07 Jun 2019 00:00:00 GMT","WEEKDAY":"Friday","HATE_CRIME":"Gender","HC_MOTIVATION":"Man","HC_STATUS":"Hatecrime Happened","OFF_CATEG":"Mischief To Property","NB_NAME_EN":"Britannia Village","SECTOR":"Sector 14","DIVISION":"West","CENSUS_TRC":"5050030.00","WARD":"Ward 7 - Bay","COUNCILLOR":"Theresa Kavanagh","OFF_TYPE":"Criminal"}},{"type":"Feature","id":269,"geometry":null,"properties":{"OBJECTID":269,"ID":"268","YEAR":2019,"REP_DATE":"Fri, 10 May 2019 00:00:00 GMT","OCC_DATE":"Thu, 09 May 2019 00:00:00 GMT","WEEKDAY":"Thursday","HATE_CRIME":"Gender","HC_MOTIVATION":"Woman","HC_STATUS":"Hatecrime Happened","OFF_CATEG":"Mischief To Property","NB_NAME_EN":"Britannia Village","SECTOR":"Sector 14","DIVISION":"West","CENSUS_TRC":"5050030.00","WARD":"Ward 7 - Bay","COUNCILLOR":"Theresa Kavanagh","OFF_TYPE":"Criminal"}},{"type":"Feature","id":270,"geometry":null,"properties":{"OBJECTID":270,"ID":"269","YEAR":2019,"REP_DATE":"Fri, 10 May 2019 00:00:00 GMT","OCC_DATE":"Fri, 10 May 2019 00:00:00 GMT","WEEKDAY":"Friday","HATE_CRIME":"Gender","HC_MOTIVATION":"Other sex","HC_STATUS":"Hatecrime Happened","OFF_CATEG":"Mischief To Property","NB_NAME_EN":"Britannia Village","SECTOR":"Sector 14","DIVISION":"West","CENSUS_TRC":"5050030.00","WARD":"Ward 7 - Bay","COUNCILLOR":"Theresa Kavanagh","OFF_TYPE":"Criminal"}},{"type":"Feature","id":271,"geometry":null,"properties":{"OBJECTID":271,"ID":"270","YEAR":2019,"REP_DATE":"Fri, 28 Jun 2019 00:00:00 GMT","OCC_DATE":"Fri, 28 Jun 2019 00:00:00 GMT","WEEKDAY":"Friday","HATE_CRIME":"Gender","HC_MOTIVATION":"Man","HC_STATUS":"Hatecrime Happened","OFF_CATEG":"Mischief To Property","NB_NAME_EN":"Britannia Village","SECTOR":"Sector 14","DIVISION":"West","CENSUS_TRC":"5050030.00","WARD":"Ward 7 - Bay","COUNCILLOR":"Theresa Kavanagh","OFF_TYPE":"Criminal"}},{"type":"Feature","id":272,"geometry":null,"properties":{"OBJECTID":272,"ID":"271","YEAR":2023,"REP_DATE":"Tue, 16 May 2023 00:00:00 GMT","OCC_DATE":"Tue, 16 May 2023 00:00:00 GMT","WEEKDAY":"Tuesday","HATE_CRIME":"Sexual Orientation","HC_MOTIVATION":"Other sexual orientation","HC_STATUS":"Hatecrime Happened","OFF_CATEG":"Information ( General)","NB_NAME_EN":"Britannia Village","SECTOR":"Sector 14","DIVISION":"West","CENSUS_TRC":"5050030.00","WARD":"Ward 7 - Bay","COUNCILLOR":"Theresa Kavanagh","OFF_TYPE":"Non Criminal"}},{"type":"Feature","id":273,"geometry":null,"properties":{"OBJECTID":273,"ID":"272","YEAR":2020,"REP_DATE":"Fri, 03 Jul 2020 00:00:00 GMT","OCC_DATE":"Thu, 02 Jul 2020 00:00:00 GMT","WEEKDAY":"Thursday","HATE_CRIME":"Religion","HC_MOTIVATION":"Jewish","HC_STATUS":"Hatecrime Happened","OFF_CATEG":"Mischief To Property","NB_NAME_EN":"Braemar Park - Bel Air Heights - Copeland Park","SECTOR":"Sector 17","DIVISION":"West","CENSUS_TRC":"5050024.00","WARD":"Ward 8 - College","COUNCILLOR":"Laine Johnson","OFF_TYPE":"Criminal"}},{"type":"Feature","id":274,"geometry":null,"properties":{"OBJECTID":274,"ID":"273","YEAR":2020,"REP_DATE":"Fri, 18 Dec 2020 00:00:00 GMT","OCC_DATE":"Fri, 18 Dec 2020 00:00:00 GMT","WEEKDAY":"Friday","HATE_CRIME":"Race/Ethnicity","HC_MOTIVATION":"Arab(West Asian,Middle Eastern and North African origins)","HC_STATUS":"Hatecrime Happened","OFF_CATEG":"Harass Communications","NB_NAME_EN":"Briar Green - Leslie Park","SECTOR":"Sector 15","DIVISION":"West","CENSUS_TRC":"5050137.02","WARD":"Ward 8 - College","COUNCILLOR":"Laine Johnson","OFF_TYPE":"Criminal"}},{"type":"Feature","id":275,"geometry":null,"properties":{"OBJECTID":275,"ID":"274","YEAR":2021,"REP_DATE":"Fri, 26 Feb 2021 00:00:00 GMT","OCC_DATE":"Fri, 26 Feb 2021 00:00:00 GMT","WEEKDAY":"Friday","HATE_CRIME":"Sexual Orientation","HC_MOTIVATION":"LGBTQ2+","HC_STATUS":"Hatecrime Happened","OFF_CATEG":"Mischief To Property","NB_NAME_EN":"Crestview - Meadowlands","SECTOR":"Sector 17","DIVISION":"West","CENSUS_TRC":"5050133.00","WARD":"Ward 8 - College","COUNCILLOR":"Laine Johnson","OFF_TYPE":"Criminal"}},{"type":"Feature","id":276,"geometry":null,"properties":{"OBJECTID":276,"ID":"275","YEAR":2022,"REP_DATE":"Mon, 03 Oct 2022 00:00:00 GMT","OCC_DATE":"Mon, 03 Oct 2022 00:00:00 GMT","WEEKDAY":"Monday","HATE_CRIME":"Sexual Orientation","HC_MOTIVATION":"LGBTQ2+","HC_STATUS":"Hatecrime Happened","OFF_CATEG":"Assault Level 1","NB_NAME_EN":"Crestview - Meadowlands","SECTOR":"Sector 17","DIVISION":"West","CENSUS_TRC":"5050133.00","WARD":"Ward 8 - College","COUNCILLOR":"Laine Johnson","OFF_TYPE":"Criminal"}},{"type":"Feature","id":277,"geometry":null,"properties":{"OBJECTID":277,"ID":"276","YEAR":2023,"REP_DATE":"Fri, 26 May 2023 00:00:00 GMT","OCC_DATE":"Thu, 25 May 2023 00:00:00 GMT","WEEKDAY":"Thursday","HATE_CRIME":"Race/Ethnicity","HC_MOTIVATION":"Black","HC_STATUS":"Hatecrime Happened","OFF_CATEG":"Dispute- Neighbour","NB_NAME_EN":"Woodroffe - Lincoln Heights","SECTOR":"Sector 14","DIVISION":"West","CENSUS_TRC":"5050031.00","WARD":"Ward 7 - Bay","COUNCILLOR":"Theresa Kavanagh","OFF_TYPE":"Non Criminal"}},{"type":"Feature","id":278,"geometry":null,"properties":{"OBJECTID":278,"ID":"277","YEAR":2022,"REP_DATE":"Sat, 18 Jun 2022 00:00:00 GMT","OCC_DATE":"Sat, 18 Jun 2022 00:00:00 GMT","WEEKDAY":"Saturday","HATE_CRIME":"Religion","HC_MOTIVATION":"Muslim (Islam)","HC_STATUS":"Hatecrime Happened","OFF_CATEG":"Dispute- Neighbour","NB_NAME_EN":"Woodroffe - Lincoln Heights","SECTOR":"Sector 14","DIVISION":"West","CENSUS_TRC":"5050031.00","WARD":"Ward 7 - Bay","COUNCILLOR":"Theresa Kavanagh","OFF_TYPE":"Non Criminal"}},{"type":"Feature","id":279,"geometry":null,"properties":{"OBJECTID":279,"ID":"278","YEAR":2021,"REP_DATE":"Tue, 07 Dec 2021 00:00:00 GMT","OCC_DATE":"Fri, 03 Dec 2021 00:00:00 GMT","WEEKDAY":"Friday","HATE_CRIME":"Race/Ethnicity","HC_MOTIVATION":"Other race/ethnicity","HC_STATUS":"Hatecrime Suspected","OFF_CATEG":"Dispute- Neighbour","NB_NAME_EN":"New Barrhaven - New Development - Stonebridge","SECTOR":"Sector 16","DIVISION":"West","CENSUS_TRC":"5050141.23","WARD":"Ward 3 - Barrhaven West","COUNCILLOR":"David Hill","OFF_TYPE":"Non Criminal"}},{"type":"Feature","id":280,"geometry":null,"properties":{"OBJECTID":280,"ID":"279","YEAR":2022,"REP_DATE":"Sat, 19 Nov 2022 00:00:00 GMT","OCC_DATE":"Fri, 18 Nov 2022 00:00:00 GMT","WEEKDAY":"Friday","HATE_CRIME":"Race/Ethnicity","HC_MOTIVATION":"Other race/ethnicity","HC_STATUS":"Hatecrime Suspected","OFF_CATEG":"Dispute- Neighbour","NB_NAME_EN":"Qualicum - Redwood Park","SECTOR":"Sector 15","DIVISION":"West","CENSUS_TRC":"5050027.00","WARD":"Ward 8 - College","COUNCILLOR":"Laine Johnson","OFF_TYPE":"Non Criminal"}},{"type":"Feature","id":281,"geometry":null,"properties":{"OBJECTID":281,"ID":"280","YEAR":2023,"REP_DATE":"Tue, 13 Jun 2023 00:00:00 GMT","OCC_DATE":"Tue, 13 Jun 2023 00:00:00 GMT","WEEKDAY":"Tuesday","HATE_CRIME":"Race/Ethnicity","HC_MOTIVATION":"Black","HC_STATUS":"Hatecrime Suspected","OFF_CATEG":"Assault Level 1","NB_NAME_EN":"Whitehaven - Queensway Terrace North","SECTOR":"Sector 14","DIVISION":"West","CENSUS_TRC":"5050028.00","WARD":"Ward 7 - Bay","COUNCILLOR":"Theresa Kavanagh","OFF_TYPE":"Criminal"}},{"type":"Feature","id":282,"geometry":null,"properties":{"OBJECTID":282,"ID":"281","YEAR":2021,"REP_DATE":"Tue, 03 Aug 2021 00:00:00 GMT","OCC_DATE":"Fri, 30 Jul 2021 00:00:00 GMT","WEEKDAY":"Friday","HATE_CRIME":"Race/Ethnicity","HC_MOTIVATION":"Black","HC_STATUS":"Hatecrime Happened","OFF_CATEG":"B&e Non- Res.prop/ Commercial","NB_NAME_EN":"New Barrhaven - New Development - Stonebridge","SECTOR":"Sector 16","DIVISION":"West","CENSUS_TRC":"5050141.14","WARD":"Ward 21 - Rideau-Jock","COUNCILLOR":"David Brown","OFF_TYPE":"Criminal"}},{"type":"Feature","id":283,"geometry":null,"properties":{"OBJECTID":283,"ID":"282","YEAR":2021,"REP_DATE":"Sun, 21 Mar 2021 00:00:00 GMT","OCC_DATE":"Sun, 21 Mar 2021 00:00:00 GMT","WEEKDAY":"Sunday","HATE_CRIME":"Sexual Orientation","HC_MOTIVATION":"LGBTQ2+","HC_STATUS":"Hatecrime Happened","OFF_CATEG":"Mischief To Property","NB_NAME_EN":"Carlingwood West - Glabar Park - McKellar Heights","SECTOR":"Sector 14","DIVISION":"West","CENSUS_TRC":"5050031.00","WARD":"Ward 7 - Bay","COUNCILLOR":"Theresa Kavanagh","OFF_TYPE":"Criminal"}},{"type":"Feature","id":284,"geometry":null,"properties":{"OBJECTID":284,"ID":"283","YEAR":2021,"REP_DATE":"Sat, 15 May 2021 00:00:00 GMT","OCC_DATE":"Wed, 12 May 2021 00:00:00 GMT","WEEKDAY":"Wednesday","HATE_CRIME":"Race/Ethnicity","HC_MOTIVATION":"South Asian","HC_STATUS":"Hatecrime Happened","OFF_CATEG":"Threats Utter To Person","NB_NAME_EN":"Braemar Park - Bel Air Heights - Copeland Park","SECTOR":"Sector 17","DIVISION":"West","CENSUS_TRC":"5050023.01","WARD":"Ward 8 - College","COUNCILLOR":"Laine Johnson","OFF_TYPE":"Criminal"}},{"type":"Feature","id":285,"geometry":null,"properties":{"OBJECTID":285,"ID":"284","YEAR":2023,"REP_DATE":"Mon, 06 Mar 2023 00:00:00 GMT","OCC_DATE":"Mon, 06 Mar 2023 00:00:00 GMT","WEEKDAY":"Monday","HATE_CRIME":"Race/Ethnicity","HC_MOTIVATION":"Black","HC_STATUS":"Hatecrime Suspected","OFF_CATEG":"Assault With Weapon Or Cbh Lv2","NB_NAME_EN":"Whitehaven - Queensway Terrace North","SECTOR":"Sector 14","DIVISION":"West","CENSUS_TRC":"5050025.00","WARD":"Ward 7 - Bay","COUNCILLOR":"Theresa Kavanagh","OFF_TYPE":"Criminal"}},{"type":"Feature","id":286,"geometry":null,"properties":{"OBJECTID":286,"ID":"285","YEAR":2021,"REP_DATE":"Thu, 25 Mar 2021 00:00:00 GMT","OCC_DATE":"Wed, 24 Mar 2021 00:00:00 GMT","WEEKDAY":"Wednesday","HATE_CRIME":"Race/Ethnicity","HC_MOTIVATION":"East and Southeast Asian","HC_STATUS":"Hatecrime Suspected","OFF_CATEG":"Suspicious Circumstance( S)","NB_NAME_EN":"Bayshore","SECTOR":"Sector 14","DIVISION":"West","CENSUS_TRC":"5050138.00","WARD":"Ward 7 - Bay","COUNCILLOR":"Theresa Kavanagh","OFF_TYPE":"Non Criminal"}},{"type":"Feature","id":287,"geometry":null,"properties":{"OBJECTID":287,"ID":"286","YEAR":2020,"REP_DATE":"Mon, 06 Jul 2020 00:00:00 GMT","OCC_DATE":"Mon, 06 Jul 2020 00:00:00 GMT","WEEKDAY":"Monday","HATE_CRIME":"Race/Ethnicity","HC_MOTIVATION":"Black","HC_STATUS":"Hatecrime Happened","OFF_CATEG":"Mischief To Property","NB_NAME_EN":"Bayshore","SECTOR":"Sector 14","DIVISION":"West","CENSUS_TRC":"5050138.00","WARD":"Ward 7 - Bay","COUNCILLOR":"Theresa Kavanagh","OFF_TYPE":"Criminal"}},{"type":"Feature","id":288,"geometry":null,"properties":{"OBJECTID":288,"ID":"287","YEAR":2021,"REP_DATE":"Mon, 31 May 2021 00:00:00 GMT","OCC_DATE":"Sun, 30 May 2021 00:00:00 GMT","WEEKDAY":"Sunday","HATE_CRIME":"Gender","HC_MOTIVATION":"Other sex","HC_STATUS":"Hatecrime Happened","OFF_CATEG":"Assault With Weapon Or Cbh Lv2","NB_NAME_EN":"Bayshore","SECTOR":"Sector 14","DIVISION":"West","CENSUS_TRC":"5050138.00","WARD":"Ward 7 - Bay","COUNCILLOR":"Theresa Kavanagh","OFF_TYPE":"Criminal"}},{"type":"Feature","id":289,"geometry":null,"properties":{"OBJECTID":289,"ID":"288","YEAR":2020,"REP_DATE":"Wed, 12 Aug 2020 00:00:00 GMT","OCC_DATE":"Fri, 07 Aug 2020 00:00:00 GMT","WEEKDAY":"Friday","HATE_CRIME":"Race/Ethnicity","HC_MOTIVATION":"Unknown race/ethnicity","HC_STATUS":"Hatecrime Happened","OFF_CATEG":"Harass Race/ Religion","NB_NAME_EN":"Katimavik - Hazeldean","SECTOR":"Sector 13","DIVISION":"West","CENSUS_TRC":"5050160.04","WARD":"Ward 23 - Kanata South","COUNCILLOR":"Allan Hubley","OFF_TYPE":"Non Criminal"}},{"type":"Feature","id":290,"geometry":null,"properties":{"OBJECTID":290,"ID":"289","YEAR":2023,"REP_DATE":"Wed, 12 Apr 2023 00:00:00 GMT","OCC_DATE":"Wed, 12 Apr 2023 00:00:00 GMT","WEEKDAY":"Wednesday","HATE_CRIME":"Sexual Orientation","HC_MOTIVATION":"LGBTQ2+","HC_STATUS":"Hatecrime Happened","OFF_CATEG":"Dispute- Disturbance","NB_NAME_EN":"Glen Cairn - Kanata South Business Park","SECTOR":"Sector 13","DIVISION":"West","CENSUS_TRC":"5050162.02","WARD":"Ward 23 - Kanata South","COUNCILLOR":"Allan Hubley","OFF_TYPE":"Non Criminal"}},{"type":"Feature","id":291,"geometry":null,"properties":{"OBJECTID":291,"ID":"290","YEAR":2020,"REP_DATE":"Tue, 10 Mar 2020 00:00:00 GMT","OCC_DATE":"Tue, 10 Mar 2020 00:00:00 GMT","WEEKDAY":"Tuesday","HATE_CRIME":"Sexual Orientation","HC_MOTIVATION":"LGBTQ2+","HC_STATUS":"Hatecrime Happened","OFF_CATEG":"Harass Harrassment","NB_NAME_EN":"Woodvale - Craig Henry - Manordale - Estates of Arlington Woods","SECTOR":"Sector 15","DIVISION":"West","CENSUS_TRC":"5050135.03","WARD":"Ward 9 - Knoxdale-Merivale","COUNCILLOR":"Sean Devine","OFF_TYPE":"Non Criminal"}},{"type":"Feature","id":292,"geometry":null,"properties":{"OBJECTID":292,"ID":"291","YEAR":2021,"REP_DATE":"Tue, 06 Jul 2021 00:00:00 GMT","OCC_DATE":"Tue, 06 Jul 2021 00:00:00 GMT","WEEKDAY":"Tuesday","HATE_CRIME":"Race/Ethnicity","HC_MOTIVATION":"East and Southeast Asian","HC_STATUS":"Hatecrime Suspected","OFF_CATEG":"Mischief To Property","NB_NAME_EN":"Whitehaven - Queensway Terrace North","SECTOR":"Sector 14","DIVISION":"West","CENSUS_TRC":"5050028.00","WARD":"Ward 7 - Bay","COUNCILLOR":"Theresa Kavanagh","OFF_TYPE":"Criminal"}},{"type":"Feature","id":293,"geometry":null,"properties":{"OBJECTID":293,"ID":"292","YEAR":2023,"REP_DATE":"Fri, 09 Jun 2023 00:00:00 GMT","OCC_DATE":"Fri, 09 Jun 2023 00:00:00 GMT","WEEKDAY":"Friday","HATE_CRIME":"Sexual Orientation","HC_MOTIVATION":"LGBTQ2+","HC_STATUS":"Hatecrime Suspected","OFF_CATEG":"Mischief To Property","NB_NAME_EN":"Briar Green - Leslie Park","SECTOR":"Sector 15","DIVISION":"West","CENSUS_TRC":"5050137.02","WARD":"Ward 8 - College","COUNCILLOR":"Laine Johnson","OFF_TYPE":"Criminal"}},{"type":"Feature","id":294,"geometry":null,"properties":{"OBJECTID":294,"ID":"293","YEAR":2021,"REP_DATE":"Mon, 14 Jun 2021 00:00:00 GMT","OCC_DATE":"Mon, 14 Jun 2021 00:00:00 GMT","WEEKDAY":"Monday","HATE_CRIME":"Sexual Orientation","HC_MOTIVATION":"LGBTQ2+","HC_STATUS":"Hatecrime Happened","OFF_CATEG":"Mischief To Property","NB_NAME_EN":"Glen Cairn - Kanata South Business Park","SECTOR":"Sector 13","DIVISION":"West","CENSUS_TRC":"5050162.02","WARD":"Ward 23 - Kanata South","COUNCILLOR":"Allan Hubley","OFF_TYPE":"Criminal"}},{"type":"Feature","id":295,"geometry":null,"properties":{"OBJECTID":295,"ID":"294","YEAR":2021,"REP_DATE":"Wed, 07 Jul 2021 00:00:00 GMT","OCC_DATE":"Wed, 07 Jul 2021 00:00:00 GMT","WEEKDAY":"Wednesday","HATE_CRIME":"Race/Ethnicity","HC_MOTIVATION":"Multiple Races/Ethnicities","HC_STATUS":"Hatecrime Happened","OFF_CATEG":"Mischief To Property","NB_NAME_EN":"Britannia Village","SECTOR":"Sector 14","DIVISION":"West","CENSUS_TRC":"5050029.00","WARD":"Ward 7 - Bay","COUNCILLOR":"Theresa Kavanagh","OFF_TYPE":"Criminal"}},{"type":"Feature","id":296,"geometry":null,"properties":{"OBJECTID":296,"ID":"295","YEAR":2023,"REP_DATE":"Tue, 28 Mar 2023 00:00:00 GMT","OCC_DATE":"Tue, 28 Mar 2023 00:00:00 GMT","WEEKDAY":"Tuesday","HATE_CRIME":"Unknown","HC_MOTIVATION":"Unknown","HC_STATUS":"Hatecrime Suspected","OFF_CATEG":"Robbery Extortion","NB_NAME_EN":"New Barrhaven - New Development - Stonebridge","SECTOR":"Sector 16","DIVISION":"West","CENSUS_TRC":"5050141.23","WARD":"Ward 3 - Barrhaven West","COUNCILLOR":"David Hill","OFF_TYPE":"Criminal"}},{"type":"Feature","id":297,"geometry":null,"properties":{"OBJECTID":297,"ID":"296","YEAR":2021,"REP_DATE":"Thu, 01 Jul 2021 00:00:00 GMT","OCC_DATE":"Thu, 01 Jul 2021 00:00:00 GMT","WEEKDAY":"Thursday","HATE_CRIME":"Religion","HC_MOTIVATION":"Jewish","HC_STATUS":"Hatecrime Happened","OFF_CATEG":"Mischief To Property","NB_NAME_EN":"Woodvale - Craig Henry - Manordale - Estates of Arlington Woods","SECTOR":"Sector 15","DIVISION":"West","CENSUS_TRC":"5050135.03","WARD":"Ward 9 - Knoxdale-Merivale","COUNCILLOR":"Sean Devine","OFF_TYPE":"Criminal"}},{"type":"Feature","id":298,"geometry":null,"properties":{"OBJECTID":298,"ID":"297","YEAR":2023,"REP_DATE":"Tue, 14 Nov 2023 00:00:00 GMT","OCC_DATE":"Sat, 04 Nov 2023 00:00:00 GMT","WEEKDAY":"Saturday","HATE_CRIME":"Religion","HC_MOTIVATION":"Jewish","HC_STATUS":"Hatecrime Suspected","OFF_CATEG":"Information ( General)","NB_NAME_EN":"Whitehaven - Queensway Terrace North","SECTOR":"Sector 14","DIVISION":"West","CENSUS_TRC":"5050025.00","WARD":"Ward 7 - Bay","COUNCILLOR":"Theresa Kavanagh","OFF_TYPE":"Non Criminal"}},{"type":"Feature","id":299,"geometry":null,"properties":{"OBJECTID":299,"ID":"298","YEAR":2019,"REP_DATE":"Wed, 18 Sep 2019 00:00:00 GMT","OCC_DATE":"Wed, 18 Sep 2019 00:00:00 GMT","WEEKDAY":"Wednesday","HATE_CRIME":"Religion","HC_MOTIVATION":"Jewish","HC_STATUS":"Hatecrime Happened","OFF_CATEG":"Mischief To Property","NB_NAME_EN":"Whitehaven - Queensway Terrace North","SECTOR":"Sector 14","DIVISION":"West","CENSUS_TRC":"5050025.00","WARD":"Ward 7 - Bay","COUNCILLOR":"Theresa Kavanagh","OFF_TYPE":"Criminal"}},{"type":"Feature","id":300,"geometry":null,"properties":{"OBJECTID":300,"ID":"299","YEAR":2022,"REP_DATE":"Wed, 19 Jan 2022 00:00:00 GMT","OCC_DATE":"Mon, 17 Jan 2022 00:00:00 GMT","WEEKDAY":"Monday","HATE_CRIME":"Race/Ethnicity","HC_MOTIVATION":"Multiple Races/Ethnicities","HC_STATUS":"Hatecrime Happened","OFF_CATEG":"Mischief Hate Cultrl/ Rel Prop","NB_NAME_EN":"Woodvale - Craig Henry - Manordale - Estates of Arlington Woods","SECTOR":"Sector 15","DIVISION":"West","CENSUS_TRC":"5050135.01","WARD":"Ward 9 - Knoxdale-Merivale","COUNCILLOR":"Sean Devine","OFF_TYPE":"Criminal"}},{"type":"Feature","id":301,"geometry":null,"properties":{"OBJECTID":301,"ID":"300","YEAR":2023,"REP_DATE":"Fri, 03 Mar 2023 00:00:00 GMT","OCC_DATE":"Thu, 02 Mar 2023 00:00:00 GMT","WEEKDAY":"Thursday","HATE_CRIME":"Sexual Orientation","HC_MOTIVATION":"LGBTQ2+","HC_STATUS":"Hatecrime Suspected","OFF_CATEG":"Suspicious Circumstance( S)","NB_NAME_EN":"Carlington","SECTOR":"Sector 21","DIVISION":"Central","CENSUS_TRC":"5050022.00","WARD":"Ward 8 - College","COUNCILLOR":"Laine Johnson","OFF_TYPE":"Non Criminal"}},{"type":"Feature","id":302,"geometry":null,"properties":{"OBJECTID":302,"ID":"301","YEAR":2022,"REP_DATE":"Tue, 12 Jul 2022 00:00:00 GMT","OCC_DATE":"Sun, 10 Jul 2022 00:00:00 GMT","WEEKDAY":"Sunday","HATE_CRIME":"Other Similar Factor","HC_MOTIVATION":"non","HC_STATUS":"Hatecrime Suspected","OFF_CATEG":"Assault With Weapon Or Cbh Lv2","NB_NAME_EN":"Carlingwood West - Glabar Park - McKellar Heights","SECTOR":"Sector 14","DIVISION":"West","CENSUS_TRC":"5050031.00","WARD":"Ward 7 - Bay","COUNCILLOR":"Theresa Kavanagh","OFF_TYPE":"Criminal"}},{"type":"Feature","id":303,"geometry":null,"properties":{"OBJECTID":303,"ID":"302","YEAR":2024,"REP_DATE":"Sat, 10 Feb 2024 00:00:00 GMT","OCC_DATE":"Sat, 10 Feb 2024 00:00:00 GMT","WEEKDAY":"Saturday","HATE_CRIME":"Immigrants/Newcomers to Canada","HC_MOTIVATION":"Immigrants/Newcomers to Canada","HC_STATUS":"Hatecrime Happened","OFF_CATEG":"Mischief To Property","NB_NAME_EN":"Merivale Gardens - Grenfell Glen - Pineglen - Country Place","SECTOR":"Sector 17","DIVISION":"West","CENSUS_TRC":"5050135.03","WARD":"Ward 9 - Knoxdale-Merivale","COUNCILLOR":"Sean Devine","OFF_TYPE":"Criminal"}},{"type":"Feature","id":304,"geometry":null,"properties":{"OBJECTID":304,"ID":"303","YEAR":2022,"REP_DATE":"Sat, 04 Jun 2022 00:00:00 GMT","OCC_DATE":"Sat, 04 Jun 2022 00:00:00 GMT","WEEKDAY":"Saturday","HATE_CRIME":"Race/Ethnicity","HC_MOTIVATION":"East and Southeast Asian","HC_STATUS":"Hatecrime Happened","OFF_CATEG":"Traffic Complaint -  Person","NB_NAME_EN":"Merivale Gardens - Grenfell Glen - Pineglen - Country Place","SECTOR":"Sector 17","DIVISION":"West","CENSUS_TRC":"5050135.03","WARD":"Ward 9 - Knoxdale-Merivale","COUNCILLOR":"Sean Devine","OFF_TYPE":"Non Criminal"}},{"type":"Feature","id":305,"geometry":null,"properties":{"OBJECTID":305,"ID":"304","YEAR":2020,"REP_DATE":"Sat, 29 Aug 2020 00:00:00 GMT","OCC_DATE":"Fri, 28 Aug 2020 00:00:00 GMT","WEEKDAY":"Friday","HATE_CRIME":"Religion","HC_MOTIVATION":"Muslim (Islam)","HC_STATUS":"Hatecrime Happened","OFF_CATEG":"Traffic Complaint -  Vehicle","NB_NAME_EN":"Bridlewood - Emerald Meadows","SECTOR":"Sector 13","DIVISION":"West","CENSUS_TRC":"5050162.04","WARD":"Ward 23 - Kanata South","COUNCILLOR":"Allan Hubley","OFF_TYPE":"Non Criminal"}},{"type":"Feature","id":306,"geometry":null,"properties":{"OBJECTID":306,"ID":"305","YEAR":2022,"REP_DATE":"Thu, 11 Aug 2022 00:00:00 GMT","OCC_DATE":"Wed, 10 Aug 2022 00:00:00 GMT","WEEKDAY":"Wednesday","HATE_CRIME":"Religion","HC_MOTIVATION":"Catholic","HC_STATUS":"Hatecrime Suspected","OFF_CATEG":"Fire Arson Property Damage","NB_NAME_EN":"Centrepointe","SECTOR":"Sector 15","DIVISION":"West","CENSUS_TRC":"5050137.05","WARD":"Ward 8 - College","COUNCILLOR":"Laine Johnson","OFF_TYPE":"Criminal"}},{"type":"Feature","id":307,"geometry":null,"properties":{"OBJECTID":307,"ID":"306","YEAR":2022,"REP_DATE":"Wed, 25 May 2022 00:00:00 GMT","OCC_DATE":"Wed, 25 May 2022 00:00:00 GMT","WEEKDAY":"Wednesday","HATE_CRIME":"Race/Ethnicity","HC_MOTIVATION":"Arab(West Asian,Middle Eastern and North African origins)","HC_STATUS":"Hatecrime Suspected","OFF_CATEG":"Dispute- Disturbance","NB_NAME_EN":"New Barrhaven - New Development - Stonebridge","SECTOR":"Sector 16","DIVISION":"West","CENSUS_TRC":"5050141.23","WARD":"Ward 3 - Barrhaven West","COUNCILLOR":"David Hill","OFF_TYPE":"Non Criminal"}},{"type":"Feature","id":308,"geometry":null,"properties":{"OBJECTID":308,"ID":"307","YEAR":2022,"REP_DATE":"Mon, 21 Mar 2022 00:00:00 GMT","OCC_DATE":"Tue, 19 Oct 2021 00:00:00 GMT","WEEKDAY":"Tuesday","HATE_CRIME":"Religion","HC_MOTIVATION":"Muslim (Islam)","HC_STATUS":"Hatecrime Suspected","OFF_CATEG":"Threats Utter To Person","NB_NAME_EN":"Centrepointe","SECTOR":"Sector 15","DIVISION":"West","CENSUS_TRC":"5050137.05","WARD":"Ward 8 - College","COUNCILLOR":"Laine Johnson","OFF_TYPE":"Criminal"}},{"type":"Feature","id":309,"geometry":null,"properties":{"OBJECTID":309,"ID":"308","YEAR":2021,"REP_DATE":"Mon, 15 Nov 2021 00:00:00 GMT","OCC_DATE":"Fri, 05 Nov 2021 00:00:00 GMT","WEEKDAY":"Friday","HATE_CRIME":"Race/Ethnicity","HC_MOTIVATION":"East and Southeast Asian","HC_STATUS":"Hatecrime Suspected","OFF_CATEG":"Harass Harrassment","NB_NAME_EN":"Qualicum - Redwood Park","SECTOR":"Sector 15","DIVISION":"West","CENSUS_TRC":"5050027.00","WARD":"Ward 8 - College","COUNCILLOR":"Laine Johnson","OFF_TYPE":"Non Criminal"}},{"type":"Feature","id":310,"geometry":null,"properties":{"OBJECTID":310,"ID":"309","YEAR":2023,"REP_DATE":"Sat, 07 Oct 2023 00:00:00 GMT","OCC_DATE":"Sat, 07 Oct 2023 00:00:00 GMT","WEEKDAY":"Saturday","HATE_CRIME":"Race/Ethnicity","HC_MOTIVATION":"Chinese","HC_STATUS":"Hatecrime Happened","OFF_CATEG":"Assault Level 1","NB_NAME_EN":"New Barrhaven - New Development - Stonebridge","SECTOR":"Sector 16","DIVISION":"West","CENSUS_TRC":"5050141.20","WARD":"Ward 3 - Barrhaven West","COUNCILLOR":"David Hill","OFF_TYPE":"Criminal"}},{"type":"Feature","id":311,"geometry":null,"properties":{"OBJECTID":311,"ID":"310","YEAR":2020,"REP_DATE":"Sat, 05 Sep 2020 00:00:00 GMT","OCC_DATE":"Sat, 05 Sep 2020 00:00:00 GMT","WEEKDAY":"Saturday","HATE_CRIME":"Race/Ethnicity","HC_MOTIVATION":"Black","HC_STATUS":"Hatecrime Happened","OFF_CATEG":"Assault Level 1","NB_NAME_EN":"Braemar Park - Bel Air Heights - Copeland Park","SECTOR":"Sector 17","DIVISION":"West","CENSUS_TRC":"5050023.01","WARD":"Ward 8 - College","COUNCILLOR":"Laine Johnson","OFF_TYPE":"Criminal"}},{"type":"Feature","id":312,"geometry":null,"properties":{"OBJECTID":312,"ID":"311","YEAR":2018,"REP_DATE":"Fri, 13 Apr 2018 00:00:00 GMT","OCC_DATE":"Fri, 13 Apr 2018 00:00:00 GMT","WEEKDAY":"Friday","HATE_CRIME":"Religion","HC_MOTIVATION":"Jewish","HC_STATUS":"Hatecrime Suspected","OFF_CATEG":"Mischief To Property","NB_NAME_EN":"Qualicum - Redwood Park","SECTOR":"Sector 15","DIVISION":"West","CENSUS_TRC":"5050027.00","WARD":"Ward 8 - College","COUNCILLOR":"Laine Johnson","OFF_TYPE":"Criminal"}},{"type":"Feature","id":313,"geometry":null,"properties":{"OBJECTID":313,"ID":"312","YEAR":2023,"REP_DATE":"Tue, 17 Oct 2023 00:00:00 GMT","OCC_DATE":"Sat, 14 Oct 2023 00:00:00 GMT","WEEKDAY":"Saturday","HATE_CRIME":"Religion","HC_MOTIVATION":"Jewish","HC_STATUS":"Hatecrime Suspected","OFF_CATEG":"Mischief To Property","NB_NAME_EN":"Woodvale - Craig Henry - Manordale - Estates of Arlington Woods","SECTOR":"Sector 15","DIVISION":"West","CENSUS_TRC":"5050135.01","WARD":"Ward 9 - Knoxdale-Merivale","COUNCILLOR":"Sean Devine","OFF_TYPE":"Criminal"}},{"type":"Feature","id":314,"geometry":null,"properties":{"OBJECTID":314,"ID":"313","YEAR":2023,"REP_DATE":"Wed, 01 Nov 2023 00:00:00 GMT","OCC_DATE":"Tue, 31 Oct 2023 00:00:00 GMT","WEEKDAY":"Tuesday","HATE_CRIME":"Sexual Orientation","HC_MOTIVATION":"LGBTQ2+","HC_STATUS":"Hatecrime Happened","OFF_CATEG":"Mischief To Property","NB_NAME_EN":"Barrhaven","SECTOR":"Sector 16","DIVISION":"West","CENSUS_TRC":"5050140.04","WARD":"Ward 3 - Barrhaven West","COUNCILLOR":"David Hill","OFF_TYPE":"Criminal"}},{"type":"Feature","id":315,"geometry":null,"properties":{"OBJECTID":315,"ID":"314","YEAR":2024,"REP_DATE":"Tue, 30 Jan 2024 00:00:00 GMT","OCC_DATE":"Tue, 30 Jan 2024 00:00:00 GMT","WEEKDAY":"Tuesday","HATE_CRIME":"Religion","HC_MOTIVATION":"Jewish","HC_STATUS":"Hatecrime Happened","OFF_CATEG":"Threats Utter To Person","NB_NAME_EN":"New Barrhaven - New Development - Stonebridge","SECTOR":"Sector 16","DIVISION":"West","CENSUS_TRC":"5050141.24","WARD":"Ward 3 - Barrhaven West","COUNCILLOR":"David Hill","OFF_TYPE":"Criminal"}},{"type":"Feature","id":316,"geometry":null,"properties":{"OBJECTID":316,"ID":"315","YEAR":2023,"REP_DATE":"Thu, 30 Mar 2023 00:00:00 GMT","OCC_DATE":"Thu, 30 Mar 2023 00:00:00 GMT","WEEKDAY":"Thursday","HATE_CRIME":"Religion","HC_MOTIVATION":"Muslim (Islam)","HC_STATUS":"Hatecrime Suspected","OFF_CATEG":"Dispute- Disturbance","NB_NAME_EN":"Carlington","SECTOR":"Sector 21","DIVISION":"Central","CENSUS_TRC":"5050022.00","WARD":"Ward 16 - River","COUNCILLOR":"Riley Brockington","OFF_TYPE":"Non Criminal"}},{"type":"Feature","id":317,"geometry":null,"properties":{"OBJECTID":317,"ID":"316","YEAR":2022,"REP_DATE":"Wed, 21 Dec 2022 00:00:00 GMT","OCC_DATE":"Tue, 20 Dec 2022 00:00:00 GMT","WEEKDAY":"Tuesday","HATE_CRIME":"Race/Ethnicity","HC_MOTIVATION":"Black","HC_STATUS":"Hatecrime Suspected","OFF_CATEG":"Mischief To Property","NB_NAME_EN":"Bridlewood - Emerald Meadows","SECTOR":"Sector 13","DIVISION":"West","CENSUS_TRC":"5050161.05","WARD":"Ward 23 - Kanata South","COUNCILLOR":"Allan Hubley","OFF_TYPE":"Criminal"}},{"type":"Feature","id":318,"geometry":null,"properties":{"OBJECTID":318,"ID":"317","YEAR":2023,"REP_DATE":"Mon, 14 Aug 2023 00:00:00 GMT","OCC_DATE":"Sun, 13 Aug 2023 00:00:00 GMT","WEEKDAY":"Sunday","HATE_CRIME":"Sexual Orientation","HC_MOTIVATION":"LGBTQ2+","HC_STATUS":"Hatecrime Happened","OFF_CATEG":"Threats Utter To Person","NB_NAME_EN":"Bridlewood - Emerald Meadows","SECTOR":"Sector 13","DIVISION":"West","CENSUS_TRC":"5050161.05","WARD":"Ward 23 - Kanata South","COUNCILLOR":"Allan Hubley","OFF_TYPE":"Criminal"}},{"type":"Feature","id":319,"geometry":null,"properties":{"OBJECTID":319,"ID":"318","YEAR":2022,"REP_DATE":"Fri, 10 Jun 2022 00:00:00 GMT","OCC_DATE":"Mon, 06 Jun 2022 00:00:00 GMT","WEEKDAY":"Monday","HATE_CRIME":"Sexual Orientation","HC_MOTIVATION":"LGBTQ2+","HC_STATUS":"Hatecrime Happened","OFF_CATEG":"Harass Crim Stalking","NB_NAME_EN":"New Barrhaven - New Development - Stonebridge","SECTOR":"Sector 16","DIVISION":"West","CENSUS_TRC":"5050141.20","WARD":"Ward 3 - Barrhaven West","COUNCILLOR":"David Hill","OFF_TYPE":"Criminal"}},{"type":"Feature","id":320,"geometry":null,"properties":{"OBJECTID":320,"ID":"319","YEAR":2023,"REP_DATE":"Wed, 28 Jun 2023 00:00:00 GMT","OCC_DATE":"Wed, 28 Jun 2023 00:00:00 GMT","WEEKDAY":"Wednesday","HATE_CRIME":"Gender","HC_MOTIVATION":"LGBTQ2+","HC_STATUS":"Hatecrime Suspected","OFF_CATEG":"Disturbance Causing, Loiter Etc","NB_NAME_EN":"New Barrhaven - New Development - Stonebridge","SECTOR":"Sector 16","DIVISION":"West","CENSUS_TRC":"5050141.20","WARD":"Ward 3 - Barrhaven West","COUNCILLOR":"David Hill","OFF_TYPE":"Criminal"}},{"type":"Feature","id":321,"geometry":null,"properties":{"OBJECTID":321,"ID":"320","YEAR":2022,"REP_DATE":"Wed, 08 Jun 2022 00:00:00 GMT","OCC_DATE":"Mon, 06 Jun 2022 00:00:00 GMT","WEEKDAY":"Monday","HATE_CRIME":"Sexual Orientation","HC_MOTIVATION":"LGBTQ2+","HC_STATUS":"Hatecrime Happened","OFF_CATEG":"Harass Harrassment","NB_NAME_EN":"New Barrhaven - New Development - Stonebridge","SECTOR":"Sector 16","DIVISION":"West","CENSUS_TRC":"5050141.20","WARD":"Ward 3 - Barrhaven West","COUNCILLOR":"David Hill","OFF_TYPE":"Non Criminal"}},{"type":"Feature","id":322,"geometry":null,"properties":{"OBJECTID":322,"ID":"321","YEAR":2023,"REP_DATE":"Tue, 25 Jul 2023 00:00:00 GMT","OCC_DATE":"Tue, 25 Jul 2023 00:00:00 GMT","WEEKDAY":"Tuesday","HATE_CRIME":"Religion","HC_MOTIVATION":"Muslim (Islam)","HC_STATUS":"Hatecrime Suspected","OFF_CATEG":"Abduct Forcible Confinement","NB_NAME_EN":"New Barrhaven - New Development - Stonebridge","SECTOR":"Sector 16","DIVISION":"West","CENSUS_TRC":"5050141.20","WARD":"Ward 3 - Barrhaven West","COUNCILLOR":"David Hill","OFF_TYPE":"Criminal"}},{"type":"Feature","id":323,"geometry":null,"properties":{"OBJECTID":323,"ID":"322","YEAR":2023,"REP_DATE":"Sat, 18 Nov 2023 00:00:00 GMT","OCC_DATE":"Sat, 18 Nov 2023 00:00:00 GMT","WEEKDAY":"Saturday","HATE_CRIME":"Religion","HC_MOTIVATION":"Jewish","HC_STATUS":"Hatecrime Happened","OFF_CATEG":"Mischief To Property","NB_NAME_EN":"Whitehaven - Queensway Terrace North","SECTOR":"Sector 14","DIVISION":"West","CENSUS_TRC":"5050028.00","WARD":"Ward 7 - Bay","COUNCILLOR":"Theresa Kavanagh","OFF_TYPE":"Criminal"}},{"type":"Feature","id":324,"geometry":null,"properties":{"OBJECTID":324,"ID":"323","YEAR":2021,"REP_DATE":"Mon, 22 Mar 2021 00:00:00 GMT","OCC_DATE":"Mon, 22 Mar 2021 00:00:00 GMT","WEEKDAY":"Monday","HATE_CRIME":"Race/Ethnicity","HC_MOTIVATION":"Multiple Races/Ethnicities","HC_STATUS":"Hatecrime Happened","OFF_CATEG":"Mischief To Property","NB_NAME_EN":"Iris","SECTOR":"Sector 15","DIVISION":"West","CENSUS_TRC":"5050027.00","WARD":"Ward 8 - College","COUNCILLOR":"Laine Johnson","OFF_TYPE":"Criminal"}},{"type":"Feature","id":325,"geometry":null,"properties":{"OBJECTID":325,"ID":"324","YEAR":2022,"REP_DATE":"Sat, 08 Oct 2022 00:00:00 GMT","OCC_DATE":"Sat, 08 Oct 2022 00:00:00 GMT","WEEKDAY":"Saturday","HATE_CRIME":"Race/Ethnicity","HC_MOTIVATION":"Black","HC_STATUS":"Hatecrime Happened","OFF_CATEG":"Mischief To Property","NB_NAME_EN":"New Barrhaven - New Development - Stonebridge","SECTOR":"Sector 16","DIVISION":"West","CENSUS_TRC":"5050141.25","WARD":"Ward 3 - Barrhaven West","COUNCILLOR":"David Hill","OFF_TYPE":"Criminal"}},{"type":"Feature","id":326,"geometry":null,"properties":{"OBJECTID":326,"ID":"325","YEAR":2018,"REP_DATE":"Tue, 28 Aug 2018 00:00:00 GMT","OCC_DATE":"Tue, 28 Aug 2018 00:00:00 GMT","WEEKDAY":"Tuesday","HATE_CRIME":"Race/Ethnicity","HC_MOTIVATION":"Black","HC_STATUS":"Hatecrime Happened","OFF_CATEG":"Mischief To Property","NB_NAME_EN":"Woodvale - Craig Henry - Manordale - Estates of Arlington Woods","SECTOR":"Sector 15","DIVISION":"West","CENSUS_TRC":"5050135.03","WARD":"Ward 9 - Knoxdale-Merivale","COUNCILLOR":"Sean Devine","OFF_TYPE":"Criminal"}},{"type":"Feature","id":327,"geometry":null,"properties":{"OBJECTID":327,"ID":"326","YEAR":2020,"REP_DATE":"Sat, 07 Nov 2020 00:00:00 GMT","OCC_DATE":"Sat, 07 Nov 2020 00:00:00 GMT","WEEKDAY":"Saturday","HATE_CRIME":"Race/Ethnicity","HC_MOTIVATION":"Black","HC_STATUS":"Hatecrime Suspected","OFF_CATEG":"Mischief To Property","NB_NAME_EN":"New Barrhaven - New Development - Stonebridge","SECTOR":"Sector 16","DIVISION":"West","CENSUS_TRC":"5050141.20","WARD":"Ward 3 - Barrhaven West","COUNCILLOR":"David Hill","OFF_TYPE":"Criminal"}},{"type":"Feature","id":328,"geometry":null,"properties":{"OBJECTID":328,"ID":"327","YEAR":2018,"REP_DATE":"Mon, 05 Nov 2018 00:00:00 GMT","OCC_DATE":"Sat, 03 Nov 2018 00:00:00 GMT","WEEKDAY":"Saturday","HATE_CRIME":"Religion","HC_MOTIVATION":"Jewish","HC_STATUS":"Hatecrime Happened","OFF_CATEG":"Threats Utter To Person","NB_NAME_EN":"Woodvale - Craig Henry - Manordale - Estates of Arlington Woods","SECTOR":"Sector 15","DIVISION":"West","CENSUS_TRC":"5050135.01","WARD":"Ward 9 - Knoxdale-Merivale","COUNCILLOR":"Sean Devine","OFF_TYPE":"Criminal"}},{"type":"Feature","id":329,"geometry":null,"properties":{"OBJECTID":329,"ID":"328","YEAR":2022,"REP_DATE":"Mon, 05 Dec 2022 00:00:00 GMT","OCC_DATE":"Thu, 01 Dec 2022 00:00:00 GMT","WEEKDAY":"Thursday","HATE_CRIME":"Religion","HC_MOTIVATION":"Jewish","HC_STATUS":"Hatecrime Happened","OFF_CATEG":"Harass Crim Stalking","NB_NAME_EN":"Woodvale - Craig Henry - Manordale - Estates of Arlington Woods","SECTOR":"Sector 15","DIVISION":"West","CENSUS_TRC":"5050135.01","WARD":"Ward 9 - Knoxdale-Merivale","COUNCILLOR":"Sean Devine","OFF_TYPE":"Criminal"}},{"type":"Feature","id":330,"geometry":null,"properties":{"OBJECTID":330,"ID":"329","YEAR":2023,"REP_DATE":"Fri, 24 Mar 2023 00:00:00 GMT","OCC_DATE":"Fri, 24 Mar 2023 00:00:00 GMT","WEEKDAY":"Friday","HATE_CRIME":"Combination (More than 2 Motivations)","HC_MOTIVATION":"Combination (More than 2 Motivations)","HC_STATUS":"Hatecrime Happened","OFF_CATEG":"Mischief With Data","NB_NAME_EN":"Woodvale - Craig Henry - Manordale - Estates of Arlington Woods","SECTOR":"Sector 15","DIVISION":"West","CENSUS_TRC":"5050135.01","WARD":"Ward 9 - Knoxdale-Merivale","COUNCILLOR":"Sean Devine","OFF_TYPE":"Criminal"}},{"type":"Feature","id":331,"geometry":null,"properties":{"OBJECTID":331,"ID":"330","YEAR":2023,"REP_DATE":"Fri, 13 Jan 2023 00:00:00 GMT","OCC_DATE":"Thu, 12 Jan 2023 00:00:00 GMT","WEEKDAY":"Thursday","HATE_CRIME":"Religion","HC_MOTIVATION":"Jewish","HC_STATUS":"Hatecrime Happened","OFF_CATEG":"Threats Utter To Person","NB_NAME_EN":"Woodvale - Craig Henry - Manordale - Estates of Arlington Woods","SECTOR":"Sector 15","DIVISION":"West","CENSUS_TRC":"5050135.01","WARD":"Ward 9 - Knoxdale-Merivale","COUNCILLOR":"Sean Devine","OFF_TYPE":"Criminal"}},{"type":"Feature","id":332,"geometry":null,"properties":{"OBJECTID":332,"ID":"331","YEAR":2023,"REP_DATE":"Thu, 12 Jan 2023 00:00:00 GMT","OCC_DATE":"Thu, 12 Jan 2023 00:00:00 GMT","WEEKDAY":"Thursday","HATE_CRIME":"Religion","HC_MOTIVATION":"Jewish","HC_STATUS":"Hatecrime Happened","OFF_CATEG":"Wilful Promotion Of Hatred","NB_NAME_EN":"Woodvale - Craig Henry - Manordale - Estates of Arlington Woods","SECTOR":"Sector 15","DIVISION":"West","CENSUS_TRC":"5050135.01","WARD":"Ward 9 - Knoxdale-Merivale","COUNCILLOR":"Sean Devine","OFF_TYPE":"Criminal"}},{"type":"Feature","id":333,"geometry":null,"properties":{"OBJECTID":333,"ID":"332","YEAR":2022,"REP_DATE":"Thu, 22 Dec 2022 00:00:00 GMT","OCC_DATE":"Wed, 21 Dec 2022 00:00:00 GMT","WEEKDAY":"Wednesday","HATE_CRIME":"Religion","HC_MOTIVATION":"Jewish","HC_STATUS":"Hatecrime Happened","OFF_CATEG":"Mischief To Property","NB_NAME_EN":"Woodvale - Craig Henry - Manordale - Estates of Arlington Woods","SECTOR":"Sector 15","DIVISION":"West","CENSUS_TRC":"5050135.01","WARD":"Ward 9 - Knoxdale-Merivale","COUNCILLOR":"Sean Devine","OFF_TYPE":"Criminal"}},{"type":"Feature","id":334,"geometry":null,"properties":{"OBJECTID":334,"ID":"333","YEAR":2022,"REP_DATE":"Wed, 20 Apr 2022 00:00:00 GMT","OCC_DATE":"Thu, 14 Apr 2022 00:00:00 GMT","WEEKDAY":"Thursday","HATE_CRIME":"Sexual Orientation","HC_MOTIVATION":"LGBTQ2+","HC_STATUS":"Hatecrime Happened","OFF_CATEG":"Mischief To Property","NB_NAME_EN":"Woodvale - Craig Henry - Manordale - Estates of Arlington Woods","SECTOR":"Sector 15","DIVISION":"West","CENSUS_TRC":"5050135.01","WARD":"Ward 9 - Knoxdale-Merivale","COUNCILLOR":"Sean Devine","OFF_TYPE":"Criminal"}},{"type":"Feature","id":335,"geometry":null,"properties":{"OBJECTID":335,"ID":"334","YEAR":2021,"REP_DATE":"Sun, 05 Dec 2021 00:00:00 GMT","OCC_DATE":"Thu, 02 Dec 2021 00:00:00 GMT","WEEKDAY":"Thursday","HATE_CRIME":"Race/Ethnicity","HC_MOTIVATION":"Black","HC_STATUS":"Hatecrime Happened","OFF_CATEG":"Mischief With Data","NB_NAME_EN":"Woodvale - Craig Henry - Manordale - Estates of Arlington Woods","SECTOR":"Sector 15","DIVISION":"West","CENSUS_TRC":"5050135.01","WARD":"Ward 9 - Knoxdale-Merivale","COUNCILLOR":"Sean Devine","OFF_TYPE":"Criminal"}},{"type":"Feature","id":336,"geometry":null,"properties":{"OBJECTID":336,"ID":"335","YEAR":2021,"REP_DATE":"Mon, 08 Nov 2021 00:00:00 GMT","OCC_DATE":"Fri, 05 Nov 2021 00:00:00 GMT","WEEKDAY":"Friday","HATE_CRIME":"Religion","HC_MOTIVATION":"Jewish","HC_STATUS":"Hatecrime Happened","OFF_CATEG":"Mischief To Property","NB_NAME_EN":"Centrepointe","SECTOR":"Sector 15","DIVISION":"West","CENSUS_TRC":"5050137.05","WARD":"Ward 8 - College","COUNCILLOR":"Laine Johnson","OFF_TYPE":"Criminal"}},{"type":"Feature","id":337,"geometry":null,"properties":{"OBJECTID":337,"ID":"336","YEAR":2019,"REP_DATE":"Fri, 01 Nov 2019 00:00:00 GMT","OCC_DATE":"Fri, 01 Nov 2019 00:00:00 GMT","WEEKDAY":"Friday","HATE_CRIME":"Religion","HC_MOTIVATION":"Jewish","HC_STATUS":"Hatecrime Happened","OFF_CATEG":"Mischief To Property","NB_NAME_EN":"Centrepointe","SECTOR":"Sector 15","DIVISION":"West","CENSUS_TRC":"5050137.05","WARD":"Ward 8 - College","COUNCILLOR":"Laine Johnson","OFF_TYPE":"Criminal"}},{"type":"Feature","id":338,"geometry":null,"properties":{"OBJECTID":338,"ID":"337","YEAR":2022,"REP_DATE":"Tue, 12 Jul 2022 00:00:00 GMT","OCC_DATE":"Fri, 08 Jul 2022 00:00:00 GMT","WEEKDAY":"Friday","HATE_CRIME":"Religion","HC_MOTIVATION":"Jewish","HC_STATUS":"Hatecrime Happened","OFF_CATEG":"Mischief To Property","NB_NAME_EN":"Trend-Arlington","SECTOR":"Sector 15","DIVISION":"West","CENSUS_TRC":"5050135.02","WARD":"Ward 9 - Knoxdale-Merivale","COUNCILLOR":"Sean Devine","OFF_TYPE":"Criminal"}},{"type":"Feature","id":339,"geometry":null,"properties":{"OBJECTID":339,"ID":"338","YEAR":2021,"REP_DATE":"Thu, 10 Jun 2021 00:00:00 GMT","OCC_DATE":"Thu, 10 Jun 2021 00:00:00 GMT","WEEKDAY":"Thursday","HATE_CRIME":"Race/Ethnicity","HC_MOTIVATION":"Black","HC_STATUS":"Hatecrime Suspected","OFF_CATEG":"Dispute- Disturbance","NB_NAME_EN":"Briar Green - Leslie Park","SECTOR":"Sector 15","DIVISION":"West","CENSUS_TRC":"5050137.04","WARD":"Ward 8 - College","COUNCILLOR":"Laine Johnson","OFF_TYPE":"Non Criminal"}},{"type":"Feature","id":340,"geometry":null,"properties":{"OBJECTID":340,"ID":"339","YEAR":2021,"REP_DATE":"Thu, 10 Jun 2021 00:00:00 GMT","OCC_DATE":"Thu, 10 Jun 2021 00:00:00 GMT","WEEKDAY":"Thursday","HATE_CRIME":"Race/Ethnicity","HC_MOTIVATION":"Black","HC_STATUS":"Hatecrime Suspected","OFF_CATEG":"Dispute- Disturbance","NB_NAME_EN":"Briar Green - Leslie Park","SECTOR":"Sector 15","DIVISION":"West","CENSUS_TRC":"5050137.04","WARD":"Ward 8 - College","COUNCILLOR":"Laine Johnson","OFF_TYPE":"Non Criminal"}},{"type":"Feature","id":341,"geometry":null,"properties":{"OBJECTID":341,"ID":"340","YEAR":2023,"REP_DATE":"Fri, 20 Oct 2023 00:00:00 GMT","OCC_DATE":"Thu, 19 Oct 2023 00:00:00 GMT","WEEKDAY":"Thursday","HATE_CRIME":"Religion","HC_MOTIVATION":"Jewish","HC_STATUS":"Hatecrime Happened","OFF_CATEG":"Mischief To Property","NB_NAME_EN":"Crestview - Meadowlands","SECTOR":"Sector 17","DIVISION":"West","CENSUS_TRC":"5050133.00","WARD":"Ward 8 - College","COUNCILLOR":"Laine Johnson","OFF_TYPE":"Criminal"}},{"type":"Feature","id":342,"geometry":null,"properties":{"OBJECTID":342,"ID":"341","YEAR":2023,"REP_DATE":"Wed, 30 Aug 2023 00:00:00 GMT","OCC_DATE":"Tue, 29 Aug 2023 00:00:00 GMT","WEEKDAY":"Tuesday","HATE_CRIME":"Race/Ethnicity","HC_MOTIVATION":"Black","HC_STATUS":"Hatecrime Happened","OFF_CATEG":"Mischief To Property","NB_NAME_EN":"New Barrhaven - New Development - Stonebridge","SECTOR":"Sector 16","DIVISION":"West","CENSUS_TRC":"5050141.25","WARD":"Ward 3 - Barrhaven West","COUNCILLOR":"David Hill","OFF_TYPE":"Criminal"}},{"type":"Feature","id":343,"geometry":null,"properties":{"OBJECTID":343,"ID":"342","YEAR":2022,"REP_DATE":"Sun, 10 Jul 2022 00:00:00 GMT","OCC_DATE":"Sat, 09 Jul 2022 00:00:00 GMT","WEEKDAY":"Saturday","HATE_CRIME":"Race/Ethnicity","HC_MOTIVATION":"Unknown race/ethnicity","HC_STATUS":"Hatecrime Suspected","OFF_CATEG":"Mischief To Property","NB_NAME_EN":"Civic Hospital-Central Park","SECTOR":"Sector 21","DIVISION":"Central","CENSUS_TRC":"5050023.01","WARD":"Ward 8 - College","COUNCILLOR":"Laine Johnson","OFF_TYPE":"Criminal"}},{"type":"Feature","id":344,"geometry":null,"properties":{"OBJECTID":344,"ID":"343","YEAR":2023,"REP_DATE":"Sat, 11 Mar 2023 00:00:00 GMT","OCC_DATE":"Thu, 09 Mar 2023 00:00:00 GMT","WEEKDAY":"Thursday","HATE_CRIME":"Race/Ethnicity","HC_MOTIVATION":"Latin American","HC_STATUS":"Hatecrime Suspected","OFF_CATEG":"Dispute- Disturbance","NB_NAME_EN":"Braemar Park - Bel Air Heights - Copeland Park","SECTOR":"Sector 17","DIVISION":"West","CENSUS_TRC":"5050024.00","WARD":"Ward 8 - College","COUNCILLOR":"Laine Johnson","OFF_TYPE":"Non Criminal"}},{"type":"Feature","id":345,"geometry":null,"properties":{"OBJECTID":345,"ID":"344","YEAR":2018,"REP_DATE":"Sun, 08 Jul 2018 00:00:00 GMT","OCC_DATE":"Sun, 08 Jul 2018 00:00:00 GMT","WEEKDAY":"Sunday","HATE_CRIME":"Race/Ethnicity","HC_MOTIVATION":"Black","HC_STATUS":"Hatecrime Happened","OFF_CATEG":"Mischief To Property","NB_NAME_EN":"Richmond","SECTOR":"Sector 12","DIVISION":"West","CENSUS_TRC":"5050151.03","WARD":"Ward 21 - Rideau-Jock","COUNCILLOR":"David Brown","OFF_TYPE":"Criminal"}},{"type":"Feature","id":346,"geometry":null,"properties":{"OBJECTID":346,"ID":"345","YEAR":2022,"REP_DATE":"Sun, 19 Jun 2022 00:00:00 GMT","OCC_DATE":"Sun, 19 Jun 2022 00:00:00 GMT","WEEKDAY":"Sunday","HATE_CRIME":"Race/Ethnicity","HC_MOTIVATION":"Black","HC_STATUS":"Hatecrime Happened","OFF_CATEG":"Mischief Hate Cultrl/ Rel Prop","NB_NAME_EN":"Barrhaven","SECTOR":"Sector 16","DIVISION":"West","CENSUS_TRC":"5050140.07","WARD":"Ward 3 - Barrhaven West","COUNCILLOR":"David Hill","OFF_TYPE":"Criminal"}},{"type":"Feature","id":347,"geometry":null,"properties":{"OBJECTID":347,"ID":"346","YEAR":2023,"REP_DATE":"Mon, 12 Jun 2023 00:00:00 GMT","OCC_DATE":"Fri, 09 Jun 2023 00:00:00 GMT","WEEKDAY":"Friday","HATE_CRIME":"Sexual Orientation","HC_MOTIVATION":"LGBTQ2+","HC_STATUS":"Hatecrime Happened","OFF_CATEG":"Theft \u003c $5000","NB_NAME_EN":"Laurentian","SECTOR":"Sector 14","DIVISION":"West","CENSUS_TRC":"5050032.02","WARD":"Ward 15 - Kitchissippi","COUNCILLOR":"Jeff Leiper","OFF_TYPE":"Criminal"}},{"type":"Feature","id":348,"geometry":null,"properties":{"OBJECTID":348,"ID":"347","YEAR":2018,"REP_DATE":"Wed, 08 Aug 2018 00:00:00 GMT","OCC_DATE":"Mon, 06 Aug 2018 00:00:00 GMT","WEEKDAY":"Monday","HATE_CRIME":"Sexual Orientation","HC_MOTIVATION":"LGBTQ2+","HC_STATUS":"Hatecrime Suspected","OFF_CATEG":"Mischief To Property","NB_NAME_EN":"Carlington","SECTOR":"Sector 21","DIVISION":"Central","CENSUS_TRC":"5050022.00","WARD":"Ward 16 - River","COUNCILLOR":"Riley Brockington","OFF_TYPE":"Criminal"}},{"type":"Feature","id":349,"geometry":null,"properties":{"OBJECTID":349,"ID":"348","YEAR":2021,"REP_DATE":"Mon, 25 Oct 2021 00:00:00 GMT","OCC_DATE":"Mon, 18 Oct 2021 00:00:00 GMT","WEEKDAY":"Monday","HATE_CRIME":"Religion","HC_MOTIVATION":"Jewish","HC_STATUS":"Hatecrime Happened","OFF_CATEG":"Mischief To Property","NB_NAME_EN":"New Barrhaven - New Development - Stonebridge","SECTOR":"Sector 16","DIVISION":"West","CENSUS_TRC":"5050141.20","WARD":"Ward 3 - Barrhaven West","COUNCILLOR":"David Hill","OFF_TYPE":"Criminal"}},{"type":"Feature","id":350,"geometry":null,"properties":{"OBJECTID":350,"ID":"349","YEAR":2022,"REP_DATE":"Sun, 06 Nov 2022 00:00:00 GMT","OCC_DATE":"Sun, 06 Nov 2022 00:00:00 GMT","WEEKDAY":"Sunday","HATE_CRIME":"Religion","HC_MOTIVATION":"Muslim (Islam)","HC_STATUS":"Hatecrime Suspected","OFF_CATEG":"Assault Level 1","NB_NAME_EN":"New Barrhaven - New Development - Stonebridge","SECTOR":"Sector 16","DIVISION":"West","CENSUS_TRC":"5050141.20","WARD":"Ward 3 - Barrhaven West","COUNCILLOR":"David Hill","OFF_TYPE":"Criminal"}},{"type":"Feature","id":351,"geometry":null,"properties":{"OBJECTID":351,"ID":"350","YEAR":2022,"REP_DATE":"Wed, 18 May 2022 00:00:00 GMT","OCC_DATE":"Wed, 18 May 2022 00:00:00 GMT","WEEKDAY":"Wednesday","HATE_CRIME":"Sexual Orientation","HC_MOTIVATION":"LGBTQ2+","HC_STATUS":"Hatecrime Happened","OFF_CATEG":"Assault With Weapon Or Cbh Lv2","NB_NAME_EN":"New Barrhaven - New Development - Stonebridge","SECTOR":"Sector 16","DIVISION":"West","CENSUS_TRC":"5050141.17","WARD":"Ward 24 - Barrhaven East","COUNCILLOR":"Wilson Lo","OFF_TYPE":"Criminal"}},{"type":"Feature","id":352,"geometry":null,"properties":{"OBJECTID":352,"ID":"351","YEAR":2024,"REP_DATE":"Tue, 30 Jan 2024 00:00:00 GMT","OCC_DATE":"Mon, 29 Jan 2024 00:00:00 GMT","WEEKDAY":"Monday","HATE_CRIME":"Religion","HC_MOTIVATION":"Jewish","HC_STATUS":"Hatecrime Suspected","OFF_CATEG":"Suspicious Circumstance( S)","NB_NAME_EN":"Civic Hospital-Central Park","SECTOR":"Sector 21","DIVISION":"Central","CENSUS_TRC":"5050023.02","WARD":"Ward 16 - River","COUNCILLOR":"Riley Brockington","OFF_TYPE":"Non Criminal"}},{"type":"Feature","id":353,"geometry":null,"properties":{"OBJECTID":353,"ID":"352","YEAR":2023,"REP_DATE":"Fri, 05 May 2023 00:00:00 GMT","OCC_DATE":"Fri, 05 May 2023 00:00:00 GMT","WEEKDAY":"Friday","HATE_CRIME":"Race/Ethnicity","HC_MOTIVATION":"India,Pakistan/South Asian","HC_STATUS":"Hatecrime Happened","OFF_CATEG":"Dispute- Disturbance","NB_NAME_EN":"Civic Hospital-Central Park","SECTOR":"Sector 21","DIVISION":"Central","CENSUS_TRC":"5050023.02","WARD":"Ward 16 - River","COUNCILLOR":"Riley Brockington","OFF_TYPE":"Non Criminal"}},{"type":"Feature","id":354,"geometry":null,"properties":{"OBJECTID":354,"ID":"353","YEAR":2023,"REP_DATE":"Sun, 29 Oct 2023 00:00:00 GMT","OCC_DATE":"Sun, 29 Oct 2023 00:00:00 GMT","WEEKDAY":"Sunday","HATE_CRIME":"Combination (More than 2 Motivations)","HC_MOTIVATION":"Combination (More than 2 Motivations)","HC_STATUS":"Hatecrime Suspected","OFF_CATEG":"Threats Utter To Person","NB_NAME_EN":"New Barrhaven - New Development - Stonebridge","SECTOR":"Sector 16","DIVISION":"West","CENSUS_TRC":"5050141.20","WARD":"Ward 3 - Barrhaven West","COUNCILLOR":"David Hill","OFF_TYPE":"Criminal"}},{"type":"Feature","id":355,"geometry":null,"properties":{"OBJECTID":355,"ID":"354","YEAR":2023,"REP_DATE":"Fri, 13 Oct 2023 00:00:00 GMT","OCC_DATE":"Fri, 13 Oct 2023 00:00:00 GMT","WEEKDAY":"Friday","HATE_CRIME":"Religion","HC_MOTIVATION":"Jewish","HC_STATUS":"Hatecrime Suspected","OFF_CATEG":"Threats Utter To Person","NB_NAME_EN":"Carlingwood West - Glabar Park - McKellar Heights","SECTOR":"Sector 14","DIVISION":"West","CENSUS_TRC":"5050031.00","WARD":"Ward 7 - Bay","COUNCILLOR":"Theresa Kavanagh","OFF_TYPE":"Criminal"}},{"type":"Feature","id":356,"geometry":null,"properties":{"OBJECTID":356,"ID":"355","YEAR":2018,"REP_DATE":"Tue, 06 Feb 2018 00:00:00 GMT","OCC_DATE":"Tue, 06 Feb 2018 00:00:00 GMT","WEEKDAY":"Tuesday","HATE_CRIME":"Religion","HC_MOTIVATION":"Jewish","HC_STATUS":"Hatecrime Happened","OFF_CATEG":"Threats Utter To Person","NB_NAME_EN":"Carlingwood West - Glabar Park - McKellar Heights","SECTOR":"Sector 14","DIVISION":"West","CENSUS_TRC":"5050031.00","WARD":"Ward 7 - Bay","COUNCILLOR":"Theresa Kavanagh","OFF_TYPE":"Criminal"}},{"type":"Feature","id":357,"geometry":null,"properties":{"OBJECTID":357,"ID":"356","YEAR":2023,"REP_DATE":"Sun, 11 Jun 2023 00:00:00 GMT","OCC_DATE":"Sat, 10 Jun 2023 00:00:00 GMT","WEEKDAY":"Saturday","HATE_CRIME":"Sexual Orientation","HC_MOTIVATION":"LGBTQ2+","HC_STATUS":"Hatecrime Suspected","OFF_CATEG":"Theft \u003c $5000","NB_NAME_EN":"Barrhaven","SECTOR":"Sector 16","DIVISION":"West","CENSUS_TRC":"5050140.04","WARD":"Ward 3 - Barrhaven West","COUNCILLOR":"David Hill","OFF_TYPE":"Criminal"}},{"type":"Feature","id":358,"geometry":null,"properties":{"OBJECTID":358,"ID":"357","YEAR":2022,"REP_DATE":"Wed, 13 Apr 2022 00:00:00 GMT","OCC_DATE":"Wed, 13 Apr 2022 00:00:00 GMT","WEEKDAY":"Wednesday","HATE_CRIME":"Race/Ethnicity","HC_MOTIVATION":"Black","HC_STATUS":"Hatecrime Happened","OFF_CATEG":"Mischief To Property","NB_NAME_EN":"Centrepointe","SECTOR":"Sector 15","DIVISION":"West","CENSUS_TRC":"5050137.05","WARD":"Ward 8 - College","COUNCILLOR":"Laine Johnson","OFF_TYPE":"Criminal"}},{"type":"Feature","id":359,"geometry":null,"properties":{"OBJECTID":359,"ID":"358","YEAR":2022,"REP_DATE":"Sat, 17 Sep 2022 00:00:00 GMT","OCC_DATE":"Fri, 16 Sep 2022 00:00:00 GMT","WEEKDAY":"Friday","HATE_CRIME":"Sexual Orientation","HC_MOTIVATION":"LGBTQ2+","HC_STATUS":"Hatecrime Suspected","OFF_CATEG":"Fire Arson Property Damage","NB_NAME_EN":"Island Park","SECTOR":"Sector 21","DIVISION":"Central","CENSUS_TRC":"5050044.00","WARD":"Ward 15 - Kitchissippi","COUNCILLOR":"Jeff Leiper","OFF_TYPE":"Criminal"}},{"type":"Feature","id":360,"geometry":null,"properties":{"OBJECTID":360,"ID":"359","YEAR":2023,"REP_DATE":"Fri, 28 Jul 2023 00:00:00 GMT","OCC_DATE":"Fri, 28 Jul 2023 00:00:00 GMT","WEEKDAY":"Friday","HATE_CRIME":"Sexual Orientation","HC_MOTIVATION":"LGBTQ2+","HC_STATUS":"Hatecrime Suspected","OFF_CATEG":"Mischief Police Vehicle","NB_NAME_EN":"New Barrhaven - New Development - Stonebridge","SECTOR":"Sector 16","DIVISION":"West","CENSUS_TRC":"5050141.16","WARD":"Ward 24 - Barrhaven East","COUNCILLOR":"Wilson Lo","OFF_TYPE":"Criminal"}},{"type":"Feature","id":361,"geometry":null,"properties":{"OBJECTID":361,"ID":"360","YEAR":2020,"REP_DATE":"Sun, 28 Jun 2020 00:00:00 GMT","OCC_DATE":"Sun, 28 Jun 2020 00:00:00 GMT","WEEKDAY":"Sunday","HATE_CRIME":"Race/Ethnicity","HC_MOTIVATION":"Black","HC_STATUS":"Hatecrime Happened","OFF_CATEG":"Assault Level 1","NB_NAME_EN":"New Barrhaven - New Development - Stonebridge","SECTOR":"Sector 16","DIVISION":"West","CENSUS_TRC":"5050141.11","WARD":"Ward 24 - Barrhaven East","COUNCILLOR":"Wilson Lo","OFF_TYPE":"Criminal"}},{"type":"Feature","id":362,"geometry":null,"properties":{"OBJECTID":362,"ID":"361","YEAR":2020,"REP_DATE":"Sat, 19 Sep 2020 00:00:00 GMT","OCC_DATE":"Fri, 18 Sep 2020 00:00:00 GMT","WEEKDAY":"Friday","HATE_CRIME":"Religion","HC_MOTIVATION":"Muslim (Islam)","HC_STATUS":"Hatecrime Suspected","OFF_CATEG":"Harass Harrassment","NB_NAME_EN":"Crystal Bay - Lakeview Park","SECTOR":"Sector 14","DIVISION":"West","CENSUS_TRC":"5050139.00","WARD":"Ward 7 - Bay","COUNCILLOR":"Theresa Kavanagh","OFF_TYPE":"Non Criminal"}},{"type":"Feature","id":363,"geometry":null,"properties":{"OBJECTID":363,"ID":"362","YEAR":2024,"REP_DATE":"Sat, 13 Jan 2024 00:00:00 GMT","OCC_DATE":"Sat, 13 Jan 2024 00:00:00 GMT","WEEKDAY":"Saturday","HATE_CRIME":"Race/Ethnicity","HC_MOTIVATION":"Arab(West Asian,Middle Eastern and North African origins)","HC_STATUS":"Hatecrime Suspected","OFF_CATEG":"Threats Utter To Person","NB_NAME_EN":"New Barrhaven - New Development - Stonebridge","SECTOR":"Sector 16","DIVISION":"West","CENSUS_TRC":"5050141.24","WARD":"Ward 3 - Barrhaven West","COUNCILLOR":"David Hill","OFF_TYPE":"Criminal"}},{"type":"Feature","id":364,"geometry":null,"properties":{"OBJECTID":364,"ID":"363","YEAR":2022,"REP_DATE":"Sun, 29 May 2022 00:00:00 GMT","OCC_DATE":"Sun, 29 May 2022 00:00:00 GMT","WEEKDAY":"Sunday","HATE_CRIME":"Sexual Orientation","HC_MOTIVATION":"LGBTQ2+","HC_STATUS":"Hatecrime Suspected","OFF_CATEG":"Mischief To Property","NB_NAME_EN":"New Barrhaven - New Development - Stonebridge","SECTOR":"Sector 16","DIVISION":"West","CENSUS_TRC":"5050141.24","WARD":"Ward 3 - Barrhaven West","COUNCILLOR":"David Hill","OFF_TYPE":"Criminal"}},{"type":"Feature","id":365,"geometry":null,"properties":{"OBJECTID":365,"ID":"364","YEAR":2023,"REP_DATE":"Thu, 01 Jun 2023 00:00:00 GMT","OCC_DATE":"Wed, 31 May 2023 00:00:00 GMT","WEEKDAY":"Wednesday","HATE_CRIME":"Race/Ethnicity","HC_MOTIVATION":"India,Pakistan/South Asian","HC_STATUS":"Hatecrime Happened","OFF_CATEG":"Assault Under 16","NB_NAME_EN":"New Barrhaven - New Development - Stonebridge","SECTOR":"Sector 16","DIVISION":"West","CENSUS_TRC":"5050141.24","WARD":"Ward 3 - Barrhaven West","COUNCILLOR":"David Hill","OFF_TYPE":"Criminal"}},{"type":"Feature","id":366,"geometry":null,"properties":{"OBJECTID":366,"ID":"365","YEAR":2023,"REP_DATE":"Thu, 01 Jun 2023 00:00:00 GMT","OCC_DATE":"Wed, 31 May 2023 00:00:00 GMT","WEEKDAY":"Wednesday","HATE_CRIME":"Race/Ethnicity","HC_MOTIVATION":"India,Pakistan/South Asian","HC_STATUS":"Hatecrime Happened","OFF_CATEG":"Assault Under 16","NB_NAME_EN":"New Barrhaven - New Development - Stonebridge","SECTOR":"Sector 16","DIVISION":"West","CENSUS_TRC":"5050141.24","WARD":"Ward 3 - Barrhaven West","COUNCILLOR":"David Hill","OFF_TYPE":"Criminal"}},{"type":"Feature","id":367,"geometry":null,"properties":{"OBJECTID":367,"ID":"366","YEAR":2023,"REP_DATE":"Sun, 16 Jul 2023 00:00:00 GMT","OCC_DATE":"Sun, 16 Jul 2023 00:00:00 GMT","WEEKDAY":"Sunday","HATE_CRIME":"Race/Ethnicity","HC_MOTIVATION":"India,Pakistan/South Asian","HC_STATUS":"Hatecrime Suspected","OFF_CATEG":"Dispute- Neighbour","NB_NAME_EN":"Iris","SECTOR":"Sector 15","DIVISION":"West","CENSUS_TRC":"5050026.00","WARD":"Ward 8 - College","COUNCILLOR":"Laine Johnson","OFF_TYPE":"Non Criminal"}},{"type":"Feature","id":368,"geometry":null,"properties":{"OBJECTID":368,"ID":"367","YEAR":2019,"REP_DATE":"Fri, 16 Aug 2019 00:00:00 GMT","OCC_DATE":"Fri, 16 Aug 2019 00:00:00 GMT","WEEKDAY":"Friday","HATE_CRIME":"Religion","HC_MOTIVATION":"Muslim (Islam)","HC_STATUS":"Hatecrime Happened","OFF_CATEG":"Disturbance Causing, Loiter Etc","NB_NAME_EN":"Crestview - Meadowlands","SECTOR":"Sector 17","DIVISION":"West","CENSUS_TRC":"5050133.00","WARD":"Ward 8 - College","COUNCILLOR":"Laine Johnson","OFF_TYPE":"Criminal"}},{"type":"Feature","id":369,"geometry":null,"properties":{"OBJECTID":369,"ID":"368","YEAR":2020,"REP_DATE":"Wed, 19 Feb 2020 00:00:00 GMT","OCC_DATE":"Wed, 19 Feb 2020 00:00:00 GMT","WEEKDAY":"Wednesday","HATE_CRIME":"Race/Ethnicity","HC_MOTIVATION":"East and Southeast Asian","HC_STATUS":"Hatecrime Suspected","OFF_CATEG":"Threats Utter To Person","NB_NAME_EN":"Island Park","SECTOR":"Sector 21","DIVISION":"Central","CENSUS_TRC":"5050044.00","WARD":"Ward 15 - Kitchissippi","COUNCILLOR":"Jeff Leiper","OFF_TYPE":"Criminal"}},{"type":"Feature","id":370,"geometry":null,"properties":{"OBJECTID":370,"ID":"369","YEAR":2018,"REP_DATE":"Tue, 30 Jan 2018 00:00:00 GMT","OCC_DATE":"Tue, 30 Jan 2018 00:00:00 GMT","WEEKDAY":"Tuesday","HATE_CRIME":"Religion","HC_MOTIVATION":"Muslim (Islam)","HC_STATUS":"Hatecrime Happened","OFF_CATEG":"Mischief Hate Cultrl/ Rel Prop","NB_NAME_EN":"Bells Corners West","SECTOR":"Sector 15","DIVISION":"West","CENSUS_TRC":"5050136.02","WARD":"Ward 8 - College","COUNCILLOR":"Laine Johnson","OFF_TYPE":"Criminal"}},{"type":"Feature","id":371,"geometry":null,"properties":{"OBJECTID":371,"ID":"370","YEAR":2020,"REP_DATE":"Mon, 29 Jun 2020 00:00:00 GMT","OCC_DATE":"Mon, 29 Jun 2020 00:00:00 GMT","WEEKDAY":"Monday","HATE_CRIME":"Religion","HC_MOTIVATION":"Jewish","HC_STATUS":"Hatecrime Happened","OFF_CATEG":"Mischief With Data","NB_NAME_EN":"Centrepointe","SECTOR":"Sector 15","DIVISION":"West","CENSUS_TRC":"5050137.05","WARD":"Ward 8 - College","COUNCILLOR":"Laine Johnson","OFF_TYPE":"Criminal"}},{"type":"Feature","id":372,"geometry":null,"properties":{"OBJECTID":372,"ID":"371","YEAR":2023,"REP_DATE":"Tue, 21 Nov 2023 00:00:00 GMT","OCC_DATE":"Sun, 19 Nov 2023 00:00:00 GMT","WEEKDAY":"Sunday","HATE_CRIME":"Religion","HC_MOTIVATION":"Jewish","HC_STATUS":"Hatecrime Happened","OFF_CATEG":"Mischief To Property","NB_NAME_EN":"Woodvale - Craig Henry - Manordale - Estates of Arlington Woods","SECTOR":"Sector 15","DIVISION":"West","CENSUS_TRC":"5050135.01","WARD":"Ward 9 - Knoxdale-Merivale","COUNCILLOR":"Sean Devine","OFF_TYPE":"Criminal"}},{"type":"Feature","id":373,"geometry":null,"properties":{"OBJECTID":373,"ID":"372","YEAR":2021,"REP_DATE":"Sat, 27 Nov 2021 00:00:00 GMT","OCC_DATE":"Fri, 12 Nov 2021 00:00:00 GMT","WEEKDAY":"Friday","HATE_CRIME":"Race/Ethnicity","HC_MOTIVATION":"East and Southeast Asian","HC_STATUS":"Hatecrime Suspected","OFF_CATEG":"Mischief To Property","NB_NAME_EN":"New Barrhaven - New Development - Stonebridge","SECTOR":"Sector 16","DIVISION":"West","CENSUS_TRC":"5050141.20","WARD":"Ward 3 - Barrhaven West","COUNCILLOR":"David Hill","OFF_TYPE":"Criminal"}},{"type":"Feature","id":374,"geometry":null,"properties":{"OBJECTID":374,"ID":"373","YEAR":2023,"REP_DATE":"Tue, 14 Nov 2023 00:00:00 GMT","OCC_DATE":"Tue, 14 Nov 2023 00:00:00 GMT","WEEKDAY":"Tuesday","HATE_CRIME":"Religion","HC_MOTIVATION":"Jewish","HC_STATUS":"Hatecrime Suspected","OFF_CATEG":"Information ( General)","NB_NAME_EN":"Westboro","SECTOR":"Sector 21","DIVISION":"Central","CENSUS_TRC":"5050045.02","WARD":"Ward 15 - Kitchissippi","COUNCILLOR":"Jeff Leiper","OFF_TYPE":"Non Criminal"}},{"type":"Feature","id":375,"geometry":null,"properties":{"OBJECTID":375,"ID":"374","YEAR":2024,"REP_DATE":"Wed, 17 Jan 2024 00:00:00 GMT","OCC_DATE":"Tue, 16 Jan 2024 00:00:00 GMT","WEEKDAY":"Tuesday","HATE_CRIME":"Religion","HC_MOTIVATION":"Jewish","HC_STATUS":"Hatecrime Happened","OFF_CATEG":"Mischief To Property","NB_NAME_EN":"Braemar Park - Bel Air Heights - Copeland Park","SECTOR":"Sector 17","DIVISION":"West","CENSUS_TRC":"5050024.00","WARD":"Ward 8 - College","COUNCILLOR":"Laine Johnson","OFF_TYPE":"Criminal"}},{"type":"Feature","id":376,"geometry":null,"properties":{"OBJECTID":376,"ID":"375","YEAR":2021,"REP_DATE":"Sun, 03 Oct 2021 00:00:00 GMT","OCC_DATE":"Sun, 03 Oct 2021 00:00:00 GMT","WEEKDAY":"Sunday","HATE_CRIME":"Race/Ethnicity","HC_MOTIVATION":"Black","HC_STATUS":"Hatecrime Happened","OFF_CATEG":"Mischief To Property","NB_NAME_EN":"Carlingwood West - Glabar Park - McKellar Heights","SECTOR":"Sector 14","DIVISION":"West","CENSUS_TRC":"5050025.00","WARD":"Ward 7 - Bay","COUNCILLOR":"Theresa Kavanagh","OFF_TYPE":"Criminal"}},{"type":"Feature","id":377,"geometry":null,"properties":{"OBJECTID":377,"ID":"376","YEAR":2021,"REP_DATE":"Wed, 08 Sep 2021 00:00:00 GMT","OCC_DATE":"Tue, 07 Sep 2021 00:00:00 GMT","WEEKDAY":"Tuesday","HATE_CRIME":"Religion","HC_MOTIVATION":"Jewish","HC_STATUS":"Hatecrime Happened","OFF_CATEG":"Mischief To Property","NB_NAME_EN":"Carlingwood West - Glabar Park - McKellar Heights","SECTOR":"Sector 14","DIVISION":"West","CENSUS_TRC":"5050025.00","WARD":"Ward 7 - Bay","COUNCILLOR":"Theresa Kavanagh","OFF_TYPE":"Criminal"}},{"type":"Feature","id":378,"geometry":null,"properties":{"OBJECTID":378,"ID":"377","YEAR":2023,"REP_DATE":"Mon, 27 Mar 2023 00:00:00 GMT","OCC_DATE":"Wed, 08 Mar 2023 00:00:00 GMT","WEEKDAY":"Wednesday","HATE_CRIME":"Religion","HC_MOTIVATION":"Jewish","HC_STATUS":"Hatecrime Happened","OFF_CATEG":"Wilful Promotion Of Hatred","NB_NAME_EN":"Carlingwood West - Glabar Park - McKellar Heights","SECTOR":"Sector 14","DIVISION":"West","CENSUS_TRC":"5050025.00","WARD":"Ward 7 - Bay","COUNCILLOR":"Theresa Kavanagh","OFF_TYPE":"Criminal"}},{"type":"Feature","id":379,"geometry":null,"properties":{"OBJECTID":379,"ID":"378","YEAR":2020,"REP_DATE":"Mon, 16 Mar 2020 00:00:00 GMT","OCC_DATE":"Sun, 15 Mar 2020 00:00:00 GMT","WEEKDAY":"Sunday","HATE_CRIME":"Sexual Orientation","HC_MOTIVATION":"LGBTQ2+","HC_STATUS":"Hatecrime Suspected","OFF_CATEG":"Mischief To Property","NB_NAME_EN":"Carlingwood West - Glabar Park - McKellar Heights","SECTOR":"Sector 14","DIVISION":"West","CENSUS_TRC":"5050025.00","WARD":"Ward 7 - Bay","COUNCILLOR":"Theresa Kavanagh","OFF_TYPE":"Criminal"}},{"type":"Feature","id":380,"geometry":null,"properties":{"OBJECTID":380,"ID":"379","YEAR":2023,"REP_DATE":"Wed, 22 Mar 2023 00:00:00 GMT","OCC_DATE":"Sun, 22 Mar 2020 00:00:00 GMT","WEEKDAY":"Sunday","HATE_CRIME":"Race/Ethnicity","HC_MOTIVATION":"Indigenous/Aboriginal","HC_STATUS":"Hatecrime Suspected","OFF_CATEG":"Harass Race/ Religion","NB_NAME_EN":"Carlington","SECTOR":"Sector 21","DIVISION":"Central","CENSUS_TRC":"5050022.00","WARD":"Ward 16 - River","COUNCILLOR":"Riley Brockington","OFF_TYPE":"Non Criminal"}},{"type":"Feature","id":381,"geometry":null,"properties":{"OBJECTID":381,"ID":"380","YEAR":2022,"REP_DATE":"Fri, 16 Sep 2022 00:00:00 GMT","OCC_DATE":"Fri, 16 Sep 2022 00:00:00 GMT","WEEKDAY":"Friday","HATE_CRIME":"Religion","HC_MOTIVATION":"Jewish","HC_STATUS":"Hatecrime Happened","OFF_CATEG":"Threats Bomb","NB_NAME_EN":"Carlingwood West - Glabar Park - McKellar Heights","SECTOR":"Sector 14","DIVISION":"West","CENSUS_TRC":"5050025.00","WARD":"Ward 7 - Bay","COUNCILLOR":"Theresa Kavanagh","OFF_TYPE":"Criminal"}},{"type":"Feature","id":382,"geometry":null,"properties":{"OBJECTID":382,"ID":"381","YEAR":2021,"REP_DATE":"Tue, 04 May 2021 00:00:00 GMT","OCC_DATE":"Tue, 04 May 2021 00:00:00 GMT","WEEKDAY":"Tuesday","HATE_CRIME":"Religion","HC_MOTIVATION":"Jewish","HC_STATUS":"Hatecrime Suspected","OFF_CATEG":"Suspicious Calls","NB_NAME_EN":"Carlingwood West - Glabar Park - McKellar Heights","SECTOR":"Sector 14","DIVISION":"West","CENSUS_TRC":"5050025.00","WARD":"Ward 7 - Bay","COUNCILLOR":"Theresa Kavanagh","OFF_TYPE":"Non Criminal"}},{"type":"Feature","id":383,"geometry":null,"properties":{"OBJECTID":383,"ID":"382","YEAR":2018,"REP_DATE":"Thu, 15 Feb 2018 00:00:00 GMT","OCC_DATE":"Thu, 15 Feb 2018 00:00:00 GMT","WEEKDAY":"Thursday","HATE_CRIME":"Religion","HC_MOTIVATION":"Jewish","HC_STATUS":"Hatecrime Happened","OFF_CATEG":"Threatening Communications","NB_NAME_EN":"Carlingwood West - Glabar Park - McKellar Heights","SECTOR":"Sector 14","DIVISION":"West","CENSUS_TRC":"5050025.00","WARD":"Ward 7 - Bay","COUNCILLOR":"Theresa Kavanagh","OFF_TYPE":"Criminal"}},{"type":"Feature","id":384,"geometry":null,"properties":{"OBJECTID":384,"ID":"383","YEAR":2021,"REP_DATE":"Thu, 20 May 2021 00:00:00 GMT","OCC_DATE":"Thu, 13 May 2021 00:00:00 GMT","WEEKDAY":"Thursday","HATE_CRIME":"Race/Ethnicity","HC_MOTIVATION":"East and Southeast Asian","HC_STATUS":"Hatecrime Suspected","OFF_CATEG":"Threats Utter To Person","NB_NAME_EN":"Westboro","SECTOR":"Sector 21","DIVISION":"Central","CENSUS_TRC":"5050045.02","WARD":"Ward 15 - Kitchissippi","COUNCILLOR":"Jeff Leiper","OFF_TYPE":"Criminal"}},{"type":"Feature","id":385,"geometry":null,"properties":{"OBJECTID":385,"ID":"384","YEAR":2023,"REP_DATE":"Sun, 14 May 2023 00:00:00 GMT","OCC_DATE":"Sun, 14 May 2023 00:00:00 GMT","WEEKDAY":"Sunday","HATE_CRIME":"Sexual Orientation","HC_MOTIVATION":"LGBTQ2+","HC_STATUS":"Hatecrime Happened","OFF_CATEG":"Harass Crim Stalking","NB_NAME_EN":"Westboro","SECTOR":"Sector 21","DIVISION":"Central","CENSUS_TRC":"5050045.02","WARD":"Ward 15 - Kitchissippi","COUNCILLOR":"Jeff Leiper","OFF_TYPE":"Criminal"}},{"type":"Feature","id":386,"geometry":null,"properties":{"OBJECTID":386,"ID":"385","YEAR":2022,"REP_DATE":"Fri, 18 Feb 2022 00:00:00 GMT","OCC_DATE":"Fri, 18 Feb 2022 00:00:00 GMT","WEEKDAY":"Friday","HATE_CRIME":"Religion","HC_MOTIVATION":"Muslim (Islam)","HC_STATUS":"Hatecrime Suspected","OFF_CATEG":"Dispute- Neighbour","NB_NAME_EN":"Woodvale - Craig Henry - Manordale - Estates of Arlington Woods","SECTOR":"Sector 15","DIVISION":"West","CENSUS_TRC":"5050135.01","WARD":"Ward 9 - Knoxdale-Merivale","COUNCILLOR":"Sean Devine","OFF_TYPE":"Non Criminal"}},{"type":"Feature","id":387,"geometry":null,"properties":{"OBJECTID":387,"ID":"386","YEAR":2021,"REP_DATE":"Fri, 28 May 2021 00:00:00 GMT","OCC_DATE":"Fri, 28 May 2021 00:00:00 GMT","WEEKDAY":"Friday","HATE_CRIME":"Race/Ethnicity","HC_MOTIVATION":"East and Southeast Asian","HC_STATUS":"Hatecrime Suspected","OFF_CATEG":"Suspicious Person( S)","NB_NAME_EN":"Westboro","SECTOR":"Sector 21","DIVISION":"Central","CENSUS_TRC":"5050045.02","WARD":"Ward 15 - Kitchissippi","COUNCILLOR":"Jeff Leiper","OFF_TYPE":"Non Criminal"}},{"type":"Feature","id":388,"geometry":null,"properties":{"OBJECTID":388,"ID":"387","YEAR":2021,"REP_DATE":"Sun, 14 Nov 2021 00:00:00 GMT","OCC_DATE":"Fri, 12 Nov 2021 00:00:00 GMT","WEEKDAY":"Friday","HATE_CRIME":"Religion","HC_MOTIVATION":"Jewish","HC_STATUS":"Hatecrime Happened","OFF_CATEG":"Mischief To Property","NB_NAME_EN":"New Barrhaven - New Development - Stonebridge","SECTOR":"Sector 16","DIVISION":"West","CENSUS_TRC":"5050140.03","WARD":"Ward 24 - Barrhaven East","COUNCILLOR":"Wilson Lo","OFF_TYPE":"Criminal"}},{"type":"Feature","id":389,"geometry":null,"properties":{"OBJECTID":389,"ID":"388","YEAR":2020,"REP_DATE":"Fri, 31 Jan 2020 00:00:00 GMT","OCC_DATE":"Fri, 31 Jan 2020 00:00:00 GMT","WEEKDAY":"Friday","HATE_CRIME":"Sexual Orientation","HC_MOTIVATION":"Other sexual orientation","HC_STATUS":"Hatecrime Happened","OFF_CATEG":"Assault Level 1","NB_NAME_EN":"Iris","SECTOR":"Sector 15","DIVISION":"West","CENSUS_TRC":"5050026.00","WARD":"Ward 8 - College","COUNCILLOR":"Laine Johnson","OFF_TYPE":"Criminal"}},{"type":"Feature","id":390,"geometry":null,"properties":{"OBJECTID":390,"ID":"389","YEAR":2020,"REP_DATE":"Tue, 20 Oct 2020 00:00:00 GMT","OCC_DATE":"Tue, 20 Oct 2020 00:00:00 GMT","WEEKDAY":"Tuesday","HATE_CRIME":"Race/Ethnicity","HC_MOTIVATION":"Black","HC_STATUS":"Hatecrime Happened","OFF_CATEG":"Assault With Weapon Or Cbh Lv2","NB_NAME_EN":"Bayshore","SECTOR":"Sector 14","DIVISION":"West","CENSUS_TRC":"5050138.00","WARD":"Ward 7 - Bay","COUNCILLOR":"Theresa Kavanagh","OFF_TYPE":"Criminal"}},{"type":"Feature","id":391,"geometry":null,"properties":{"OBJECTID":391,"ID":"390","YEAR":2020,"REP_DATE":"Mon, 31 Aug 2020 00:00:00 GMT","OCC_DATE":"Sat, 29 Aug 2020 00:00:00 GMT","WEEKDAY":"Saturday","HATE_CRIME":"Race/Ethnicity","HC_MOTIVATION":"Black","HC_STATUS":"Hatecrime Happened","OFF_CATEG":"Mischief To Property","NB_NAME_EN":"Bayshore","SECTOR":"Sector 14","DIVISION":"West","CENSUS_TRC":"5050138.00","WARD":"Ward 7 - Bay","COUNCILLOR":"Theresa Kavanagh","OFF_TYPE":"Criminal"}},{"type":"Feature","id":392,"geometry":null,"properties":{"OBJECTID":392,"ID":"391","YEAR":2023,"REP_DATE":"Tue, 21 Feb 2023 00:00:00 GMT","OCC_DATE":"Mon, 20 Feb 2023 00:00:00 GMT","WEEKDAY":"Monday","HATE_CRIME":"Race/Ethnicity","HC_MOTIVATION":"India,Pakistan/South Asian","HC_STATUS":"Hatecrime Happened","OFF_CATEG":"Mischief To Property","NB_NAME_EN":"Braemar Park - Bel Air Heights - Copeland Park","SECTOR":"Sector 17","DIVISION":"West","CENSUS_TRC":"5050023.01","WARD":"Ward 8 - College","COUNCILLOR":"Laine Johnson","OFF_TYPE":"Criminal"}},{"type":"Feature","id":393,"geometry":null,"properties":{"OBJECTID":393,"ID":"392","YEAR":2023,"REP_DATE":"Tue, 21 Feb 2023 00:00:00 GMT","OCC_DATE":"Tue, 21 Feb 2023 00:00:00 GMT","WEEKDAY":"Tuesday","HATE_CRIME":"Religion","HC_MOTIVATION":"Jewish","HC_STATUS":"Hatecrime Happened","OFF_CATEG":"Mischief To Property","NB_NAME_EN":"Braemar Park - Bel Air Heights - Copeland Park","SECTOR":"Sector 17","DIVISION":"West","CENSUS_TRC":"5050023.01","WARD":"Ward 8 - College","COUNCILLOR":"Laine Johnson","OFF_TYPE":"Criminal"}},{"type":"Feature","id":394,"geometry":null,"properties":{"OBJECTID":394,"ID":"393","YEAR":2023,"REP_DATE":"Wed, 31 May 2023 00:00:00 GMT","OCC_DATE":"Wed, 31 May 2023 00:00:00 GMT","WEEKDAY":"Wednesday","HATE_CRIME":"Combination (More than 2 Motivations)","HC_MOTIVATION":"Combination (More than 2 Motivations)","HC_STATUS":"Hatecrime Happened","OFF_CATEG":"Wilful Promotion Of Hatred","NB_NAME_EN":"Carlington","SECTOR":"Sector 21","DIVISION":"Central","CENSUS_TRC":"5050021.00","WARD":"Ward 16 - River","COUNCILLOR":"Riley Brockington","OFF_TYPE":"Criminal"}},{"type":"Feature","id":395,"geometry":null,"properties":{"OBJECTID":395,"ID":"394","YEAR":2024,"REP_DATE":"Mon, 01 Jan 2024 00:00:00 GMT","OCC_DATE":"Mon, 01 Jan 2024 00:00:00 GMT","WEEKDAY":"Monday","HATE_CRIME":"Religion","HC_MOTIVATION":"Jewish","HC_STATUS":"Hatecrime Suspected","OFF_CATEG":"Mischief To Property","NB_NAME_EN":"Centrepointe","SECTOR":"Sector 15","DIVISION":"West","CENSUS_TRC":"5050137.05","WARD":"Ward 8 - College","COUNCILLOR":"Laine Johnson","OFF_TYPE":"Criminal"}},{"type":"Feature","id":396,"geometry":null,"properties":{"OBJECTID":396,"ID":"395","YEAR":2023,"REP_DATE":"Sun, 20 Aug 2023 00:00:00 GMT","OCC_DATE":"Sat, 19 Aug 2023 00:00:00 GMT","WEEKDAY":"Saturday","HATE_CRIME":"Immigrants/Newcomers to Canada","HC_MOTIVATION":"Immigrants/Newcomers to Canada","HC_STATUS":"Hatecrime Suspected","OFF_CATEG":"Threats Utter To Person","NB_NAME_EN":"Bayshore","SECTOR":"Sector 14","DIVISION":"West","CENSUS_TRC":"5050138.00","WARD":"Ward 7 - Bay","COUNCILLOR":"Theresa Kavanagh","OFF_TYPE":"Criminal"}},{"type":"Feature","id":397,"geometry":null,"properties":{"OBJECTID":397,"ID":"396","YEAR":2024,"REP_DATE":"Sun, 04 Feb 2024 00:00:00 GMT","OCC_DATE":"Sat, 27 Jan 2024 00:00:00 GMT","WEEKDAY":"Saturday","HATE_CRIME":"Combination (More than 2 Motivations)","HC_MOTIVATION":"Combination (More than 2 Motivations)","HC_STATUS":"Hatecrime Happened","OFF_CATEG":"Mischief To Property","NB_NAME_EN":"Bayshore","SECTOR":"Sector 14","DIVISION":"West","CENSUS_TRC":"5050138.00","WARD":"Ward 7 - Bay","COUNCILLOR":"Theresa Kavanagh","OFF_TYPE":"Criminal"}},{"type":"Feature","id":398,"geometry":null,"properties":{"OBJECTID":398,"ID":"397","YEAR":2023,"REP_DATE":"Thu, 21 Dec 2023 00:00:00 GMT","OCC_DATE":"Thu, 21 Dec 2023 00:00:00 GMT","WEEKDAY":"Thursday","HATE_CRIME":"Race/Ethnicity","HC_MOTIVATION":"Arab(West Asian,Middle Eastern and North African origins)","HC_STATUS":"Hatecrime Happened","OFF_CATEG":"Assault Level 1","NB_NAME_EN":"Bayshore","SECTOR":"Sector 14","DIVISION":"West","CENSUS_TRC":"5050138.00","WARD":"Ward 7 - Bay","COUNCILLOR":"Theresa Kavanagh","OFF_TYPE":"Criminal"}},{"type":"Feature","id":399,"geometry":null,"properties":{"OBJECTID":399,"ID":"398","YEAR":2023,"REP_DATE":"Mon, 19 Jun 2023 00:00:00 GMT","OCC_DATE":"Mon, 19 Jun 2023 00:00:00 GMT","WEEKDAY":"Monday","HATE_CRIME":"Sexual Orientation","HC_MOTIVATION":"LGBTQ2+","HC_STATUS":"Hatecrime Happened","OFF_CATEG":"Dispute- Disturbance","NB_NAME_EN":"Bayshore","SECTOR":"Sector 14","DIVISION":"West","CENSUS_TRC":"5050138.00","WARD":"Ward 7 - Bay","COUNCILLOR":"Theresa Kavanagh","OFF_TYPE":"Non Criminal"}},{"type":"Feature","id":400,"geometry":null,"properties":{"OBJECTID":400,"ID":"399","YEAR":2019,"REP_DATE":"Thu, 23 May 2019 00:00:00 GMT","OCC_DATE":"Thu, 23 May 2019 00:00:00 GMT","WEEKDAY":"Thursday","HATE_CRIME":"Race/Ethnicity","HC_MOTIVATION":"Black","HC_STATUS":"Hatecrime Happened","OFF_CATEG":"Mischief To Property","NB_NAME_EN":"Barrhaven","SECTOR":"Sector 16","DIVISION":"West","CENSUS_TRC":"5050140.07","WARD":"Ward 3 - Barrhaven West","COUNCILLOR":"David Hill","OFF_TYPE":"Criminal"}},{"type":"Feature","id":401,"geometry":null,"properties":{"OBJECTID":401,"ID":"400","YEAR":2022,"REP_DATE":"Sun, 19 Jun 2022 00:00:00 GMT","OCC_DATE":"Sun, 19 Jun 2022 00:00:00 GMT","WEEKDAY":"Sunday","HATE_CRIME":"Race/Ethnicity","HC_MOTIVATION":"Black","HC_STATUS":"Hatecrime Happened","OFF_CATEG":"Assault With Weapon Or Cbh Lv2","NB_NAME_EN":"Whitehaven - Queensway Terrace North","SECTOR":"Sector 14","DIVISION":"West","CENSUS_TRC":"5050029.00","WARD":"Ward 7 - Bay","COUNCILLOR":"Theresa Kavanagh","OFF_TYPE":"Criminal"}},{"type":"Feature","id":402,"geometry":null,"properties":{"OBJECTID":402,"ID":"401","YEAR":2020,"REP_DATE":"Wed, 12 Aug 2020 00:00:00 GMT","OCC_DATE":"Wed, 12 Aug 2020 00:00:00 GMT","WEEKDAY":"Wednesday","HATE_CRIME":"Race/Ethnicity","HC_MOTIVATION":"East and Southeast Asian","HC_STATUS":"Hatecrime Happened","OFF_CATEG":"Mischief To Property","NB_NAME_EN":"Britannia Village","SECTOR":"Sector 14","DIVISION":"West","CENSUS_TRC":"5050030.00","WARD":"Ward 7 - Bay","COUNCILLOR":"Theresa Kavanagh","OFF_TYPE":"Criminal"}},{"type":"Feature","id":403,"geometry":null,"properties":{"OBJECTID":403,"ID":"402","YEAR":2022,"REP_DATE":"Wed, 20 Jul 2022 00:00:00 GMT","OCC_DATE":"Wed, 20 Jul 2022 00:00:00 GMT","WEEKDAY":"Wednesday","HATE_CRIME":"Race/Ethnicity","HC_MOTIVATION":"Other race/ethnicity","HC_STATUS":"Hatecrime Suspected","OFF_CATEG":"Suspicious Person( S)","NB_NAME_EN":"Manotick West","SECTOR":"Sector 12","DIVISION":"West","CENSUS_TRC":"5050141.25","WARD":"Ward 3 - Barrhaven West","COUNCILLOR":"David Hill","OFF_TYPE":"Non Criminal"}},{"type":"Feature","id":404,"geometry":null,"properties":{"OBJECTID":404,"ID":"403","YEAR":2020,"REP_DATE":"Thu, 09 Jan 2020 00:00:00 GMT","OCC_DATE":"Thu, 09 Jan 2020 00:00:00 GMT","WEEKDAY":"Thursday","HATE_CRIME":"Race/Ethnicity","HC_MOTIVATION":"Black","HC_STATUS":"Hatecrime Happened","OFF_CATEG":"Mischief To Property","NB_NAME_EN":"Cityview - Skyline - Fisher Heights","SECTOR":"Sector 17","DIVISION":"West","CENSUS_TRC":"5050132.00","WARD":"Ward 9 - Knoxdale-Merivale","COUNCILLOR":"Sean Devine","OFF_TYPE":"Criminal"}},{"type":"Feature","id":405,"geometry":null,"properties":{"OBJECTID":405,"ID":"404","YEAR":2023,"REP_DATE":"Sun, 29 Oct 2023 00:00:00 GMT","OCC_DATE":"Sat, 28 Oct 2023 00:00:00 GMT","WEEKDAY":"Saturday","HATE_CRIME":"Religion","HC_MOTIVATION":"Jewish","HC_STATUS":"Hatecrime Suspected","OFF_CATEG":"Mischief To Property","NB_NAME_EN":"Woodvale - Craig Henry - Manordale - Estates of Arlington Woods","SECTOR":"Sector 15","DIVISION":"West","CENSUS_TRC":"5050135.01","WARD":"Ward 9 - Knoxdale-Merivale","COUNCILLOR":"Sean Devine","OFF_TYPE":"Criminal"}},{"type":"Feature","id":406,"geometry":null,"properties":{"OBJECTID":406,"ID":"405","YEAR":2018,"REP_DATE":"Sun, 25 Mar 2018 00:00:00 GMT","OCC_DATE":"Sun, 25 Mar 2018 00:00:00 GMT","WEEKDAY":"Sunday","HATE_CRIME":"Religion","HC_MOTIVATION":"Catholic","HC_STATUS":"Hatecrime Happened","OFF_CATEG":"Mischief To Property","NB_NAME_EN":"New Barrhaven - New Development - Stonebridge","SECTOR":"Sector 16","DIVISION":"West","CENSUS_TRC":"5050141.16","WARD":"Ward 24 - Barrhaven East","COUNCILLOR":"Wilson Lo","OFF_TYPE":"Criminal"}},{"type":"Feature","id":407,"geometry":null,"properties":{"OBJECTID":407,"ID":"406","YEAR":2021,"REP_DATE":"Fri, 16 Apr 2021 00:00:00 GMT","OCC_DATE":"Fri, 16 Apr 2021 00:00:00 GMT","WEEKDAY":"Friday","HATE_CRIME":"Race/Ethnicity","HC_MOTIVATION":"Unknown race/ethnicity","HC_STATUS":"Hatecrime Happened","OFF_CATEG":"Mischief To Property","NB_NAME_EN":"Briar Green - Leslie Park","SECTOR":"Sector 15","DIVISION":"West","CENSUS_TRC":"5050137.02","WARD":"Ward 8 - College","COUNCILLOR":"Laine Johnson","OFF_TYPE":"Criminal"}},{"type":"Feature","id":408,"geometry":null,"properties":{"OBJECTID":408,"ID":"407","YEAR":2019,"REP_DATE":"Tue, 30 Apr 2019 00:00:00 GMT","OCC_DATE":"Tue, 30 Apr 2019 00:00:00 GMT","WEEKDAY":"Tuesday","HATE_CRIME":"Sexual Orientation","HC_MOTIVATION":"LGBTQ2+","HC_STATUS":"Hatecrime Happened","OFF_CATEG":"Mischief To Property","NB_NAME_EN":"New Barrhaven - New Development - Stonebridge","SECTOR":"Sector 16","DIVISION":"West","CENSUS_TRC":"5050141.26","WARD":"Ward 3 - Barrhaven West","COUNCILLOR":"David Hill","OFF_TYPE":"Criminal"}},{"type":"Feature","id":409,"geometry":null,"properties":{"OBJECTID":409,"ID":"408","YEAR":2022,"REP_DATE":"Thu, 11 Aug 2022 00:00:00 GMT","OCC_DATE":"Thu, 11 Aug 2022 00:00:00 GMT","WEEKDAY":"Thursday","HATE_CRIME":"Race/Ethnicity","HC_MOTIVATION":"Black","HC_STATUS":"Hatecrime Suspected","OFF_CATEG":"Mischief To Property","NB_NAME_EN":"New Barrhaven - New Development - Stonebridge","SECTOR":"Sector 16","DIVISION":"West","CENSUS_TRC":"5050141.17","WARD":"Ward 24 - Barrhaven East","COUNCILLOR":"Wilson Lo","OFF_TYPE":"Criminal"}},{"type":"Feature","id":410,"geometry":null,"properties":{"OBJECTID":410,"ID":"409","YEAR":2022,"REP_DATE":"Thu, 05 May 2022 00:00:00 GMT","OCC_DATE":"Wed, 04 May 2022 00:00:00 GMT","WEEKDAY":"Wednesday","HATE_CRIME":"Sexual Orientation","HC_MOTIVATION":"Other sexual orientation","HC_STATUS":"Hatecrime Suspected","OFF_CATEG":"Mischief To Property","NB_NAME_EN":"New Barrhaven - New Development - Stonebridge","SECTOR":"Sector 16","DIVISION":"West","CENSUS_TRC":"5050141.17","WARD":"Ward 24 - Barrhaven East","COUNCILLOR":"Wilson Lo","OFF_TYPE":"Criminal"}},{"type":"Feature","id":411,"geometry":null,"properties":{"OBJECTID":411,"ID":"410","YEAR":2022,"REP_DATE":"Wed, 04 May 2022 00:00:00 GMT","OCC_DATE":"Sun, 01 May 2022 00:00:00 GMT","WEEKDAY":"Sunday","HATE_CRIME":"Religion","HC_MOTIVATION":"Jewish","HC_STATUS":"Hatecrime Happened","OFF_CATEG":"Mischief To Property","NB_NAME_EN":"New Barrhaven - New Development - Stonebridge","SECTOR":"Sector 16","DIVISION":"West","CENSUS_TRC":"5050141.17","WARD":"Ward 24 - Barrhaven East","COUNCILLOR":"Wilson Lo","OFF_TYPE":"Criminal"}},{"type":"Feature","id":412,"geometry":null,"properties":{"OBJECTID":412,"ID":"411","YEAR":2019,"REP_DATE":"Thu, 21 Mar 2019 00:00:00 GMT","OCC_DATE":"Thu, 21 Mar 2019 00:00:00 GMT","WEEKDAY":"Thursday","HATE_CRIME":"Race/Ethnicity","HC_MOTIVATION":"Black","HC_STATUS":"Hatecrime Happened","OFF_CATEG":"Threats Utter To Person","NB_NAME_EN":"Westboro","SECTOR":"Sector 21","DIVISION":"Central","CENSUS_TRC":"5050032.02","WARD":"Ward 15 - Kitchissippi","COUNCILLOR":"Jeff Leiper","OFF_TYPE":"Criminal"}},{"type":"Feature","id":413,"geometry":null,"properties":{"OBJECTID":413,"ID":"412","YEAR":2021,"REP_DATE":"Thu, 17 Jun 2021 00:00:00 GMT","OCC_DATE":"Sat, 01 May 2021 00:00:00 GMT","WEEKDAY":"Saturday","HATE_CRIME":"Religion","HC_MOTIVATION":"Jewish","HC_STATUS":"Hatecrime Happened","OFF_CATEG":"Cyber Bullying/ Harassment","NB_NAME_EN":"New Barrhaven - New Development - Stonebridge","SECTOR":"Sector 16","DIVISION":"West","CENSUS_TRC":"5050141.17","WARD":"Ward 24 - Barrhaven East","COUNCILLOR":"Wilson Lo","OFF_TYPE":"Non Criminal"}},{"type":"Feature","id":414,"geometry":null,"properties":{"OBJECTID":414,"ID":"413","YEAR":2018,"REP_DATE":"Sat, 05 May 2018 00:00:00 GMT","OCC_DATE":"Sat, 05 May 2018 00:00:00 GMT","WEEKDAY":"Saturday","HATE_CRIME":"Religion","HC_MOTIVATION":"Jewish","HC_STATUS":"Hatecrime Happened","OFF_CATEG":"Mischief To Property","NB_NAME_EN":"Barrhaven","SECTOR":"Sector 16","DIVISION":"West","CENSUS_TRC":"5050140.05","WARD":"Ward 3 - Barrhaven West","COUNCILLOR":"David Hill","OFF_TYPE":"Criminal"}},{"type":"Feature","id":415,"geometry":null,"properties":{"OBJECTID":415,"ID":"414","YEAR":2020,"REP_DATE":"Tue, 19 May 2020 00:00:00 GMT","OCC_DATE":"Tue, 19 May 2020 00:00:00 GMT","WEEKDAY":"Tuesday","HATE_CRIME":"Race/Ethnicity","HC_MOTIVATION":"East and Southeast Asian","HC_STATUS":"Hatecrime Suspected","OFF_CATEG":"Dispute- Disturbance","NB_NAME_EN":"Britannia Village","SECTOR":"Sector 14","DIVISION":"West","CENSUS_TRC":"5050030.00","WARD":"Ward 7 - Bay","COUNCILLOR":"Theresa Kavanagh","OFF_TYPE":"Non Criminal"}},{"type":"Feature","id":416,"geometry":null,"properties":{"OBJECTID":416,"ID":"415","YEAR":2021,"REP_DATE":"Thu, 10 Jun 2021 00:00:00 GMT","OCC_DATE":"Thu, 10 Jun 2021 00:00:00 GMT","WEEKDAY":"Thursday","HATE_CRIME":"Religion","HC_MOTIVATION":"Muslim (Islam)","HC_STATUS":"Hatecrime Suspected","OFF_CATEG":"Dispute- Disturbance","NB_NAME_EN":"Hintonburg - Mechanicsville","SECTOR":"Sector 21","DIVISION":"Central","CENSUS_TRC":"5050046.00","WARD":"Ward 15 - Kitchissippi","COUNCILLOR":"Jeff Leiper","OFF_TYPE":"Non Criminal"}},{"type":"Feature","id":417,"geometry":null,"properties":{"OBJECTID":417,"ID":"416","YEAR":2023,"REP_DATE":"Fri, 20 Jan 2023 00:00:00 GMT","OCC_DATE":"Thu, 19 Jan 2023 00:00:00 GMT","WEEKDAY":"Thursday","HATE_CRIME":"Race/Ethnicity","HC_MOTIVATION":"Arab(West Asian,Middle Eastern and North African origins)","HC_STATUS":"Hatecrime Happened","OFF_CATEG":"Harass Communications","NB_NAME_EN":"Whitehaven - Queensway Terrace North","SECTOR":"Sector 14","DIVISION":"West","CENSUS_TRC":"5050028.00","WARD":"Ward 7 - Bay","COUNCILLOR":"Theresa Kavanagh","OFF_TYPE":"Criminal"}},{"type":"Feature","id":418,"geometry":null,"properties":{"OBJECTID":418,"ID":"417","YEAR":2020,"REP_DATE":"Fri, 06 Nov 2020 00:00:00 GMT","OCC_DATE":"Fri, 06 Nov 2020 00:00:00 GMT","WEEKDAY":"Friday","HATE_CRIME":"Religion","HC_MOTIVATION":"Muslim (Islam)","HC_STATUS":"Hatecrime Happened","OFF_CATEG":"Mischief To Property","NB_NAME_EN":"Whitehaven - Queensway Terrace North","SECTOR":"Sector 14","DIVISION":"West","CENSUS_TRC":"5050028.00","WARD":"Ward 7 - Bay","COUNCILLOR":"Theresa Kavanagh","OFF_TYPE":"Criminal"}},{"type":"Feature","id":419,"geometry":null,"properties":{"OBJECTID":419,"ID":"418","YEAR":2018,"REP_DATE":"Tue, 29 May 2018 00:00:00 GMT","OCC_DATE":"Thu, 24 May 2018 00:00:00 GMT","WEEKDAY":"Thursday","HATE_CRIME":"Religion","HC_MOTIVATION":"Muslim (Islam)","HC_STATUS":"Hatecrime Suspected","OFF_CATEG":"Assault Level 1","NB_NAME_EN":"Whitehaven - Queensway Terrace North","SECTOR":"Sector 14","DIVISION":"West","CENSUS_TRC":"5050028.00","WARD":"Ward 7 - Bay","COUNCILLOR":"Theresa Kavanagh","OFF_TYPE":"Criminal"}},{"type":"Feature","id":420,"geometry":null,"properties":{"OBJECTID":420,"ID":"419","YEAR":2023,"REP_DATE":"Sat, 20 May 2023 00:00:00 GMT","OCC_DATE":"Fri, 19 May 2023 00:00:00 GMT","WEEKDAY":"Friday","HATE_CRIME":"Race/Ethnicity","HC_MOTIVATION":"India,Pakistan/South Asian","HC_STATUS":"Hatecrime Happened","OFF_CATEG":"Traffic Complaint -  Vehicle","NB_NAME_EN":"Qualicum - Redwood Park","SECTOR":"Sector 15","DIVISION":"West","CENSUS_TRC":"5050027.00","WARD":"Ward 8 - College","COUNCILLOR":"Laine Johnson","OFF_TYPE":"Non Criminal"}},{"type":"Feature","id":421,"geometry":null,"properties":{"OBJECTID":421,"ID":"420","YEAR":2023,"REP_DATE":"Mon, 17 Jul 2023 00:00:00 GMT","OCC_DATE":"Sun, 16 Jul 2023 00:00:00 GMT","WEEKDAY":"Sunday","HATE_CRIME":"Sexual Orientation","HC_MOTIVATION":"LGBTQ2+","HC_STATUS":"Hatecrime Happened","OFF_CATEG":"Theft \u003c $5000","NB_NAME_EN":"New Barrhaven - New Development - Stonebridge","SECTOR":"Sector 16","DIVISION":"West","CENSUS_TRC":"5050141.25","WARD":"Ward 3 - Barrhaven West","COUNCILLOR":"David Hill","OFF_TYPE":"Criminal"}},{"type":"Feature","id":422,"geometry":null,"properties":{"OBJECTID":422,"ID":"421","YEAR":2023,"REP_DATE":"Fri, 07 Apr 2023 00:00:00 GMT","OCC_DATE":"Thu, 06 Apr 2023 00:00:00 GMT","WEEKDAY":"Thursday","HATE_CRIME":"Race/Ethnicity","HC_MOTIVATION":"Arab(West Asian,Middle Eastern and North African origins)","HC_STATUS":"Hatecrime Suspected","OFF_CATEG":"Dispute- Disturbance","NB_NAME_EN":"Westboro","SECTOR":"Sector 21","DIVISION":"Central","CENSUS_TRC":"5050033.02","WARD":"Ward 15 - Kitchissippi","COUNCILLOR":"Jeff Leiper","OFF_TYPE":"Non Criminal"}},{"type":"Feature","id":423,"geometry":null,"properties":{"OBJECTID":423,"ID":"422","YEAR":2022,"REP_DATE":"Sat, 26 Nov 2022 00:00:00 GMT","OCC_DATE":"Sat, 26 Nov 2022 00:00:00 GMT","WEEKDAY":"Saturday","HATE_CRIME":"Race/Ethnicity","HC_MOTIVATION":"South Asian","HC_STATUS":"Hatecrime Suspected","OFF_CATEG":"Threats Utter To Person","NB_NAME_EN":"Westboro","SECTOR":"Sector 21","DIVISION":"Central","CENSUS_TRC":"5050033.01","WARD":"Ward 15 - Kitchissippi","COUNCILLOR":"Jeff Leiper","OFF_TYPE":"Criminal"}},{"type":"Feature","id":424,"geometry":null,"properties":{"OBJECTID":424,"ID":"423","YEAR":2020,"REP_DATE":"Sun, 09 Feb 2020 00:00:00 GMT","OCC_DATE":"Fri, 07 Feb 2020 00:00:00 GMT","WEEKDAY":"Friday","HATE_CRIME":"Race/Ethnicity","HC_MOTIVATION":"East and Southeast Asian","HC_STATUS":"Hatecrime Happened","OFF_CATEG":"Dispute- Neighbour","NB_NAME_EN":"New Barrhaven - New Development - Stonebridge","SECTOR":"Sector 16","DIVISION":"West","CENSUS_TRC":"5050140.03","WARD":"Ward 24 - Barrhaven East","COUNCILLOR":"Wilson Lo","OFF_TYPE":"Non Criminal"}},{"type":"Feature","id":425,"geometry":null,"properties":{"OBJECTID":425,"ID":"424","YEAR":2021,"REP_DATE":"Mon, 08 Nov 2021 00:00:00 GMT","OCC_DATE":"Mon, 04 Oct 2021 00:00:00 GMT","WEEKDAY":"Monday","HATE_CRIME":"Religion","HC_MOTIVATION":"Jewish","HC_STATUS":"Hatecrime Happened","OFF_CATEG":"Mischief To Property","NB_NAME_EN":"New Barrhaven - New Development - Stonebridge","SECTOR":"Sector 16","DIVISION":"West","CENSUS_TRC":"5050140.03","WARD":"Ward 24 - Barrhaven East","COUNCILLOR":"Wilson Lo","OFF_TYPE":"Criminal"}},{"type":"Feature","id":426,"geometry":null,"properties":{"OBJECTID":426,"ID":"425","YEAR":2021,"REP_DATE":"Sat, 06 Nov 2021 00:00:00 GMT","OCC_DATE":"Sat, 06 Nov 2021 00:00:00 GMT","WEEKDAY":"Saturday","HATE_CRIME":"Religion","HC_MOTIVATION":"Jewish","HC_STATUS":"Hatecrime Happened","OFF_CATEG":"Mischief To Property","NB_NAME_EN":"New Barrhaven - New Development - Stonebridge","SECTOR":"Sector 16","DIVISION":"West","CENSUS_TRC":"5050140.03","WARD":"Ward 24 - Barrhaven East","COUNCILLOR":"Wilson Lo","OFF_TYPE":"Criminal"}},{"type":"Feature","id":427,"geometry":null,"properties":{"OBJECTID":427,"ID":"426","YEAR":2023,"REP_DATE":"Sun, 16 Jul 2023 00:00:00 GMT","OCC_DATE":"Sat, 15 Jul 2023 00:00:00 GMT","WEEKDAY":"Saturday","HATE_CRIME":"Race/Ethnicity","HC_MOTIVATION":"Indigenous/Aboriginal","HC_STATUS":"Hatecrime Suspected","OFF_CATEG":"Assault With Weapon Or Cbh Lv2","NB_NAME_EN":"Whitehaven - Queensway Terrace North","SECTOR":"Sector 14","DIVISION":"West","CENSUS_TRC":"5050028.00","WARD":"Ward 7 - Bay","COUNCILLOR":"Theresa Kavanagh","OFF_TYPE":"Criminal"}},{"type":"Feature","id":428,"geometry":null,"properties":{"OBJECTID":428,"ID":"427","YEAR":2020,"REP_DATE":"Fri, 06 Nov 2020 00:00:00 GMT","OCC_DATE":"Thu, 05 Nov 2020 00:00:00 GMT","WEEKDAY":"Thursday","HATE_CRIME":"Religion","HC_MOTIVATION":"Catholic","HC_STATUS":"Hatecrime Suspected","OFF_CATEG":"Mischief Hate Cultrl/ Rel Prop","NB_NAME_EN":"Hintonburg - Mechanicsville","SECTOR":"Sector 21","DIVISION":"Central","CENSUS_TRC":"5050046.00","WARD":"Ward 15 - Kitchissippi","COUNCILLOR":"Jeff Leiper","OFF_TYPE":"Criminal"}},{"type":"Feature","id":429,"geometry":null,"properties":{"OBJECTID":429,"ID":"428","YEAR":2021,"REP_DATE":"Sat, 17 Apr 2021 00:00:00 GMT","OCC_DATE":"Sat, 17 Apr 2021 00:00:00 GMT","WEEKDAY":"Saturday","HATE_CRIME":"Race/Ethnicity","HC_MOTIVATION":"Arab(West Asian,Middle Eastern and North African origins)","HC_STATUS":"Hatecrime Happened","OFF_CATEG":"Dispute- Disturbance","NB_NAME_EN":"Qualicum - Redwood Park","SECTOR":"Sector 15","DIVISION":"West","CENSUS_TRC":"5050027.00","WARD":"Ward 8 - College","COUNCILLOR":"Laine Johnson","OFF_TYPE":"Non Criminal"}},{"type":"Feature","id":430,"geometry":null,"properties":{"OBJECTID":430,"ID":"429","YEAR":2023,"REP_DATE":"Sat, 17 Jun 2023 00:00:00 GMT","OCC_DATE":"Sat, 17 Jun 2023 00:00:00 GMT","WEEKDAY":"Saturday","HATE_CRIME":"Race/Ethnicity","HC_MOTIVATION":"Black","HC_STATUS":"Hatecrime Happened","OFF_CATEG":"Harass Crim Stalking","NB_NAME_EN":"Carlington","SECTOR":"Sector 21","DIVISION":"Central","CENSUS_TRC":"5050021.00","WARD":"Ward 16 - River","COUNCILLOR":"Riley Brockington","OFF_TYPE":"Criminal"}},{"type":"Feature","id":431,"geometry":null,"properties":{"OBJECTID":431,"ID":"430","YEAR":2023,"REP_DATE":"Sat, 17 Jun 2023 00:00:00 GMT","OCC_DATE":"Sat, 17 Jun 2023 00:00:00 GMT","WEEKDAY":"Saturday","HATE_CRIME":"Race/Ethnicity","HC_MOTIVATION":"Black","HC_STATUS":"Hatecrime Happened","OFF_CATEG":"Harass Crim Stalking","NB_NAME_EN":"Carlington","SECTOR":"Sector 21","DIVISION":"Central","CENSUS_TRC":"5050021.00","WARD":"Ward 16 - River","COUNCILLOR":"Riley Brockington","OFF_TYPE":"Criminal"}},{"type":"Feature","id":432,"geometry":null,"properties":{"OBJECTID":432,"ID":"431","YEAR":2023,"REP_DATE":"Sun, 17 Dec 2023 00:00:00 GMT","OCC_DATE":"Wed, 13 Dec 2023 00:00:00 GMT","WEEKDAY":"Wednesday","HATE_CRIME":"Race/Ethnicity","HC_MOTIVATION":"Arab(West Asian,Middle Eastern and North African origins)","HC_STATUS":"Hatecrime Suspected","OFF_CATEG":"Mischief To Property","NB_NAME_EN":"Civic Hospital-Central Park","SECTOR":"Sector 21","DIVISION":"Central","CENSUS_TRC":"5050034.00","WARD":"Ward 15 - Kitchissippi","COUNCILLOR":"Jeff Leiper","OFF_TYPE":"Criminal"}},{"type":"Feature","id":433,"geometry":null,"properties":{"OBJECTID":433,"ID":"432","YEAR":2018,"REP_DATE":"Tue, 17 Apr 2018 00:00:00 GMT","OCC_DATE":"Tue, 17 Apr 2018 00:00:00 GMT","WEEKDAY":"Tuesday","HATE_CRIME":"Religion","HC_MOTIVATION":"Jewish","HC_STATUS":"Hatecrime Happened","OFF_CATEG":"Mischief To Property","NB_NAME_EN":"Iris","SECTOR":"Sector 15","DIVISION":"West","CENSUS_TRC":"5050027.00","WARD":"Ward 8 - College","COUNCILLOR":"Laine Johnson","OFF_TYPE":"Criminal"}},{"type":"Feature","id":434,"geometry":null,"properties":{"OBJECTID":434,"ID":"433","YEAR":2023,"REP_DATE":"Wed, 28 Jun 2023 00:00:00 GMT","OCC_DATE":"Wed, 28 Jun 2023 00:00:00 GMT","WEEKDAY":"Wednesday","HATE_CRIME":"Gender","HC_MOTIVATION":"LGBTQ2+","HC_STATUS":"Hatecrime Happened","OFF_CATEG":"Robbery Swarming( 2/ More Susp)","NB_NAME_EN":"Iris","SECTOR":"Sector 15","DIVISION":"West","CENSUS_TRC":"5050027.00","WARD":"Ward 8 - College","COUNCILLOR":"Laine Johnson","OFF_TYPE":"Criminal"}},{"type":"Feature","id":435,"geometry":null,"properties":{"OBJECTID":435,"ID":"434","YEAR":2020,"REP_DATE":"Wed, 05 Feb 2020 00:00:00 GMT","OCC_DATE":"Wed, 05 Feb 2020 00:00:00 GMT","WEEKDAY":"Wednesday","HATE_CRIME":"Race/Ethnicity","HC_MOTIVATION":"White","HC_STATUS":"Hatecrime Suspected","OFF_CATEG":"Mischief To Property","NB_NAME_EN":"New Barrhaven - New Development - Stonebridge","SECTOR":"Sector 16","DIVISION":"West","CENSUS_TRC":"5050141.17","WARD":"Ward 24 - Barrhaven East","COUNCILLOR":"Wilson Lo","OFF_TYPE":"Criminal"}},{"type":"Feature","id":436,"geometry":null,"properties":{"OBJECTID":436,"ID":"435","YEAR":2020,"REP_DATE":"Wed, 10 Jun 2020 00:00:00 GMT","OCC_DATE":"Tue, 09 Jun 2020 00:00:00 GMT","WEEKDAY":"Tuesday","HATE_CRIME":"Race/Ethnicity","HC_MOTIVATION":"Multiple Races/Ethnicities","HC_STATUS":"Hatecrime Happened","OFF_CATEG":"Mischief With Data","NB_NAME_EN":"Laurentian","SECTOR":"Sector 14","DIVISION":"West","CENSUS_TRC":"5050025.00","WARD":"Ward 7 - Bay","COUNCILLOR":"Theresa Kavanagh","OFF_TYPE":"Criminal"}},{"type":"Feature","id":437,"geometry":null,"properties":{"OBJECTID":437,"ID":"436","YEAR":2023,"REP_DATE":"Sat, 11 Mar 2023 00:00:00 GMT","OCC_DATE":"Sat, 11 Mar 2023 00:00:00 GMT","WEEKDAY":"Saturday","HATE_CRIME":"Race/Ethnicity","HC_MOTIVATION":"Chinese","HC_STATUS":"Hatecrime Happened","OFF_CATEG":"Assault Level 1","NB_NAME_EN":"Hintonburg - Mechanicsville","SECTOR":"Sector 21","DIVISION":"Central","CENSUS_TRC":"5050043.00","WARD":"Ward 15 - Kitchissippi","COUNCILLOR":"Jeff Leiper","OFF_TYPE":"Criminal"}},{"type":"Feature","id":438,"geometry":null,"properties":{"OBJECTID":438,"ID":"437","YEAR":2021,"REP_DATE":"Wed, 10 Nov 2021 00:00:00 GMT","OCC_DATE":"Mon, 01 Nov 2021 00:00:00 GMT","WEEKDAY":"Monday","HATE_CRIME":"Religion","HC_MOTIVATION":"Jewish","HC_STATUS":"Hatecrime Happened","OFF_CATEG":"Mischief To Property","NB_NAME_EN":"New Barrhaven - New Development - Stonebridge","SECTOR":"Sector 16","DIVISION":"West","CENSUS_TRC":"5050141.20","WARD":"Ward 3 - Barrhaven West","COUNCILLOR":"David Hill","OFF_TYPE":"Criminal"}},{"type":"Feature","id":439,"geometry":null,"properties":{"OBJECTID":439,"ID":"438","YEAR":2018,"REP_DATE":"Tue, 11 Dec 2018 00:00:00 GMT","OCC_DATE":"Tue, 11 Dec 2018 00:00:00 GMT","WEEKDAY":"Tuesday","HATE_CRIME":"Religion","HC_MOTIVATION":"Jewish","HC_STATUS":"Hatecrime Suspected","OFF_CATEG":"Mischief To Property","NB_NAME_EN":"New Barrhaven - New Development - Stonebridge","SECTOR":"Sector 16","DIVISION":"West","CENSUS_TRC":"5050141.20","WARD":"Ward 3 - Barrhaven West","COUNCILLOR":"David Hill","OFF_TYPE":"Criminal"}},{"type":"Feature","id":440,"geometry":null,"properties":{"OBJECTID":440,"ID":"439","YEAR":2019,"REP_DATE":"Fri, 19 Jul 2019 00:00:00 GMT","OCC_DATE":"Fri, 19 Jul 2019 00:00:00 GMT","WEEKDAY":"Friday","HATE_CRIME":"Religion","HC_MOTIVATION":"Jewish","HC_STATUS":"Hatecrime Happened","OFF_CATEG":"Mischief To Property","NB_NAME_EN":"Carlington","SECTOR":"Sector 21","DIVISION":"Central","CENSUS_TRC":"5050022.00","WARD":"Ward 16 - River","COUNCILLOR":"Riley Brockington","OFF_TYPE":"Criminal"}},{"type":"Feature","id":441,"geometry":null,"properties":{"OBJECTID":441,"ID":"440","YEAR":2023,"REP_DATE":"Tue, 27 Jun 2023 00:00:00 GMT","OCC_DATE":"Mon, 26 Jun 2023 00:00:00 GMT","WEEKDAY":"Monday","HATE_CRIME":"Religion","HC_MOTIVATION":"Muslim (Islam)","HC_STATUS":"Hatecrime Suspected","OFF_CATEG":"Mischief To Property","NB_NAME_EN":"New Barrhaven - New Development - Stonebridge","SECTOR":"Sector 16","DIVISION":"West","CENSUS_TRC":"5050141.17","WARD":"Ward 24 - Barrhaven East","COUNCILLOR":"Wilson Lo","OFF_TYPE":"Criminal"}},{"type":"Feature","id":442,"geometry":null,"properties":{"OBJECTID":442,"ID":"441","YEAR":2020,"REP_DATE":"Tue, 26 May 2020 00:00:00 GMT","OCC_DATE":"Fri, 22 May 2020 00:00:00 GMT","WEEKDAY":"Friday","HATE_CRIME":"Religion","HC_MOTIVATION":"Muslim (Islam)","HC_STATUS":"Hatecrime Happened","OFF_CATEG":"Mischief Hate Cultrl/ Rel Prop","NB_NAME_EN":"New Barrhaven - New Development - Stonebridge","SECTOR":"Sector 16","DIVISION":"West","CENSUS_TRC":"5050141.17","WARD":"Ward 24 - Barrhaven East","COUNCILLOR":"Wilson Lo","OFF_TYPE":"Criminal"}},{"type":"Feature","id":443,"geometry":null,"properties":{"OBJECTID":443,"ID":"442","YEAR":2021,"REP_DATE":"Sat, 15 May 2021 00:00:00 GMT","OCC_DATE":"Sat, 15 May 2021 00:00:00 GMT","WEEKDAY":"Saturday","HATE_CRIME":"Religion","HC_MOTIVATION":"Muslim (Islam)","HC_STATUS":"Hatecrime Happened","OFF_CATEG":"Assault Aggravated Lvl 3","NB_NAME_EN":"Britannia Village","SECTOR":"Sector 14","DIVISION":"West","CENSUS_TRC":"5050030.00","WARD":"Ward 7 - Bay","COUNCILLOR":"Theresa Kavanagh","OFF_TYPE":"Criminal"}},{"type":"Feature","id":444,"geometry":null,"properties":{"OBJECTID":444,"ID":"443","YEAR":2023,"REP_DATE":"Wed, 29 Mar 2023 00:00:00 GMT","OCC_DATE":"Wed, 29 Mar 2023 00:00:00 GMT","WEEKDAY":"Wednesday","HATE_CRIME":"Race/Ethnicity","HC_MOTIVATION":"Black","HC_STATUS":"Hatecrime Suspected","OFF_CATEG":"Dispute- Disturbance","NB_NAME_EN":"New Barrhaven - New Development - Stonebridge","SECTOR":"Sector 16","DIVISION":"West","CENSUS_TRC":"5050141.20","WARD":"Ward 3 - Barrhaven West","COUNCILLOR":"David Hill","OFF_TYPE":"Non Criminal"}},{"type":"Feature","id":445,"geometry":null,"properties":{"OBJECTID":445,"ID":"444","YEAR":2021,"REP_DATE":"Wed, 12 May 2021 00:00:00 GMT","OCC_DATE":"Thu, 06 May 2021 00:00:00 GMT","WEEKDAY":"Thursday","HATE_CRIME":"Race/Ethnicity","HC_MOTIVATION":"Multiple Races/Ethnicities","HC_STATUS":"Hatecrime Happened","OFF_CATEG":"Wilful Promotion Of Hatred","NB_NAME_EN":"New Barrhaven - New Development - Stonebridge","SECTOR":"Sector 16","DIVISION":"West","CENSUS_TRC":"5050141.20","WARD":"Ward 3 - Barrhaven West","COUNCILLOR":"David Hill","OFF_TYPE":"Criminal"}},{"type":"Feature","id":446,"geometry":null,"properties":{"OBJECTID":446,"ID":"445","YEAR":2024,"REP_DATE":"Wed, 10 Jan 2024 00:00:00 GMT","OCC_DATE":"Wed, 10 Jan 2024 00:00:00 GMT","WEEKDAY":"Wednesday","HATE_CRIME":"Religion","HC_MOTIVATION":"Jewish","HC_STATUS":"Hatecrime Happened","OFF_CATEG":"Mischief To Property","NB_NAME_EN":"Carlington","SECTOR":"Sector 21","DIVISION":"Central","CENSUS_TRC":"5050022.00","WARD":"Ward 16 - River","COUNCILLOR":"Riley Brockington","OFF_TYPE":"Criminal"}},{"type":"Feature","id":447,"geometry":null,"properties":{"OBJECTID":447,"ID":"446","YEAR":2021,"REP_DATE":"Fri, 19 Nov 2021 00:00:00 GMT","OCC_DATE":"Fri, 05 Nov 2021 00:00:00 GMT","WEEKDAY":"Friday","HATE_CRIME":"Religion","HC_MOTIVATION":"Jewish","HC_STATUS":"Hatecrime Happened","OFF_CATEG":"Mischief To Property","NB_NAME_EN":"Barrhaven","SECTOR":"Sector 16","DIVISION":"West","CENSUS_TRC":"5050140.03","WARD":"Ward 3 - Barrhaven West","COUNCILLOR":"David Hill","OFF_TYPE":"Criminal"}},{"type":"Feature","id":448,"geometry":null,"properties":{"OBJECTID":448,"ID":"447","YEAR":2019,"REP_DATE":"Wed, 30 Oct 2019 00:00:00 GMT","OCC_DATE":"Fri, 25 Oct 2019 00:00:00 GMT","WEEKDAY":"Friday","HATE_CRIME":"Sexual Orientation","HC_MOTIVATION":"LGBTQ2+","HC_STATUS":"Hatecrime Happened","OFF_CATEG":"Wilful Promotion Of Hatred","NB_NAME_EN":"Island Park","SECTOR":"Sector 21","DIVISION":"Central","CENSUS_TRC":"5050045.01","WARD":"Ward 15 - Kitchissippi","COUNCILLOR":"Jeff Leiper","OFF_TYPE":"Criminal"}},{"type":"Feature","id":449,"geometry":null,"properties":{"OBJECTID":449,"ID":"448","YEAR":2023,"REP_DATE":"Mon, 19 Jun 2023 00:00:00 GMT","OCC_DATE":"Sat, 17 Jun 2023 00:00:00 GMT","WEEKDAY":"Saturday","HATE_CRIME":"Sexual Orientation","HC_MOTIVATION":"LGBTQ2+","HC_STATUS":"Hatecrime Suspected","OFF_CATEG":"Mischief To Property","NB_NAME_EN":"Westboro","SECTOR":"Sector 21","DIVISION":"Central","CENSUS_TRC":"5050045.02","WARD":"Ward 15 - Kitchissippi","COUNCILLOR":"Jeff Leiper","OFF_TYPE":"Criminal"}},{"type":"Feature","id":450,"geometry":null,"properties":{"OBJECTID":450,"ID":"449","YEAR":2020,"REP_DATE":"Tue, 11 Feb 2020 00:00:00 GMT","OCC_DATE":"Sat, 08 Feb 2020 00:00:00 GMT","WEEKDAY":"Saturday","HATE_CRIME":"Race/Ethnicity","HC_MOTIVATION":"South Asian","HC_STATUS":"Hatecrime Happened","OFF_CATEG":"Harass Harrassment","NB_NAME_EN":"Carlington","SECTOR":"Sector 21","DIVISION":"Central","CENSUS_TRC":"5050021.00","WARD":"Ward 16 - River","COUNCILLOR":"Riley Brockington","OFF_TYPE":"Non Criminal"}},{"type":"Feature","id":451,"geometry":null,"properties":{"OBJECTID":451,"ID":"450","YEAR":2022,"REP_DATE":"Thu, 19 May 2022 00:00:00 GMT","OCC_DATE":"Wed, 01 Dec 2021 00:00:00 GMT","WEEKDAY":"Wednesday","HATE_CRIME":"Gender","HC_MOTIVATION":"Other sex","HC_STATUS":"Hatecrime Suspected","OFF_CATEG":"Cyber Bullying/ Harassment","NB_NAME_EN":"New Barrhaven - New Development - Stonebridge","SECTOR":"Sector 16","DIVISION":"West","CENSUS_TRC":"5050141.16","WARD":"Ward 24 - Barrhaven East","COUNCILLOR":"Wilson Lo","OFF_TYPE":"Non Criminal"}},{"type":"Feature","id":452,"geometry":null,"properties":{"OBJECTID":452,"ID":"451","YEAR":2023,"REP_DATE":"Thu, 23 Feb 2023 00:00:00 GMT","OCC_DATE":"Sun, 19 Feb 2023 00:00:00 GMT","WEEKDAY":"Sunday","HATE_CRIME":"Religion","HC_MOTIVATION":"Muslim (Islam)","HC_STATUS":"Hatecrime Suspected","OFF_CATEG":"Assault Level 1","NB_NAME_EN":"Carlington","SECTOR":"Sector 21","DIVISION":"Central","CENSUS_TRC":"5050022.00","WARD":"Ward 16 - River","COUNCILLOR":"Riley Brockington","OFF_TYPE":"Criminal"}},{"type":"Feature","id":453,"geometry":null,"properties":{"OBJECTID":453,"ID":"452","YEAR":2021,"REP_DATE":"Wed, 09 Jun 2021 00:00:00 GMT","OCC_DATE":"Sat, 05 Jun 2021 00:00:00 GMT","WEEKDAY":"Saturday","HATE_CRIME":"Race/Ethnicity","HC_MOTIVATION":"East and Southeast Asian","HC_STATUS":"Hatecrime Happened","OFF_CATEG":"Suspicious Person( S)","NB_NAME_EN":"Civic Hospital-Central Park","SECTOR":"Sector 21","DIVISION":"Central","CENSUS_TRC":"5050023.02","WARD":"Ward 16 - River","COUNCILLOR":"Riley Brockington","OFF_TYPE":"Non Criminal"}},{"type":"Feature","id":454,"geometry":null,"properties":{"OBJECTID":454,"ID":"453","YEAR":2018,"REP_DATE":"Sun, 14 Jan 2018 00:00:00 GMT","OCC_DATE":"Sun, 14 Jan 2018 00:00:00 GMT","WEEKDAY":"Sunday","HATE_CRIME":"Religion","HC_MOTIVATION":"Jewish","HC_STATUS":"Hatecrime Happened","OFF_CATEG":"Mischief To Property","NB_NAME_EN":"Laurentian","SECTOR":"Sector 14","DIVISION":"West","CENSUS_TRC":"5050033.01","WARD":"Ward 15 - Kitchissippi","COUNCILLOR":"Jeff Leiper","OFF_TYPE":"Criminal"}},{"type":"Feature","id":455,"geometry":null,"properties":{"OBJECTID":455,"ID":"454","YEAR":2021,"REP_DATE":"Sun, 11 Jul 2021 00:00:00 GMT","OCC_DATE":"Sun, 11 Jul 2021 00:00:00 GMT","WEEKDAY":"Sunday","HATE_CRIME":"Race/Ethnicity","HC_MOTIVATION":"Arab(West Asian,Middle Eastern and North African origins)","HC_STATUS":"Hatecrime Happened","OFF_CATEG":"Dispute- Disturbance","NB_NAME_EN":"Woodroffe - Lincoln Heights","SECTOR":"Sector 14","DIVISION":"West","CENSUS_TRC":"5050031.00","WARD":"Ward 7 - Bay","COUNCILLOR":"Theresa Kavanagh","OFF_TYPE":"Non Criminal"}},{"type":"Feature","id":456,"geometry":null,"properties":{"OBJECTID":456,"ID":"455","YEAR":2023,"REP_DATE":"Mon, 20 Mar 2023 00:00:00 GMT","OCC_DATE":"Sat, 18 Mar 2023 00:00:00 GMT","WEEKDAY":"Saturday","HATE_CRIME":"Religion","HC_MOTIVATION":"Muslim (Islam)","HC_STATUS":"Hatecrime Happened","OFF_CATEG":"Assault Level 1","NB_NAME_EN":"Iris","SECTOR":"Sector 15","DIVISION":"West","CENSUS_TRC":"5050026.00","WARD":"Ward 8 - College","COUNCILLOR":"Laine Johnson","OFF_TYPE":"Criminal"}},{"type":"Feature","id":457,"geometry":null,"properties":{"OBJECTID":457,"ID":"456","YEAR":2023,"REP_DATE":"Thu, 29 Jun 2023 00:00:00 GMT","OCC_DATE":"Thu, 29 Jun 2023 00:00:00 GMT","WEEKDAY":"Thursday","HATE_CRIME":"Race/Ethnicity","HC_MOTIVATION":"India,Pakistan/South Asian","HC_STATUS":"Hatecrime Happened","OFF_CATEG":"Harass Race/ Religion","NB_NAME_EN":"New Barrhaven - New Development - Stonebridge","SECTOR":"Sector 16","DIVISION":"West","CENSUS_TRC":"5050141.23","WARD":"Ward 3 - Barrhaven West","COUNCILLOR":"David Hill","OFF_TYPE":"Non Criminal"}},{"type":"Feature","id":458,"geometry":null,"properties":{"OBJECTID":458,"ID":"457","YEAR":2019,"REP_DATE":"Thu, 28 Mar 2019 00:00:00 GMT","OCC_DATE":"Thu, 28 Mar 2019 00:00:00 GMT","WEEKDAY":"Thursday","HATE_CRIME":"Religion","HC_MOTIVATION":"Jewish","HC_STATUS":"Hatecrime Suspected","OFF_CATEG":"Mischief To Property","NB_NAME_EN":"Borden Farm - Stewart Farm - Parkwood Hills - Fisher Glen","SECTOR":"Sector 17","DIVISION":"West","CENSUS_TRC":"5050131.01","WARD":"Ward 9 - Knoxdale-Merivale","COUNCILLOR":"Sean Devine","OFF_TYPE":"Criminal"}},{"type":"Feature","id":459,"geometry":null,"properties":{"OBJECTID":459,"ID":"458","YEAR":2021,"REP_DATE":"Sun, 29 Aug 2021 00:00:00 GMT","OCC_DATE":"Sun, 29 Aug 2021 00:00:00 GMT","WEEKDAY":"Sunday","HATE_CRIME":"Sexual Orientation","HC_MOTIVATION":"LGBTQ2+","HC_STATUS":"Hatecrime Happened","OFF_CATEG":"Traffic Complaint -  Vehicle","NB_NAME_EN":"New Barrhaven - New Development - Stonebridge","SECTOR":"Sector 16","DIVISION":"West","CENSUS_TRC":"5050141.23","WARD":"Ward 3 - Barrhaven West","COUNCILLOR":"David Hill","OFF_TYPE":"Non Criminal"}},{"type":"Feature","id":460,"geometry":null,"properties":{"OBJECTID":460,"ID":"459","YEAR":2021,"REP_DATE":"Tue, 29 Jun 2021 00:00:00 GMT","OCC_DATE":"Tue, 29 Jun 2021 00:00:00 GMT","WEEKDAY":"Tuesday","HATE_CRIME":"Religion","HC_MOTIVATION":"Unknown Religion","HC_STATUS":"Hatecrime Happened","OFF_CATEG":"Information ( General)","NB_NAME_EN":"New Barrhaven - New Development - Stonebridge","SECTOR":"Sector 16","DIVISION":"West","CENSUS_TRC":"5050141.23","WARD":"Ward 3 - Barrhaven West","COUNCILLOR":"David Hill","OFF_TYPE":"Non Criminal"}},{"type":"Feature","id":461,"geometry":null,"properties":{"OBJECTID":461,"ID":"460","YEAR":2022,"REP_DATE":"Sun, 04 Sep 2022 00:00:00 GMT","OCC_DATE":"Sat, 03 Sep 2022 00:00:00 GMT","WEEKDAY":"Saturday","HATE_CRIME":"Race/Ethnicity","HC_MOTIVATION":"Black","HC_STATUS":"Hatecrime Suspected","OFF_CATEG":"Assault Level 1","NB_NAME_EN":"Hintonburg - Mechanicsville","SECTOR":"Sector 21","DIVISION":"Central","CENSUS_TRC":"5050046.00","WARD":"Ward 15 - Kitchissippi","COUNCILLOR":"Jeff Leiper","OFF_TYPE":"Criminal"}},{"type":"Feature","id":462,"geometry":null,"properties":{"OBJECTID":462,"ID":"461","YEAR":2022,"REP_DATE":"Wed, 19 Oct 2022 00:00:00 GMT","OCC_DATE":"Mon, 10 Oct 2022 00:00:00 GMT","WEEKDAY":"Monday","HATE_CRIME":"Sexual Orientation","HC_MOTIVATION":"Other sexual orientation","HC_STATUS":"Hatecrime Suspected","OFF_CATEG":"Mischief To Property","NB_NAME_EN":"Civic Hospital-Central Park","SECTOR":"Sector 21","DIVISION":"Central","CENSUS_TRC":"5050034.00","WARD":"Ward 16 - River","COUNCILLOR":"Riley Brockington","OFF_TYPE":"Criminal"}},{"type":"Feature","id":463,"geometry":null,"properties":{"OBJECTID":463,"ID":"462","YEAR":2021,"REP_DATE":"Sun, 14 Nov 2021 00:00:00 GMT","OCC_DATE":"Mon, 01 Nov 2021 00:00:00 GMT","WEEKDAY":"Monday","HATE_CRIME":"Religion","HC_MOTIVATION":"Jewish","HC_STATUS":"Hatecrime Happened","OFF_CATEG":"Mischief To Property","NB_NAME_EN":"New Barrhaven - New Development - Stonebridge","SECTOR":"Sector 16","DIVISION":"West","CENSUS_TRC":"5050140.03","WARD":"Ward 24 - Barrhaven East","COUNCILLOR":"Wilson Lo","OFF_TYPE":"Criminal"}},{"type":"Feature","id":464,"geometry":null,"properties":{"OBJECTID":464,"ID":"463","YEAR":2021,"REP_DATE":"Wed, 01 Dec 2021 00:00:00 GMT","OCC_DATE":"Wed, 01 Dec 2021 00:00:00 GMT","WEEKDAY":"Wednesday","HATE_CRIME":"Religion","HC_MOTIVATION":"Jewish","HC_STATUS":"Hatecrime Happened","OFF_CATEG":"Mischief To Property","NB_NAME_EN":"New Barrhaven - New Development - Stonebridge","SECTOR":"Sector 16","DIVISION":"West","CENSUS_TRC":"5050141.04","WARD":"Ward 3 - Barrhaven West","COUNCILLOR":"David Hill","OFF_TYPE":"Criminal"}},{"type":"Feature","id":465,"geometry":null,"properties":{"OBJECTID":465,"ID":"464","YEAR":2018,"REP_DATE":"Fri, 23 Mar 2018 00:00:00 GMT","OCC_DATE":"Fri, 23 Mar 2018 00:00:00 GMT","WEEKDAY":"Friday","HATE_CRIME":"Race/Ethnicity","HC_MOTIVATION":"South Asian","HC_STATUS":"Hatecrime Happened","OFF_CATEG":"Robbery Swarming( 2/ More Susp)","NB_NAME_EN":"Civic Hospital-Central Park","SECTOR":"Sector 21","DIVISION":"Central","CENSUS_TRC":"5050034.00","WARD":"Ward 16 - River","COUNCILLOR":"Riley Brockington","OFF_TYPE":"Criminal"}},{"type":"Feature","id":466,"geometry":null,"properties":{"OBJECTID":466,"ID":"465","YEAR":2021,"REP_DATE":"Wed, 20 Oct 2021 00:00:00 GMT","OCC_DATE":"Mon, 18 Oct 2021 00:00:00 GMT","WEEKDAY":"Monday","HATE_CRIME":"Religion","HC_MOTIVATION":"Jewish","HC_STATUS":"Hatecrime Happened","OFF_CATEG":"Mischief To Property","NB_NAME_EN":"New Barrhaven - New Development - Stonebridge","SECTOR":"Sector 16","DIVISION":"West","CENSUS_TRC":"5050141.20","WARD":"Ward 3 - Barrhaven West","COUNCILLOR":"David Hill","OFF_TYPE":"Criminal"}},{"type":"Feature","id":467,"geometry":null,"properties":{"OBJECTID":467,"ID":"466","YEAR":2021,"REP_DATE":"Thu, 21 Oct 2021 00:00:00 GMT","OCC_DATE":"Mon, 18 Oct 2021 00:00:00 GMT","WEEKDAY":"Monday","HATE_CRIME":"Religion","HC_MOTIVATION":"Jewish","HC_STATUS":"Hatecrime Happened","OFF_CATEG":"Mischief To Property","NB_NAME_EN":"New Barrhaven - New Development - Stonebridge","SECTOR":"Sector 16","DIVISION":"West","CENSUS_TRC":"5050141.20","WARD":"Ward 3 - Barrhaven West","COUNCILLOR":"David Hill","OFF_TYPE":"Criminal"}},{"type":"Feature","id":468,"geometry":null,"properties":{"OBJECTID":468,"ID":"467","YEAR":2021,"REP_DATE":"Fri, 22 Oct 2021 00:00:00 GMT","OCC_DATE":"Mon, 18 Oct 2021 00:00:00 GMT","WEEKDAY":"Monday","HATE_CRIME":"Religion","HC_MOTIVATION":"Jewish","HC_STATUS":"Hatecrime Happened","OFF_CATEG":"Mischief To Property","NB_NAME_EN":"New Barrhaven - New Development - Stonebridge","SECTOR":"Sector 16","DIVISION":"West","CENSUS_TRC":"5050141.20","WARD":"Ward 3 - Barrhaven West","COUNCILLOR":"David Hill","OFF_TYPE":"Criminal"}},{"type":"Feature","id":469,"geometry":null,"properties":{"OBJECTID":469,"ID":"468","YEAR":2021,"REP_DATE":"Mon, 18 Oct 2021 00:00:00 GMT","OCC_DATE":"Mon, 18 Oct 2021 00:00:00 GMT","WEEKDAY":"Monday","HATE_CRIME":"Religion","HC_MOTIVATION":"Jewish","HC_STATUS":"Hatecrime Happened","OFF_CATEG":"Mischief To Property","NB_NAME_EN":"New Barrhaven - New Development - Stonebridge","SECTOR":"Sector 16","DIVISION":"West","CENSUS_TRC":"5050141.20","WARD":"Ward 3 - Barrhaven West","COUNCILLOR":"David Hill","OFF_TYPE":"Criminal"}},{"type":"Feature","id":470,"geometry":null,"properties":{"OBJECTID":470,"ID":"469","YEAR":2022,"REP_DATE":"Mon, 01 Aug 2022 00:00:00 GMT","OCC_DATE":"Fri, 29 Jul 2022 00:00:00 GMT","WEEKDAY":"Friday","HATE_CRIME":"Sexual Orientation","HC_MOTIVATION":"LGBTQ2+","HC_STATUS":"Hatecrime Suspected","OFF_CATEG":"Mischief To Property","NB_NAME_EN":"Westboro","SECTOR":"Sector 21","DIVISION":"Central","CENSUS_TRC":"5050033.02","WARD":"Ward 15 - Kitchissippi","COUNCILLOR":"Jeff Leiper","OFF_TYPE":"Criminal"}},{"type":"Feature","id":471,"geometry":null,"properties":{"OBJECTID":471,"ID":"470","YEAR":2022,"REP_DATE":"Wed, 14 Dec 2022 00:00:00 GMT","OCC_DATE":"Thu, 08 Dec 2022 00:00:00 GMT","WEEKDAY":"Thursday","HATE_CRIME":"Race/Ethnicity","HC_MOTIVATION":"Arab(West Asian,Middle Eastern and North African origins)","HC_STATUS":"Hatecrime Happened","OFF_CATEG":"Threats Utter To Person","NB_NAME_EN":"Crestview - Meadowlands","SECTOR":"Sector 17","DIVISION":"West","CENSUS_TRC":"5050134.00","WARD":"Ward 8 - College","COUNCILLOR":"Laine Johnson","OFF_TYPE":"Criminal"}},{"type":"Feature","id":472,"geometry":null,"properties":{"OBJECTID":472,"ID":"471","YEAR":2021,"REP_DATE":"Wed, 10 Nov 2021 00:00:00 GMT","OCC_DATE":"Mon, 18 Oct 2021 00:00:00 GMT","WEEKDAY":"Monday","HATE_CRIME":"Religion","HC_MOTIVATION":"Jewish","HC_STATUS":"Hatecrime Happened","OFF_CATEG":"Mischief To Property","NB_NAME_EN":"New Barrhaven - New Development - Stonebridge","SECTOR":"Sector 16","DIVISION":"West","CENSUS_TRC":"5050141.20","WARD":"Ward 3 - Barrhaven West","COUNCILLOR":"David Hill","OFF_TYPE":"Criminal"}},{"type":"Feature","id":473,"geometry":null,"properties":{"OBJECTID":473,"ID":"472","YEAR":2023,"REP_DATE":"Fri, 08 Sep 2023 00:00:00 GMT","OCC_DATE":"Fri, 08 Sep 2023 00:00:00 GMT","WEEKDAY":"Friday","HATE_CRIME":"Race/Ethnicity","HC_MOTIVATION":"Black","HC_STATUS":"Hatecrime Happened","OFF_CATEG":"Weapon Possess Dangerous","NB_NAME_EN":"Iris","SECTOR":"Sector 15","DIVISION":"West","CENSUS_TRC":"5050026.00","WARD":"Ward 8 - College","COUNCILLOR":"Laine Johnson","OFF_TYPE":"Criminal"}},{"type":"Feature","id":474,"geometry":null,"properties":{"OBJECTID":474,"ID":"473","YEAR":2022,"REP_DATE":"Fri, 05 Aug 2022 00:00:00 GMT","OCC_DATE":"Fri, 05 Aug 2022 00:00:00 GMT","WEEKDAY":"Friday","HATE_CRIME":"Race/Ethnicity","HC_MOTIVATION":"Black","HC_STATUS":"Hatecrime Happened","OFF_CATEG":"Assault With Weapon Or Cbh Lv2","NB_NAME_EN":"Hintonburg - Mechanicsville","SECTOR":"Sector 21","DIVISION":"Central","CENSUS_TRC":"5050046.00","WARD":"Ward 15 - Kitchissippi","COUNCILLOR":"Jeff Leiper","OFF_TYPE":"Criminal"}},{"type":"Feature","id":475,"geometry":null,"properties":{"OBJECTID":475,"ID":"474","YEAR":2019,"REP_DATE":"Sun, 15 Dec 2019 00:00:00 GMT","OCC_DATE":"Sun, 15 Dec 2019 00:00:00 GMT","WEEKDAY":"Sunday","HATE_CRIME":"Race/Ethnicity","HC_MOTIVATION":"Arab(West Asian,Middle Eastern and North African origins)","HC_STATUS":"Hatecrime Happened","OFF_CATEG":"Assault Level 1","NB_NAME_EN":"Carlington","SECTOR":"Sector 21","DIVISION":"Central","CENSUS_TRC":"5050022.00","WARD":"Ward 16 - River","COUNCILLOR":"Riley Brockington","OFF_TYPE":"Criminal"}},{"type":"Feature","id":476,"geometry":null,"properties":{"OBJECTID":476,"ID":"475","YEAR":2023,"REP_DATE":"Fri, 07 Jul 2023 00:00:00 GMT","OCC_DATE":"Fri, 07 Jul 2023 00:00:00 GMT","WEEKDAY":"Friday","HATE_CRIME":"Religion","HC_MOTIVATION":"Jewish","HC_STATUS":"Hatecrime Happened","OFF_CATEG":"Mischief To Property","NB_NAME_EN":"Westboro","SECTOR":"Sector 21","DIVISION":"Central","CENSUS_TRC":"5050033.02","WARD":"Ward 15 - Kitchissippi","COUNCILLOR":"Jeff Leiper","OFF_TYPE":"Criminal"}},{"type":"Feature","id":477,"geometry":null,"properties":{"OBJECTID":477,"ID":"476","YEAR":2021,"REP_DATE":"Fri, 21 May 2021 00:00:00 GMT","OCC_DATE":"Thu, 20 May 2021 00:00:00 GMT","WEEKDAY":"Thursday","HATE_CRIME":"Race/Ethnicity","HC_MOTIVATION":"Black","HC_STATUS":"Hatecrime Suspected","OFF_CATEG":"Dispute- Neighbour","NB_NAME_EN":"Carlington","SECTOR":"Sector 21","DIVISION":"Central","CENSUS_TRC":"5050022.00","WARD":"Ward 16 - River","COUNCILLOR":"Riley Brockington","OFF_TYPE":"Non Criminal"}},{"type":"Feature","id":478,"geometry":null,"properties":{"OBJECTID":478,"ID":"477","YEAR":2021,"REP_DATE":"Mon, 05 Apr 2021 00:00:00 GMT","OCC_DATE":"Thu, 01 Apr 2021 00:00:00 GMT","WEEKDAY":"Thursday","HATE_CRIME":"Race/Ethnicity","HC_MOTIVATION":"Black","HC_STATUS":"Hatecrime Suspected","OFF_CATEG":"Dispute- Neighbour","NB_NAME_EN":"New Barrhaven - New Development - Stonebridge","SECTOR":"Sector 16","DIVISION":"West","CENSUS_TRC":"5050141.17","WARD":"Ward 24 - Barrhaven East","COUNCILLOR":"Wilson Lo","OFF_TYPE":"Non Criminal"}},{"type":"Feature","id":479,"geometry":null,"properties":{"OBJECTID":479,"ID":"478","YEAR":2022,"REP_DATE":"Wed, 14 Dec 2022 00:00:00 GMT","OCC_DATE":"Wed, 14 Dec 2022 00:00:00 GMT","WEEKDAY":"Wednesday","HATE_CRIME":"Sexual Orientation","HC_MOTIVATION":"Other sexual orientation","HC_STATUS":"Hatecrime Happened","OFF_CATEG":"Mischief To Property","NB_NAME_EN":"Hintonburg - Mechanicsville","SECTOR":"Sector 21","DIVISION":"Central","CENSUS_TRC":"5050046.00","WARD":"Ward 15 - Kitchissippi","COUNCILLOR":"Jeff Leiper","OFF_TYPE":"Criminal"}},{"type":"Feature","id":480,"geometry":null,"properties":{"OBJECTID":480,"ID":"479","YEAR":2022,"REP_DATE":"Tue, 20 Sep 2022 00:00:00 GMT","OCC_DATE":"Wed, 14 Sep 2022 00:00:00 GMT","WEEKDAY":"Wednesday","HATE_CRIME":"Gender","HC_MOTIVATION":"Other sex","HC_STATUS":"Hatecrime Happened","OFF_CATEG":"Assault Aggravated Lvl 3","NB_NAME_EN":"New Barrhaven - New Development - Stonebridge","SECTOR":"Sector 16","DIVISION":"West","CENSUS_TRC":"5050141.26","WARD":"Ward 3 - Barrhaven West","COUNCILLOR":"David Hill","OFF_TYPE":"Criminal"}},{"type":"Feature","id":481,"geometry":null,"properties":{"OBJECTID":481,"ID":"480","YEAR":2019,"REP_DATE":"Tue, 09 Jul 2019 00:00:00 GMT","OCC_DATE":"Mon, 08 Jul 2019 00:00:00 GMT","WEEKDAY":"Monday","HATE_CRIME":"Religion","HC_MOTIVATION":"Muslim (Islam)","HC_STATUS":"Hatecrime Happened","OFF_CATEG":"Public Incitement Of Hatred","NB_NAME_EN":"Barrhaven","SECTOR":"Sector 16","DIVISION":"West","CENSUS_TRC":"5050140.04","WARD":"Ward 3 - Barrhaven West","COUNCILLOR":"David Hill","OFF_TYPE":"Criminal"}},{"type":"Feature","id":482,"geometry":null,"properties":{"OBJECTID":482,"ID":"481","YEAR":2022,"REP_DATE":"Wed, 14 Dec 2022 00:00:00 GMT","OCC_DATE":"Mon, 12 Dec 2022 00:00:00 GMT","WEEKDAY":"Monday","HATE_CRIME":"Race/Ethnicity","HC_MOTIVATION":"Black","HC_STATUS":"Hatecrime Suspected","OFF_CATEG":"Mischief To Property","NB_NAME_EN":"New Barrhaven - New Development - Stonebridge","SECTOR":"Sector 16","DIVISION":"West","CENSUS_TRC":"5050141.17","WARD":"Ward 24 - Barrhaven East","COUNCILLOR":"Wilson Lo","OFF_TYPE":"Criminal"}},{"type":"Feature","id":483,"geometry":null,"properties":{"OBJECTID":483,"ID":"482","YEAR":2021,"REP_DATE":"Wed, 06 Oct 2021 00:00:00 GMT","OCC_DATE":"Wed, 06 Oct 2021 00:00:00 GMT","WEEKDAY":"Wednesday","HATE_CRIME":"Religion","HC_MOTIVATION":"Muslim (Islam)","HC_STATUS":"Hatecrime Happened","OFF_CATEG":"Assault Level 1","NB_NAME_EN":"Hintonburg - Mechanicsville","SECTOR":"Sector 21","DIVISION":"Central","CENSUS_TRC":"5050045.01","WARD":"Ward 15 - Kitchissippi","COUNCILLOR":"Jeff Leiper","OFF_TYPE":"Criminal"}},{"type":"Feature","id":484,"geometry":null,"properties":{"OBJECTID":484,"ID":"483","YEAR":2022,"REP_DATE":"Sat, 15 Jan 2022 00:00:00 GMT","OCC_DATE":"Sat, 15 Jan 2022 00:00:00 GMT","WEEKDAY":"Saturday","HATE_CRIME":"Race/Ethnicity","HC_MOTIVATION":"Arab(West Asian,Middle Eastern and North African origins)","HC_STATUS":"Hatecrime Happened","OFF_CATEG":"Harass Communications","NB_NAME_EN":"Tanglewood","SECTOR":"Sector 17","DIVISION":"West","CENSUS_TRC":"5050130.02","WARD":"Ward 9 - Knoxdale-Merivale","COUNCILLOR":"Sean Devine","OFF_TYPE":"Criminal"}},{"type":"Feature","id":485,"geometry":null,"properties":{"OBJECTID":485,"ID":"484","YEAR":2021,"REP_DATE":"Wed, 01 Dec 2021 00:00:00 GMT","OCC_DATE":"Wed, 01 Dec 2021 00:00:00 GMT","WEEKDAY":"Wednesday","HATE_CRIME":"Religion","HC_MOTIVATION":"Jewish","HC_STATUS":"Hatecrime Happened","OFF_CATEG":"Mischief To Property","NB_NAME_EN":"Crestview - Meadowlands","SECTOR":"Sector 17","DIVISION":"West","CENSUS_TRC":"5050134.00","WARD":"Ward 8 - College","COUNCILLOR":"Laine Johnson","OFF_TYPE":"Criminal"}},{"type":"Feature","id":486,"geometry":null,"properties":{"OBJECTID":486,"ID":"485","YEAR":2023,"REP_DATE":"Sat, 25 Nov 2023 00:00:00 GMT","OCC_DATE":"Sat, 25 Nov 2023 00:00:00 GMT","WEEKDAY":"Saturday","HATE_CRIME":"Race/Ethnicity","HC_MOTIVATION":"India,Pakistan/South Asian","HC_STATUS":"Hatecrime Happened","OFF_CATEG":"Threats Utter To Person","NB_NAME_EN":"Crestview - Meadowlands","SECTOR":"Sector 17","DIVISION":"West","CENSUS_TRC":"5050133.00","WARD":"Ward 8 - College","COUNCILLOR":"Laine Johnson","OFF_TYPE":"Criminal"}},{"type":"Feature","id":487,"geometry":null,"properties":{"OBJECTID":487,"ID":"486","YEAR":2019,"REP_DATE":"Sat, 20 Jul 2019 00:00:00 GMT","OCC_DATE":"Sat, 20 Jul 2019 00:00:00 GMT","WEEKDAY":"Saturday","HATE_CRIME":"Race/Ethnicity","HC_MOTIVATION":"Arab(West Asian,Middle Eastern and North African origins)","HC_STATUS":"Hatecrime Happened","OFF_CATEG":"Assault With Weapon Or Cbh Lv2","NB_NAME_EN":"New Barrhaven - New Development - Stonebridge","SECTOR":"Sector 16","DIVISION":"West","CENSUS_TRC":"5050141.20","WARD":"Ward 3 - Barrhaven West","COUNCILLOR":"David Hill","OFF_TYPE":"Criminal"}},{"type":"Feature","id":488,"geometry":null,"properties":{"OBJECTID":488,"ID":"487","YEAR":2022,"REP_DATE":"Fri, 18 Mar 2022 00:00:00 GMT","OCC_DATE":"Fri, 18 Mar 2022 00:00:00 GMT","WEEKDAY":"Friday","HATE_CRIME":"Race/Ethnicity","HC_MOTIVATION":"Multiple Races/Ethnicities","HC_STATUS":"Hatecrime Happened","OFF_CATEG":"Assault With Weapon Or Cbh Lv2","NB_NAME_EN":"New Barrhaven - New Development - Stonebridge","SECTOR":"Sector 16","DIVISION":"West","CENSUS_TRC":"5050141.20","WARD":"Ward 3 - Barrhaven West","COUNCILLOR":"David Hill","OFF_TYPE":"Criminal"}},{"type":"Feature","id":489,"geometry":null,"properties":{"OBJECTID":489,"ID":"488","YEAR":2022,"REP_DATE":"Sun, 07 Aug 2022 00:00:00 GMT","OCC_DATE":"Sun, 07 Aug 2022 00:00:00 GMT","WEEKDAY":"Sunday","HATE_CRIME":"Race/Ethnicity","HC_MOTIVATION":"Unknown race/ethnicity","HC_STATUS":"Hatecrime Suspected","OFF_CATEG":"Mischief To Property","NB_NAME_EN":"New Barrhaven - New Development - Stonebridge","SECTOR":"Sector 16","DIVISION":"West","CENSUS_TRC":"5050141.20","WARD":"Ward 3 - Barrhaven West","COUNCILLOR":"David Hill","OFF_TYPE":"Criminal"}},{"type":"Feature","id":490,"geometry":null,"properties":{"OBJECTID":490,"ID":"489","YEAR":2022,"REP_DATE":"Fri, 15 Apr 2022 00:00:00 GMT","OCC_DATE":"Thu, 14 Apr 2022 00:00:00 GMT","WEEKDAY":"Thursday","HATE_CRIME":"Race/Ethnicity","HC_MOTIVATION":"East and Southeast Asian","HC_STATUS":"Hatecrime Suspected","OFF_CATEG":"Mischief To Property","NB_NAME_EN":"Chapman Mills - Rideau Crest - Davidson Heights","SECTOR":"Sector 16","DIVISION":"West","CENSUS_TRC":"5050141.18","WARD":"Ward 24 - Barrhaven East","COUNCILLOR":"Wilson Lo","OFF_TYPE":"Criminal"}},{"type":"Feature","id":491,"geometry":null,"properties":{"OBJECTID":491,"ID":"490","YEAR":2023,"REP_DATE":"Wed, 01 Nov 2023 00:00:00 GMT","OCC_DATE":"Wed, 01 Nov 2023 00:00:00 GMT","WEEKDAY":"Wednesday","HATE_CRIME":"Religion","HC_MOTIVATION":"Jewish","HC_STATUS":"Hatecrime Happened","OFF_CATEG":"Mischief To Property","NB_NAME_EN":"Hintonburg - Mechanicsville","SECTOR":"Sector 21","DIVISION":"Central","CENSUS_TRC":"5050045.01","WARD":"Ward 15 - Kitchissippi","COUNCILLOR":"Jeff Leiper","OFF_TYPE":"Criminal"}},{"type":"Feature","id":492,"geometry":null,"properties":{"OBJECTID":492,"ID":"491","YEAR":2018,"REP_DATE":"Thu, 25 Jan 2018 00:00:00 GMT","OCC_DATE":"Thu, 25 Jan 2018 00:00:00 GMT","WEEKDAY":"Thursday","HATE_CRIME":"Religion","HC_MOTIVATION":"Jewish","HC_STATUS":"Hatecrime Happened","OFF_CATEG":"Mischief To Property","NB_NAME_EN":"Carlington","SECTOR":"Sector 21","DIVISION":"Central","CENSUS_TRC":"5050022.00","WARD":"Ward 16 - River","COUNCILLOR":"Riley Brockington","OFF_TYPE":"Criminal"}},{"type":"Feature","id":493,"geometry":null,"properties":{"OBJECTID":493,"ID":"492","YEAR":2024,"REP_DATE":"Sat, 27 Jan 2024 00:00:00 GMT","OCC_DATE":"Wed, 24 Jan 2024 00:00:00 GMT","WEEKDAY":"Wednesday","HATE_CRIME":"Race/Ethnicity","HC_MOTIVATION":"Other race/ethnicity","HC_STATUS":"Hatecrime Happened","OFF_CATEG":"Mischief To Property","NB_NAME_EN":"New Barrhaven - New Development - Stonebridge","SECTOR":"Sector 16","DIVISION":"West","CENSUS_TRC":"5050141.11","WARD":"Ward 24 - Barrhaven East","COUNCILLOR":"Wilson Lo","OFF_TYPE":"Criminal"}},{"type":"Feature","id":494,"geometry":null,"properties":{"OBJECTID":494,"ID":"493","YEAR":2022,"REP_DATE":"Wed, 25 May 2022 00:00:00 GMT","OCC_DATE":"Wed, 25 May 2022 00:00:00 GMT","WEEKDAY":"Wednesday","HATE_CRIME":"Race/Ethnicity","HC_MOTIVATION":"Black","HC_STATUS":"Hatecrime Happened","OFF_CATEG":"Mischief To Property","NB_NAME_EN":"West Centertown","SECTOR":"Sector 22","DIVISION":"Central","CENSUS_TRC":"5050035.00","WARD":"Ward 15 - Kitchissippi","COUNCILLOR":"Jeff Leiper","OFF_TYPE":"Criminal"}},{"type":"Feature","id":495,"geometry":null,"properties":{"OBJECTID":495,"ID":"494","YEAR":2020,"REP_DATE":"Wed, 10 Jun 2020 00:00:00 GMT","OCC_DATE":"Tue, 02 Jun 2020 00:00:00 GMT","WEEKDAY":"Tuesday","HATE_CRIME":"Religion","HC_MOTIVATION":"Jewish","HC_STATUS":"Hatecrime Happened","OFF_CATEG":"Mischief Cultural Property","NB_NAME_EN":"Lebreton Development","SECTOR":"Sector 22","DIVISION":"Central","CENSUS_TRC":"5050047.00","WARD":"Ward 14 - Somerset","COUNCILLOR":"Ariel Troster","OFF_TYPE":"Criminal"}},{"type":"Feature","id":496,"geometry":null,"properties":{"OBJECTID":496,"ID":"495","YEAR":2021,"REP_DATE":"Mon, 19 Jul 2021 00:00:00 GMT","OCC_DATE":"Mon, 19 Jul 2021 00:00:00 GMT","WEEKDAY":"Monday","HATE_CRIME":"Race/Ethnicity","HC_MOTIVATION":"East and Southeast Asian","HC_STATUS":"Hatecrime Happened","OFF_CATEG":"Threats Utter To Person","NB_NAME_EN":"Carlingwood West - Glabar Park - McKellar Heights","SECTOR":"Sector 14","DIVISION":"West","CENSUS_TRC":"5050025.00","WARD":"Ward 7 - Bay","COUNCILLOR":"Theresa Kavanagh","OFF_TYPE":"Criminal"}},{"type":"Feature","id":497,"geometry":null,"properties":{"OBJECTID":497,"ID":"496","YEAR":2018,"REP_DATE":"Tue, 08 May 2018 00:00:00 GMT","OCC_DATE":"Tue, 08 May 2018 00:00:00 GMT","WEEKDAY":"Tuesday","HATE_CRIME":"Religion","HC_MOTIVATION":"Jewish","HC_STATUS":"Hatecrime Happened","OFF_CATEG":"Mischief To Property","NB_NAME_EN":"Centrepointe","SECTOR":"Sector 15","DIVISION":"West","CENSUS_TRC":"5050137.05","WARD":"Ward 8 - College","COUNCILLOR":"Laine Johnson","OFF_TYPE":"Criminal"}},{"type":"Feature","id":498,"geometry":null,"properties":{"OBJECTID":498,"ID":"497","YEAR":2020,"REP_DATE":"Thu, 23 Jul 2020 00:00:00 GMT","OCC_DATE":"Mon, 20 Jul 2020 00:00:00 GMT","WEEKDAY":"Monday","HATE_CRIME":"Race/Ethnicity","HC_MOTIVATION":"South Asian","HC_STATUS":"Hatecrime Suspected","OFF_CATEG":"Theft \u003c $5000","NB_NAME_EN":"West Centertown","SECTOR":"Sector 22","DIVISION":"Central","CENSUS_TRC":"5050041.00","WARD":"Ward 14 - Somerset","COUNCILLOR":"Ariel Troster","OFF_TYPE":"Criminal"}},{"type":"Feature","id":499,"geometry":null,"properties":{"OBJECTID":499,"ID":"498","YEAR":2023,"REP_DATE":"Thu, 19 Oct 2023 00:00:00 GMT","OCC_DATE":"Fri, 13 Oct 2023 00:00:00 GMT","WEEKDAY":"Friday","HATE_CRIME":"Gender","HC_MOTIVATION":"LGBTQ2+","HC_STATUS":"Hatecrime Happened","OFF_CATEG":"Information ( General)","NB_NAME_EN":"New Barrhaven - New Development - Stonebridge","SECTOR":"Sector 16","DIVISION":"West","CENSUS_TRC":"5050141.16","WARD":"Ward 24 - Barrhaven East","COUNCILLOR":"Wilson Lo","OFF_TYPE":"Non Criminal"}},{"type":"Feature","id":500,"geometry":null,"properties":{"OBJECTID":500,"ID":"499","YEAR":2023,"REP_DATE":"Thu, 27 Apr 2023 00:00:00 GMT","OCC_DATE":"Thu, 27 Apr 2023 00:00:00 GMT","WEEKDAY":"Thursday","HATE_CRIME":"Race/Ethnicity","HC_MOTIVATION":"Black","HC_STATUS":"Hatecrime Suspected","OFF_CATEG":"Assault Level 1","NB_NAME_EN":"New Barrhaven - New Development - Stonebridge","SECTOR":"Sector 16","DIVISION":"West","CENSUS_TRC":"5050141.11","WARD":"Ward 24 - Barrhaven East","COUNCILLOR":"Wilson Lo","OFF_TYPE":"Criminal"}},{"type":"Feature","id":501,"geometry":null,"properties":{"OBJECTID":501,"ID":"500","YEAR":2020,"REP_DATE":"Tue, 11 Feb 2020 00:00:00 GMT","OCC_DATE":"Tue, 11 Feb 2020 00:00:00 GMT","WEEKDAY":"Tuesday","HATE_CRIME":"Race/Ethnicity","HC_MOTIVATION":"Black","HC_STATUS":"Hatecrime Happened","OFF_CATEG":"Dispute- Neighbour","NB_NAME_EN":"Carlington","SECTOR":"Sector 21","DIVISION":"Central","CENSUS_TRC":"5050021.00","WARD":"Ward 16 - River","COUNCILLOR":"Riley Brockington","OFF_TYPE":"Non Criminal"}},{"type":"Feature","id":502,"geometry":null,"properties":{"OBJECTID":502,"ID":"1502","YEAR":2023,"REP_DATE":"Mon, 19 Jun 2023 00:00:00 GMT","OCC_DATE":"Sun, 18 Jun 2023 00:00:00 GMT","WEEKDAY":"Sunday","HATE_CRIME":"Sexual Orientation","HC_MOTIVATION":"LGBTQ2+","HC_STATUS":"Hatecrime Suspected","OFF_CATEG":"Theft \u003c $5000","NB_NAME_EN":"Osgoode","SECTOR":"Sector 36","DIVISION":"East","CENSUS_TRC":"5050191.02","WARD":"Ward 20 - Osgoode","COUNCILLOR":"George Darouze","OFF_TYPE":"Criminal"}},{"type":"Feature","id":503,"geometry":null,"properties":{"OBJECTID":503,"ID":"1503","YEAR":2023,"REP_DATE":"Sun, 06 Aug 2023 00:00:00 GMT","OCC_DATE":"Sun, 06 Aug 2023 00:00:00 GMT","WEEKDAY":"Sunday","HATE_CRIME":"Race/Ethnicity","HC_MOTIVATION":"India,Pakistan/South Asian","HC_STATUS":"Hatecrime Happened","OFF_CATEG":"Assault Level 1","NB_NAME_EN":"Cummings","SECTOR":"Sector 32","DIVISION":"East","CENSUS_TRC":"5050122.03","WARD":"Ward 11 - Beacon Hill-Cyrville","COUNCILLOR":"Tim Tierney","OFF_TYPE":"Criminal"}},{"type":"Feature","id":504,"geometry":null,"properties":{"OBJECTID":504,"ID":"1504","YEAR":2020,"REP_DATE":"Tue, 14 Apr 2020 00:00:00 GMT","OCC_DATE":"Tue, 14 Apr 2020 00:00:00 GMT","WEEKDAY":"Tuesday","HATE_CRIME":"Sexual Orientation","HC_MOTIVATION":"LGBTQ2+","HC_STATUS":"Hatecrime Happened","OFF_CATEG":"Threats Utter To Person","NB_NAME_EN":"Cummings","SECTOR":"Sector 32","DIVISION":"East","CENSUS_TRC":"5050122.03","WARD":"Ward 11 - Beacon Hill-Cyrville","COUNCILLOR":"Tim Tierney","OFF_TYPE":"Criminal"}},{"type":"Feature","id":505,"geometry":null,"properties":{"OBJECTID":505,"ID":"1505","YEAR":2021,"REP_DATE":"Sat, 24 Jul 2021 00:00:00 GMT","OCC_DATE":"Fri, 23 Jul 2021 00:00:00 GMT","WEEKDAY":"Friday","HATE_CRIME":"Race/Ethnicity","HC_MOTIVATION":"Unknown race/ethnicity","HC_STATUS":"Hatecrime Suspected","OFF_CATEG":"Dispute- Disturbance","NB_NAME_EN":"Cummings","SECTOR":"Sector 32","DIVISION":"East","CENSUS_TRC":"5050122.03","WARD":"Ward 11 - Beacon Hill-Cyrville","COUNCILLOR":"Tim Tierney","OFF_TYPE":"Non Criminal"}},{"type":"Feature","id":506,"geometry":null,"properties":{"OBJECTID":506,"ID":"1506","YEAR":2024,"REP_DATE":"Tue, 23 Jan 2024 00:00:00 GMT","OCC_DATE":"Tue, 23 Jan 2024 00:00:00 GMT","WEEKDAY":"Tuesday","HATE_CRIME":"Religion","HC_MOTIVATION":"Muslim (Islam)","HC_STATUS":"Hatecrime Happened","OFF_CATEG":"Mischief To Property","NB_NAME_EN":"Overbrook - McArthur","SECTOR":"Sector 25","DIVISION":"Central","CENSUS_TRC":"5050101.00","WARD":"Ward 12 - Rideau-Vanier","COUNCILLOR":"Stéphanie Plante","OFF_TYPE":"Criminal"}},{"type":"Feature","id":507,"geometry":null,"properties":{"OBJECTID":507,"ID":"1507","YEAR":2023,"REP_DATE":"Mon, 27 Feb 2023 00:00:00 GMT","OCC_DATE":"Mon, 27 Feb 2023 00:00:00 GMT","WEEKDAY":"Monday","HATE_CRIME":"Religion","HC_MOTIVATION":"Muslim (Islam)","HC_STATUS":"Hatecrime Happened","OFF_CATEG":"Assault With Weapon Or Cbh Lv2","NB_NAME_EN":"Ledbury - Heron Gate - Ridgemont - Elmwood","SECTOR":"Sector 34","DIVISION":"East","CENSUS_TRC":"5050005.00","WARD":"Ward 17 - Capital","COUNCILLOR":"Shawn Menard","OFF_TYPE":"Criminal"}},{"type":"Feature","id":508,"geometry":null,"properties":{"OBJECTID":508,"ID":"1508","YEAR":2023,"REP_DATE":"Mon, 27 Feb 2023 00:00:00 GMT","OCC_DATE":"Mon, 27 Feb 2023 00:00:00 GMT","WEEKDAY":"Monday","HATE_CRIME":"Religion","HC_MOTIVATION":"Other Christian Religion","HC_STATUS":"Hatecrime Happened","OFF_CATEG":"Assault With Weapon Or Cbh Lv2","NB_NAME_EN":"Ledbury - Heron Gate - Ridgemont - Elmwood","SECTOR":"Sector 34","DIVISION":"East","CENSUS_TRC":"5050005.00","WARD":"Ward 17 - Capital","COUNCILLOR":"Shawn Menard","OFF_TYPE":"Criminal"}},{"type":"Feature","id":509,"geometry":null,"properties":{"OBJECTID":509,"ID":"1509","YEAR":2021,"REP_DATE":"Tue, 09 Nov 2021 00:00:00 GMT","OCC_DATE":"Fri, 05 Nov 2021 00:00:00 GMT","WEEKDAY":"Friday","HATE_CRIME":"Race/Ethnicity","HC_MOTIVATION":"Black","HC_STATUS":"Hatecrime Happened","OFF_CATEG":"Mischief To Property","NB_NAME_EN":"Vanier North","SECTOR":"Sector 25","DIVISION":"Central","CENSUS_TRC":"5050103.00","WARD":"Ward 12 - Rideau-Vanier","COUNCILLOR":"Stéphanie Plante","OFF_TYPE":"Criminal"}},{"type":"Feature","id":510,"geometry":null,"properties":{"OBJECTID":510,"ID":"1510","YEAR":2022,"REP_DATE":"Fri, 02 Dec 2022 00:00:00 GMT","OCC_DATE":"Thu, 01 Dec 2022 00:00:00 GMT","WEEKDAY":"Thursday","HATE_CRIME":"Race/Ethnicity","HC_MOTIVATION":"Black","HC_STATUS":"Hatecrime Happened","OFF_CATEG":"Mischief To Property","NB_NAME_EN":"Rothwell Heights - Beacon Hill North","SECTOR":"Sector 32","DIVISION":"East","CENSUS_TRC":"5050120.02","WARD":"Ward 11 - Beacon Hill-Cyrville","COUNCILLOR":"Tim Tierney","OFF_TYPE":"Criminal"}},{"type":"Feature","id":511,"geometry":null,"properties":{"OBJECTID":511,"ID":"1511","YEAR":2022,"REP_DATE":"Thu, 17 Nov 2022 00:00:00 GMT","OCC_DATE":"Tue, 15 Nov 2022 00:00:00 GMT","WEEKDAY":"Tuesday","HATE_CRIME":"Religion","HC_MOTIVATION":"Catholic","HC_STATUS":"Hatecrime Happened","OFF_CATEG":"Fire Arson Property Damage","NB_NAME_EN":"Overbrook - McArthur","SECTOR":"Sector 25","DIVISION":"Central","CENSUS_TRC":"5050101.00","WARD":"Ward 12 - Rideau-Vanier","COUNCILLOR":"Stéphanie Plante","OFF_TYPE":"Criminal"}},{"type":"Feature","id":512,"geometry":null,"properties":{"OBJECTID":512,"ID":"1512","YEAR":2020,"REP_DATE":"Thu, 19 Mar 2020 00:00:00 GMT","OCC_DATE":"Thu, 19 Mar 2020 00:00:00 GMT","WEEKDAY":"Thursday","HATE_CRIME":"Gender","HC_MOTIVATION":"Woman","HC_STATUS":"Hatecrime Suspected","OFF_CATEG":"Suspicious Circumstance( S)","NB_NAME_EN":"Rothwell Heights - Beacon Hill North","SECTOR":"Sector 32","DIVISION":"East","CENSUS_TRC":"5050120.02","WARD":"Ward 11 - Beacon Hill-Cyrville","COUNCILLOR":"Tim Tierney","OFF_TYPE":"Non Criminal"}},{"type":"Feature","id":513,"geometry":null,"properties":{"OBJECTID":513,"ID":"1513","YEAR":2020,"REP_DATE":"Mon, 21 Sep 2020 00:00:00 GMT","OCC_DATE":"Mon, 21 Sep 2020 00:00:00 GMT","WEEKDAY":"Monday","HATE_CRIME":"Race/Ethnicity","HC_MOTIVATION":"East and Southeast Asian","HC_STATUS":"Hatecrime Suspected","OFF_CATEG":"Traffic Complaint -  Person","NB_NAME_EN":"Orléans North West","SECTOR":"Sector 31","DIVISION":"East","CENSUS_TRC":"5050124.03","WARD":"Ward 2 - Orléans West-Innes","COUNCILLOR":"Laura Dudas","OFF_TYPE":"Non Criminal"}},{"type":"Feature","id":514,"geometry":null,"properties":{"OBJECTID":514,"ID":"1514","YEAR":2022,"REP_DATE":"Fri, 16 Dec 2022 00:00:00 GMT","OCC_DATE":"Thu, 15 Dec 2022 00:00:00 GMT","WEEKDAY":"Thursday","HATE_CRIME":"Sexual Orientation","HC_MOTIVATION":"Other sexual orientation","HC_STATUS":"Hatecrime Happened","OFF_CATEG":"Threats Utter To Person","NB_NAME_EN":"Blackburn Hamlet","SECTOR":"Sector 31","DIVISION":"East","CENSUS_TRC":"5050125.02","WARD":"Ward 2 - Orléans West-Innes","COUNCILLOR":"Laura Dudas","OFF_TYPE":"Criminal"}},{"type":"Feature","id":515,"geometry":null,"properties":{"OBJECTID":515,"ID":"1515","YEAR":2022,"REP_DATE":"Mon, 11 Apr 2022 00:00:00 GMT","OCC_DATE":"Mon, 11 Apr 2022 00:00:00 GMT","WEEKDAY":"Monday","HATE_CRIME":"Race/Ethnicity","HC_MOTIVATION":"Arab(West Asian,Middle Eastern and North African origins)","HC_STATUS":"Hatecrime Happened","OFF_CATEG":"Dispute- Disturbance","NB_NAME_EN":"Hunt Club East - Western Community","SECTOR":"Sector 35","DIVISION":"East","CENSUS_TRC":"5050002.02","WARD":"Ward 16 - River","COUNCILLOR":"Riley Brockington","OFF_TYPE":"Non Criminal"}},{"type":"Feature","id":516,"geometry":null,"properties":{"OBJECTID":516,"ID":"1516","YEAR":2022,"REP_DATE":"Tue, 25 Oct 2022 00:00:00 GMT","OCC_DATE":"Tue, 25 Oct 2022 00:00:00 GMT","WEEKDAY":"Tuesday","HATE_CRIME":"Race/Ethnicity","HC_MOTIVATION":"Multiple Races/Ethnicities","HC_STATUS":"Hatecrime Happened","OFF_CATEG":"Suicide Counsel, Aid","NB_NAME_EN":"Orléans Avalon - Notting Gate - Fallingbrook - Gardenway South","SECTOR":"Sector 31","DIVISION":"East","CENSUS_TRC":"5050170.09","WARD":"Ward 1 - Orléans East-Cumberland","COUNCILLOR":"Matthew Luloff","OFF_TYPE":"Criminal"}},{"type":"Feature","id":517,"geometry":null,"properties":{"OBJECTID":517,"ID":"1517","YEAR":2023,"REP_DATE":"Tue, 13 Jun 2023 00:00:00 GMT","OCC_DATE":"Tue, 13 Jun 2023 00:00:00 GMT","WEEKDAY":"Tuesday","HATE_CRIME":"Combination (More than 2 Motivations)","HC_MOTIVATION":"Combination (More than 2 Motivations)","HC_STATUS":"Hatecrime Happened","OFF_CATEG":"Harass Communications","NB_NAME_EN":"Orléans Avalon - Notting Gate - Fallingbrook - Gardenway South","SECTOR":"Sector 31","DIVISION":"East","CENSUS_TRC":"5050170.09","WARD":"Ward 1 - Orléans East-Cumberland","COUNCILLOR":"Matthew Luloff","OFF_TYPE":"Criminal"}},{"type":"Feature","id":518,"geometry":null,"properties":{"OBJECTID":518,"ID":"1518","YEAR":2022,"REP_DATE":"Tue, 04 Oct 2022 00:00:00 GMT","OCC_DATE":"Tue, 04 Oct 2022 00:00:00 GMT","WEEKDAY":"Tuesday","HATE_CRIME":"Religion","HC_MOTIVATION":"Jewish","HC_STATUS":"Hatecrime Happened","OFF_CATEG":"Threats Utter To Person","NB_NAME_EN":"Orléans Avalon - Notting Gate - Fallingbrook - Gardenway South","SECTOR":"Sector 31","DIVISION":"East","CENSUS_TRC":"5050170.09","WARD":"Ward 1 - Orléans East-Cumberland","COUNCILLOR":"Matthew Luloff","OFF_TYPE":"Criminal"}},{"type":"Feature","id":519,"geometry":null,"properties":{"OBJECTID":519,"ID":"1519","YEAR":2021,"REP_DATE":"Thu, 08 Jul 2021 00:00:00 GMT","OCC_DATE":"Tue, 06 Jul 2021 00:00:00 GMT","WEEKDAY":"Tuesday","HATE_CRIME":"Race/Ethnicity","HC_MOTIVATION":"Arab(West Asian,Middle Eastern and North African origins)","HC_STATUS":"Hatecrime Suspected","OFF_CATEG":"Mischief To Property","NB_NAME_EN":"Orléans Chapel Hill","SECTOR":"Sector 31","DIVISION":"East","CENSUS_TRC":"5050125.04","WARD":"Ward 2 - Orléans West-Innes","COUNCILLOR":"Laura Dudas","OFF_TYPE":"Criminal"}},{"type":"Feature","id":520,"geometry":null,"properties":{"OBJECTID":520,"ID":"1520","YEAR":2020,"REP_DATE":"Wed, 18 Nov 2020 00:00:00 GMT","OCC_DATE":"Wed, 18 Nov 2020 00:00:00 GMT","WEEKDAY":"Wednesday","HATE_CRIME":"Other Similar Factor","HC_MOTIVATION":"non","HC_STATUS":"Hatecrime Happened","OFF_CATEG":"Mischief To Property","NB_NAME_EN":"Orléans Avalon - Notting Gate - Fallingbrook - Gardenway South","SECTOR":"Sector 31","DIVISION":"East","CENSUS_TRC":"5050171.12","WARD":"Ward 19 - Orléans South-Navan","COUNCILLOR":"Catherine Kitts","OFF_TYPE":"Criminal"}},{"type":"Feature","id":521,"geometry":null,"properties":{"OBJECTID":521,"ID":"1521","YEAR":2023,"REP_DATE":"Wed, 25 Jan 2023 00:00:00 GMT","OCC_DATE":"Wed, 25 Jan 2023 00:00:00 GMT","WEEKDAY":"Wednesday","HATE_CRIME":"Race/Ethnicity","HC_MOTIVATION":"Indigenous/Aboriginal","HC_STATUS":"Hatecrime Suspected","OFF_CATEG":"Assault Level 1","NB_NAME_EN":"Overbrook - McArthur","SECTOR":"Sector 25","DIVISION":"Central","CENSUS_TRC":"5050013.00","WARD":"Ward 13 - Rideau-Rockcliffe","COUNCILLOR":"Rawlson King","OFF_TYPE":"Criminal"}},{"type":"Feature","id":522,"geometry":null,"properties":{"OBJECTID":522,"ID":"1522","YEAR":2023,"REP_DATE":"Tue, 21 Feb 2023 00:00:00 GMT","OCC_DATE":"Mon, 30 Jan 2023 00:00:00 GMT","WEEKDAY":"Monday","HATE_CRIME":"Religion","HC_MOTIVATION":"Jewish","HC_STATUS":"Hatecrime Happened","OFF_CATEG":"Suspicious Circumstance( S)","NB_NAME_EN":"Orléans North West","SECTOR":"Sector 31","DIVISION":"East","CENSUS_TRC":"5050124.02","WARD":"Ward 2 - Orléans West-Innes","COUNCILLOR":"Laura Dudas","OFF_TYPE":"Non Criminal"}},{"type":"Feature","id":523,"geometry":null,"properties":{"OBJECTID":523,"ID":"1523","YEAR":2020,"REP_DATE":"Mon, 27 Jul 2020 00:00:00 GMT","OCC_DATE":"Mon, 27 Jul 2020 00:00:00 GMT","WEEKDAY":"Monday","HATE_CRIME":"Race/Ethnicity","HC_MOTIVATION":"Black","HC_STATUS":"Hatecrime Happened","OFF_CATEG":"Mischief To Property","NB_NAME_EN":"Pineview","SECTOR":"Sector 32","DIVISION":"East","CENSUS_TRC":"5050122.02","WARD":"Ward 11 - Beacon Hill-Cyrville","COUNCILLOR":"Tim Tierney","OFF_TYPE":"Criminal"}},{"type":"Feature","id":524,"geometry":null,"properties":{"OBJECTID":524,"ID":"1524","YEAR":2022,"REP_DATE":"Mon, 25 Jul 2022 00:00:00 GMT","OCC_DATE":"Mon, 25 Jul 2022 00:00:00 GMT","WEEKDAY":"Monday","HATE_CRIME":"Race/Ethnicity","HC_MOTIVATION":"Multiple Races/Ethnicities","HC_STATUS":"Hatecrime Happened","OFF_CATEG":"Mischief To Property","NB_NAME_EN":"Greely","SECTOR":"Sector 36","DIVISION":"East","CENSUS_TRC":"5050190.02","WARD":"Ward 20 - Osgoode","COUNCILLOR":"George Darouze","OFF_TYPE":"Criminal"}},{"type":"Feature","id":525,"geometry":null,"properties":{"OBJECTID":525,"ID":"1525","YEAR":2022,"REP_DATE":"Fri, 20 May 2022 00:00:00 GMT","OCC_DATE":"Fri, 20 May 2022 00:00:00 GMT","WEEKDAY":"Friday","HATE_CRIME":"Race/Ethnicity","HC_MOTIVATION":"Black","HC_STATUS":"Hatecrime Happened","OFF_CATEG":"Mischief To Property","NB_NAME_EN":"Greely","SECTOR":"Sector 36","DIVISION":"East","CENSUS_TRC":"5050190.02","WARD":"Ward 20 - Osgoode","COUNCILLOR":"George Darouze","OFF_TYPE":"Criminal"}},{"type":"Feature","id":526,"geometry":null,"properties":{"OBJECTID":526,"ID":"1526","YEAR":2021,"REP_DATE":"Tue, 03 Aug 2021 00:00:00 GMT","OCC_DATE":"Fri, 02 Jul 2021 00:00:00 GMT","WEEKDAY":"Friday","HATE_CRIME":"Religion","HC_MOTIVATION":"Jewish","HC_STATUS":"Hatecrime Happened","OFF_CATEG":"B&e Non- Res.prop/ Commercial","NB_NAME_EN":"Greely","SECTOR":"Sector 36","DIVISION":"East","CENSUS_TRC":"5050190.02","WARD":"Ward 20 - Osgoode","COUNCILLOR":"George Darouze","OFF_TYPE":"Criminal"}},{"type":"Feature","id":527,"geometry":null,"properties":{"OBJECTID":527,"ID":"1527","YEAR":2021,"REP_DATE":"Mon, 28 Jun 2021 00:00:00 GMT","OCC_DATE":"Mon, 28 Jun 2021 00:00:00 GMT","WEEKDAY":"Monday","HATE_CRIME":"Religion","HC_MOTIVATION":"Jewish","HC_STATUS":"Hatecrime Happened","OFF_CATEG":"Mischief To Property","NB_NAME_EN":"Greely","SECTOR":"Sector 36","DIVISION":"East","CENSUS_TRC":"5050190.02","WARD":"Ward 20 - Osgoode","COUNCILLOR":"George Darouze","OFF_TYPE":"Criminal"}},{"type":"Feature","id":528,"geometry":null,"properties":{"OBJECTID":528,"ID":"1528","YEAR":2021,"REP_DATE":"Fri, 16 Apr 2021 00:00:00 GMT","OCC_DATE":"Fri, 16 Apr 2021 00:00:00 GMT","WEEKDAY":"Friday","HATE_CRIME":"Religion","HC_MOTIVATION":"Jewish","HC_STATUS":"Hatecrime Happened","OFF_CATEG":"Mischief To Property","NB_NAME_EN":"Greely","SECTOR":"Sector 36","DIVISION":"East","CENSUS_TRC":"5050190.02","WARD":"Ward 20 - Osgoode","COUNCILLOR":"George Darouze","OFF_TYPE":"Criminal"}},{"type":"Feature","id":529,"geometry":null,"properties":{"OBJECTID":529,"ID":"1529","YEAR":2018,"REP_DATE":"Fri, 23 Nov 2018 00:00:00 GMT","OCC_DATE":"Fri, 23 Nov 2018 00:00:00 GMT","WEEKDAY":"Friday","HATE_CRIME":"Race/Ethnicity","HC_MOTIVATION":"Other race/ethnicity","HC_STATUS":"Hatecrime Happened","OFF_CATEG":"Mischief To Property","NB_NAME_EN":"Riverside South - Leitrim","SECTOR":"Sector 35","DIVISION":"East","CENSUS_TRC":"5050126.07","WARD":"Ward 22 - Riverside South-Findlay Creek","COUNCILLOR":"Steve Desroches","OFF_TYPE":"Criminal"}},{"type":"Feature","id":530,"geometry":null,"properties":{"OBJECTID":530,"ID":"1530","YEAR":2018,"REP_DATE":"Tue, 23 Jan 2018 00:00:00 GMT","OCC_DATE":"Mon, 01 Jan 2018 00:00:00 GMT","WEEKDAY":"Monday","HATE_CRIME":"Religion","HC_MOTIVATION":"Jewish","HC_STATUS":"Hatecrime Happened","OFF_CATEG":"Mischief To Property","NB_NAME_EN":"Vanier North","SECTOR":"Sector 25","DIVISION":"Central","CENSUS_TRC":"5050103.00","WARD":"Ward 12 - Rideau-Vanier","COUNCILLOR":"Stéphanie Plante","OFF_TYPE":"Criminal"}},{"type":"Feature","id":531,"geometry":null,"properties":{"OBJECTID":531,"ID":"1531","YEAR":2022,"REP_DATE":"Sat, 25 Jun 2022 00:00:00 GMT","OCC_DATE":"Sat, 25 Jun 2022 00:00:00 GMT","WEEKDAY":"Saturday","HATE_CRIME":"Race/Ethnicity","HC_MOTIVATION":"Black","HC_STATUS":"Hatecrime Happened","OFF_CATEG":"Assault Level 1","NB_NAME_EN":"Vanier North","SECTOR":"Sector 25","DIVISION":"Central","CENSUS_TRC":"5050103.00","WARD":"Ward 12 - Rideau-Vanier","COUNCILLOR":"Stéphanie Plante","OFF_TYPE":"Criminal"}},{"type":"Feature","id":532,"geometry":null,"properties":{"OBJECTID":532,"ID":"1532","YEAR":2023,"REP_DATE":"Tue, 29 Aug 2023 00:00:00 GMT","OCC_DATE":"Tue, 29 Aug 2023 00:00:00 GMT","WEEKDAY":"Tuesday","HATE_CRIME":"Race/Ethnicity","HC_MOTIVATION":"Arab(West Asian,Middle Eastern and North African origins)","HC_STATUS":"Hatecrime Happened","OFF_CATEG":"Dispute- Neighbour","NB_NAME_EN":"Orléans Chapel Hill South","SECTOR":"Sector 31","DIVISION":"East","CENSUS_TRC":"5050125.10","WARD":"Ward 19 - Orléans South-Navan","COUNCILLOR":"Catherine Kitts","OFF_TYPE":"Non Criminal"}},{"type":"Feature","id":533,"geometry":null,"properties":{"OBJECTID":533,"ID":"1533","YEAR":2023,"REP_DATE":"Fri, 30 Jun 2023 00:00:00 GMT","OCC_DATE":"Fri, 30 Jun 2023 00:00:00 GMT","WEEKDAY":"Friday","HATE_CRIME":"Race/Ethnicity","HC_MOTIVATION":"Black","HC_STATUS":"Hatecrime Happened","OFF_CATEG":"Mischief To Property","NB_NAME_EN":"Orléans Avalon - Notting Gate - Fallingbrook - Gardenway South","SECTOR":"Sector 31","DIVISION":"East","CENSUS_TRC":"5050171.12","WARD":"Ward 19 - Orléans South-Navan","COUNCILLOR":"Catherine Kitts","OFF_TYPE":"Criminal"}},{"type":"Feature","id":534,"geometry":null,"properties":{"OBJECTID":534,"ID":"1534","YEAR":2021,"REP_DATE":"Sun, 05 Sep 2021 00:00:00 GMT","OCC_DATE":"Sun, 05 Sep 2021 00:00:00 GMT","WEEKDAY":"Sunday","HATE_CRIME":"Religion","HC_MOTIVATION":"Jewish","HC_STATUS":"Hatecrime Happened","OFF_CATEG":"Mischief To Property","NB_NAME_EN":"Orléans Chapel Hill South","SECTOR":"Sector 31","DIVISION":"East","CENSUS_TRC":"5050125.10","WARD":"Ward 19 - Orléans South-Navan","COUNCILLOR":"Catherine Kitts","OFF_TYPE":"Criminal"}},{"type":"Feature","id":535,"geometry":null,"properties":{"OBJECTID":535,"ID":"1535","YEAR":2020,"REP_DATE":"Sat, 13 Jun 2020 00:00:00 GMT","OCC_DATE":"Fri, 12 Jun 2020 00:00:00 GMT","WEEKDAY":"Friday","HATE_CRIME":"Sexual Orientation","HC_MOTIVATION":"LGBTQ2+","HC_STATUS":"Hatecrime Happened","OFF_CATEG":"Theft \u003c $5000","NB_NAME_EN":"Orléans Avalon - Notting Gate - Fallingbrook - Gardenway South","SECTOR":"Sector 31","DIVISION":"East","CENSUS_TRC":"5050171.11","WARD":"Ward 19 - Orléans South-Navan","COUNCILLOR":"Catherine Kitts","OFF_TYPE":"Criminal"}},{"type":"Feature","id":536,"geometry":null,"properties":{"OBJECTID":536,"ID":"1536","YEAR":2021,"REP_DATE":"Sun, 06 Jun 2021 00:00:00 GMT","OCC_DATE":"Sun, 06 Jun 2021 00:00:00 GMT","WEEKDAY":"Sunday","HATE_CRIME":"Religion","HC_MOTIVATION":"Muslim (Islam)","HC_STATUS":"Hatecrime Happened","OFF_CATEG":"Threats Utter To Person","NB_NAME_EN":"Orléans Village - Chateauneuf","SECTOR":"Sector 31","DIVISION":"East","CENSUS_TRC":"5050125.09","WARD":"Ward 2 - Orléans West-Innes","COUNCILLOR":"Laura Dudas","OFF_TYPE":"Criminal"}},{"type":"Feature","id":537,"geometry":null,"properties":{"OBJECTID":537,"ID":"1537","YEAR":2022,"REP_DATE":"Mon, 12 Dec 2022 00:00:00 GMT","OCC_DATE":"Mon, 12 Dec 2022 00:00:00 GMT","WEEKDAY":"Monday","HATE_CRIME":"Religion","HC_MOTIVATION":"Muslim (Islam)","HC_STATUS":"Hatecrime Happened","OFF_CATEG":"Assault Level 1","NB_NAME_EN":"Vanier South","SECTOR":"Sector 25","DIVISION":"Central","CENSUS_TRC":"5050102.00","WARD":"Ward 12 - Rideau-Vanier","COUNCILLOR":"Stéphanie Plante","OFF_TYPE":"Criminal"}},{"type":"Feature","id":538,"geometry":null,"properties":{"OBJECTID":538,"ID":"1538","YEAR":2023,"REP_DATE":"Sun, 15 Oct 2023 00:00:00 GMT","OCC_DATE":"Sun, 15 Oct 2023 00:00:00 GMT","WEEKDAY":"Sunday","HATE_CRIME":"Race/Ethnicity","HC_MOTIVATION":"Black","HC_STATUS":"Hatecrime Happened","OFF_CATEG":"Mischief Hate Cultrl/ Rel Prop","NB_NAME_EN":"Orléans Chapel Hill South","SECTOR":"Sector 31","DIVISION":"East","CENSUS_TRC":"5050125.10","WARD":"Ward 19 - Orléans South-Navan","COUNCILLOR":"Catherine Kitts","OFF_TYPE":"Criminal"}},{"type":"Feature","id":539,"geometry":null,"properties":{"OBJECTID":539,"ID":"1539","YEAR":2021,"REP_DATE":"Wed, 27 Jan 2021 00:00:00 GMT","OCC_DATE":"Wed, 27 Jan 2021 00:00:00 GMT","WEEKDAY":"Wednesday","HATE_CRIME":"Race/Ethnicity","HC_MOTIVATION":"Arab(West Asian,Middle Eastern and North African origins)","HC_STATUS":"Hatecrime Happened","OFF_CATEG":"Assault With Weapon Or Cbh Lv2","NB_NAME_EN":"Russell - Edwards","SECTOR":"Sector 37","DIVISION":"East","CENSUS_TRC":"5050126.08","WARD":"Ward 22 - Riverside South-Findlay Creek","COUNCILLOR":"Steve Desroches","OFF_TYPE":"Criminal"}},{"type":"Feature","id":540,"geometry":null,"properties":{"OBJECTID":540,"ID":"1540","YEAR":2023,"REP_DATE":"Mon, 23 Oct 2023 00:00:00 GMT","OCC_DATE":"Mon, 23 Oct 2023 00:00:00 GMT","WEEKDAY":"Monday","HATE_CRIME":"Religion","HC_MOTIVATION":"Muslim (Islam)","HC_STATUS":"Hatecrime Happened","OFF_CATEG":"Mischief Wilfully Cause","NB_NAME_EN":"Orléans Chapel Hill","SECTOR":"Sector 31","DIVISION":"East","CENSUS_TRC":"5050125.04","WARD":"Ward 2 - Orléans West-Innes","COUNCILLOR":"Laura Dudas","OFF_TYPE":"Criminal"}},{"type":"Feature","id":541,"geometry":null,"properties":{"OBJECTID":541,"ID":"1541","YEAR":2019,"REP_DATE":"Sun, 27 Oct 2019 00:00:00 GMT","OCC_DATE":"Sat, 26 Oct 2019 00:00:00 GMT","WEEKDAY":"Saturday","HATE_CRIME":"Sexual Orientation","HC_MOTIVATION":"LGBTQ2+","HC_STATUS":"Hatecrime Happened","OFF_CATEG":"Assault Level 1","NB_NAME_EN":"Orléans Avalon - Notting Gate - Fallingbrook - Gardenway South","SECTOR":"Sector 31","DIVISION":"East","CENSUS_TRC":"5050171.07","WARD":"Ward 19 - Orléans South-Navan","COUNCILLOR":"Catherine Kitts","OFF_TYPE":"Criminal"}},{"type":"Feature","id":542,"geometry":null,"properties":{"OBJECTID":542,"ID":"1542","YEAR":2023,"REP_DATE":"Mon, 24 Jul 2023 00:00:00 GMT","OCC_DATE":"Sun, 23 Jul 2023 00:00:00 GMT","WEEKDAY":"Sunday","HATE_CRIME":"Immigrants/Newcomers to Canada","HC_MOTIVATION":"Immigrants/Newcomers to Canada","HC_STATUS":"Hatecrime Suspected","OFF_CATEG":"Dispute- Neighbour","NB_NAME_EN":"Russell - Edwards","SECTOR":"Sector 37","DIVISION":"East","CENSUS_TRC":"5050126.09","WARD":"Ward 22 - Riverside South-Findlay Creek","COUNCILLOR":"Steve Desroches","OFF_TYPE":"Non Criminal"}},{"type":"Feature","id":543,"geometry":null,"properties":{"OBJECTID":543,"ID":"1543","YEAR":2022,"REP_DATE":"Thu, 03 Feb 2022 00:00:00 GMT","OCC_DATE":"Thu, 03 Feb 2022 00:00:00 GMT","WEEKDAY":"Thursday","HATE_CRIME":"Race/Ethnicity","HC_MOTIVATION":"Black","HC_STATUS":"Hatecrime Happened","OFF_CATEG":"Threats Utter To Person","NB_NAME_EN":"Ledbury - Heron Gate - Ridgemont - Elmwood","SECTOR":"Sector 34","DIVISION":"East","CENSUS_TRC":"5050007.02","WARD":"Ward 18 - Alta Vista","COUNCILLOR":"Marty Carr","OFF_TYPE":"Criminal"}},{"type":"Feature","id":544,"geometry":null,"properties":{"OBJECTID":544,"ID":"1544","YEAR":2024,"REP_DATE":"Thu, 18 Jan 2024 00:00:00 GMT","OCC_DATE":"Thu, 18 Jan 2024 00:00:00 GMT","WEEKDAY":"Thursday","HATE_CRIME":"Gender","HC_MOTIVATION":"LGBTQ2+","HC_STATUS":"Hatecrime Happened","OFF_CATEG":"Threats Utter To Person","NB_NAME_EN":"Greenbelt - Mer Bleue","SECTOR":"Sector 31","DIVISION":"East","CENSUS_TRC":"5050125.03","WARD":"Ward 19 - Orléans South-Navan","COUNCILLOR":"Catherine Kitts","OFF_TYPE":"Criminal"}},{"type":"Feature","id":545,"geometry":null,"properties":{"OBJECTID":545,"ID":"1545","YEAR":2021,"REP_DATE":"Thu, 05 Aug 2021 00:00:00 GMT","OCC_DATE":"Thu, 05 Aug 2021 00:00:00 GMT","WEEKDAY":"Thursday","HATE_CRIME":"Religion","HC_MOTIVATION":"Jewish","HC_STATUS":"Hatecrime Happened","OFF_CATEG":"Mischief To Property","NB_NAME_EN":"Blackburn Hamlet","SECTOR":"Sector 31","DIVISION":"East","CENSUS_TRC":"5050125.03","WARD":"Ward 2 - Orléans West-Innes","COUNCILLOR":"Laura Dudas","OFF_TYPE":"Criminal"}},{"type":"Feature","id":546,"geometry":null,"properties":{"OBJECTID":546,"ID":"1546","YEAR":2023,"REP_DATE":"Wed, 13 Sep 2023 00:00:00 GMT","OCC_DATE":"Fri, 08 Sep 2023 00:00:00 GMT","WEEKDAY":"Friday","HATE_CRIME":"Race/Ethnicity","HC_MOTIVATION":"Black","HC_STATUS":"Hatecrime Happened","OFF_CATEG":"Mischief To Property","NB_NAME_EN":"Metcalfe","SECTOR":"Sector 36","DIVISION":"East","CENSUS_TRC":"5050190.01","WARD":"Ward 20 - Osgoode","COUNCILLOR":"George Darouze","OFF_TYPE":"Criminal"}},{"type":"Feature","id":547,"geometry":null,"properties":{"OBJECTID":547,"ID":"1547","YEAR":2020,"REP_DATE":"Sun, 15 Nov 2020 00:00:00 GMT","OCC_DATE":"Sun, 15 Nov 2020 00:00:00 GMT","WEEKDAY":"Sunday","HATE_CRIME":"Religion","HC_MOTIVATION":"Jewish","HC_STATUS":"Hatecrime Happened","OFF_CATEG":"Mischief To Property","NB_NAME_EN":"Blackburn Hamlet","SECTOR":"Sector 31","DIVISION":"East","CENSUS_TRC":"5050125.03","WARD":"Ward 2 - Orléans West-Innes","COUNCILLOR":"Laura Dudas","OFF_TYPE":"Criminal"}},{"type":"Feature","id":548,"geometry":null,"properties":{"OBJECTID":548,"ID":"1548","YEAR":2023,"REP_DATE":"Tue, 20 Jun 2023 00:00:00 GMT","OCC_DATE":"Mon, 19 Jun 2023 00:00:00 GMT","WEEKDAY":"Monday","HATE_CRIME":"Unknown","HC_MOTIVATION":"Unknown","HC_STATUS":"Hatecrime Suspected","OFF_CATEG":"Harass Harrassment","NB_NAME_EN":"Blackburn Hamlet","SECTOR":"Sector 31","DIVISION":"East","CENSUS_TRC":"5050125.01","WARD":"Ward 2 - Orléans West-Innes","COUNCILLOR":"Laura Dudas","OFF_TYPE":"Non Criminal"}},{"type":"Feature","id":549,"geometry":null,"properties":{"OBJECTID":549,"ID":"1549","YEAR":2018,"REP_DATE":"Sat, 25 Aug 2018 00:00:00 GMT","OCC_DATE":"Sat, 25 Aug 2018 00:00:00 GMT","WEEKDAY":"Saturday","HATE_CRIME":"Race/Ethnicity","HC_MOTIVATION":"Multiple Races/Ethnicities","HC_STATUS":"Hatecrime Happened","OFF_CATEG":"Mischief To Property","NB_NAME_EN":"Orléans Avalon - Notting Gate - Fallingbrook - Gardenway South","SECTOR":"Sector 31","DIVISION":"East","CENSUS_TRC":"5050170.13","WARD":"Ward 1 - Orléans East-Cumberland","COUNCILLOR":"Matthew Luloff","OFF_TYPE":"Criminal"}},{"type":"Feature","id":550,"geometry":null,"properties":{"OBJECTID":550,"ID":"1550","YEAR":2019,"REP_DATE":"Mon, 15 Jul 2019 00:00:00 GMT","OCC_DATE":"Mon, 15 Jul 2019 00:00:00 GMT","WEEKDAY":"Monday","HATE_CRIME":"Religion","HC_MOTIVATION":"Other Religion","HC_STATUS":"Hatecrime Happened","OFF_CATEG":"Mischief Hate Cultrl/ Rel Prop","NB_NAME_EN":"Greenbelt - Mer Bleue","SECTOR":"Sector 31","DIVISION":"East","CENSUS_TRC":"5050126.04","WARD":"Ward 10 - Gloucester-Southgate","COUNCILLOR":"Jessica Bradley","OFF_TYPE":"Criminal"}},{"type":"Feature","id":551,"geometry":null,"properties":{"OBJECTID":551,"ID":"1551","YEAR":2023,"REP_DATE":"Sun, 07 May 2023 00:00:00 GMT","OCC_DATE":"Sat, 06 May 2023 00:00:00 GMT","WEEKDAY":"Saturday","HATE_CRIME":"Religion","HC_MOTIVATION":"Muslim (Islam)","HC_STATUS":"Hatecrime Suspected","OFF_CATEG":"Dispute- Disturbance","NB_NAME_EN":"Orléans Avalon - Notting Gate - Fallingbrook - Gardenway South","SECTOR":"Sector 31","DIVISION":"East","CENSUS_TRC":"5050171.11","WARD":"Ward 19 - Orléans South-Navan","COUNCILLOR":"Catherine Kitts","OFF_TYPE":"Non Criminal"}},{"type":"Feature","id":552,"geometry":null,"properties":{"OBJECTID":552,"ID":"1552","YEAR":2021,"REP_DATE":"Wed, 09 Jun 2021 00:00:00 GMT","OCC_DATE":"Tue, 08 Jun 2021 00:00:00 GMT","WEEKDAY":"Tuesday","HATE_CRIME":"Race/Ethnicity","HC_MOTIVATION":"East and Southeast Asian","HC_STATUS":"Hatecrime Suspected","OFF_CATEG":"Mischief To Property","NB_NAME_EN":"Ledbury - Heron Gate - Ridgemont - Elmwood","SECTOR":"Sector 34","DIVISION":"East","CENSUS_TRC":"5050001.09","WARD":"Ward 10 - Gloucester-Southgate","COUNCILLOR":"Jessica Bradley","OFF_TYPE":"Criminal"}},{"type":"Feature","id":553,"geometry":null,"properties":{"OBJECTID":553,"ID":"1553","YEAR":2022,"REP_DATE":"Sat, 24 Sep 2022 00:00:00 GMT","OCC_DATE":"Sat, 24 Sep 2022 00:00:00 GMT","WEEKDAY":"Saturday","HATE_CRIME":"Religion","HC_MOTIVATION":"Muslim (Islam)","HC_STATUS":"Hatecrime Happened","OFF_CATEG":"Information ( General)","NB_NAME_EN":"East Industrial","SECTOR":"Sector 33","DIVISION":"East","CENSUS_TRC":"5050011.01","WARD":"Ward 18 - Alta Vista","COUNCILLOR":"Marty Carr","OFF_TYPE":"Non Criminal"}},{"type":"Feature","id":554,"geometry":null,"properties":{"OBJECTID":554,"ID":"1554","YEAR":2023,"REP_DATE":"Fri, 26 May 2023 00:00:00 GMT","OCC_DATE":"Fri, 26 May 2023 00:00:00 GMT","WEEKDAY":"Friday","HATE_CRIME":"Sexual Orientation","HC_MOTIVATION":"LGBTQ2+","HC_STATUS":"Hatecrime Happened","OFF_CATEG":"Assault With Weapon Or Cbh Lv2","NB_NAME_EN":"East Industrial","SECTOR":"Sector 33","DIVISION":"East","CENSUS_TRC":"5050011.01","WARD":"Ward 18 - Alta Vista","COUNCILLOR":"Marty Carr","OFF_TYPE":"Criminal"}},{"type":"Feature","id":555,"geometry":null,"properties":{"OBJECTID":555,"ID":"1555","YEAR":2023,"REP_DATE":"Tue, 04 Apr 2023 00:00:00 GMT","OCC_DATE":"Tue, 04 Apr 2023 00:00:00 GMT","WEEKDAY":"Tuesday","HATE_CRIME":"Race/Ethnicity","HC_MOTIVATION":"Black","HC_STATUS":"Hatecrime Happened","OFF_CATEG":"Mischief To Property","NB_NAME_EN":"Osgoode","SECTOR":"Sector 36","DIVISION":"East","CENSUS_TRC":"5050190.01","WARD":"Ward 20 - Osgoode","COUNCILLOR":"George Darouze","OFF_TYPE":"Criminal"}},{"type":"Feature","id":556,"geometry":null,"properties":{"OBJECTID":556,"ID":"1556","YEAR":2021,"REP_DATE":"Wed, 07 Jul 2021 00:00:00 GMT","OCC_DATE":"Tue, 06 Jul 2021 00:00:00 GMT","WEEKDAY":"Tuesday","HATE_CRIME":"Race/Ethnicity","HC_MOTIVATION":"Arab(West Asian,Middle Eastern and North African origins)","HC_STATUS":"Hatecrime Suspected","OFF_CATEG":"Mischief To Property","NB_NAME_EN":"Rockcliffe - Manor Park","SECTOR":"Sector 25","DIVISION":"Central","CENSUS_TRC":"5050059.00","WARD":"Ward 13 - Rideau-Rockcliffe","COUNCILLOR":"Rawlson King","OFF_TYPE":"Criminal"}},{"type":"Feature","id":557,"geometry":null,"properties":{"OBJECTID":557,"ID":"1557","YEAR":2022,"REP_DATE":"Sat, 17 Dec 2022 00:00:00 GMT","OCC_DATE":"Sat, 17 Dec 2022 00:00:00 GMT","WEEKDAY":"Saturday","HATE_CRIME":"Race/Ethnicity","HC_MOTIVATION":"Black","HC_STATUS":"Hatecrime Happened","OFF_CATEG":"Threats Utter To Person","NB_NAME_EN":"Overbrook - McArthur","SECTOR":"Sector 25","DIVISION":"Central","CENSUS_TRC":"5050012.00","WARD":"Ward 13 - Rideau-Rockcliffe","COUNCILLOR":"Rawlson King","OFF_TYPE":"Criminal"}},{"type":"Feature","id":558,"geometry":null,"properties":{"OBJECTID":558,"ID":"1558","YEAR":2020,"REP_DATE":"Wed, 17 Jun 2020 00:00:00 GMT","OCC_DATE":"Wed, 17 Jun 2020 00:00:00 GMT","WEEKDAY":"Wednesday","HATE_CRIME":"Race/Ethnicity","HC_MOTIVATION":"Black","HC_STATUS":"Hatecrime Happened","OFF_CATEG":"Dispute- Neighbour","NB_NAME_EN":"Blackburn Hamlet","SECTOR":"Sector 31","DIVISION":"East","CENSUS_TRC":"5050125.02","WARD":"Ward 2 - Orléans West-Innes","COUNCILLOR":"Laura Dudas","OFF_TYPE":"Non Criminal"}},{"type":"Feature","id":559,"geometry":null,"properties":{"OBJECTID":559,"ID":"1559","YEAR":2022,"REP_DATE":"Tue, 09 Aug 2022 00:00:00 GMT","OCC_DATE":"Tue, 09 Aug 2022 00:00:00 GMT","WEEKDAY":"Tuesday","HATE_CRIME":"Race/Ethnicity","HC_MOTIVATION":"Arab(West Asian,Middle Eastern and North African origins)","HC_STATUS":"Hatecrime Happened","OFF_CATEG":"Assault With Weapon Or Cbh Lv2","NB_NAME_EN":"Orléans Central","SECTOR":"Sector 31","DIVISION":"East","CENSUS_TRC":"5050124.01","WARD":"Ward 2 - Orléans West-Innes","COUNCILLOR":"Laura Dudas","OFF_TYPE":"Criminal"}},{"type":"Feature","id":560,"geometry":null,"properties":{"OBJECTID":560,"ID":"1560","YEAR":2023,"REP_DATE":"Mon, 14 Aug 2023 00:00:00 GMT","OCC_DATE":"Mon, 14 Aug 2023 00:00:00 GMT","WEEKDAY":"Monday","HATE_CRIME":"Combination (More than 2 Motivations)","HC_MOTIVATION":"Combination (More than 2 Motivations)","HC_STATUS":"Hatecrime Suspected","OFF_CATEG":"Mischief To Property","NB_NAME_EN":"Orléans Queenswood Heights","SECTOR":"Sector 31","DIVISION":"East","CENSUS_TRC":"5050170.03","WARD":"Ward 1 - Orléans East-Cumberland","COUNCILLOR":"Matthew Luloff","OFF_TYPE":"Criminal"}},{"type":"Feature","id":561,"geometry":null,"properties":{"OBJECTID":561,"ID":"1561","YEAR":2022,"REP_DATE":"Thu, 06 Jan 2022 00:00:00 GMT","OCC_DATE":"Thu, 06 Jan 2022 00:00:00 GMT","WEEKDAY":"Thursday","HATE_CRIME":"Sexual Orientation","HC_MOTIVATION":"LGBTQ2+","HC_STATUS":"Hatecrime Happened","OFF_CATEG":"Threats Utter To Person","NB_NAME_EN":"Orléans Village - Chateauneuf","SECTOR":"Sector 31","DIVISION":"East","CENSUS_TRC":"5050125.08","WARD":"Ward 2 - Orléans West-Innes","COUNCILLOR":"Laura Dudas","OFF_TYPE":"Criminal"}},{"type":"Feature","id":562,"geometry":null,"properties":{"OBJECTID":562,"ID":"1562","YEAR":2023,"REP_DATE":"Wed, 08 Nov 2023 00:00:00 GMT","OCC_DATE":"Wed, 08 Nov 2023 00:00:00 GMT","WEEKDAY":"Wednesday","HATE_CRIME":"Religion","HC_MOTIVATION":"Jewish","HC_STATUS":"Hatecrime Happened","OFF_CATEG":"Mischief To Property","NB_NAME_EN":"Ledbury - Heron Gate - Ridgemont - Elmwood","SECTOR":"Sector 34","DIVISION":"East","CENSUS_TRC":"5050001.09","WARD":"Ward 10 - Gloucester-Southgate","COUNCILLOR":"Jessica Bradley","OFF_TYPE":"Criminal"}},{"type":"Feature","id":563,"geometry":null,"properties":{"OBJECTID":563,"ID":"1563","YEAR":2021,"REP_DATE":"Sun, 11 Apr 2021 00:00:00 GMT","OCC_DATE":"Sun, 11 Apr 2021 00:00:00 GMT","WEEKDAY":"Sunday","HATE_CRIME":"Race/Ethnicity","HC_MOTIVATION":"Black","HC_STATUS":"Hatecrime Happened","OFF_CATEG":"Mischief To Property","NB_NAME_EN":"Orléans Chapel Hill South","SECTOR":"Sector 31","DIVISION":"East","CENSUS_TRC":"5050125.10","WARD":"Ward 19 - Orléans South-Navan","COUNCILLOR":"Catherine Kitts","OFF_TYPE":"Criminal"}},{"type":"Feature","id":564,"geometry":null,"properties":{"OBJECTID":564,"ID":"1564","YEAR":2023,"REP_DATE":"Mon, 06 Feb 2023 00:00:00 GMT","OCC_DATE":"Sun, 05 Feb 2023 00:00:00 GMT","WEEKDAY":"Sunday","HATE_CRIME":"Religion","HC_MOTIVATION":"Catholic","HC_STATUS":"Hatecrime Suspected","OFF_CATEG":"Mischief To Property","NB_NAME_EN":"Orléans Central","SECTOR":"Sector 31","DIVISION":"East","CENSUS_TRC":"5050124.01","WARD":"Ward 1 - Orléans East-Cumberland","COUNCILLOR":"Matthew Luloff","OFF_TYPE":"Criminal"}},{"type":"Feature","id":565,"geometry":null,"properties":{"OBJECTID":565,"ID":"1565","YEAR":2020,"REP_DATE":"Fri, 29 May 2020 00:00:00 GMT","OCC_DATE":"Thu, 28 May 2020 00:00:00 GMT","WEEKDAY":"Thursday","HATE_CRIME":"Religion","HC_MOTIVATION":"Muslim (Islam)","HC_STATUS":"Hatecrime Happened","OFF_CATEG":"Dispute- Neighbour","NB_NAME_EN":"Orléans Village - Chateauneuf","SECTOR":"Sector 31","DIVISION":"East","CENSUS_TRC":"5050125.08","WARD":"Ward 2 - Orléans West-Innes","COUNCILLOR":"Laura Dudas","OFF_TYPE":"Non Criminal"}},{"type":"Feature","id":566,"geometry":null,"properties":{"OBJECTID":566,"ID":"1566","YEAR":2022,"REP_DATE":"Fri, 09 Sep 2022 00:00:00 GMT","OCC_DATE":"Fri, 09 Sep 2022 00:00:00 GMT","WEEKDAY":"Friday","HATE_CRIME":"Religion","HC_MOTIVATION":"Jewish","HC_STATUS":"Hatecrime Happened","OFF_CATEG":"Mischief To Property","NB_NAME_EN":"Metcalfe","SECTOR":"Sector 36","DIVISION":"East","CENSUS_TRC":"5050190.01","WARD":"Ward 20 - Osgoode","COUNCILLOR":"George Darouze","OFF_TYPE":"Criminal"}},{"type":"Feature","id":567,"geometry":null,"properties":{"OBJECTID":567,"ID":"1567","YEAR":2022,"REP_DATE":"Sun, 04 Dec 2022 00:00:00 GMT","OCC_DATE":"Sun, 04 Dec 2022 00:00:00 GMT","WEEKDAY":"Sunday","HATE_CRIME":"Sexual Orientation","HC_MOTIVATION":"LGBTQ2+","HC_STATUS":"Hatecrime Suspected","OFF_CATEG":"Fraud Utter Forged Doc","NB_NAME_EN":"Orléans Avalon - Notting Gate - Fallingbrook - Gardenway South","SECTOR":"Sector 31","DIVISION":"East","CENSUS_TRC":"5050170.12","WARD":"Ward 1 - Orléans East-Cumberland","COUNCILLOR":"Matthew Luloff","OFF_TYPE":"Criminal"}},{"type":"Feature","id":568,"geometry":null,"properties":{"OBJECTID":568,"ID":"1568","YEAR":2020,"REP_DATE":"Fri, 07 Aug 2020 00:00:00 GMT","OCC_DATE":"Fri, 07 Aug 2020 00:00:00 GMT","WEEKDAY":"Friday","HATE_CRIME":"Race/Ethnicity","HC_MOTIVATION":"White","HC_STATUS":"Hatecrime Happened","OFF_CATEG":"Harass Race/ Religion","NB_NAME_EN":"Vanier South","SECTOR":"Sector 25","DIVISION":"Central","CENSUS_TRC":"5050061.00","WARD":"Ward 13 - Rideau-Rockcliffe","COUNCILLOR":"Rawlson King","OFF_TYPE":"Non Criminal"}},{"type":"Feature","id":569,"geometry":null,"properties":{"OBJECTID":569,"ID":"1569","YEAR":2023,"REP_DATE":"Sun, 10 Dec 2023 00:00:00 GMT","OCC_DATE":"Sat, 09 Dec 2023 00:00:00 GMT","WEEKDAY":"Saturday","HATE_CRIME":"Religion","HC_MOTIVATION":"Jewish","HC_STATUS":"Hatecrime Happened","OFF_CATEG":"Mischief To Property","NB_NAME_EN":"Orléans Chapel Hill South","SECTOR":"Sector 31","DIVISION":"East","CENSUS_TRC":"5050125.10","WARD":"Ward 19 - Orléans South-Navan","COUNCILLOR":"Catherine Kitts","OFF_TYPE":"Criminal"}},{"type":"Feature","id":570,"geometry":null,"properties":{"OBJECTID":570,"ID":"1570","YEAR":2018,"REP_DATE":"Wed, 24 Oct 2018 00:00:00 GMT","OCC_DATE":"Wed, 24 Oct 2018 00:00:00 GMT","WEEKDAY":"Wednesday","HATE_CRIME":"Religion","HC_MOTIVATION":"Muslim (Islam)","HC_STATUS":"Hatecrime Happened","OFF_CATEG":"Mischief Cultural Property","NB_NAME_EN":"Emerald Woods - Sawmill Creek","SECTOR":"Sector 35","DIVISION":"East","CENSUS_TRC":"5050123.01","WARD":"Ward 10 - Gloucester-Southgate","COUNCILLOR":"Jessica Bradley","OFF_TYPE":"Criminal"}},{"type":"Feature","id":571,"geometry":null,"properties":{"OBJECTID":571,"ID":"1571","YEAR":2023,"REP_DATE":"Wed, 13 Dec 2023 00:00:00 GMT","OCC_DATE":"Wed, 13 Dec 2023 00:00:00 GMT","WEEKDAY":"Wednesday","HATE_CRIME":"Race/Ethnicity","HC_MOTIVATION":"Arab(West Asian,Middle Eastern and North African origins)","HC_STATUS":"Hatecrime Happened","OFF_CATEG":"Mischief Hate Cultrl/ Rel Prop","NB_NAME_EN":"Elmvale - Eastway - Riverview - Riverview Park West","SECTOR":"Sector 33","DIVISION":"East","CENSUS_TRC":"5050011.04","WARD":"Ward 18 - Alta Vista","COUNCILLOR":"Marty Carr","OFF_TYPE":"Criminal"}},{"type":"Feature","id":572,"geometry":null,"properties":{"OBJECTID":572,"ID":"1572","YEAR":2023,"REP_DATE":"Tue, 05 Sep 2023 00:00:00 GMT","OCC_DATE":"Fri, 01 Sep 2023 00:00:00 GMT","WEEKDAY":"Friday","HATE_CRIME":"Race/Ethnicity","HC_MOTIVATION":"Black","HC_STATUS":"Hatecrime Suspected","OFF_CATEG":"B&e Non- Res.prop/ Commercial","NB_NAME_EN":"Playfair Park - Lynda Park - Guildwood Estates","SECTOR":"Sector 34","DIVISION":"East","CENSUS_TRC":"5050007.03","WARD":"Ward 18 - Alta Vista","COUNCILLOR":"Marty Carr","OFF_TYPE":"Criminal"}},{"type":"Feature","id":573,"geometry":null,"properties":{"OBJECTID":573,"ID":"1573","YEAR":2021,"REP_DATE":"Mon, 05 Apr 2021 00:00:00 GMT","OCC_DATE":"Mon, 05 Apr 2021 00:00:00 GMT","WEEKDAY":"Monday","HATE_CRIME":"Sexual Orientation","HC_MOTIVATION":"LGBTQ2+","HC_STATUS":"Hatecrime Happened","OFF_CATEG":"Mischief To Property","NB_NAME_EN":"Playfair Park - Lynda Park - Guildwood Estates","SECTOR":"Sector 34","DIVISION":"East","CENSUS_TRC":"5050007.03","WARD":"Ward 18 - Alta Vista","COUNCILLOR":"Marty Carr","OFF_TYPE":"Criminal"}},{"type":"Feature","id":574,"geometry":null,"properties":{"OBJECTID":574,"ID":"1574","YEAR":2020,"REP_DATE":"Wed, 06 May 2020 00:00:00 GMT","OCC_DATE":"Wed, 06 May 2020 00:00:00 GMT","WEEKDAY":"Wednesday","HATE_CRIME":"Race/Ethnicity","HC_MOTIVATION":"East and Southeast Asian","HC_STATUS":"Hatecrime Suspected","OFF_CATEG":"Information ( General)","NB_NAME_EN":"Orléans Avalon - Notting Gate - Fallingbrook - Gardenway South","SECTOR":"Sector 31","DIVISION":"East","CENSUS_TRC":"5050171.05","WARD":"Ward 1 - Orléans East-Cumberland","COUNCILLOR":"Matthew Luloff","OFF_TYPE":"Non Criminal"}},{"type":"Feature","id":575,"geometry":null,"properties":{"OBJECTID":575,"ID":"1575","YEAR":2021,"REP_DATE":"Wed, 31 Mar 2021 00:00:00 GMT","OCC_DATE":"Wed, 31 Mar 2021 00:00:00 GMT","WEEKDAY":"Wednesday","HATE_CRIME":"Race/Ethnicity","HC_MOTIVATION":"Arab(West Asian,Middle Eastern and North African origins)","HC_STATUS":"Hatecrime Happened","OFF_CATEG":"Dispute- Disturbance","NB_NAME_EN":"Ledbury - Heron Gate - Ridgemont - Elmwood","SECTOR":"Sector 34","DIVISION":"East","CENSUS_TRC":"5050007.02","WARD":"Ward 18 - Alta Vista","COUNCILLOR":"Marty Carr","OFF_TYPE":"Non Criminal"}},{"type":"Feature","id":576,"geometry":null,"properties":{"OBJECTID":576,"ID":"1576","YEAR":2022,"REP_DATE":"Wed, 26 Oct 2022 00:00:00 GMT","OCC_DATE":"Wed, 26 Oct 2022 00:00:00 GMT","WEEKDAY":"Wednesday","HATE_CRIME":"Religion","HC_MOTIVATION":"Jewish","HC_STATUS":"Hatecrime Happened","OFF_CATEG":"Mischief Hate Cultrl/ Rel Prop","NB_NAME_EN":"Navan - Carlsbad Springs","SECTOR":"Sector 37","DIVISION":"East","CENSUS_TRC":"5050171.03","WARD":"Ward 19 - Orléans South-Navan","COUNCILLOR":"Catherine Kitts","OFF_TYPE":"Criminal"}},{"type":"Feature","id":577,"geometry":null,"properties":{"OBJECTID":577,"ID":"1577","YEAR":2022,"REP_DATE":"Thu, 13 Oct 2022 00:00:00 GMT","OCC_DATE":"Wed, 05 Oct 2022 00:00:00 GMT","WEEKDAY":"Wednesday","HATE_CRIME":"Religion","HC_MOTIVATION":"Jewish","HC_STATUS":"Hatecrime Happened","OFF_CATEG":"Mischief To Property","NB_NAME_EN":"Navan - Carlsbad Springs","SECTOR":"Sector 37","DIVISION":"East","CENSUS_TRC":"5050171.03","WARD":"Ward 19 - Orléans South-Navan","COUNCILLOR":"Catherine Kitts","OFF_TYPE":"Criminal"}},{"type":"Feature","id":578,"geometry":null,"properties":{"OBJECTID":578,"ID":"1578","YEAR":2022,"REP_DATE":"Thu, 08 Dec 2022 00:00:00 GMT","OCC_DATE":"Thu, 08 Dec 2022 00:00:00 GMT","WEEKDAY":"Thursday","HATE_CRIME":"Religion","HC_MOTIVATION":"Jewish","HC_STATUS":"Hatecrime Happened","OFF_CATEG":"Mischief To Property","NB_NAME_EN":"Orléans Central","SECTOR":"Sector 31","DIVISION":"East","CENSUS_TRC":"5050124.01","WARD":"Ward 2 - Orléans West-Innes","COUNCILLOR":"Laura Dudas","OFF_TYPE":"Criminal"}},{"type":"Feature","id":579,"geometry":null,"properties":{"OBJECTID":579,"ID":"1579","YEAR":2024,"REP_DATE":"Mon, 08 Jan 2024 00:00:00 GMT","OCC_DATE":"Mon, 08 Jan 2024 00:00:00 GMT","WEEKDAY":"Monday","HATE_CRIME":"Race/Ethnicity","HC_MOTIVATION":"India,Pakistan/South Asian","HC_STATUS":"Hatecrime Suspected","OFF_CATEG":"Threats To Property/ Animal","NB_NAME_EN":"Orléans Chapel Hill South","SECTOR":"Sector 31","DIVISION":"East","CENSUS_TRC":"5050125.11","WARD":"Ward 19 - Orléans South-Navan","COUNCILLOR":"Catherine Kitts","OFF_TYPE":"Criminal"}},{"type":"Feature","id":580,"geometry":null,"properties":{"OBJECTID":580,"ID":"1580","YEAR":2020,"REP_DATE":"Wed, 01 Jul 2020 00:00:00 GMT","OCC_DATE":"Tue, 30 Jun 2020 00:00:00 GMT","WEEKDAY":"Tuesday","HATE_CRIME":"Race/Ethnicity","HC_MOTIVATION":"Black","HC_STATUS":"Hatecrime Happened","OFF_CATEG":"Mischief To Property","NB_NAME_EN":"Orléans Avalon - Notting Gate - Fallingbrook - Gardenway South","SECTOR":"Sector 31","DIVISION":"East","CENSUS_TRC":"5050171.12","WARD":"Ward 19 - Orléans South-Navan","COUNCILLOR":"Catherine Kitts","OFF_TYPE":"Criminal"}},{"type":"Feature","id":581,"geometry":null,"properties":{"OBJECTID":581,"ID":"1581","YEAR":2018,"REP_DATE":"Fri, 30 Nov 2018 00:00:00 GMT","OCC_DATE":"Fri, 30 Nov 2018 00:00:00 GMT","WEEKDAY":"Friday","HATE_CRIME":"Religion","HC_MOTIVATION":"Jewish","HC_STATUS":"Hatecrime Happened","OFF_CATEG":"Mischief To Property","NB_NAME_EN":"Orléans Chapel Hill","SECTOR":"Sector 31","DIVISION":"East","CENSUS_TRC":"5050125.04","WARD":"Ward 2 - Orléans West-Innes","COUNCILLOR":"Laura Dudas","OFF_TYPE":"Criminal"}},{"type":"Feature","id":582,"geometry":null,"properties":{"OBJECTID":582,"ID":"1582","YEAR":2020,"REP_DATE":"Fri, 31 Jul 2020 00:00:00 GMT","OCC_DATE":"Fri, 22 May 2020 00:00:00 GMT","WEEKDAY":"Friday","HATE_CRIME":"Race/Ethnicity","HC_MOTIVATION":"Black","HC_STATUS":"Hatecrime Suspected","OFF_CATEG":"Harass Race/ Religion","NB_NAME_EN":"Cumberland","SECTOR":"Sector 37","DIVISION":"East","CENSUS_TRC":"5050171.06","WARD":"Ward 1 - Orléans East-Cumberland","COUNCILLOR":"Matthew Luloff","OFF_TYPE":"Non Criminal"}},{"type":"Feature","id":583,"geometry":null,"properties":{"OBJECTID":583,"ID":"1583","YEAR":2021,"REP_DATE":"Tue, 09 Feb 2021 00:00:00 GMT","OCC_DATE":"Mon, 08 Feb 2021 00:00:00 GMT","WEEKDAY":"Monday","HATE_CRIME":"Religion","HC_MOTIVATION":"Jewish","HC_STATUS":"Hatecrime Suspected","OFF_CATEG":"Mischief To Property","NB_NAME_EN":"Overbrook - McArthur","SECTOR":"Sector 25","DIVISION":"Central","CENSUS_TRC":"5050012.00","WARD":"Ward 13 - Rideau-Rockcliffe","COUNCILLOR":"Rawlson King","OFF_TYPE":"Criminal"}},{"type":"Feature","id":584,"geometry":null,"properties":{"OBJECTID":584,"ID":"1584","YEAR":2021,"REP_DATE":"Mon, 13 Sep 2021 00:00:00 GMT","OCC_DATE":"Mon, 13 Sep 2021 00:00:00 GMT","WEEKDAY":"Monday","HATE_CRIME":"Race/Ethnicity","HC_MOTIVATION":"Black","HC_STATUS":"Hatecrime Happened","OFF_CATEG":"Mischief To Property","NB_NAME_EN":"Orléans Chapel Hill South","SECTOR":"Sector 31","DIVISION":"East","CENSUS_TRC":"5050125.10","WARD":"Ward 19 - Orléans South-Navan","COUNCILLOR":"Catherine Kitts","OFF_TYPE":"Criminal"}},{"type":"Feature","id":585,"geometry":null,"properties":{"OBJECTID":585,"ID":"1585","YEAR":2023,"REP_DATE":"Tue, 22 Aug 2023 00:00:00 GMT","OCC_DATE":"Sat, 19 Aug 2023 00:00:00 GMT","WEEKDAY":"Saturday","HATE_CRIME":"Sexual Orientation","HC_MOTIVATION":"LGBTQ2+","HC_STATUS":"Hatecrime Suspected","OFF_CATEG":"Mischief To Property","NB_NAME_EN":"Orléans Avalon - Notting Gate - Fallingbrook - Gardenway South","SECTOR":"Sector 31","DIVISION":"East","CENSUS_TRC":"5050170.09","WARD":"Ward 1 - Orléans East-Cumberland","COUNCILLOR":"Matthew Luloff","OFF_TYPE":"Criminal"}},{"type":"Feature","id":586,"geometry":null,"properties":{"OBJECTID":586,"ID":"1586","YEAR":2021,"REP_DATE":"Mon, 22 Mar 2021 00:00:00 GMT","OCC_DATE":"Mon, 22 Mar 2021 00:00:00 GMT","WEEKDAY":"Monday","HATE_CRIME":"Race/Ethnicity","HC_MOTIVATION":"Black","HC_STATUS":"Hatecrime Happened","OFF_CATEG":"Harass Crim Stalking","NB_NAME_EN":"Emerald Woods - Sawmill Creek","SECTOR":"Sector 35","DIVISION":"East","CENSUS_TRC":"5050123.01","WARD":"Ward 10 - Gloucester-Southgate","COUNCILLOR":"Jessica Bradley","OFF_TYPE":"Criminal"}},{"type":"Feature","id":587,"geometry":null,"properties":{"OBJECTID":587,"ID":"1587","YEAR":2022,"REP_DATE":"Fri, 16 Sep 2022 00:00:00 GMT","OCC_DATE":"Sun, 11 Sep 2022 00:00:00 GMT","WEEKDAY":"Sunday","HATE_CRIME":"Religion","HC_MOTIVATION":"Catholic","HC_STATUS":"Hatecrime Suspected","OFF_CATEG":"Mischief To Property","NB_NAME_EN":"Orléans North West","SECTOR":"Sector 31","DIVISION":"East","CENSUS_TRC":"5050124.02","WARD":"Ward 2 - Orléans West-Innes","COUNCILLOR":"Laura Dudas","OFF_TYPE":"Criminal"}},{"type":"Feature","id":588,"geometry":null,"properties":{"OBJECTID":588,"ID":"1588","YEAR":2019,"REP_DATE":"Fri, 20 Sep 2019 00:00:00 GMT","OCC_DATE":"Wed, 18 Sep 2019 00:00:00 GMT","WEEKDAY":"Wednesday","HATE_CRIME":"Religion","HC_MOTIVATION":"Catholic","HC_STATUS":"Hatecrime Happened","OFF_CATEG":"Mischief Hate Cultrl/ Rel Prop","NB_NAME_EN":"Orléans North West","SECTOR":"Sector 31","DIVISION":"East","CENSUS_TRC":"5050124.02","WARD":"Ward 2 - Orléans West-Innes","COUNCILLOR":"Laura Dudas","OFF_TYPE":"Criminal"}},{"type":"Feature","id":589,"geometry":null,"properties":{"OBJECTID":589,"ID":"1589","YEAR":2019,"REP_DATE":"Thu, 19 Sep 2019 00:00:00 GMT","OCC_DATE":"Mon, 22 Jul 2019 00:00:00 GMT","WEEKDAY":"Monday","HATE_CRIME":"Religion","HC_MOTIVATION":"Catholic","HC_STATUS":"Hatecrime Happened","OFF_CATEG":"Mischief Hate Cultrl/ Rel Prop","NB_NAME_EN":"Orléans North West","SECTOR":"Sector 31","DIVISION":"East","CENSUS_TRC":"5050124.02","WARD":"Ward 2 - Orléans West-Innes","COUNCILLOR":"Laura Dudas","OFF_TYPE":"Criminal"}},{"type":"Feature","id":590,"geometry":null,"properties":{"OBJECTID":590,"ID":"1590","YEAR":2021,"REP_DATE":"Fri, 20 Aug 2021 00:00:00 GMT","OCC_DATE":"Fri, 20 Aug 2021 00:00:00 GMT","WEEKDAY":"Friday","HATE_CRIME":"Sexual Orientation","HC_MOTIVATION":"LGBTQ2+","HC_STATUS":"Hatecrime Happened","OFF_CATEG":"Mischief To Property","NB_NAME_EN":"Orléans Village - Chateauneuf","SECTOR":"Sector 31","DIVISION":"East","CENSUS_TRC":"5050125.09","WARD":"Ward 2 - Orléans West-Innes","COUNCILLOR":"Laura Dudas","OFF_TYPE":"Criminal"}},{"type":"Feature","id":591,"geometry":null,"properties":{"OBJECTID":591,"ID":"1591","YEAR":2023,"REP_DATE":"Sun, 21 May 2023 00:00:00 GMT","OCC_DATE":"Sun, 21 May 2023 00:00:00 GMT","WEEKDAY":"Sunday","HATE_CRIME":"Race/Ethnicity","HC_MOTIVATION":"Black","HC_STATUS":"Hatecrime Suspected","OFF_CATEG":"Mischief To Property","NB_NAME_EN":"Cummings","SECTOR":"Sector 32","DIVISION":"East","CENSUS_TRC":"5050061.00","WARD":"Ward 13 - Rideau-Rockcliffe","COUNCILLOR":"Rawlson King","OFF_TYPE":"Criminal"}},{"type":"Feature","id":592,"geometry":null,"properties":{"OBJECTID":592,"ID":"1592","YEAR":2019,"REP_DATE":"Thu, 16 May 2019 00:00:00 GMT","OCC_DATE":"Thu, 16 May 2019 00:00:00 GMT","WEEKDAY":"Thursday","HATE_CRIME":"Religion","HC_MOTIVATION":"Jewish","HC_STATUS":"Hatecrime Happened","OFF_CATEG":"Mischief To Property","NB_NAME_EN":"Orléans Avalon - Notting Gate - Fallingbrook - Gardenway South","SECTOR":"Sector 31","DIVISION":"East","CENSUS_TRC":"5050170.09","WARD":"Ward 1 - Orléans East-Cumberland","COUNCILLOR":"Matthew Luloff","OFF_TYPE":"Criminal"}},{"type":"Feature","id":593,"geometry":null,"properties":{"OBJECTID":593,"ID":"1593","YEAR":2023,"REP_DATE":"Sat, 12 Aug 2023 00:00:00 GMT","OCC_DATE":"Sat, 12 Aug 2023 00:00:00 GMT","WEEKDAY":"Saturday","HATE_CRIME":"Race/Ethnicity","HC_MOTIVATION":"Black","HC_STATUS":"Hatecrime Happened","OFF_CATEG":"Threats Harass, Intim, Violent","NB_NAME_EN":"Cummings","SECTOR":"Sector 32","DIVISION":"East","CENSUS_TRC":"5050012.00","WARD":"Ward 11 - Beacon Hill-Cyrville","COUNCILLOR":"Tim Tierney","OFF_TYPE":"Criminal"}},{"type":"Feature","id":594,"geometry":null,"properties":{"OBJECTID":594,"ID":"1594","YEAR":2021,"REP_DATE":"Mon, 17 May 2021 00:00:00 GMT","OCC_DATE":"Mon, 17 May 2021 00:00:00 GMT","WEEKDAY":"Monday","HATE_CRIME":"Race/Ethnicity","HC_MOTIVATION":"Black","HC_STATUS":"Hatecrime Happened","OFF_CATEG":"Disturbance Causing, Loiter Etc","NB_NAME_EN":"Cummings","SECTOR":"Sector 32","DIVISION":"East","CENSUS_TRC":"5050012.00","WARD":"Ward 11 - Beacon Hill-Cyrville","COUNCILLOR":"Tim Tierney","OFF_TYPE":"Criminal"}},{"type":"Feature","id":595,"geometry":null,"properties":{"OBJECTID":595,"ID":"1595","YEAR":2022,"REP_DATE":"Wed, 04 May 2022 00:00:00 GMT","OCC_DATE":"Sat, 30 Apr 2022 00:00:00 GMT","WEEKDAY":"Saturday","HATE_CRIME":"Race/Ethnicity","HC_MOTIVATION":"East and Southeast Asian","HC_STATUS":"Hatecrime Suspected","OFF_CATEG":"Assault Level 1","NB_NAME_EN":"Orléans Central","SECTOR":"Sector 31","DIVISION":"East","CENSUS_TRC":"5050124.01","WARD":"Ward 2 - Orléans West-Innes","COUNCILLOR":"Laura Dudas","OFF_TYPE":"Criminal"}},{"type":"Feature","id":596,"geometry":null,"properties":{"OBJECTID":596,"ID":"1596","YEAR":2020,"REP_DATE":"Sat, 02 May 2020 00:00:00 GMT","OCC_DATE":"Wed, 18 Mar 2020 00:00:00 GMT","WEEKDAY":"Wednesday","HATE_CRIME":"Race/Ethnicity","HC_MOTIVATION":"Black","HC_STATUS":"Hatecrime Suspected","OFF_CATEG":"Dispute- Neighbour","NB_NAME_EN":"Orléans Avalon - Notting Gate - Fallingbrook - Gardenway South","SECTOR":"Sector 31","DIVISION":"East","CENSUS_TRC":"5050171.12","WARD":"Ward 19 - Orléans South-Navan","COUNCILLOR":"Catherine Kitts","OFF_TYPE":"Non Criminal"}},{"type":"Feature","id":597,"geometry":null,"properties":{"OBJECTID":597,"ID":"1597","YEAR":2021,"REP_DATE":"Sat, 02 Oct 2021 00:00:00 GMT","OCC_DATE":"Thu, 30 Sep 2021 00:00:00 GMT","WEEKDAY":"Thursday","HATE_CRIME":"Race/Ethnicity","HC_MOTIVATION":"Arab(West Asian,Middle Eastern and North African origins)","HC_STATUS":"Hatecrime Suspected","OFF_CATEG":"Assault Level 1","NB_NAME_EN":"Metcalfe","SECTOR":"Sector 36","DIVISION":"East","CENSUS_TRC":"5050190.02","WARD":"Ward 20 - Osgoode","COUNCILLOR":"George Darouze","OFF_TYPE":"Criminal"}},{"type":"Feature","id":598,"geometry":null,"properties":{"OBJECTID":598,"ID":"1598","YEAR":2020,"REP_DATE":"Sat, 22 Feb 2020 00:00:00 GMT","OCC_DATE":"Sat, 22 Feb 2020 00:00:00 GMT","WEEKDAY":"Saturday","HATE_CRIME":"Race/Ethnicity","HC_MOTIVATION":"Black","HC_STATUS":"Hatecrime Happened","OFF_CATEG":"Mischief To Property","NB_NAME_EN":"Ledbury - Heron Gate - Ridgemont - Elmwood","SECTOR":"Sector 34","DIVISION":"East","CENSUS_TRC":"5050007.02","WARD":"Ward 18 - Alta Vista","COUNCILLOR":"Marty Carr","OFF_TYPE":"Criminal"}},{"type":"Feature","id":599,"geometry":null,"properties":{"OBJECTID":599,"ID":"1599","YEAR":2021,"REP_DATE":"Tue, 23 Feb 2021 00:00:00 GMT","OCC_DATE":"Tue, 23 Feb 2021 00:00:00 GMT","WEEKDAY":"Tuesday","HATE_CRIME":"Race/Ethnicity","HC_MOTIVATION":"Black","HC_STATUS":"Hatecrime Happened","OFF_CATEG":"Assault With Weapon Or Cbh Lv2","NB_NAME_EN":"Ledbury - Heron Gate - Ridgemont - Elmwood","SECTOR":"Sector 34","DIVISION":"East","CENSUS_TRC":"5050007.02","WARD":"Ward 18 - Alta Vista","COUNCILLOR":"Marty Carr","OFF_TYPE":"Criminal"}},{"type":"Feature","id":600,"geometry":null,"properties":{"OBJECTID":600,"ID":"1600","YEAR":2022,"REP_DATE":"Mon, 09 May 2022 00:00:00 GMT","OCC_DATE":"Sun, 08 May 2022 00:00:00 GMT","WEEKDAY":"Sunday","HATE_CRIME":"Sexual Orientation","HC_MOTIVATION":"LGBTQ2+","HC_STATUS":"Hatecrime Happened","OFF_CATEG":"Threats Utter To Person","NB_NAME_EN":"Cummings","SECTOR":"Sector 32","DIVISION":"East","CENSUS_TRC":"5050061.00","WARD":"Ward 13 - Rideau-Rockcliffe","COUNCILLOR":"Rawlson King","OFF_TYPE":"Criminal"}},{"type":"Feature","id":601,"geometry":null,"properties":{"OBJECTID":601,"ID":"1601","YEAR":2023,"REP_DATE":"Tue, 12 Dec 2023 00:00:00 GMT","OCC_DATE":"Sat, 09 Dec 2023 00:00:00 GMT","WEEKDAY":"Saturday","HATE_CRIME":"Sexual Orientation","HC_MOTIVATION":"LGBTQ2+","HC_STATUS":"Hatecrime Happened","OFF_CATEG":"Mischief To Property","NB_NAME_EN":"Orléans Village - Chateauneuf","SECTOR":"Sector 31","DIVISION":"East","CENSUS_TRC":"5050125.08","WARD":"Ward 2 - Orléans West-Innes","COUNCILLOR":"Laura Dudas","OFF_TYPE":"Criminal"}},{"type":"Feature","id":602,"geometry":null,"properties":{"OBJECTID":602,"ID":"1602","YEAR":2023,"REP_DATE":"Mon, 16 Oct 2023 00:00:00 GMT","OCC_DATE":"Mon, 16 Oct 2023 00:00:00 GMT","WEEKDAY":"Monday","HATE_CRIME":"Race/Ethnicity","HC_MOTIVATION":"Black","HC_STATUS":"Hatecrime Happened","OFF_CATEG":"Mischief To Property","NB_NAME_EN":"Orléans Chapel Hill South","SECTOR":"Sector 31","DIVISION":"East","CENSUS_TRC":"5050125.10","WARD":"Ward 19 - Orléans South-Navan","COUNCILLOR":"Catherine Kitts","OFF_TYPE":"Criminal"}},{"type":"Feature","id":603,"geometry":null,"properties":{"OBJECTID":603,"ID":"1603","YEAR":2023,"REP_DATE":"Mon, 25 Sep 2023 00:00:00 GMT","OCC_DATE":"Mon, 25 Sep 2023 00:00:00 GMT","WEEKDAY":"Monday","HATE_CRIME":"Sexual Orientation","HC_MOTIVATION":"LGBTQ2+","HC_STATUS":"Hatecrime Suspected","OFF_CATEG":"Mischief To Property","NB_NAME_EN":"Carson Grove - Carson Meadows","SECTOR":"Sector 32","DIVISION":"East","CENSUS_TRC":"5050062.01","WARD":"Ward 13 - Rideau-Rockcliffe","COUNCILLOR":"Rawlson King","OFF_TYPE":"Criminal"}},{"type":"Feature","id":604,"geometry":null,"properties":{"OBJECTID":604,"ID":"1604","YEAR":2022,"REP_DATE":"Sat, 01 Oct 2022 00:00:00 GMT","OCC_DATE":"Sat, 01 Oct 2022 00:00:00 GMT","WEEKDAY":"Saturday","HATE_CRIME":"Religion","HC_MOTIVATION":"Muslim (Islam)","HC_STATUS":"Hatecrime Happened","OFF_CATEG":"Threats Utter To Person","NB_NAME_EN":"East Industrial","SECTOR":"Sector 33","DIVISION":"East","CENSUS_TRC":"5050011.01","WARD":"Ward 18 - Alta Vista","COUNCILLOR":"Marty Carr","OFF_TYPE":"Criminal"}},{"type":"Feature","id":605,"geometry":null,"properties":{"OBJECTID":605,"ID":"1605","YEAR":2020,"REP_DATE":"Wed, 18 Mar 2020 00:00:00 GMT","OCC_DATE":"Wed, 18 Mar 2020 00:00:00 GMT","WEEKDAY":"Wednesday","HATE_CRIME":"Race/Ethnicity","HC_MOTIVATION":"East and Southeast Asian","HC_STATUS":"Hatecrime Happened","OFF_CATEG":"Dispute- Disturbance","NB_NAME_EN":"Orléans Central","SECTOR":"Sector 31","DIVISION":"East","CENSUS_TRC":"5050170.10","WARD":"Ward 1 - Orléans East-Cumberland","COUNCILLOR":"Matthew Luloff","OFF_TYPE":"Non Criminal"}},{"type":"Feature","id":606,"geometry":null,"properties":{"OBJECTID":606,"ID":"1606","YEAR":2019,"REP_DATE":"Tue, 19 Feb 2019 00:00:00 GMT","OCC_DATE":"Tue, 19 Feb 2019 00:00:00 GMT","WEEKDAY":"Tuesday","HATE_CRIME":"Gender","HC_MOTIVATION":"Man","HC_STATUS":"Hatecrime Happened","OFF_CATEG":"Theft \u003c $5000","NB_NAME_EN":"Orléans Central","SECTOR":"Sector 31","DIVISION":"East","CENSUS_TRC":"5050170.10","WARD":"Ward 1 - Orléans East-Cumberland","COUNCILLOR":"Matthew Luloff","OFF_TYPE":"Criminal"}},{"type":"Feature","id":607,"geometry":null,"properties":{"OBJECTID":607,"ID":"1607","YEAR":2019,"REP_DATE":"Tue, 27 Aug 2019 00:00:00 GMT","OCC_DATE":"Sat, 03 Aug 2019 00:00:00 GMT","WEEKDAY":"Saturday","HATE_CRIME":"Race/Ethnicity","HC_MOTIVATION":"Black","HC_STATUS":"Hatecrime Suspected","OFF_CATEG":"Mischief To Property","NB_NAME_EN":"Carson Grove - Carson Meadows","SECTOR":"Sector 32","DIVISION":"East","CENSUS_TRC":"5050062.01","WARD":"Ward 13 - Rideau-Rockcliffe","COUNCILLOR":"Rawlson King","OFF_TYPE":"Criminal"}},{"type":"Feature","id":608,"geometry":null,"properties":{"OBJECTID":608,"ID":"1608","YEAR":2019,"REP_DATE":"Sat, 04 May 2019 00:00:00 GMT","OCC_DATE":"Fri, 03 May 2019 00:00:00 GMT","WEEKDAY":"Friday","HATE_CRIME":"Race/Ethnicity","HC_MOTIVATION":"Black","HC_STATUS":"Hatecrime Happened","OFF_CATEG":"Mischief To Property","NB_NAME_EN":"Carson Grove - Carson Meadows","SECTOR":"Sector 32","DIVISION":"East","CENSUS_TRC":"5050062.01","WARD":"Ward 13 - Rideau-Rockcliffe","COUNCILLOR":"Rawlson King","OFF_TYPE":"Criminal"}},{"type":"Feature","id":609,"geometry":null,"properties":{"OBJECTID":609,"ID":"1609","YEAR":2023,"REP_DATE":"Sat, 26 Aug 2023 00:00:00 GMT","OCC_DATE":"Fri, 26 Aug 2022 00:00:00 GMT","WEEKDAY":"Friday","HATE_CRIME":"Unknown","HC_MOTIVATION":"Unknown","HC_STATUS":"Hatecrime Suspected","OFF_CATEG":"Mischief To Property","NB_NAME_EN":"Greenboro East","SECTOR":"Sector 35","DIVISION":"East","CENSUS_TRC":"5050001.05","WARD":"Ward 10 - Gloucester-Southgate","COUNCILLOR":"Jessica Bradley","OFF_TYPE":"Criminal"}},{"type":"Feature","id":610,"geometry":null,"properties":{"OBJECTID":610,"ID":"1610","YEAR":2021,"REP_DATE":"Tue, 16 Mar 2021 00:00:00 GMT","OCC_DATE":"Mon, 08 Mar 2021 00:00:00 GMT","WEEKDAY":"Monday","HATE_CRIME":"Race/Ethnicity","HC_MOTIVATION":"East and Southeast Asian","HC_STATUS":"Hatecrime Happened","OFF_CATEG":"Threats Utter To Person","NB_NAME_EN":"Orléans Avalon - Notting Gate - Fallingbrook - Gardenway South","SECTOR":"Sector 31","DIVISION":"East","CENSUS_TRC":"5050171.15","WARD":"Ward 19 - Orléans South-Navan","COUNCILLOR":"Catherine Kitts","OFF_TYPE":"Criminal"}},{"type":"Feature","id":611,"geometry":null,"properties":{"OBJECTID":611,"ID":"1611","YEAR":2023,"REP_DATE":"Tue, 16 May 2023 00:00:00 GMT","OCC_DATE":"Thu, 11 May 2023 00:00:00 GMT","WEEKDAY":"Thursday","HATE_CRIME":"Race/Ethnicity","HC_MOTIVATION":"Black","HC_STATUS":"Hatecrime Happened","OFF_CATEG":"Mischief To Property","NB_NAME_EN":"Orléans Avalon - Notting Gate - Fallingbrook - Gardenway South","SECTOR":"Sector 31","DIVISION":"East","CENSUS_TRC":"5050170.08","WARD":"Ward 1 - Orléans East-Cumberland","COUNCILLOR":"Matthew Luloff","OFF_TYPE":"Criminal"}},{"type":"Feature","id":612,"geometry":null,"properties":{"OBJECTID":612,"ID":"1612","YEAR":2023,"REP_DATE":"Thu, 23 Mar 2023 00:00:00 GMT","OCC_DATE":"Wed, 25 Jan 2023 00:00:00 GMT","WEEKDAY":"Wednesday","HATE_CRIME":"Race/Ethnicity","HC_MOTIVATION":"Black","HC_STATUS":"Hatecrime Happened","OFF_CATEG":"Threats Utter To Person","NB_NAME_EN":"Orléans Avalon - Notting Gate - Fallingbrook - Gardenway South","SECTOR":"Sector 31","DIVISION":"East","CENSUS_TRC":"5050170.08","WARD":"Ward 1 - Orléans East-Cumberland","COUNCILLOR":"Matthew Luloff","OFF_TYPE":"Criminal"}},{"type":"Feature","id":613,"geometry":null,"properties":{"OBJECTID":613,"ID":"1613","YEAR":2023,"REP_DATE":"Thu, 23 Mar 2023 00:00:00 GMT","OCC_DATE":"Wed, 22 Mar 2023 00:00:00 GMT","WEEKDAY":"Wednesday","HATE_CRIME":"Race/Ethnicity","HC_MOTIVATION":"Black","HC_STATUS":"Hatecrime Happened","OFF_CATEG":"Mischief To Property","NB_NAME_EN":"Orléans Avalon - Notting Gate - Fallingbrook - Gardenway South","SECTOR":"Sector 31","DIVISION":"East","CENSUS_TRC":"5050170.08","WARD":"Ward 1 - Orléans East-Cumberland","COUNCILLOR":"Matthew Luloff","OFF_TYPE":"Criminal"}},{"type":"Feature","id":614,"geometry":null,"properties":{"OBJECTID":614,"ID":"1614","YEAR":2023,"REP_DATE":"Wed, 15 Mar 2023 00:00:00 GMT","OCC_DATE":"Tue, 14 Mar 2023 00:00:00 GMT","WEEKDAY":"Tuesday","HATE_CRIME":"Race/Ethnicity","HC_MOTIVATION":"Black","HC_STATUS":"Hatecrime Happened","OFF_CATEG":"Mischief To Property","NB_NAME_EN":"Orléans Avalon - Notting Gate - Fallingbrook - Gardenway South","SECTOR":"Sector 31","DIVISION":"East","CENSUS_TRC":"5050170.08","WARD":"Ward 1 - Orléans East-Cumberland","COUNCILLOR":"Matthew Luloff","OFF_TYPE":"Criminal"}},{"type":"Feature","id":615,"geometry":null,"properties":{"OBJECTID":615,"ID":"1615","YEAR":2018,"REP_DATE":"Mon, 30 Jul 2018 00:00:00 GMT","OCC_DATE":"Mon, 30 Jul 2018 00:00:00 GMT","WEEKDAY":"Monday","HATE_CRIME":"Religion","HC_MOTIVATION":"Jewish","HC_STATUS":"Hatecrime Happened","OFF_CATEG":"Mischief To Property","NB_NAME_EN":"Orléans Avalon - Notting Gate - Fallingbrook - Gardenway South","SECTOR":"Sector 31","DIVISION":"East","CENSUS_TRC":"5050171.11","WARD":"Ward 19 - Orléans South-Navan","COUNCILLOR":"Catherine Kitts","OFF_TYPE":"Criminal"}},{"type":"Feature","id":616,"geometry":null,"properties":{"OBJECTID":616,"ID":"1616","YEAR":2021,"REP_DATE":"Tue, 01 Jun 2021 00:00:00 GMT","OCC_DATE":"Sun, 16 May 2021 00:00:00 GMT","WEEKDAY":"Sunday","HATE_CRIME":"Religion","HC_MOTIVATION":"Other Religion","HC_STATUS":"Hatecrime Happened","OFF_CATEG":"Mischief Hate Cultrl/ Rel Prop","NB_NAME_EN":"Cummings","SECTOR":"Sector 32","DIVISION":"East","CENSUS_TRC":"5050122.01","WARD":"Ward 11 - Beacon Hill-Cyrville","COUNCILLOR":"Tim Tierney","OFF_TYPE":"Criminal"}},{"type":"Feature","id":617,"geometry":null,"properties":{"OBJECTID":617,"ID":"1617","YEAR":2022,"REP_DATE":"Sun, 13 Feb 2022 00:00:00 GMT","OCC_DATE":"Sat, 12 Feb 2022 00:00:00 GMT","WEEKDAY":"Saturday","HATE_CRIME":"Other Similar Factor","HC_MOTIVATION":"non","HC_STATUS":"Hatecrime Suspected","OFF_CATEG":"Mischief To Property","NB_NAME_EN":"Cummings","SECTOR":"Sector 32","DIVISION":"East","CENSUS_TRC":"5050122.01","WARD":"Ward 11 - Beacon Hill-Cyrville","COUNCILLOR":"Tim Tierney","OFF_TYPE":"Criminal"}},{"type":"Feature","id":618,"geometry":null,"properties":{"OBJECTID":618,"ID":"1618","YEAR":2023,"REP_DATE":"Fri, 17 Nov 2023 00:00:00 GMT","OCC_DATE":"Fri, 17 Nov 2023 00:00:00 GMT","WEEKDAY":"Friday","HATE_CRIME":"Religion","HC_MOTIVATION":"Jewish","HC_STATUS":"Hatecrime Happened","OFF_CATEG":"Mischief To Property","NB_NAME_EN":"Orléans Avalon - Notting Gate - Fallingbrook - Gardenway South","SECTOR":"Sector 31","DIVISION":"East","CENSUS_TRC":"5050171.15","WARD":"Ward 19 - Orléans South-Navan","COUNCILLOR":"Catherine Kitts","OFF_TYPE":"Criminal"}},{"type":"Feature","id":619,"geometry":null,"properties":{"OBJECTID":619,"ID":"1619","YEAR":2023,"REP_DATE":"Tue, 04 Jul 2023 00:00:00 GMT","OCC_DATE":"Tue, 04 Jul 2023 00:00:00 GMT","WEEKDAY":"Tuesday","HATE_CRIME":"Sexual Orientation","HC_MOTIVATION":"LGBTQ2+","HC_STATUS":"Hatecrime Suspected","OFF_CATEG":"B&e Non- Res.prop/ Commercial","NB_NAME_EN":"Orléans Avalon - Notting Gate - Fallingbrook - Gardenway South","SECTOR":"Sector 31","DIVISION":"East","CENSUS_TRC":"5050171.15","WARD":"Ward 19 - Orléans South-Navan","COUNCILLOR":"Catherine Kitts","OFF_TYPE":"Criminal"}},{"type":"Feature","id":620,"geometry":null,"properties":{"OBJECTID":620,"ID":"1620","YEAR":2023,"REP_DATE":"Sun, 20 Aug 2023 00:00:00 GMT","OCC_DATE":"Sun, 20 Aug 2023 00:00:00 GMT","WEEKDAY":"Sunday","HATE_CRIME":"Sexual Orientation","HC_MOTIVATION":"LGBTQ2+","HC_STATUS":"Hatecrime Suspected","OFF_CATEG":"Harass Communications","NB_NAME_EN":"Orléans Avalon - Notting Gate - Fallingbrook - Gardenway South","SECTOR":"Sector 31","DIVISION":"East","CENSUS_TRC":"5050170.12","WARD":"Ward 1 - Orléans East-Cumberland","COUNCILLOR":"Matthew Luloff","OFF_TYPE":"Criminal"}},{"type":"Feature","id":621,"geometry":null,"properties":{"OBJECTID":621,"ID":"1621","YEAR":2024,"REP_DATE":"Sat, 27 Jan 2024 00:00:00 GMT","OCC_DATE":"Sat, 27 Jan 2024 00:00:00 GMT","WEEKDAY":"Saturday","HATE_CRIME":"Race/Ethnicity","HC_MOTIVATION":"Black","HC_STATUS":"Hatecrime Happened","OFF_CATEG":"Threats Utter To Person","NB_NAME_EN":"South Keys - Heron Gate - Greenboro West","SECTOR":"Sector 35","DIVISION":"East","CENSUS_TRC":"5050001.05","WARD":"Ward 10 - Gloucester-Southgate","COUNCILLOR":"Jessica Bradley","OFF_TYPE":"Criminal"}},{"type":"Feature","id":622,"geometry":null,"properties":{"OBJECTID":622,"ID":"1622","YEAR":2023,"REP_DATE":"Sun, 11 Jun 2023 00:00:00 GMT","OCC_DATE":"Sun, 11 Jun 2023 00:00:00 GMT","WEEKDAY":"Sunday","HATE_CRIME":"Sexual Orientation","HC_MOTIVATION":"LGBTQ2+","HC_STATUS":"Hatecrime Happened","OFF_CATEG":"Mischief To Property","NB_NAME_EN":"Orléans Avalon - Notting Gate - Fallingbrook - Gardenway South","SECTOR":"Sector 31","DIVISION":"East","CENSUS_TRC":"5050171.15","WARD":"Ward 19 - Orléans South-Navan","COUNCILLOR":"Catherine Kitts","OFF_TYPE":"Criminal"}},{"type":"Feature","id":623,"geometry":null,"properties":{"OBJECTID":623,"ID":"1623","YEAR":2023,"REP_DATE":"Fri, 17 Nov 2023 00:00:00 GMT","OCC_DATE":"Fri, 17 Nov 2023 00:00:00 GMT","WEEKDAY":"Friday","HATE_CRIME":"Religion","HC_MOTIVATION":"Jewish","HC_STATUS":"Hatecrime Happened","OFF_CATEG":"Mischief Hate Cultrl/ Rel Prop","NB_NAME_EN":"Orléans Avalon - Notting Gate - Fallingbrook - Gardenway South","SECTOR":"Sector 31","DIVISION":"East","CENSUS_TRC":"5050171.15","WARD":"Ward 19 - Orléans South-Navan","COUNCILLOR":"Catherine Kitts","OFF_TYPE":"Criminal"}},{"type":"Feature","id":624,"geometry":null,"properties":{"OBJECTID":624,"ID":"1624","YEAR":2018,"REP_DATE":"Thu, 07 Jun 2018 00:00:00 GMT","OCC_DATE":"Thu, 07 Jun 2018 00:00:00 GMT","WEEKDAY":"Thursday","HATE_CRIME":"Race/Ethnicity","HC_MOTIVATION":"Black","HC_STATUS":"Hatecrime Happened","OFF_CATEG":"Mischief To Property","NB_NAME_EN":"Orléans Avalon - Notting Gate - Fallingbrook - Gardenway South","SECTOR":"Sector 31","DIVISION":"East","CENSUS_TRC":"5050171.15","WARD":"Ward 19 - Orléans South-Navan","COUNCILLOR":"Catherine Kitts","OFF_TYPE":"Criminal"}},{"type":"Feature","id":625,"geometry":null,"properties":{"OBJECTID":625,"ID":"1625","YEAR":2022,"REP_DATE":"Fri, 16 Sep 2022 00:00:00 GMT","OCC_DATE":"Fri, 16 Sep 2022 00:00:00 GMT","WEEKDAY":"Friday","HATE_CRIME":"Sexual Orientation","HC_MOTIVATION":"LGBTQ2+","HC_STATUS":"Hatecrime Happened","OFF_CATEG":"Harass Communications","NB_NAME_EN":"Orléans Avalon - Notting Gate - Fallingbrook - Gardenway South","SECTOR":"Sector 31","DIVISION":"East","CENSUS_TRC":"5050171.07","WARD":"Ward 19 - Orléans South-Navan","COUNCILLOR":"Catherine Kitts","OFF_TYPE":"Criminal"}},{"type":"Feature","id":626,"geometry":null,"properties":{"OBJECTID":626,"ID":"1626","YEAR":2022,"REP_DATE":"Fri, 16 Sep 2022 00:00:00 GMT","OCC_DATE":"Fri, 16 Sep 2022 00:00:00 GMT","WEEKDAY":"Friday","HATE_CRIME":"Sexual Orientation","HC_MOTIVATION":"LGBTQ2+","HC_STATUS":"Hatecrime Happened","OFF_CATEG":"Harass Communications","NB_NAME_EN":"Orléans Avalon - Notting Gate - Fallingbrook - Gardenway South","SECTOR":"Sector 31","DIVISION":"East","CENSUS_TRC":"5050171.07","WARD":"Ward 19 - Orléans South-Navan","COUNCILLOR":"Catherine Kitts","OFF_TYPE":"Criminal"}},{"type":"Feature","id":627,"geometry":null,"properties":{"OBJECTID":627,"ID":"1627","YEAR":2018,"REP_DATE":"Sun, 09 Dec 2018 00:00:00 GMT","OCC_DATE":"Sun, 09 Dec 2018 00:00:00 GMT","WEEKDAY":"Sunday","HATE_CRIME":"Race/Ethnicity","HC_MOTIVATION":"Multiple Races/Ethnicities","HC_STATUS":"Hatecrime Happened","OFF_CATEG":"Mischief To Property","NB_NAME_EN":"Orléans Avalon - Notting Gate - Fallingbrook - Gardenway South","SECTOR":"Sector 31","DIVISION":"East","CENSUS_TRC":"5050170.13","WARD":"Ward 1 - Orléans East-Cumberland","COUNCILLOR":"Matthew Luloff","OFF_TYPE":"Criminal"}},{"type":"Feature","id":628,"geometry":null,"properties":{"OBJECTID":628,"ID":"1628","YEAR":2021,"REP_DATE":"Sat, 13 Feb 2021 00:00:00 GMT","OCC_DATE":"Thu, 11 Feb 2021 00:00:00 GMT","WEEKDAY":"Thursday","HATE_CRIME":"Race/Ethnicity","HC_MOTIVATION":"Black","HC_STATUS":"Hatecrime Suspected","OFF_CATEG":"Threats Utter To Person","NB_NAME_EN":"Orléans Queenswood Heights","SECTOR":"Sector 31","DIVISION":"East","CENSUS_TRC":"5050170.05","WARD":"Ward 1 - Orléans East-Cumberland","COUNCILLOR":"Matthew Luloff","OFF_TYPE":"Criminal"}},{"type":"Feature","id":629,"geometry":null,"properties":{"OBJECTID":629,"ID":"1629","YEAR":2023,"REP_DATE":"Sat, 19 Aug 2023 00:00:00 GMT","OCC_DATE":"Fri, 18 Aug 2023 00:00:00 GMT","WEEKDAY":"Friday","HATE_CRIME":"Religion","HC_MOTIVATION":"Muslim (Islam)","HC_STATUS":"Hatecrime Happened","OFF_CATEG":"Dispute- Disturbance","NB_NAME_EN":"Orléans Avalon - Notting Gate - Fallingbrook - Gardenway South","SECTOR":"Sector 31","DIVISION":"East","CENSUS_TRC":"5050170.09","WARD":"Ward 1 - Orléans East-Cumberland","COUNCILLOR":"Matthew Luloff","OFF_TYPE":"Non Criminal"}},{"type":"Feature","id":630,"geometry":null,"properties":{"OBJECTID":630,"ID":"1630","YEAR":2020,"REP_DATE":"Fri, 05 Jun 2020 00:00:00 GMT","OCC_DATE":"Fri, 05 Jun 2020 00:00:00 GMT","WEEKDAY":"Friday","HATE_CRIME":"Race/Ethnicity","HC_MOTIVATION":"White","HC_STATUS":"Hatecrime Happened","OFF_CATEG":"Suspicious Circumstance( S)","NB_NAME_EN":"Elmvale - Eastway - Riverview - Riverview Park West","SECTOR":"Sector 33","DIVISION":"East","CENSUS_TRC":"5050009.00","WARD":"Ward 18 - Alta Vista","COUNCILLOR":"Marty Carr","OFF_TYPE":"Non Criminal"}},{"type":"Feature","id":631,"geometry":null,"properties":{"OBJECTID":631,"ID":"1631","YEAR":2018,"REP_DATE":"Wed, 02 May 2018 00:00:00 GMT","OCC_DATE":"Wed, 02 May 2018 00:00:00 GMT","WEEKDAY":"Wednesday","HATE_CRIME":"Religion","HC_MOTIVATION":"Jewish","HC_STATUS":"Hatecrime Happened","OFF_CATEG":"Mischief To Property","NB_NAME_EN":"Metcalfe","SECTOR":"Sector 36","DIVISION":"East","CENSUS_TRC":"5050190.01","WARD":"Ward 20 - Osgoode","COUNCILLOR":"George Darouze","OFF_TYPE":"Criminal"}},{"type":"Feature","id":632,"geometry":null,"properties":{"OBJECTID":632,"ID":"1632","YEAR":2021,"REP_DATE":"Sat, 18 Dec 2021 00:00:00 GMT","OCC_DATE":"Fri, 17 Dec 2021 00:00:00 GMT","WEEKDAY":"Friday","HATE_CRIME":"Religion","HC_MOTIVATION":"Other Religion","HC_STATUS":"Hatecrime Happened","OFF_CATEG":"Mischief To Property","NB_NAME_EN":"Riverside South - Leitrim","SECTOR":"Sector 35","DIVISION":"East","CENSUS_TRC":"5050126.07","WARD":"Ward 22 - Riverside South-Findlay Creek","COUNCILLOR":"Steve Desroches","OFF_TYPE":"Criminal"}},{"type":"Feature","id":633,"geometry":null,"properties":{"OBJECTID":633,"ID":"1633","YEAR":2019,"REP_DATE":"Sun, 20 Oct 2019 00:00:00 GMT","OCC_DATE":"Sun, 20 Oct 2019 00:00:00 GMT","WEEKDAY":"Sunday","HATE_CRIME":"Religion","HC_MOTIVATION":"Jewish","HC_STATUS":"Hatecrime Happened","OFF_CATEG":"Mischief To Property","NB_NAME_EN":"Cumberland","SECTOR":"Sector 37","DIVISION":"East","CENSUS_TRC":"5050171.06","WARD":"Ward 1 - Orléans East-Cumberland","COUNCILLOR":"Matthew Luloff","OFF_TYPE":"Criminal"}},{"type":"Feature","id":634,"geometry":null,"properties":{"OBJECTID":634,"ID":"1634","YEAR":2023,"REP_DATE":"Fri, 16 Jun 2023 00:00:00 GMT","OCC_DATE":"Fri, 16 Jun 2023 00:00:00 GMT","WEEKDAY":"Friday","HATE_CRIME":"Race/Ethnicity","HC_MOTIVATION":"Black","HC_STATUS":"Hatecrime Happened","OFF_CATEG":"Mischief To Property","NB_NAME_EN":"Orléans Avalon - Notting Gate - Fallingbrook - Gardenway South","SECTOR":"Sector 31","DIVISION":"East","CENSUS_TRC":"5050171.05","WARD":"Ward 1 - Orléans East-Cumberland","COUNCILLOR":"Matthew Luloff","OFF_TYPE":"Criminal"}},{"type":"Feature","id":635,"geometry":null,"properties":{"OBJECTID":635,"ID":"1635","YEAR":2023,"REP_DATE":"Wed, 05 Jul 2023 00:00:00 GMT","OCC_DATE":"Wed, 05 Jul 2023 00:00:00 GMT","WEEKDAY":"Wednesday","HATE_CRIME":"Religion","HC_MOTIVATION":"Jewish","HC_STATUS":"Hatecrime Happened","OFF_CATEG":"Mischief To Property","NB_NAME_EN":"Orléans Avalon - Notting Gate - Fallingbrook - Gardenway South","SECTOR":"Sector 31","DIVISION":"East","CENSUS_TRC":"5050171.05","WARD":"Ward 1 - Orléans East-Cumberland","COUNCILLOR":"Matthew Luloff","OFF_TYPE":"Criminal"}},{"type":"Feature","id":636,"geometry":null,"properties":{"OBJECTID":636,"ID":"1636","YEAR":2022,"REP_DATE":"Thu, 29 Sep 2022 00:00:00 GMT","OCC_DATE":"Thu, 29 Sep 2022 00:00:00 GMT","WEEKDAY":"Thursday","HATE_CRIME":"Religion","HC_MOTIVATION":"Jewish","HC_STATUS":"Hatecrime Suspected","OFF_CATEG":"Mischief To Property","NB_NAME_EN":"Orléans Avalon - Notting Gate - Fallingbrook - Gardenway South","SECTOR":"Sector 31","DIVISION":"East","CENSUS_TRC":"5050171.07","WARD":"Ward 19 - Orléans South-Navan","COUNCILLOR":"Catherine Kitts","OFF_TYPE":"Criminal"}},{"type":"Feature","id":637,"geometry":null,"properties":{"OBJECTID":637,"ID":"1637","YEAR":2023,"REP_DATE":"Thu, 09 Mar 2023 00:00:00 GMT","OCC_DATE":"Thu, 09 Mar 2023 00:00:00 GMT","WEEKDAY":"Thursday","HATE_CRIME":"Race/Ethnicity","HC_MOTIVATION":"White","HC_STATUS":"Hatecrime Happened","OFF_CATEG":"Threats Utter To Person","NB_NAME_EN":"Hunt Club Park","SECTOR":"Sector 33","DIVISION":"East","CENSUS_TRC":"5050001.07","WARD":"Ward 10 - Gloucester-Southgate","COUNCILLOR":"Jessica Bradley","OFF_TYPE":"Criminal"}},{"type":"Feature","id":638,"geometry":null,"properties":{"OBJECTID":638,"ID":"1638","YEAR":2019,"REP_DATE":"Fri, 11 Oct 2019 00:00:00 GMT","OCC_DATE":"Fri, 11 Oct 2019 00:00:00 GMT","WEEKDAY":"Friday","HATE_CRIME":"Race/Ethnicity","HC_MOTIVATION":"Black","HC_STATUS":"Hatecrime Happened","OFF_CATEG":"Mischief To Property","NB_NAME_EN":"Orléans Avalon - Notting Gate - Fallingbrook - Gardenway South","SECTOR":"Sector 31","DIVISION":"East","CENSUS_TRC":"5050171.05","WARD":"Ward 1 - Orléans East-Cumberland","COUNCILLOR":"Matthew Luloff","OFF_TYPE":"Criminal"}},{"type":"Feature","id":639,"geometry":null,"properties":{"OBJECTID":639,"ID":"1639","YEAR":2018,"REP_DATE":"Wed, 15 Aug 2018 00:00:00 GMT","OCC_DATE":"Wed, 15 Aug 2018 00:00:00 GMT","WEEKDAY":"Wednesday","HATE_CRIME":"Race/Ethnicity","HC_MOTIVATION":"Black","HC_STATUS":"Hatecrime Happened","OFF_CATEG":"Mischief To Property","NB_NAME_EN":"Hawthorne Meadows - Sheffield Glen","SECTOR":"Sector 33","DIVISION":"East","CENSUS_TRC":"5050010.00","WARD":"Ward 18 - Alta Vista","COUNCILLOR":"Marty Carr","OFF_TYPE":"Criminal"}},{"type":"Feature","id":640,"geometry":null,"properties":{"OBJECTID":640,"ID":"1640","YEAR":2021,"REP_DATE":"Thu, 17 Jun 2021 00:00:00 GMT","OCC_DATE":"Thu, 17 Jun 2021 00:00:00 GMT","WEEKDAY":"Thursday","HATE_CRIME":"Race/Ethnicity","HC_MOTIVATION":"Multiple Races/Ethnicities","HC_STATUS":"Hatecrime Happened","OFF_CATEG":"Mischief To Property","NB_NAME_EN":"Orléans Avalon - Notting Gate - Fallingbrook - Gardenway South","SECTOR":"Sector 31","DIVISION":"East","CENSUS_TRC":"5050171.05","WARD":"Ward 1 - Orléans East-Cumberland","COUNCILLOR":"Matthew Luloff","OFF_TYPE":"Criminal"}},{"type":"Feature","id":641,"geometry":null,"properties":{"OBJECTID":641,"ID":"1641","YEAR":2020,"REP_DATE":"Fri, 07 Feb 2020 00:00:00 GMT","OCC_DATE":"Fri, 07 Feb 2020 00:00:00 GMT","WEEKDAY":"Friday","HATE_CRIME":"Race/Ethnicity","HC_MOTIVATION":"Black","HC_STATUS":"Hatecrime Happened","OFF_CATEG":"Mischief To Property","NB_NAME_EN":"Metcalfe","SECTOR":"Sector 36","DIVISION":"East","CENSUS_TRC":"5050190.01","WARD":"Ward 20 - Osgoode","COUNCILLOR":"George Darouze","OFF_TYPE":"Criminal"}},{"type":"Feature","id":642,"geometry":null,"properties":{"OBJECTID":642,"ID":"1642","YEAR":2018,"REP_DATE":"Sat, 25 Aug 2018 00:00:00 GMT","OCC_DATE":"Sat, 25 Aug 2018 00:00:00 GMT","WEEKDAY":"Saturday","HATE_CRIME":"Race/Ethnicity","HC_MOTIVATION":"Multiple Races/Ethnicities","HC_STATUS":"Hatecrime Happened","OFF_CATEG":"Mischief To Property","NB_NAME_EN":"Orléans Avalon - Notting Gate - Fallingbrook - Gardenway South","SECTOR":"Sector 31","DIVISION":"East","CENSUS_TRC":"5050170.12","WARD":"Ward 1 - Orléans East-Cumberland","COUNCILLOR":"Matthew Luloff","OFF_TYPE":"Criminal"}},{"type":"Feature","id":643,"geometry":null,"properties":{"OBJECTID":643,"ID":"1643","YEAR":2022,"REP_DATE":"Tue, 29 Mar 2022 00:00:00 GMT","OCC_DATE":"Tue, 29 Mar 2022 00:00:00 GMT","WEEKDAY":"Tuesday","HATE_CRIME":"Religion","HC_MOTIVATION":"Jewish","HC_STATUS":"Hatecrime Happened","OFF_CATEG":"Mischief To Property","NB_NAME_EN":"Metcalfe","SECTOR":"Sector 36","DIVISION":"East","CENSUS_TRC":"5050190.01","WARD":"Ward 20 - Osgoode","COUNCILLOR":"George Darouze","OFF_TYPE":"Criminal"}},{"type":"Feature","id":644,"geometry":null,"properties":{"OBJECTID":644,"ID":"1644","YEAR":2022,"REP_DATE":"Mon, 01 Aug 2022 00:00:00 GMT","OCC_DATE":"Mon, 01 Aug 2022 00:00:00 GMT","WEEKDAY":"Monday","HATE_CRIME":"Religion","HC_MOTIVATION":"Jewish","HC_STATUS":"Hatecrime Happened","OFF_CATEG":"Mischief To Property","NB_NAME_EN":"Navan - Carlsbad Springs","SECTOR":"Sector 37","DIVISION":"East","CENSUS_TRC":"5050171.03","WARD":"Ward 19 - Orléans South-Navan","COUNCILLOR":"Catherine Kitts","OFF_TYPE":"Criminal"}},{"type":"Feature","id":645,"geometry":null,"properties":{"OBJECTID":645,"ID":"1645","YEAR":2023,"REP_DATE":"Wed, 22 Nov 2023 00:00:00 GMT","OCC_DATE":"Wed, 22 Nov 2023 00:00:00 GMT","WEEKDAY":"Wednesday","HATE_CRIME":"Race/Ethnicity","HC_MOTIVATION":"Black","HC_STATUS":"Hatecrime Suspected","OFF_CATEG":"Mischief To Property","NB_NAME_EN":"Orléans Avalon - Notting Gate - Fallingbrook - Gardenway South","SECTOR":"Sector 31","DIVISION":"East","CENSUS_TRC":"5050171.05","WARD":"Ward 1 - Orléans East-Cumberland","COUNCILLOR":"Matthew Luloff","OFF_TYPE":"Criminal"}},{"type":"Feature","id":646,"geometry":null,"properties":{"OBJECTID":646,"ID":"1646","YEAR":2022,"REP_DATE":"Fri, 13 May 2022 00:00:00 GMT","OCC_DATE":"Mon, 20 Sep 2021 00:00:00 GMT","WEEKDAY":"Monday","HATE_CRIME":"Language","HC_MOTIVATION":"English","HC_STATUS":"Hatecrime Happened","OFF_CATEG":"Threats Utter To Person","NB_NAME_EN":"Navan - Carlsbad Springs","SECTOR":"Sector 37","DIVISION":"East","CENSUS_TRC":"5050171.03","WARD":"Ward 19 - Orléans South-Navan","COUNCILLOR":"Catherine Kitts","OFF_TYPE":"Criminal"}},{"type":"Feature","id":647,"geometry":null,"properties":{"OBJECTID":647,"ID":"1647","YEAR":2021,"REP_DATE":"Sun, 23 May 2021 00:00:00 GMT","OCC_DATE":"Sat, 22 May 2021 00:00:00 GMT","WEEKDAY":"Saturday","HATE_CRIME":"Race/Ethnicity","HC_MOTIVATION":"Black","HC_STATUS":"Hatecrime Happened","OFF_CATEG":"Information ( General)","NB_NAME_EN":"Orléans Avalon - Notting Gate - Fallingbrook - Gardenway South","SECTOR":"Sector 31","DIVISION":"East","CENSUS_TRC":"5050170.13","WARD":"Ward 1 - Orléans East-Cumberland","COUNCILLOR":"Matthew Luloff","OFF_TYPE":"Non Criminal"}},{"type":"Feature","id":648,"geometry":null,"properties":{"OBJECTID":648,"ID":"1648","YEAR":2018,"REP_DATE":"Tue, 20 Feb 2018 00:00:00 GMT","OCC_DATE":"Sat, 17 Feb 2018 00:00:00 GMT","WEEKDAY":"Saturday","HATE_CRIME":"Gender","HC_MOTIVATION":"Man","HC_STATUS":"Hatecrime Happened","OFF_CATEG":"Mischief To Property","NB_NAME_EN":"Hawthorne Meadows - Sheffield Glen","SECTOR":"Sector 33","DIVISION":"East","CENSUS_TRC":"5050010.00","WARD":"Ward 18 - Alta Vista","COUNCILLOR":"Marty Carr","OFF_TYPE":"Criminal"}},{"type":"Feature","id":649,"geometry":null,"properties":{"OBJECTID":649,"ID":"1649","YEAR":2023,"REP_DATE":"Sun, 23 Apr 2023 00:00:00 GMT","OCC_DATE":"Thu, 23 Mar 2023 00:00:00 GMT","WEEKDAY":"Thursday","HATE_CRIME":"Other Similar Factor","HC_MOTIVATION":"non","HC_STATUS":"Hatecrime Suspected","OFF_CATEG":"Threatening Communications","NB_NAME_EN":"Pineview","SECTOR":"Sector 32","DIVISION":"East","CENSUS_TRC":"5050122.02","WARD":"Ward 11 - Beacon Hill-Cyrville","COUNCILLOR":"Tim Tierney","OFF_TYPE":"Criminal"}},{"type":"Feature","id":650,"geometry":null,"properties":{"OBJECTID":650,"ID":"1650","YEAR":2022,"REP_DATE":"Fri, 05 Aug 2022 00:00:00 GMT","OCC_DATE":"Fri, 05 Aug 2022 00:00:00 GMT","WEEKDAY":"Friday","HATE_CRIME":"Religion","HC_MOTIVATION":"Catholic","HC_STATUS":"Hatecrime Suspected","OFF_CATEG":"Mischief To Property","NB_NAME_EN":"Orléans Avalon - Notting Gate - Fallingbrook - Gardenway South","SECTOR":"Sector 31","DIVISION":"East","CENSUS_TRC":"5050171.07","WARD":"Ward 19 - Orléans South-Navan","COUNCILLOR":"Catherine Kitts","OFF_TYPE":"Criminal"}},{"type":"Feature","id":651,"geometry":null,"properties":{"OBJECTID":651,"ID":"1651","YEAR":2022,"REP_DATE":"Tue, 06 Dec 2022 00:00:00 GMT","OCC_DATE":"Sat, 03 Dec 2022 00:00:00 GMT","WEEKDAY":"Saturday","HATE_CRIME":"Religion","HC_MOTIVATION":"Jewish","HC_STATUS":"Hatecrime Suspected","OFF_CATEG":"Harass Communications","NB_NAME_EN":"Pineview","SECTOR":"Sector 32","DIVISION":"East","CENSUS_TRC":"5050122.02","WARD":"Ward 11 - Beacon Hill-Cyrville","COUNCILLOR":"Tim Tierney","OFF_TYPE":"Criminal"}},{"type":"Feature","id":652,"geometry":null,"properties":{"OBJECTID":652,"ID":"1652","YEAR":2022,"REP_DATE":"Mon, 12 Sep 2022 00:00:00 GMT","OCC_DATE":"Mon, 12 Sep 2022 00:00:00 GMT","WEEKDAY":"Monday","HATE_CRIME":"Race/Ethnicity","HC_MOTIVATION":"Other race/ethnicity","HC_STATUS":"Hatecrime Suspected","OFF_CATEG":"Dispute- Disturbance","NB_NAME_EN":"Orléans Avalon - Notting Gate - Fallingbrook - Gardenway South","SECTOR":"Sector 31","DIVISION":"East","CENSUS_TRC":"5050171.11","WARD":"Ward 19 - Orléans South-Navan","COUNCILLOR":"Catherine Kitts","OFF_TYPE":"Non Criminal"}},{"type":"Feature","id":653,"geometry":null,"properties":{"OBJECTID":653,"ID":"1653","YEAR":2020,"REP_DATE":"Tue, 16 Jun 2020 00:00:00 GMT","OCC_DATE":"Wed, 10 Jun 2020 00:00:00 GMT","WEEKDAY":"Wednesday","HATE_CRIME":"Religion","HC_MOTIVATION":"Catholic","HC_STATUS":"Hatecrime Happened","OFF_CATEG":"B&e Non- Res.prop/ Commercial","NB_NAME_EN":"Vars","SECTOR":"Sector 37","DIVISION":"East","CENSUS_TRC":"5050171.03","WARD":"Ward 19 - Orléans South-Navan","COUNCILLOR":"Catherine Kitts","OFF_TYPE":"Criminal"}},{"type":"Feature","id":654,"geometry":null,"properties":{"OBJECTID":654,"ID":"1654","YEAR":2020,"REP_DATE":"Wed, 09 Dec 2020 00:00:00 GMT","OCC_DATE":"Wed, 29 Apr 2020 00:00:00 GMT","WEEKDAY":"Wednesday","HATE_CRIME":"Race/Ethnicity","HC_MOTIVATION":"East and Southeast Asian","HC_STATUS":"Hatecrime Happened","OFF_CATEG":"Harass Crim Stalking","NB_NAME_EN":"Orléans Avalon - Notting Gate - Fallingbrook - Gardenway South","SECTOR":"Sector 31","DIVISION":"East","CENSUS_TRC":"5050171.05","WARD":"Ward 1 - Orléans East-Cumberland","COUNCILLOR":"Matthew Luloff","OFF_TYPE":"Criminal"}},{"type":"Feature","id":655,"geometry":null,"properties":{"OBJECTID":655,"ID":"1655","YEAR":2022,"REP_DATE":"Wed, 01 Jun 2022 00:00:00 GMT","OCC_DATE":"Wed, 01 Jun 2022 00:00:00 GMT","WEEKDAY":"Wednesday","HATE_CRIME":"Religion","HC_MOTIVATION":"Muslim (Islam)","HC_STATUS":"Hatecrime Suspected","OFF_CATEG":"Harass Harrassment","NB_NAME_EN":"Orléans Avalon - Notting Gate - Fallingbrook - Gardenway South","SECTOR":"Sector 31","DIVISION":"East","CENSUS_TRC":"5050171.11","WARD":"Ward 19 - Orléans South-Navan","COUNCILLOR":"Catherine Kitts","OFF_TYPE":"Non Criminal"}},{"type":"Feature","id":656,"geometry":null,"properties":{"OBJECTID":656,"ID":"1656","YEAR":2018,"REP_DATE":"Sat, 19 May 2018 00:00:00 GMT","OCC_DATE":"Tue, 15 May 2018 00:00:00 GMT","WEEKDAY":"Tuesday","HATE_CRIME":"Religion","HC_MOTIVATION":"Jewish","HC_STATUS":"Hatecrime Happened","OFF_CATEG":"Mischief To Property","NB_NAME_EN":"Rothwell Heights - Beacon Hill North","SECTOR":"Sector 32","DIVISION":"East","CENSUS_TRC":"5050120.03","WARD":"Ward 11 - Beacon Hill-Cyrville","COUNCILLOR":"Tim Tierney","OFF_TYPE":"Criminal"}},{"type":"Feature","id":657,"geometry":null,"properties":{"OBJECTID":657,"ID":"1657","YEAR":2021,"REP_DATE":"Mon, 01 Nov 2021 00:00:00 GMT","OCC_DATE":"Sun, 31 Oct 2021 00:00:00 GMT","WEEKDAY":"Sunday","HATE_CRIME":"Race/Ethnicity","HC_MOTIVATION":"Unknown race/ethnicity","HC_STATUS":"Hatecrime Happened","OFF_CATEG":"Assault Level 1","NB_NAME_EN":"Beacon Hill South - Cardinal Heights","SECTOR":"Sector 32","DIVISION":"East","CENSUS_TRC":"5050121.02","WARD":"Ward 11 - Beacon Hill-Cyrville","COUNCILLOR":"Tim Tierney","OFF_TYPE":"Criminal"}},{"type":"Feature","id":658,"geometry":null,"properties":{"OBJECTID":658,"ID":"1658","YEAR":2018,"REP_DATE":"Fri, 03 Aug 2018 00:00:00 GMT","OCC_DATE":"Thu, 02 Aug 2018 00:00:00 GMT","WEEKDAY":"Thursday","HATE_CRIME":"Sexual Orientation","HC_MOTIVATION":"LGBTQ2+","HC_STATUS":"Hatecrime Suspected","OFF_CATEG":"Mischief To Property","NB_NAME_EN":"Orléans Avalon - Notting Gate - Fallingbrook - Gardenway South","SECTOR":"Sector 31","DIVISION":"East","CENSUS_TRC":"5050171.14","WARD":"Ward 19 - Orléans South-Navan","COUNCILLOR":"Catherine Kitts","OFF_TYPE":"Criminal"}},{"type":"Feature","id":659,"geometry":null,"properties":{"OBJECTID":659,"ID":"1659","YEAR":2021,"REP_DATE":"Sat, 12 Jun 2021 00:00:00 GMT","OCC_DATE":"Sat, 12 Jun 2021 00:00:00 GMT","WEEKDAY":"Saturday","HATE_CRIME":"Race/Ethnicity","HC_MOTIVATION":"Black","HC_STATUS":"Hatecrime Happened","OFF_CATEG":"Mischief To Property","NB_NAME_EN":"Navan - Carlsbad Springs","SECTOR":"Sector 37","DIVISION":"East","CENSUS_TRC":"5050171.03","WARD":"Ward 19 - Orléans South-Navan","COUNCILLOR":"Catherine Kitts","OFF_TYPE":"Criminal"}},{"type":"Feature","id":660,"geometry":null,"properties":{"OBJECTID":660,"ID":"1660","YEAR":2023,"REP_DATE":"Tue, 23 May 2023 00:00:00 GMT","OCC_DATE":"Fri, 12 May 2023 00:00:00 GMT","WEEKDAY":"Friday","HATE_CRIME":"Combination (More than 2 Motivations)","HC_MOTIVATION":"Combination (More than 2 Motivations)","HC_STATUS":"Hatecrime Happened","OFF_CATEG":"Wilful Promotion Of Hatred","NB_NAME_EN":"Riverside South - Leitrim","SECTOR":"Sector 35","DIVISION":"East","CENSUS_TRC":"5050126.07","WARD":"Ward 22 - Riverside South-Findlay Creek","COUNCILLOR":"Steve Desroches","OFF_TYPE":"Criminal"}},{"type":"Feature","id":661,"geometry":null,"properties":{"OBJECTID":661,"ID":"1661","YEAR":2023,"REP_DATE":"Fri, 10 Feb 2023 00:00:00 GMT","OCC_DATE":"Fri, 10 Feb 2023 00:00:00 GMT","WEEKDAY":"Friday","HATE_CRIME":"Gender","HC_MOTIVATION":"Woman","HC_STATUS":"Hatecrime Suspected","OFF_CATEG":"Threats Utter To Person","NB_NAME_EN":"Metcalfe","SECTOR":"Sector 36","DIVISION":"East","CENSUS_TRC":"5050190.01","WARD":"Ward 20 - Osgoode","COUNCILLOR":"George Darouze","OFF_TYPE":"Criminal"}},{"type":"Feature","id":662,"geometry":null,"properties":{"OBJECTID":662,"ID":"1662","YEAR":2020,"REP_DATE":"Wed, 08 Apr 2020 00:00:00 GMT","OCC_DATE":"Wed, 08 Apr 2020 00:00:00 GMT","WEEKDAY":"Wednesday","HATE_CRIME":"Religion","HC_MOTIVATION":"Jewish","HC_STATUS":"Hatecrime Happened","OFF_CATEG":"Mischief To Property","NB_NAME_EN":"Osgoode","SECTOR":"Sector 36","DIVISION":"East","CENSUS_TRC":"5050191.02","WARD":"Ward 20 - Osgoode","COUNCILLOR":"George Darouze","OFF_TYPE":"Criminal"}},{"type":"Feature","id":663,"geometry":null,"properties":{"OBJECTID":663,"ID":"1663","YEAR":2023,"REP_DATE":"Thu, 16 Nov 2023 00:00:00 GMT","OCC_DATE":"Fri, 03 Nov 2023 00:00:00 GMT","WEEKDAY":"Friday","HATE_CRIME":"Sexual Orientation","HC_MOTIVATION":"LGBTQ2+","HC_STATUS":"Hatecrime Happened","OFF_CATEG":"Mischief To Property","NB_NAME_EN":"Beacon Hill South - Cardinal Heights","SECTOR":"Sector 32","DIVISION":"East","CENSUS_TRC":"5050121.02","WARD":"Ward 11 - Beacon Hill-Cyrville","COUNCILLOR":"Tim Tierney","OFF_TYPE":"Criminal"}},{"type":"Feature","id":664,"geometry":null,"properties":{"OBJECTID":664,"ID":"1664","YEAR":2023,"REP_DATE":"Thu, 30 Mar 2023 00:00:00 GMT","OCC_DATE":"Wed, 29 Mar 2023 00:00:00 GMT","WEEKDAY":"Wednesday","HATE_CRIME":"Race/Ethnicity","HC_MOTIVATION":"Black","HC_STATUS":"Hatecrime Happened","OFF_CATEG":"Harass Communications","NB_NAME_EN":"Beacon Hill South - Cardinal Heights","SECTOR":"Sector 32","DIVISION":"East","CENSUS_TRC":"5050121.02","WARD":"Ward 11 - Beacon Hill-Cyrville","COUNCILLOR":"Tim Tierney","OFF_TYPE":"Criminal"}},{"type":"Feature","id":665,"geometry":null,"properties":{"OBJECTID":665,"ID":"1665","YEAR":2019,"REP_DATE":"Mon, 24 Jun 2019 00:00:00 GMT","OCC_DATE":"Mon, 24 Jun 2019 00:00:00 GMT","WEEKDAY":"Monday","HATE_CRIME":"Race/Ethnicity","HC_MOTIVATION":"Black","HC_STATUS":"Hatecrime Happened","OFF_CATEG":"Mischief To Property","NB_NAME_EN":"Osgoode","SECTOR":"Sector 36","DIVISION":"East","CENSUS_TRC":"5050191.02","WARD":"Ward 20 - Osgoode","COUNCILLOR":"George Darouze","OFF_TYPE":"Criminal"}},{"type":"Feature","id":666,"geometry":null,"properties":{"OBJECTID":666,"ID":"1666","YEAR":2020,"REP_DATE":"Sat, 04 Jul 2020 00:00:00 GMT","OCC_DATE":"Sat, 04 Jul 2020 00:00:00 GMT","WEEKDAY":"Saturday","HATE_CRIME":"Race/Ethnicity","HC_MOTIVATION":"Black","HC_STATUS":"Hatecrime Happened","OFF_CATEG":"Mischief To Property","NB_NAME_EN":"Osgoode","SECTOR":"Sector 36","DIVISION":"East","CENSUS_TRC":"5050191.02","WARD":"Ward 20 - Osgoode","COUNCILLOR":"George Darouze","OFF_TYPE":"Criminal"}},{"type":"Feature","id":667,"geometry":null,"properties":{"OBJECTID":667,"ID":"1667","YEAR":2022,"REP_DATE":"Thu, 19 May 2022 00:00:00 GMT","OCC_DATE":"Tue, 17 May 2022 00:00:00 GMT","WEEKDAY":"Tuesday","HATE_CRIME":"Race/Ethnicity","HC_MOTIVATION":"Multiple Races/Ethnicities","HC_STATUS":"Hatecrime Happened","OFF_CATEG":"B&e Residential Property","NB_NAME_EN":"Vars","SECTOR":"Sector 37","DIVISION":"East","CENSUS_TRC":"5050171.06","WARD":"Ward 19 - Orléans South-Navan","COUNCILLOR":"Catherine Kitts","OFF_TYPE":"Criminal"}},{"type":"Feature","id":668,"geometry":null,"properties":{"OBJECTID":668,"ID":"1668","YEAR":2023,"REP_DATE":"Wed, 08 Mar 2023 00:00:00 GMT","OCC_DATE":"Wed, 08 Mar 2023 00:00:00 GMT","WEEKDAY":"Wednesday","HATE_CRIME":"Sexual Orientation","HC_MOTIVATION":"LGBTQ2+","HC_STATUS":"Hatecrime Suspected","OFF_CATEG":"Mischief To Property","NB_NAME_EN":"Beacon Hill South - Cardinal Heights","SECTOR":"Sector 32","DIVISION":"East","CENSUS_TRC":"5050121.02","WARD":"Ward 11 - Beacon Hill-Cyrville","COUNCILLOR":"Tim Tierney","OFF_TYPE":"Criminal"}},{"type":"Feature","id":669,"geometry":null,"properties":{"OBJECTID":669,"ID":"1669","YEAR":2023,"REP_DATE":"Thu, 20 Apr 2023 00:00:00 GMT","OCC_DATE":"Tue, 18 Apr 2023 00:00:00 GMT","WEEKDAY":"Tuesday","HATE_CRIME":"Sexual Orientation","HC_MOTIVATION":"LGBTQ2+","HC_STATUS":"Hatecrime Suspected","OFF_CATEG":"Mischief To Property","NB_NAME_EN":"Beacon Hill South - Cardinal Heights","SECTOR":"Sector 32","DIVISION":"East","CENSUS_TRC":"5050121.02","WARD":"Ward 11 - Beacon Hill-Cyrville","COUNCILLOR":"Tim Tierney","OFF_TYPE":"Criminal"}},{"type":"Feature","id":670,"geometry":null,"properties":{"OBJECTID":670,"ID":"1670","YEAR":2021,"REP_DATE":"Thu, 20 May 2021 00:00:00 GMT","OCC_DATE":"Thu, 20 May 2021 00:00:00 GMT","WEEKDAY":"Thursday","HATE_CRIME":"Sexual Orientation","HC_MOTIVATION":"Unknown sexual orientation","HC_STATUS":"Hatecrime Suspected","OFF_CATEG":"Threats Utter To Person","NB_NAME_EN":"Riverside South - Leitrim","SECTOR":"Sector 35","DIVISION":"East","CENSUS_TRC":"5050126.09","WARD":"Ward 22 - Riverside South-Findlay Creek","COUNCILLOR":"Steve Desroches","OFF_TYPE":"Criminal"}},{"type":"Feature","id":671,"geometry":null,"properties":{"OBJECTID":671,"ID":"1671","YEAR":2020,"REP_DATE":"Sun, 16 Aug 2020 00:00:00 GMT","OCC_DATE":"Tue, 23 Jun 2020 00:00:00 GMT","WEEKDAY":"Tuesday","HATE_CRIME":"Race/Ethnicity","HC_MOTIVATION":"East and Southeast Asian","HC_STATUS":"Hatecrime Happened","OFF_CATEG":"Harass Crim Stalking","NB_NAME_EN":"Beacon Hill South - Cardinal Heights","SECTOR":"Sector 32","DIVISION":"East","CENSUS_TRC":"5050121.02","WARD":"Ward 11 - Beacon Hill-Cyrville","COUNCILLOR":"Tim Tierney","OFF_TYPE":"Criminal"}},{"type":"Feature","id":672,"geometry":null,"properties":{"OBJECTID":672,"ID":"1672","YEAR":2023,"REP_DATE":"Thu, 13 Jul 2023 00:00:00 GMT","OCC_DATE":"Thu, 13 Jul 2023 00:00:00 GMT","WEEKDAY":"Thursday","HATE_CRIME":"Religion","HC_MOTIVATION":"Jewish","HC_STATUS":"Hatecrime Happened","OFF_CATEG":"Mischief To Property","NB_NAME_EN":"Blackburn Hamlet","SECTOR":"Sector 31","DIVISION":"East","CENSUS_TRC":"5050125.01","WARD":"Ward 2 - Orléans West-Innes","COUNCILLOR":"Laura Dudas","OFF_TYPE":"Criminal"}},{"type":"Feature","id":673,"geometry":null,"properties":{"OBJECTID":673,"ID":"1673","YEAR":2023,"REP_DATE":"Thu, 22 Jun 2023 00:00:00 GMT","OCC_DATE":"Thu, 22 Jun 2023 00:00:00 GMT","WEEKDAY":"Thursday","HATE_CRIME":"Race/Ethnicity","HC_MOTIVATION":"Black","HC_STATUS":"Hatecrime Happened","OFF_CATEG":"Mischief To Property","NB_NAME_EN":"Blackburn Hamlet","SECTOR":"Sector 31","DIVISION":"East","CENSUS_TRC":"5050125.02","WARD":"Ward 2 - Orléans West-Innes","COUNCILLOR":"Laura Dudas","OFF_TYPE":"Criminal"}},{"type":"Feature","id":674,"geometry":null,"properties":{"OBJECTID":674,"ID":"1674","YEAR":2021,"REP_DATE":"Sun, 07 Nov 2021 00:00:00 GMT","OCC_DATE":"Sun, 07 Nov 2021 00:00:00 GMT","WEEKDAY":"Sunday","HATE_CRIME":"Religion","HC_MOTIVATION":"Jewish","HC_STATUS":"Hatecrime Happened","OFF_CATEG":"Mischief To Property","NB_NAME_EN":"Orléans North West","SECTOR":"Sector 31","DIVISION":"East","CENSUS_TRC":"5050124.04","WARD":"Ward 2 - Orléans West-Innes","COUNCILLOR":"Laura Dudas","OFF_TYPE":"Criminal"}},{"type":"Feature","id":675,"geometry":null,"properties":{"OBJECTID":675,"ID":"1675","YEAR":2020,"REP_DATE":"Wed, 22 Apr 2020 00:00:00 GMT","OCC_DATE":"Sun, 19 Apr 2020 00:00:00 GMT","WEEKDAY":"Sunday","HATE_CRIME":"Race/Ethnicity","HC_MOTIVATION":"Black","HC_STATUS":"Hatecrime Happened","OFF_CATEG":"Harass Communications","NB_NAME_EN":"Orléans Chapel Hill South","SECTOR":"Sector 31","DIVISION":"East","CENSUS_TRC":"5050125.10","WARD":"Ward 19 - Orléans South-Navan","COUNCILLOR":"Catherine Kitts","OFF_TYPE":"Criminal"}},{"type":"Feature","id":676,"geometry":null,"properties":{"OBJECTID":676,"ID":"1676","YEAR":2023,"REP_DATE":"Sun, 16 Jul 2023 00:00:00 GMT","OCC_DATE":"Sat, 15 Jul 2023 00:00:00 GMT","WEEKDAY":"Saturday","HATE_CRIME":"Sexual Orientation","HC_MOTIVATION":"LGBTQ2+","HC_STATUS":"Hatecrime Suspected","OFF_CATEG":"Theft \u003c $5000","NB_NAME_EN":"Orléans North West","SECTOR":"Sector 31","DIVISION":"East","CENSUS_TRC":"5050124.02","WARD":"Ward 2 - Orléans West-Innes","COUNCILLOR":"Laura Dudas","OFF_TYPE":"Criminal"}},{"type":"Feature","id":677,"geometry":null,"properties":{"OBJECTID":677,"ID":"1677","YEAR":2021,"REP_DATE":"Wed, 24 Nov 2021 00:00:00 GMT","OCC_DATE":"Sun, 21 Nov 2021 00:00:00 GMT","WEEKDAY":"Sunday","HATE_CRIME":"Race/Ethnicity","HC_MOTIVATION":"Black","HC_STATUS":"Hatecrime Happened","OFF_CATEG":"B&e Non- Res.prop/ Commercial","NB_NAME_EN":"Orléans Village - Chateauneuf","SECTOR":"Sector 31","DIVISION":"East","CENSUS_TRC":"5050125.05","WARD":"Ward 2 - Orléans West-Innes","COUNCILLOR":"Laura Dudas","OFF_TYPE":"Criminal"}},{"type":"Feature","id":678,"geometry":null,"properties":{"OBJECTID":678,"ID":"1678","YEAR":2019,"REP_DATE":"Mon, 02 Sep 2019 00:00:00 GMT","OCC_DATE":"Sun, 01 Sep 2019 00:00:00 GMT","WEEKDAY":"Sunday","HATE_CRIME":"Race/Ethnicity","HC_MOTIVATION":"East and Southeast Asian","HC_STATUS":"Hatecrime Suspected","OFF_CATEG":"Mischief To Property","NB_NAME_EN":"Orléans Village - Chateauneuf","SECTOR":"Sector 31","DIVISION":"East","CENSUS_TRC":"5050125.05","WARD":"Ward 2 - Orléans West-Innes","COUNCILLOR":"Laura Dudas","OFF_TYPE":"Criminal"}},{"type":"Feature","id":679,"geometry":null,"properties":{"OBJECTID":679,"ID":"1679","YEAR":2023,"REP_DATE":"Fri, 14 Jul 2023 00:00:00 GMT","OCC_DATE":"Fri, 14 Jul 2023 00:00:00 GMT","WEEKDAY":"Friday","HATE_CRIME":"Religion","HC_MOTIVATION":"Jewish","HC_STATUS":"Hatecrime Suspected","OFF_CATEG":"Dispute- Disturbance","NB_NAME_EN":"Orléans Village - Chateauneuf","SECTOR":"Sector 31","DIVISION":"East","CENSUS_TRC":"5050125.05","WARD":"Ward 2 - Orléans West-Innes","COUNCILLOR":"Laura Dudas","OFF_TYPE":"Non Criminal"}},{"type":"Feature","id":680,"geometry":null,"properties":{"OBJECTID":680,"ID":"1680","YEAR":2022,"REP_DATE":"Wed, 02 Feb 2022 00:00:00 GMT","OCC_DATE":"Wed, 02 Feb 2022 00:00:00 GMT","WEEKDAY":"Wednesday","HATE_CRIME":"Race/Ethnicity","HC_MOTIVATION":"South Asian","HC_STATUS":"Hatecrime Happened","OFF_CATEG":"Mischief With Data","NB_NAME_EN":"Orléans Avalon - Notting Gate - Fallingbrook - Gardenway South","SECTOR":"Sector 31","DIVISION":"East","CENSUS_TRC":"5050170.09","WARD":"Ward 1 - Orléans East-Cumberland","COUNCILLOR":"Matthew Luloff","OFF_TYPE":"Criminal"}},{"type":"Feature","id":681,"geometry":null,"properties":{"OBJECTID":681,"ID":"1681","YEAR":2023,"REP_DATE":"Wed, 24 May 2023 00:00:00 GMT","OCC_DATE":"Tue, 23 May 2023 00:00:00 GMT","WEEKDAY":"Tuesday","HATE_CRIME":"Race/Ethnicity","HC_MOTIVATION":"Arab(West Asian,Middle Eastern and North African origins)","HC_STATUS":"Hatecrime Happened","OFF_CATEG":"Dispute- Disturbance","NB_NAME_EN":"Orléans Avalon - Notting Gate - Fallingbrook - Gardenway South","SECTOR":"Sector 31","DIVISION":"East","CENSUS_TRC":"5050170.10","WARD":"Ward 1 - Orléans East-Cumberland","COUNCILLOR":"Matthew Luloff","OFF_TYPE":"Non Criminal"}},{"type":"Feature","id":682,"geometry":null,"properties":{"OBJECTID":682,"ID":"1682","YEAR":2022,"REP_DATE":"Sun, 27 Mar 2022 00:00:00 GMT","OCC_DATE":"Sun, 27 Mar 2022 00:00:00 GMT","WEEKDAY":"Sunday","HATE_CRIME":"Religion","HC_MOTIVATION":"Jewish","HC_STATUS":"Hatecrime Happened","OFF_CATEG":"Mischief To Property","NB_NAME_EN":"Orléans Chatelaine Village","SECTOR":"Sector 31","DIVISION":"East","CENSUS_TRC":"5050171.05","WARD":"Ward 1 - Orléans East-Cumberland","COUNCILLOR":"Matthew Luloff","OFF_TYPE":"Criminal"}},{"type":"Feature","id":683,"geometry":null,"properties":{"OBJECTID":683,"ID":"1683","YEAR":2021,"REP_DATE":"Mon, 02 Aug 2021 00:00:00 GMT","OCC_DATE":"Mon, 02 Aug 2021 00:00:00 GMT","WEEKDAY":"Monday","HATE_CRIME":"Race/Ethnicity","HC_MOTIVATION":"Black","HC_STATUS":"Hatecrime Happened","OFF_CATEG":"Dispute- Civil","NB_NAME_EN":"Orléans Avalon - Notting Gate - Fallingbrook - Gardenway South","SECTOR":"Sector 31","DIVISION":"East","CENSUS_TRC":"5050171.15","WARD":"Ward 19 - Orléans South-Navan","COUNCILLOR":"Catherine Kitts","OFF_TYPE":"Non Criminal"}},{"type":"Feature","id":684,"geometry":null,"properties":{"OBJECTID":684,"ID":"1684","YEAR":2020,"REP_DATE":"Sat, 08 Feb 2020 00:00:00 GMT","OCC_DATE":"Fri, 07 Feb 2020 00:00:00 GMT","WEEKDAY":"Friday","HATE_CRIME":"Religion","HC_MOTIVATION":"Muslim (Islam)","HC_STATUS":"Hatecrime Suspected","OFF_CATEG":"Threats Utter To Person","NB_NAME_EN":"Orléans Avalon - Notting Gate - Fallingbrook - Gardenway South","SECTOR":"Sector 31","DIVISION":"East","CENSUS_TRC":"5050171.11","WARD":"Ward 19 - Orléans South-Navan","COUNCILLOR":"Catherine Kitts","OFF_TYPE":"Criminal"}},{"type":"Feature","id":685,"geometry":null,"properties":{"OBJECTID":685,"ID":"1685","YEAR":2020,"REP_DATE":"Sun, 07 Jun 2020 00:00:00 GMT","OCC_DATE":"Wed, 03 Jun 2020 00:00:00 GMT","WEEKDAY":"Wednesday","HATE_CRIME":"Race/Ethnicity","HC_MOTIVATION":"Black","HC_STATUS":"Hatecrime Happened","OFF_CATEG":"Mischief With Data","NB_NAME_EN":"Cumberland","SECTOR":"Sector 37","DIVISION":"East","CENSUS_TRC":"5050171.06","WARD":"Ward 1 - Orléans East-Cumberland","COUNCILLOR":"Matthew Luloff","OFF_TYPE":"Criminal"}},{"type":"Feature","id":686,"geometry":null,"properties":{"OBJECTID":686,"ID":"1686","YEAR":2023,"REP_DATE":"Sun, 11 Jun 2023 00:00:00 GMT","OCC_DATE":"Tue, 13 Sep 2022 00:00:00 GMT","WEEKDAY":"Tuesday","HATE_CRIME":"Immigrants/Newcomers to Canada","HC_MOTIVATION":"Immigrants/Newcomers to Canada","HC_STATUS":"Hatecrime Suspected","OFF_CATEG":"Dispute- Neighbour","NB_NAME_EN":"Orléans Avalon - Notting Gate - Fallingbrook - Gardenway South","SECTOR":"Sector 31","DIVISION":"East","CENSUS_TRC":"5050170.12","WARD":"Ward 1 - Orléans East-Cumberland","COUNCILLOR":"Matthew Luloff","OFF_TYPE":"Non Criminal"}},{"type":"Feature","id":687,"geometry":null,"properties":{"OBJECTID":687,"ID":"1687","YEAR":2021,"REP_DATE":"Mon, 25 Jan 2021 00:00:00 GMT","OCC_DATE":"Sun, 24 Jan 2021 00:00:00 GMT","WEEKDAY":"Sunday","HATE_CRIME":"Sexual Orientation","HC_MOTIVATION":"LGBTQ2+","HC_STATUS":"Hatecrime Happened","OFF_CATEG":"Mischief To Property","NB_NAME_EN":"Orléans Avalon - Notting Gate - Fallingbrook - Gardenway South","SECTOR":"Sector 31","DIVISION":"East","CENSUS_TRC":"5050170.12","WARD":"Ward 1 - Orléans East-Cumberland","COUNCILLOR":"Matthew Luloff","OFF_TYPE":"Criminal"}},{"type":"Feature","id":688,"geometry":null,"properties":{"OBJECTID":688,"ID":"1688","YEAR":2021,"REP_DATE":"Mon, 09 Aug 2021 00:00:00 GMT","OCC_DATE":"Fri, 06 Aug 2021 00:00:00 GMT","WEEKDAY":"Friday","HATE_CRIME":"Race/Ethnicity","HC_MOTIVATION":"Black","HC_STATUS":"Hatecrime Happened","OFF_CATEG":"Mischief To Property","NB_NAME_EN":"Orléans Avalon - Notting Gate - Fallingbrook - Gardenway South","SECTOR":"Sector 31","DIVISION":"East","CENSUS_TRC":"5050170.13","WARD":"Ward 1 - Orléans East-Cumberland","COUNCILLOR":"Matthew Luloff","OFF_TYPE":"Criminal"}},{"type":"Feature","id":689,"geometry":null,"properties":{"OBJECTID":689,"ID":"1689","YEAR":2022,"REP_DATE":"Thu, 11 Aug 2022 00:00:00 GMT","OCC_DATE":"Thu, 11 Aug 2022 00:00:00 GMT","WEEKDAY":"Thursday","HATE_CRIME":"Religion","HC_MOTIVATION":"Muslim (Islam)","HC_STATUS":"Hatecrime Suspected","OFF_CATEG":"Assault Level 1","NB_NAME_EN":"Russell - Edwards","SECTOR":"Sector 37","DIVISION":"East","CENSUS_TRC":"5050126.04","WARD":"Ward 20 - Osgoode","COUNCILLOR":"George Darouze","OFF_TYPE":"Criminal"}},{"type":"Feature","id":690,"geometry":null,"properties":{"OBJECTID":690,"ID":"1001","YEAR":2023,"REP_DATE":"Tue, 04 Apr 2023 00:00:00 GMT","OCC_DATE":"Fri, 31 Mar 2023 00:00:00 GMT","WEEKDAY":"Friday","HATE_CRIME":"Combination (More than 2 Motivations)","HC_MOTIVATION":"Combination (More than 2 Motivations)","HC_STATUS":"Hatecrime Happened","OFF_CATEG":"Threats Utter To Person","NB_NAME_EN":"Glebe - Dows Lake","SECTOR":"Sector 22","DIVISION":"Central","CENSUS_TRC":"5050018.00","WARD":"Ward 17 - Capital","COUNCILLOR":"Shawn Menard","OFF_TYPE":"Criminal"}},{"type":"Feature","id":691,"geometry":null,"properties":{"OBJECTID":691,"ID":"1002","YEAR":2023,"REP_DATE":"Thu, 16 Mar 2023 00:00:00 GMT","OCC_DATE":"Thu, 16 Mar 2023 00:00:00 GMT","WEEKDAY":"Thursday","HATE_CRIME":"Religion","HC_MOTIVATION":"Jewish","HC_STATUS":"Hatecrime Happened","OFF_CATEG":"Threatening Communications","NB_NAME_EN":"Glebe - Dows Lake","SECTOR":"Sector 22","DIVISION":"Central","CENSUS_TRC":"5050018.00","WARD":"Ward 17 - Capital","COUNCILLOR":"Shawn Menard","OFF_TYPE":"Criminal"}},{"type":"Feature","id":692,"geometry":null,"properties":{"OBJECTID":692,"ID":"1003","YEAR":2023,"REP_DATE":"Thu, 02 Feb 2023 00:00:00 GMT","OCC_DATE":"Wed, 01 Feb 2023 00:00:00 GMT","WEEKDAY":"Wednesday","HATE_CRIME":"Religion","HC_MOTIVATION":"Jewish","HC_STATUS":"Hatecrime Happened","OFF_CATEG":"Harass Communications","NB_NAME_EN":"Glebe - Dows Lake","SECTOR":"Sector 22","DIVISION":"Central","CENSUS_TRC":"5050018.00","WARD":"Ward 17 - Capital","COUNCILLOR":"Shawn Menard","OFF_TYPE":"Criminal"}},{"type":"Feature","id":693,"geometry":null,"properties":{"OBJECTID":693,"ID":"1004","YEAR":2023,"REP_DATE":"Sun, 08 Jan 2023 00:00:00 GMT","OCC_DATE":"Sun, 08 Jan 2023 00:00:00 GMT","WEEKDAY":"Sunday","HATE_CRIME":"Religion","HC_MOTIVATION":"Jewish","HC_STATUS":"Hatecrime Happened","OFF_CATEG":"Threats Utter To Person","NB_NAME_EN":"Glebe - Dows Lake","SECTOR":"Sector 22","DIVISION":"Central","CENSUS_TRC":"5050018.00","WARD":"Ward 17 - Capital","COUNCILLOR":"Shawn Menard","OFF_TYPE":"Criminal"}},{"type":"Feature","id":694,"geometry":null,"properties":{"OBJECTID":694,"ID":"1005","YEAR":2022,"REP_DATE":"Sat, 24 Dec 2022 00:00:00 GMT","OCC_DATE":"Sat, 24 Dec 2022 00:00:00 GMT","WEEKDAY":"Saturday","HATE_CRIME":"Religion","HC_MOTIVATION":"Jewish","HC_STATUS":"Hatecrime Happened","OFF_CATEG":"Threatening Communications","NB_NAME_EN":"Glebe - Dows Lake","SECTOR":"Sector 22","DIVISION":"Central","CENSUS_TRC":"5050018.00","WARD":"Ward 17 - Capital","COUNCILLOR":"Shawn Menard","OFF_TYPE":"Criminal"}},{"type":"Feature","id":695,"geometry":null,"properties":{"OBJECTID":695,"ID":"1006","YEAR":2022,"REP_DATE":"Thu, 01 Dec 2022 00:00:00 GMT","OCC_DATE":"Thu, 01 Dec 2022 00:00:00 GMT","WEEKDAY":"Thursday","HATE_CRIME":"Religion","HC_MOTIVATION":"Jewish","HC_STATUS":"Hatecrime Happened","OFF_CATEG":"Harass Communications","NB_NAME_EN":"Glebe - Dows Lake","SECTOR":"Sector 22","DIVISION":"Central","CENSUS_TRC":"5050018.00","WARD":"Ward 17 - Capital","COUNCILLOR":"Shawn Menard","OFF_TYPE":"Criminal"}},{"type":"Feature","id":696,"geometry":null,"properties":{"OBJECTID":696,"ID":"1007","YEAR":2024,"REP_DATE":"Fri, 19 Jan 2024 00:00:00 GMT","OCC_DATE":"Thu, 18 Jan 2024 00:00:00 GMT","WEEKDAY":"Thursday","HATE_CRIME":"Religion","HC_MOTIVATION":"Jewish","HC_STATUS":"Hatecrime Suspected","OFF_CATEG":"Mischief To Property","NB_NAME_EN":"Glebe - Dows Lake","SECTOR":"Sector 22","DIVISION":"Central","CENSUS_TRC":"5050018.00","WARD":"Ward 17 - Capital","COUNCILLOR":"Shawn Menard","OFF_TYPE":"Criminal"}},{"type":"Feature","id":697,"geometry":null,"properties":{"OBJECTID":697,"ID":"1008","YEAR":2023,"REP_DATE":"Fri, 31 Mar 2023 00:00:00 GMT","OCC_DATE":"Tue, 28 Mar 2023 00:00:00 GMT","WEEKDAY":"Tuesday","HATE_CRIME":"Gender","HC_MOTIVATION":"LGBTQ2+","HC_STATUS":"Hatecrime Happened","OFF_CATEG":"Harass Sexual Orientation","NB_NAME_EN":"Glebe - Dows Lake","SECTOR":"Sector 22","DIVISION":"Central","CENSUS_TRC":"5050018.00","WARD":"Ward 17 - Capital","COUNCILLOR":"Shawn Menard","OFF_TYPE":"Non Criminal"}},{"type":"Feature","id":698,"geometry":null,"properties":{"OBJECTID":698,"ID":"1009","YEAR":2023,"REP_DATE":"Thu, 02 Mar 2023 00:00:00 GMT","OCC_DATE":"Thu, 02 Mar 2023 00:00:00 GMT","WEEKDAY":"Thursday","HATE_CRIME":"Gender","HC_MOTIVATION":"Woman","HC_STATUS":"Hatecrime Happened","OFF_CATEG":"Harass Communications","NB_NAME_EN":"Glebe - Dows Lake","SECTOR":"Sector 22","DIVISION":"Central","CENSUS_TRC":"5050018.00","WARD":"Ward 17 - Capital","COUNCILLOR":"Shawn Menard","OFF_TYPE":"Criminal"}},{"type":"Feature","id":699,"geometry":null,"properties":{"OBJECTID":699,"ID":"1010","YEAR":2023,"REP_DATE":"Sun, 15 Jan 2023 00:00:00 GMT","OCC_DATE":"Sun, 15 Jan 2023 00:00:00 GMT","WEEKDAY":"Sunday","HATE_CRIME":"Religion","HC_MOTIVATION":"Jewish","HC_STATUS":"Hatecrime Happened","OFF_CATEG":"Harass Communications","NB_NAME_EN":"Glebe - Dows Lake","SECTOR":"Sector 22","DIVISION":"Central","CENSUS_TRC":"5050018.00","WARD":"Ward 17 - Capital","COUNCILLOR":"Shawn Menard","OFF_TYPE":"Criminal"}},{"type":"Feature","id":700,"geometry":null,"properties":{"OBJECTID":700,"ID":"1011","YEAR":2023,"REP_DATE":"Thu, 12 Jan 2023 00:00:00 GMT","OCC_DATE":"Thu, 12 Jan 2023 00:00:00 GMT","WEEKDAY":"Thursday","HATE_CRIME":"Religion","HC_MOTIVATION":"Jewish","HC_STATUS":"Hatecrime Happened","OFF_CATEG":"Harass Communications","NB_NAME_EN":"Glebe - Dows Lake","SECTOR":"Sector 22","DIVISION":"Central","CENSUS_TRC":"5050018.00","WARD":"Ward 17 - Capital","COUNCILLOR":"Shawn Menard","OFF_TYPE":"Criminal"}},{"type":"Feature","id":701,"geometry":null,"properties":{"OBJECTID":701,"ID":"1012","YEAR":2023,"REP_DATE":"Wed, 11 Jan 2023 00:00:00 GMT","OCC_DATE":"Wed, 11 Jan 2023 00:00:00 GMT","WEEKDAY":"Wednesday","HATE_CRIME":"Religion","HC_MOTIVATION":"Jewish","HC_STATUS":"Hatecrime Happened","OFF_CATEG":"Harass Communications","NB_NAME_EN":"Glebe - Dows Lake","SECTOR":"Sector 22","DIVISION":"Central","CENSUS_TRC":"5050018.00","WARD":"Ward 17 - Capital","COUNCILLOR":"Shawn Menard","OFF_TYPE":"Criminal"}},{"type":"Feature","id":702,"geometry":null,"properties":{"OBJECTID":702,"ID":"1013","YEAR":2023,"REP_DATE":"Sun, 10 Sep 2023 00:00:00 GMT","OCC_DATE":"Sun, 10 Sep 2023 00:00:00 GMT","WEEKDAY":"Sunday","HATE_CRIME":"Combination (More than 2 Motivations)","HC_MOTIVATION":"Combination (More than 2 Motivations)","HC_STATUS":"Hatecrime Happened","OFF_CATEG":"Threats Utter To Person","NB_NAME_EN":"Glebe - Dows Lake","SECTOR":"Sector 22","DIVISION":"Central","CENSUS_TRC":"5050018.00","WARD":"Ward 17 - Capital","COUNCILLOR":"Shawn Menard","OFF_TYPE":"Criminal"}},{"type":"Feature","id":703,"geometry":null,"properties":{"OBJECTID":703,"ID":"1014","YEAR":2023,"REP_DATE":"Tue, 05 Sep 2023 00:00:00 GMT","OCC_DATE":"Tue, 05 Sep 2023 00:00:00 GMT","WEEKDAY":"Tuesday","HATE_CRIME":"Religion","HC_MOTIVATION":"Jewish","HC_STATUS":"Hatecrime Happened","OFF_CATEG":"Threats Utter To Person","NB_NAME_EN":"Glebe - Dows Lake","SECTOR":"Sector 22","DIVISION":"Central","CENSUS_TRC":"5050018.00","WARD":"Ward 17 - Capital","COUNCILLOR":"Shawn Menard","OFF_TYPE":"Criminal"}},{"type":"Feature","id":704,"geometry":null,"properties":{"OBJECTID":704,"ID":"1015","YEAR":2023,"REP_DATE":"Fri, 30 Jun 2023 00:00:00 GMT","OCC_DATE":"Thu, 29 Jun 2023 00:00:00 GMT","WEEKDAY":"Thursday","HATE_CRIME":"Combination (More than 2 Motivations)","HC_MOTIVATION":"Combination (More than 2 Motivations)","HC_STATUS":"Hatecrime Happened","OFF_CATEG":"Threats Utter To Person","NB_NAME_EN":"Glebe - Dows Lake","SECTOR":"Sector 22","DIVISION":"Central","CENSUS_TRC":"5050018.00","WARD":"Ward 17 - Capital","COUNCILLOR":"Shawn Menard","OFF_TYPE":"Criminal"}},{"type":"Feature","id":705,"geometry":null,"properties":{"OBJECTID":705,"ID":"1016","YEAR":2023,"REP_DATE":"Tue, 28 Mar 2023 00:00:00 GMT","OCC_DATE":"Tue, 28 Mar 2023 00:00:00 GMT","WEEKDAY":"Tuesday","HATE_CRIME":"Religion","HC_MOTIVATION":"Jewish","HC_STATUS":"Hatecrime Happened","OFF_CATEG":"Threats Utter To Person","NB_NAME_EN":"Glebe - Dows Lake","SECTOR":"Sector 22","DIVISION":"Central","CENSUS_TRC":"5050018.00","WARD":"Ward 17 - Capital","COUNCILLOR":"Shawn Menard","OFF_TYPE":"Criminal"}},{"type":"Feature","id":706,"geometry":null,"properties":{"OBJECTID":706,"ID":"1017","YEAR":2023,"REP_DATE":"Sun, 26 Mar 2023 00:00:00 GMT","OCC_DATE":"Sat, 25 Mar 2023 00:00:00 GMT","WEEKDAY":"Saturday","HATE_CRIME":"Combination (More than 2 Motivations)","HC_MOTIVATION":"Combination (More than 2 Motivations)","HC_STATUS":"Hatecrime Happened","OFF_CATEG":"Threats Utter To Person","NB_NAME_EN":"Glebe - Dows Lake","SECTOR":"Sector 22","DIVISION":"Central","CENSUS_TRC":"5050018.00","WARD":"Ward 17 - Capital","COUNCILLOR":"Shawn Menard","OFF_TYPE":"Criminal"}},{"type":"Feature","id":707,"geometry":null,"properties":{"OBJECTID":707,"ID":"1018","YEAR":2023,"REP_DATE":"Thu, 19 Jan 2023 00:00:00 GMT","OCC_DATE":"Thu, 19 Jan 2023 00:00:00 GMT","WEEKDAY":"Thursday","HATE_CRIME":"Religion","HC_MOTIVATION":"Jewish","HC_STATUS":"Hatecrime Happened","OFF_CATEG":"Harass Communications","NB_NAME_EN":"Glebe - Dows Lake","SECTOR":"Sector 22","DIVISION":"Central","CENSUS_TRC":"5050018.00","WARD":"Ward 17 - Capital","COUNCILLOR":"Shawn Menard","OFF_TYPE":"Criminal"}},{"type":"Feature","id":708,"geometry":null,"properties":{"OBJECTID":708,"ID":"1019","YEAR":2023,"REP_DATE":"Tue, 17 Jan 2023 00:00:00 GMT","OCC_DATE":"Tue, 17 Jan 2023 00:00:00 GMT","WEEKDAY":"Tuesday","HATE_CRIME":"Religion","HC_MOTIVATION":"Jewish","HC_STATUS":"Hatecrime Happened","OFF_CATEG":"Harass Communications","NB_NAME_EN":"Glebe - Dows Lake","SECTOR":"Sector 22","DIVISION":"Central","CENSUS_TRC":"5050018.00","WARD":"Ward 17 - Capital","COUNCILLOR":"Shawn Menard","OFF_TYPE":"Criminal"}},{"type":"Feature","id":709,"geometry":null,"properties":{"OBJECTID":709,"ID":"1020","YEAR":2023,"REP_DATE":"Wed, 11 Jan 2023 00:00:00 GMT","OCC_DATE":"Wed, 11 Jan 2023 00:00:00 GMT","WEEKDAY":"Wednesday","HATE_CRIME":"Religion","HC_MOTIVATION":"Jewish","HC_STATUS":"Hatecrime Happened","OFF_CATEG":"Harass Communications","NB_NAME_EN":"Glebe - Dows Lake","SECTOR":"Sector 22","DIVISION":"Central","CENSUS_TRC":"5050018.00","WARD":"Ward 17 - Capital","COUNCILLOR":"Shawn Menard","OFF_TYPE":"Criminal"}},{"type":"Feature","id":710,"geometry":null,"properties":{"OBJECTID":710,"ID":"1021","YEAR":2023,"REP_DATE":"Wed, 11 Jan 2023 00:00:00 GMT","OCC_DATE":"Wed, 11 Jan 2023 00:00:00 GMT","WEEKDAY":"Wednesday","HATE_CRIME":"Religion","HC_MOTIVATION":"Jewish","HC_STATUS":"Hatecrime Happened","OFF_CATEG":"Harass Communications","NB_NAME_EN":"Glebe - Dows Lake","SECTOR":"Sector 22","DIVISION":"Central","CENSUS_TRC":"5050018.00","WARD":"Ward 17 - Capital","COUNCILLOR":"Shawn Menard","OFF_TYPE":"Criminal"}},{"type":"Feature","id":711,"geometry":null,"properties":{"OBJECTID":711,"ID":"1022","YEAR":2022,"REP_DATE":"Sat, 17 Dec 2022 00:00:00 GMT","OCC_DATE":"Fri, 16 Dec 2022 00:00:00 GMT","WEEKDAY":"Friday","HATE_CRIME":"Religion","HC_MOTIVATION":"Jewish","HC_STATUS":"Hatecrime Happened","OFF_CATEG":"Harass Communications","NB_NAME_EN":"Glebe - Dows Lake","SECTOR":"Sector 22","DIVISION":"Central","CENSUS_TRC":"5050018.00","WARD":"Ward 17 - Capital","COUNCILLOR":"Shawn Menard","OFF_TYPE":"Criminal"}},{"type":"Feature","id":712,"geometry":null,"properties":{"OBJECTID":712,"ID":"1023","YEAR":2023,"REP_DATE":"Tue, 05 Sep 2023 00:00:00 GMT","OCC_DATE":"Mon, 28 Aug 2023 00:00:00 GMT","WEEKDAY":"Monday","HATE_CRIME":"Combination (More than 2 Motivations)","HC_MOTIVATION":"Combination (More than 2 Motivations)","HC_STATUS":"Hatecrime Happened","OFF_CATEG":"Intimidate Pers Assist Health","NB_NAME_EN":"Glebe - Dows Lake","SECTOR":"Sector 22","DIVISION":"Central","CENSUS_TRC":"5050018.00","WARD":"Ward 17 - Capital","COUNCILLOR":"Shawn Menard","OFF_TYPE":"Criminal"}},{"type":"Feature","id":713,"geometry":null,"properties":{"OBJECTID":713,"ID":"1024","YEAR":2023,"REP_DATE":"Thu, 09 Mar 2023 00:00:00 GMT","OCC_DATE":"Wed, 08 Mar 2023 00:00:00 GMT","WEEKDAY":"Wednesday","HATE_CRIME":"Combination (More than 2 Motivations)","HC_MOTIVATION":"Combination (More than 2 Motivations)","HC_STATUS":"Hatecrime Happened","OFF_CATEG":"Threatening Communications","NB_NAME_EN":"Glebe - Dows Lake","SECTOR":"Sector 22","DIVISION":"Central","CENSUS_TRC":"5050018.00","WARD":"Ward 17 - Capital","COUNCILLOR":"Shawn Menard","OFF_TYPE":"Criminal"}},{"type":"Feature","id":714,"geometry":null,"properties":{"OBJECTID":714,"ID":"1025","YEAR":2023,"REP_DATE":"Sun, 22 Jan 2023 00:00:00 GMT","OCC_DATE":"Sun, 22 Jan 2023 00:00:00 GMT","WEEKDAY":"Sunday","HATE_CRIME":"Religion","HC_MOTIVATION":"Jewish","HC_STATUS":"Hatecrime Happened","OFF_CATEG":"Harass Communications","NB_NAME_EN":"Glebe - Dows Lake","SECTOR":"Sector 22","DIVISION":"Central","CENSUS_TRC":"5050018.00","WARD":"Ward 17 - Capital","COUNCILLOR":"Shawn Menard","OFF_TYPE":"Criminal"}},{"type":"Feature","id":715,"geometry":null,"properties":{"OBJECTID":715,"ID":"1026","YEAR":2023,"REP_DATE":"Fri, 20 Jan 2023 00:00:00 GMT","OCC_DATE":"Fri, 20 Jan 2023 00:00:00 GMT","WEEKDAY":"Friday","HATE_CRIME":"Religion","HC_MOTIVATION":"Jewish","HC_STATUS":"Hatecrime Happened","OFF_CATEG":"Harass Communications","NB_NAME_EN":"Glebe - Dows Lake","SECTOR":"Sector 22","DIVISION":"Central","CENSUS_TRC":"5050018.00","WARD":"Ward 17 - Capital","COUNCILLOR":"Shawn Menard","OFF_TYPE":"Criminal"}},{"type":"Feature","id":716,"geometry":null,"properties":{"OBJECTID":716,"ID":"1027","YEAR":2023,"REP_DATE":"Mon, 16 Jan 2023 00:00:00 GMT","OCC_DATE":"Sun, 15 Jan 2023 00:00:00 GMT","WEEKDAY":"Sunday","HATE_CRIME":"Religion","HC_MOTIVATION":"Jewish","HC_STATUS":"Hatecrime Happened","OFF_CATEG":"Harass Communications","NB_NAME_EN":"Glebe - Dows Lake","SECTOR":"Sector 22","DIVISION":"Central","CENSUS_TRC":"5050018.00","WARD":"Ward 17 - Capital","COUNCILLOR":"Shawn Menard","OFF_TYPE":"Criminal"}},{"type":"Feature","id":717,"geometry":null,"properties":{"OBJECTID":717,"ID":"1028","YEAR":2022,"REP_DATE":"Thu, 12 May 2022 00:00:00 GMT","OCC_DATE":"Thu, 12 May 2022 00:00:00 GMT","WEEKDAY":"Thursday","HATE_CRIME":"Religion","HC_MOTIVATION":"Catholic","HC_STATUS":"Hatecrime Happened","OFF_CATEG":"Mischief To Property","NB_NAME_EN":"Centretown","SECTOR":"Sector 23","DIVISION":"Central","CENSUS_TRC":"5050049.00","WARD":"Ward 14 - Somerset","COUNCILLOR":"Ariel Troster","OFF_TYPE":"Criminal"}},{"type":"Feature","id":718,"geometry":null,"properties":{"OBJECTID":718,"ID":"1029","YEAR":2020,"REP_DATE":"Wed, 30 Sep 2020 00:00:00 GMT","OCC_DATE":"Wed, 30 Sep 2020 00:00:00 GMT","WEEKDAY":"Wednesday","HATE_CRIME":"Race/Ethnicity","HC_MOTIVATION":"Black","HC_STATUS":"Hatecrime Happened","OFF_CATEG":"Mischief To Property","NB_NAME_EN":"Centretown","SECTOR":"Sector 23","DIVISION":"Central","CENSUS_TRC":"5050048.00","WARD":"Ward 14 - Somerset","COUNCILLOR":"Ariel Troster","OFF_TYPE":"Criminal"}},{"type":"Feature","id":719,"geometry":null,"properties":{"OBJECTID":719,"ID":"1030","YEAR":2023,"REP_DATE":"Mon, 12 Jun 2023 00:00:00 GMT","OCC_DATE":"Sun, 11 Jun 2023 00:00:00 GMT","WEEKDAY":"Sunday","HATE_CRIME":"Sexual Orientation","HC_MOTIVATION":"LGBTQ2+","HC_STATUS":"Hatecrime Suspected","OFF_CATEG":"Harass Sexual Orientation","NB_NAME_EN":"Centretown","SECTOR":"Sector 23","DIVISION":"Central","CENSUS_TRC":"5050037.01","WARD":"Ward 14 - Somerset","COUNCILLOR":"Ariel Troster","OFF_TYPE":"Non Criminal"}},{"type":"Feature","id":720,"geometry":null,"properties":{"OBJECTID":720,"ID":"1031","YEAR":2023,"REP_DATE":"Fri, 05 May 2023 00:00:00 GMT","OCC_DATE":"Thu, 27 Apr 2023 00:00:00 GMT","WEEKDAY":"Thursday","HATE_CRIME":"Religion","HC_MOTIVATION":"Jewish","HC_STATUS":"Hatecrime Suspected","OFF_CATEG":"Suspicious Circumstance( S)","NB_NAME_EN":"Sandy Hill - Ottawa East","SECTOR":"Sector 24","DIVISION":"Central","CENSUS_TRC":"5050014.00","WARD":"Ward 12 - Rideau-Vanier","COUNCILLOR":"Stéphanie Plante","OFF_TYPE":"Non Criminal"}},{"type":"Feature","id":721,"geometry":null,"properties":{"OBJECTID":721,"ID":"1032","YEAR":2023,"REP_DATE":"Wed, 21 Jun 2023 00:00:00 GMT","OCC_DATE":"Wed, 21 Jun 2023 00:00:00 GMT","WEEKDAY":"Wednesday","HATE_CRIME":"Sexual Orientation","HC_MOTIVATION":"LGBTQ2+","HC_STATUS":"Hatecrime Suspected","OFF_CATEG":"Theft \u003c $5000","NB_NAME_EN":"Hunt Club - Ottawa Airport","SECTOR":"Sector 35","DIVISION":"East","CENSUS_TRC":"5050127.00","WARD":"Ward 10 - Gloucester-Southgate","COUNCILLOR":"Jessica Bradley","OFF_TYPE":"Criminal"}},{"type":"Feature","id":722,"geometry":null,"properties":{"OBJECTID":722,"ID":"1033","YEAR":2021,"REP_DATE":"Fri, 05 Nov 2021 00:00:00 GMT","OCC_DATE":"Fri, 05 Nov 2021 00:00:00 GMT","WEEKDAY":"Friday","HATE_CRIME":"Race/Ethnicity","HC_MOTIVATION":"Arab(West Asian,Middle Eastern and North African origins)","HC_STATUS":"Hatecrime Happened","OFF_CATEG":"Dispute- Neighbour","NB_NAME_EN":"Cityview - Skyline - Fisher Heights","SECTOR":"Sector 17","DIVISION":"West","CENSUS_TRC":"5050132.00","WARD":"Ward 9 - Knoxdale-Merivale","COUNCILLOR":"Sean Devine","OFF_TYPE":"Non Criminal"}},{"type":"Feature","id":723,"geometry":null,"properties":{"OBJECTID":723,"ID":"1034","YEAR":2021,"REP_DATE":"Fri, 03 Dec 2021 00:00:00 GMT","OCC_DATE":"Wed, 01 Dec 2021 00:00:00 GMT","WEEKDAY":"Wednesday","HATE_CRIME":"Religion","HC_MOTIVATION":"Unknown Religion","HC_STATUS":"Hatecrime Happened","OFF_CATEG":"Mischief To Property","NB_NAME_EN":"New Barrhaven - New Development - Stonebridge","SECTOR":"Sector 16","DIVISION":"West","CENSUS_TRC":"5050141.04","WARD":"Ward 3 - Barrhaven West","COUNCILLOR":"David Hill","OFF_TYPE":"Criminal"}},{"type":"Feature","id":724,"geometry":null,"properties":{"OBJECTID":724,"ID":"1035","YEAR":2019,"REP_DATE":"Mon, 15 Apr 2019 00:00:00 GMT","OCC_DATE":"Mon, 15 Apr 2019 00:00:00 GMT","WEEKDAY":"Monday","HATE_CRIME":"Religion","HC_MOTIVATION":"Jewish","HC_STATUS":"Hatecrime Suspected","OFF_CATEG":"Mischief To Property","NB_NAME_EN":"Glebe - Dows Lake","SECTOR":"Sector 22","DIVISION":"Central","CENSUS_TRC":"5050018.00","WARD":"Ward 17 - Capital","COUNCILLOR":"Shawn Menard","OFF_TYPE":"Criminal"}},{"type":"Feature","id":725,"geometry":null,"properties":{"OBJECTID":725,"ID":"1036","YEAR":2019,"REP_DATE":"Fri, 25 Oct 2019 00:00:00 GMT","OCC_DATE":"Fri, 25 Oct 2019 00:00:00 GMT","WEEKDAY":"Friday","HATE_CRIME":"Religion","HC_MOTIVATION":"Jewish","HC_STATUS":"Hatecrime Happened","OFF_CATEG":"Mischief To Property","NB_NAME_EN":"Lowertown","SECTOR":"Sector 24","DIVISION":"Central","CENSUS_TRC":"5050056.00","WARD":"Ward 12 - Rideau-Vanier","COUNCILLOR":"Stéphanie Plante","OFF_TYPE":"Criminal"}},{"type":"Feature","id":726,"geometry":null,"properties":{"OBJECTID":726,"ID":"1037","YEAR":2023,"REP_DATE":"Tue, 30 May 2023 00:00:00 GMT","OCC_DATE":"Tue, 30 May 2023 00:00:00 GMT","WEEKDAY":"Tuesday","HATE_CRIME":"Race/Ethnicity","HC_MOTIVATION":"Black","HC_STATUS":"Hatecrime Happened","OFF_CATEG":"Public Incitement Of Hatred","NB_NAME_EN":"Centretown","SECTOR":"Sector 23","DIVISION":"Central","CENSUS_TRC":"5050049.00","WARD":"Ward 14 - Somerset","COUNCILLOR":"Ariel Troster","OFF_TYPE":"Criminal"}},{"type":"Feature","id":727,"geometry":null,"properties":{"OBJECTID":727,"ID":"1038","YEAR":2021,"REP_DATE":"Thu, 25 Mar 2021 00:00:00 GMT","OCC_DATE":"Thu, 25 Mar 2021 00:00:00 GMT","WEEKDAY":"Thursday","HATE_CRIME":"Religion","HC_MOTIVATION":"Jewish","HC_STATUS":"Hatecrime Happened","OFF_CATEG":"Mischief To Property","NB_NAME_EN":"Lindenlea - New Edinburgh","SECTOR":"Sector 25","DIVISION":"Central","CENSUS_TRC":"5050101.00","WARD":"Ward 12 - Rideau-Vanier","COUNCILLOR":"Stéphanie Plante","OFF_TYPE":"Criminal"}},{"type":"Feature","id":728,"geometry":null,"properties":{"OBJECTID":728,"ID":"1039","YEAR":2021,"REP_DATE":"Sun, 04 Jul 2021 00:00:00 GMT","OCC_DATE":"Sun, 04 Jul 2021 00:00:00 GMT","WEEKDAY":"Sunday","HATE_CRIME":"Race/Ethnicity","HC_MOTIVATION":"Black","HC_STATUS":"Hatecrime Happened","OFF_CATEG":"Harass Race/ Religion","NB_NAME_EN":"Glebe - Dows Lake","SECTOR":"Sector 22","DIVISION":"Central","CENSUS_TRC":"5050036.00","WARD":"Ward 17 - Capital","COUNCILLOR":"Shawn Menard","OFF_TYPE":"Non Criminal"}},{"type":"Feature","id":729,"geometry":null,"properties":{"OBJECTID":729,"ID":"1040","YEAR":2020,"REP_DATE":"Wed, 24 Jun 2020 00:00:00 GMT","OCC_DATE":"Wed, 10 Jun 2020 00:00:00 GMT","WEEKDAY":"Wednesday","HATE_CRIME":"Race/Ethnicity","HC_MOTIVATION":"South Asian","HC_STATUS":"Hatecrime Suspected","OFF_CATEG":"Mischief To Property","NB_NAME_EN":"Lowertown","SECTOR":"Sector 24","DIVISION":"Central","CENSUS_TRC":"5050053.00","WARD":"Ward 12 - Rideau-Vanier","COUNCILLOR":"Stéphanie Plante","OFF_TYPE":"Criminal"}},{"type":"Feature","id":730,"geometry":null,"properties":{"OBJECTID":730,"ID":"1041","YEAR":2022,"REP_DATE":"Tue, 15 Nov 2022 00:00:00 GMT","OCC_DATE":"Tue, 15 Nov 2022 00:00:00 GMT","WEEKDAY":"Tuesday","HATE_CRIME":"Unknown","HC_MOTIVATION":"Unknown","HC_STATUS":"Hatecrime Suspected","OFF_CATEG":"Mischief To Property","NB_NAME_EN":"Centretown","SECTOR":"Sector 23","DIVISION":"Central","CENSUS_TRC":"5050037.02","WARD":"Ward 14 - Somerset","COUNCILLOR":"Ariel Troster","OFF_TYPE":"Criminal"}},{"type":"Feature","id":731,"geometry":null,"properties":{"OBJECTID":731,"ID":"1042","YEAR":2023,"REP_DATE":"Sun, 06 Aug 2023 00:00:00 GMT","OCC_DATE":"Sun, 06 Aug 2023 00:00:00 GMT","WEEKDAY":"Sunday","HATE_CRIME":"Race/Ethnicity","HC_MOTIVATION":"Chinese","HC_STATUS":"Hatecrime Happened","OFF_CATEG":"Assault Peace Officer","NB_NAME_EN":"Byward Market","SECTOR":"Sector 24","DIVISION":"Central","CENSUS_TRC":"5050054.00","WARD":"Ward 12 - Rideau-Vanier","COUNCILLOR":"Stéphanie Plante","OFF_TYPE":"Criminal"}},{"type":"Feature","id":732,"geometry":null,"properties":{"OBJECTID":732,"ID":"1043","YEAR":2021,"REP_DATE":"Wed, 08 Sep 2021 00:00:00 GMT","OCC_DATE":"Wed, 08 Sep 2021 00:00:00 GMT","WEEKDAY":"Wednesday","HATE_CRIME":"Religion","HC_MOTIVATION":"Jewish","HC_STATUS":"Hatecrime Suspected","OFF_CATEG":"Traffic Complaint -  Vehicle","NB_NAME_EN":"Vanier North","SECTOR":"Sector 25","DIVISION":"Central","CENSUS_TRC":"5050101.00","WARD":"Ward 12 - Rideau-Vanier","COUNCILLOR":"Stéphanie Plante","OFF_TYPE":"Non Criminal"}},{"type":"Feature","id":733,"geometry":null,"properties":{"OBJECTID":733,"ID":"1044","YEAR":2021,"REP_DATE":"Fri, 27 Aug 2021 00:00:00 GMT","OCC_DATE":"Fri, 27 Aug 2021 00:00:00 GMT","WEEKDAY":"Friday","HATE_CRIME":"Race/Ethnicity","HC_MOTIVATION":"Multiple Races/Ethnicities","HC_STATUS":"Hatecrime Happened","OFF_CATEG":"Assault Level 1","NB_NAME_EN":"Vanier North","SECTOR":"Sector 25","DIVISION":"Central","CENSUS_TRC":"5050101.00","WARD":"Ward 12 - Rideau-Vanier","COUNCILLOR":"Stéphanie Plante","OFF_TYPE":"Criminal"}},{"type":"Feature","id":734,"geometry":null,"properties":{"OBJECTID":734,"ID":"1045","YEAR":2019,"REP_DATE":"Wed, 09 Oct 2019 00:00:00 GMT","OCC_DATE":"Wed, 09 Oct 2019 00:00:00 GMT","WEEKDAY":"Wednesday","HATE_CRIME":"Race/Ethnicity","HC_MOTIVATION":"Multiple Races/Ethnicities","HC_STATUS":"Hatecrime Happened","OFF_CATEG":"Mischief To Property","NB_NAME_EN":"Hunt Club South Industrial","SECTOR":"Sector 17","DIVISION":"West","CENSUS_TRC":"5050130.01","WARD":"Ward 9 - Knoxdale-Merivale","COUNCILLOR":"Sean Devine","OFF_TYPE":"Criminal"}},{"type":"Feature","id":735,"geometry":null,"properties":{"OBJECTID":735,"ID":"1046","YEAR":2022,"REP_DATE":"Mon, 15 Aug 2022 00:00:00 GMT","OCC_DATE":"Fri, 12 Aug 2022 00:00:00 GMT","WEEKDAY":"Friday","HATE_CRIME":"Unknown","HC_MOTIVATION":"Unknown","HC_STATUS":"Hatecrime Suspected","OFF_CATEG":"Mischief To Property","NB_NAME_EN":"Byward Market","SECTOR":"Sector 24","DIVISION":"Central","CENSUS_TRC":"5050054.00","WARD":"Ward 12 - Rideau-Vanier","COUNCILLOR":"Stéphanie Plante","OFF_TYPE":"Criminal"}},{"type":"Feature","id":736,"geometry":null,"properties":{"OBJECTID":736,"ID":"1047","YEAR":2022,"REP_DATE":"Mon, 05 Sep 2022 00:00:00 GMT","OCC_DATE":"Mon, 05 Sep 2022 00:00:00 GMT","WEEKDAY":"Monday","HATE_CRIME":"Religion","HC_MOTIVATION":"Jewish","HC_STATUS":"Hatecrime Suspected","OFF_CATEG":"Dispute- Disturbance","NB_NAME_EN":"Byward Market","SECTOR":"Sector 24","DIVISION":"Central","CENSUS_TRC":"5050054.00","WARD":"Ward 12 - Rideau-Vanier","COUNCILLOR":"Stéphanie Plante","OFF_TYPE":"Non Criminal"}},{"type":"Feature","id":737,"geometry":null,"properties":{"OBJECTID":737,"ID":"1048","YEAR":2021,"REP_DATE":"Sun, 13 Jun 2021 00:00:00 GMT","OCC_DATE":"Sun, 13 Jun 2021 00:00:00 GMT","WEEKDAY":"Sunday","HATE_CRIME":"Religion","HC_MOTIVATION":"Catholic","HC_STATUS":"Hatecrime Happened","OFF_CATEG":"Mischief To Property","NB_NAME_EN":"Byward Market","SECTOR":"Sector 24","DIVISION":"Central","CENSUS_TRC":"5050054.00","WARD":"Ward 12 - Rideau-Vanier","COUNCILLOR":"Stéphanie Plante","OFF_TYPE":"Criminal"}},{"type":"Feature","id":738,"geometry":null,"properties":{"OBJECTID":738,"ID":"1049","YEAR":2023,"REP_DATE":"Wed, 16 Aug 2023 00:00:00 GMT","OCC_DATE":"Mon, 14 Aug 2023 00:00:00 GMT","WEEKDAY":"Monday","HATE_CRIME":"Religion","HC_MOTIVATION":"Jewish","HC_STATUS":"Hatecrime Happened","OFF_CATEG":"Mischief To Property","NB_NAME_EN":"Lowertown","SECTOR":"Sector 24","DIVISION":"Central","CENSUS_TRC":"5050053.00","WARD":"Ward 12 - Rideau-Vanier","COUNCILLOR":"Stéphanie Plante","OFF_TYPE":"Criminal"}},{"type":"Feature","id":739,"geometry":null,"properties":{"OBJECTID":739,"ID":"1050","YEAR":2022,"REP_DATE":"Tue, 06 Dec 2022 00:00:00 GMT","OCC_DATE":"Tue, 06 Dec 2022 00:00:00 GMT","WEEKDAY":"Tuesday","HATE_CRIME":"Immigrants/Newcomers to Canada","HC_MOTIVATION":"Immigrants/Newcomers to Canada","HC_STATUS":"Hatecrime Happened","OFF_CATEG":"Harass Race/ Religion","NB_NAME_EN":"Lowertown","SECTOR":"Sector 24","DIVISION":"Central","CENSUS_TRC":"5050053.00","WARD":"Ward 12 - Rideau-Vanier","COUNCILLOR":"Stéphanie Plante","OFF_TYPE":"Non Criminal"}},{"type":"Feature","id":740,"geometry":null,"properties":{"OBJECTID":740,"ID":"1051","YEAR":2020,"REP_DATE":"Thu, 16 Jan 2020 00:00:00 GMT","OCC_DATE":"Wed, 15 Jan 2020 00:00:00 GMT","WEEKDAY":"Wednesday","HATE_CRIME":"Race/Ethnicity","HC_MOTIVATION":"Arab(West Asian,Middle Eastern and North African origins)","HC_STATUS":"Hatecrime Suspected","OFF_CATEG":"Mischief To Property","NB_NAME_EN":"Centretown","SECTOR":"Sector 23","DIVISION":"Central","CENSUS_TRC":"5050049.00","WARD":"Ward 14 - Somerset","COUNCILLOR":"Ariel Troster","OFF_TYPE":"Criminal"}},{"type":"Feature","id":741,"geometry":null,"properties":{"OBJECTID":741,"ID":"1052","YEAR":2019,"REP_DATE":"Sun, 16 Jun 2019 00:00:00 GMT","OCC_DATE":"Sun, 16 Jun 2019 00:00:00 GMT","WEEKDAY":"Sunday","HATE_CRIME":"Religion","HC_MOTIVATION":"Jewish","HC_STATUS":"Hatecrime Happened","OFF_CATEG":"Mischief To Property","NB_NAME_EN":"Hintonburg - Mechanicsville","SECTOR":"Sector 21","DIVISION":"Central","CENSUS_TRC":"5050043.00","WARD":"Ward 15 - Kitchissippi","COUNCILLOR":"Jeff Leiper","OFF_TYPE":"Criminal"}},{"type":"Feature","id":742,"geometry":null,"properties":{"OBJECTID":742,"ID":"1053","YEAR":2019,"REP_DATE":"Wed, 21 Aug 2019 00:00:00 GMT","OCC_DATE":"Wed, 21 Aug 2019 00:00:00 GMT","WEEKDAY":"Wednesday","HATE_CRIME":"Sexual Orientation","HC_MOTIVATION":"LGBTQ2+","HC_STATUS":"Hatecrime Happened","OFF_CATEG":"Assault With Weapon Or Cbh Lv2","NB_NAME_EN":"Lowertown","SECTOR":"Sector 24","DIVISION":"Central","CENSUS_TRC":"5050053.00","WARD":"Ward 12 - Rideau-Vanier","COUNCILLOR":"Stéphanie Plante","OFF_TYPE":"Criminal"}},{"type":"Feature","id":743,"geometry":null,"properties":{"OBJECTID":743,"ID":"1054","YEAR":2023,"REP_DATE":"Sun, 12 Nov 2023 00:00:00 GMT","OCC_DATE":"Sun, 12 Nov 2023 00:00:00 GMT","WEEKDAY":"Sunday","HATE_CRIME":"Religion","HC_MOTIVATION":"Jewish","HC_STATUS":"Hatecrime Suspected","OFF_CATEG":"Mischief To Property","NB_NAME_EN":"Lowertown","SECTOR":"Sector 24","DIVISION":"Central","CENSUS_TRC":"5050053.00","WARD":"Ward 12 - Rideau-Vanier","COUNCILLOR":"Stéphanie Plante","OFF_TYPE":"Criminal"}},{"type":"Feature","id":744,"geometry":null,"properties":{"OBJECTID":744,"ID":"1055","YEAR":2019,"REP_DATE":"Fri, 18 Oct 2019 00:00:00 GMT","OCC_DATE":"Wed, 16 Oct 2019 00:00:00 GMT","WEEKDAY":"Wednesday","HATE_CRIME":"Religion","HC_MOTIVATION":"Other Religion","HC_STATUS":"Hatecrime Happened","OFF_CATEG":"Mischief Hate Cultrl/ Rel Prop","NB_NAME_EN":"Lowertown","SECTOR":"Sector 24","DIVISION":"Central","CENSUS_TRC":"5050053.00","WARD":"Ward 12 - Rideau-Vanier","COUNCILLOR":"Stéphanie Plante","OFF_TYPE":"Criminal"}},{"type":"Feature","id":745,"geometry":null,"properties":{"OBJECTID":745,"ID":"1056","YEAR":2019,"REP_DATE":"Wed, 02 Oct 2019 00:00:00 GMT","OCC_DATE":"Fri, 27 Sep 2019 00:00:00 GMT","WEEKDAY":"Friday","HATE_CRIME":"Religion","HC_MOTIVATION":"Catholic","HC_STATUS":"Hatecrime Happened","OFF_CATEG":"Mischief Hate Cultrl/ Rel Prop","NB_NAME_EN":"Lowertown","SECTOR":"Sector 24","DIVISION":"Central","CENSUS_TRC":"5050053.00","WARD":"Ward 12 - Rideau-Vanier","COUNCILLOR":"Stéphanie Plante","OFF_TYPE":"Criminal"}},{"type":"Feature","id":746,"geometry":null,"properties":{"OBJECTID":746,"ID":"1057","YEAR":2023,"REP_DATE":"Fri, 01 Sep 2023 00:00:00 GMT","OCC_DATE":"Fri, 01 Sep 2023 00:00:00 GMT","WEEKDAY":"Friday","HATE_CRIME":"Sexual Orientation","HC_MOTIVATION":"LGBTQ2+","HC_STATUS":"Hatecrime Suspected","OFF_CATEG":"Mischief To Property","NB_NAME_EN":"Hintonburg - Mechanicsville","SECTOR":"Sector 21","DIVISION":"Central","CENSUS_TRC":"5050043.00","WARD":"Ward 15 - Kitchissippi","COUNCILLOR":"Jeff Leiper","OFF_TYPE":"Criminal"}},{"type":"Feature","id":747,"geometry":null,"properties":{"OBJECTID":747,"ID":"1058","YEAR":2023,"REP_DATE":"Fri, 12 May 2023 00:00:00 GMT","OCC_DATE":"Fri, 12 May 2023 00:00:00 GMT","WEEKDAY":"Friday","HATE_CRIME":"Immigrants/Newcomers to Canada","HC_MOTIVATION":"Immigrants/Newcomers to Canada","HC_STATUS":"Hatecrime Happened","OFF_CATEG":"Dispute- Neighbour","NB_NAME_EN":"Chapman Mills - Rideau Crest - Davidson Heights","SECTOR":"Sector 16","DIVISION":"West","CENSUS_TRC":"5050141.18","WARD":"Ward 24 - Barrhaven East","COUNCILLOR":"Wilson Lo","OFF_TYPE":"Non Criminal"}},{"type":"Feature","id":748,"geometry":null,"properties":{"OBJECTID":748,"ID":"1059","YEAR":2022,"REP_DATE":"Fri, 05 Aug 2022 00:00:00 GMT","OCC_DATE":"Mon, 01 Aug 2022 00:00:00 GMT","WEEKDAY":"Monday","HATE_CRIME":"Race/Ethnicity","HC_MOTIVATION":"Unknown race/ethnicity","HC_STATUS":"Hatecrime Suspected","OFF_CATEG":"Threats Utter To Person","NB_NAME_EN":"Byward Market","SECTOR":"Sector 24","DIVISION":"Central","CENSUS_TRC":"5050054.00","WARD":"Ward 12 - Rideau-Vanier","COUNCILLOR":"Stéphanie Plante","OFF_TYPE":"Criminal"}},{"type":"Feature","id":749,"geometry":null,"properties":{"OBJECTID":749,"ID":"1060","YEAR":2022,"REP_DATE":"Sat, 16 Jul 2022 00:00:00 GMT","OCC_DATE":"Sat, 16 Jul 2022 00:00:00 GMT","WEEKDAY":"Saturday","HATE_CRIME":"Race/Ethnicity","HC_MOTIVATION":"Black","HC_STATUS":"Hatecrime Suspected","OFF_CATEG":"Trespass Act","NB_NAME_EN":"Riverside Park","SECTOR":"Sector 34","DIVISION":"East","CENSUS_TRC":"5050003.00","WARD":"Ward 16 - River","COUNCILLOR":"Riley Brockington","OFF_TYPE":"Non Criminal"}},{"type":"Feature","id":750,"geometry":null,"properties":{"OBJECTID":750,"ID":"1061","YEAR":2022,"REP_DATE":"Sun, 02 Oct 2022 00:00:00 GMT","OCC_DATE":"Tue, 27 Sep 2022 00:00:00 GMT","WEEKDAY":"Tuesday","HATE_CRIME":"Sexual Orientation","HC_MOTIVATION":"LGBTQ2+","HC_STATUS":"Hatecrime Happened","OFF_CATEG":"Dispute- Disturbance","NB_NAME_EN":"Centretown","SECTOR":"Sector 23","DIVISION":"Central","CENSUS_TRC":"5050038.00","WARD":"Ward 14 - Somerset","COUNCILLOR":"Ariel Troster","OFF_TYPE":"Non Criminal"}},{"type":"Feature","id":751,"geometry":null,"properties":{"OBJECTID":751,"ID":"1062","YEAR":2022,"REP_DATE":"Tue, 22 Feb 2022 00:00:00 GMT","OCC_DATE":"Tue, 22 Feb 2022 00:00:00 GMT","WEEKDAY":"Tuesday","HATE_CRIME":"Religion","HC_MOTIVATION":"Jewish","HC_STATUS":"Hatecrime Happened","OFF_CATEG":"Information ( General)","NB_NAME_EN":"Ottawa East","SECTOR":"Sector 22","DIVISION":"Central","CENSUS_TRC":"5050015.00","WARD":"Ward 17 - Capital","COUNCILLOR":"Shawn Menard","OFF_TYPE":"Non Criminal"}},{"type":"Feature","id":752,"geometry":null,"properties":{"OBJECTID":752,"ID":"1063","YEAR":2022,"REP_DATE":"Tue, 17 May 2022 00:00:00 GMT","OCC_DATE":"Tue, 17 May 2022 00:00:00 GMT","WEEKDAY":"Tuesday","HATE_CRIME":"Religion","HC_MOTIVATION":"Jewish","HC_STATUS":"Hatecrime Happened","OFF_CATEG":"Mischief Hate Cultrl/ Rel Prop","NB_NAME_EN":"Lowertown","SECTOR":"Sector 24","DIVISION":"Central","CENSUS_TRC":"5050053.00","WARD":"Ward 12 - Rideau-Vanier","COUNCILLOR":"Stéphanie Plante","OFF_TYPE":"Criminal"}},{"type":"Feature","id":753,"geometry":null,"properties":{"OBJECTID":753,"ID":"1064","YEAR":2022,"REP_DATE":"Tue, 17 May 2022 00:00:00 GMT","OCC_DATE":"Tue, 17 May 2022 00:00:00 GMT","WEEKDAY":"Tuesday","HATE_CRIME":"Religion","HC_MOTIVATION":"Jewish","HC_STATUS":"Hatecrime Happened","OFF_CATEG":"Mischief To Property","NB_NAME_EN":"Lowertown","SECTOR":"Sector 24","DIVISION":"Central","CENSUS_TRC":"5050053.00","WARD":"Ward 12 - Rideau-Vanier","COUNCILLOR":"Stéphanie Plante","OFF_TYPE":"Criminal"}},{"type":"Feature","id":754,"geometry":null,"properties":{"OBJECTID":754,"ID":"1065","YEAR":2022,"REP_DATE":"Mon, 30 May 2022 00:00:00 GMT","OCC_DATE":"Mon, 30 May 2022 00:00:00 GMT","WEEKDAY":"Monday","HATE_CRIME":"Race/Ethnicity","HC_MOTIVATION":"Arab(West Asian,Middle Eastern and North African origins)","HC_STATUS":"Hatecrime Suspected","OFF_CATEG":"Mischief To Property","NB_NAME_EN":"Centretown","SECTOR":"Sector 23","DIVISION":"Central","CENSUS_TRC":"5050037.02","WARD":"Ward 14 - Somerset","COUNCILLOR":"Ariel Troster","OFF_TYPE":"Criminal"}},{"type":"Feature","id":755,"geometry":null,"properties":{"OBJECTID":755,"ID":"1066","YEAR":2020,"REP_DATE":"Fri, 03 Apr 2020 00:00:00 GMT","OCC_DATE":"Mon, 23 Mar 2020 00:00:00 GMT","WEEKDAY":"Monday","HATE_CRIME":"Race/Ethnicity","HC_MOTIVATION":"South Asian","HC_STATUS":"Hatecrime Suspected","OFF_CATEG":"Assault Level 1","NB_NAME_EN":"Byward Market","SECTOR":"Sector 24","DIVISION":"Central","CENSUS_TRC":"5050054.00","WARD":"Ward 12 - Rideau-Vanier","COUNCILLOR":"Stéphanie Plante","OFF_TYPE":"Criminal"}},{"type":"Feature","id":756,"geometry":null,"properties":{"OBJECTID":756,"ID":"1067","YEAR":2021,"REP_DATE":"Thu, 28 Oct 2021 00:00:00 GMT","OCC_DATE":"Wed, 27 Oct 2021 00:00:00 GMT","WEEKDAY":"Wednesday","HATE_CRIME":"Race/Ethnicity","HC_MOTIVATION":"Black","HC_STATUS":"Hatecrime Suspected","OFF_CATEG":"Dispute- Disturbance","NB_NAME_EN":"Byward Market","SECTOR":"Sector 24","DIVISION":"Central","CENSUS_TRC":"5050054.00","WARD":"Ward 12 - Rideau-Vanier","COUNCILLOR":"Stéphanie Plante","OFF_TYPE":"Non Criminal"}},{"type":"Feature","id":757,"geometry":null,"properties":{"OBJECTID":757,"ID":"1068","YEAR":2023,"REP_DATE":"Sat, 18 Feb 2023 00:00:00 GMT","OCC_DATE":"Sat, 18 Feb 2023 00:00:00 GMT","WEEKDAY":"Saturday","HATE_CRIME":"Race/Ethnicity","HC_MOTIVATION":"Black","HC_STATUS":"Hatecrime Happened","OFF_CATEG":"Harass Race/ Religion","NB_NAME_EN":"Vanier North","SECTOR":"Sector 25","DIVISION":"Central","CENSUS_TRC":"5050101.00","WARD":"Ward 12 - Rideau-Vanier","COUNCILLOR":"Stéphanie Plante","OFF_TYPE":"Non Criminal"}},{"type":"Feature","id":758,"geometry":null,"properties":{"OBJECTID":758,"ID":"1069","YEAR":2023,"REP_DATE":"Thu, 20 Apr 2023 00:00:00 GMT","OCC_DATE":"Tue, 28 Mar 2023 00:00:00 GMT","WEEKDAY":"Tuesday","HATE_CRIME":"Race/Ethnicity","HC_MOTIVATION":"Black","HC_STATUS":"Hatecrime Happened","OFF_CATEG":"Dispute- Landlord/ Tenant","NB_NAME_EN":"Vanier North","SECTOR":"Sector 25","DIVISION":"Central","CENSUS_TRC":"5050103.00","WARD":"Ward 12 - Rideau-Vanier","COUNCILLOR":"Stéphanie Plante","OFF_TYPE":"Non Criminal"}},{"type":"Feature","id":759,"geometry":null,"properties":{"OBJECTID":759,"ID":"1070","YEAR":2018,"REP_DATE":"Thu, 25 Oct 2018 00:00:00 GMT","OCC_DATE":"Thu, 25 Oct 2018 00:00:00 GMT","WEEKDAY":"Thursday","HATE_CRIME":"Religion","HC_MOTIVATION":"Jewish","HC_STATUS":"Hatecrime Happened","OFF_CATEG":"Mischief To Property","NB_NAME_EN":"Lowertown","SECTOR":"Sector 24","DIVISION":"Central","CENSUS_TRC":"5050053.00","WARD":"Ward 12 - Rideau-Vanier","COUNCILLOR":"Stéphanie Plante","OFF_TYPE":"Criminal"}},{"type":"Feature","id":760,"geometry":null,"properties":{"OBJECTID":760,"ID":"1071","YEAR":2018,"REP_DATE":"Wed, 24 Oct 2018 00:00:00 GMT","OCC_DATE":"Thu, 18 Oct 2018 00:00:00 GMT","WEEKDAY":"Thursday","HATE_CRIME":"Race/Ethnicity","HC_MOTIVATION":"Black","HC_STATUS":"Hatecrime Suspected","OFF_CATEG":"Mischief To Property","NB_NAME_EN":"Lowertown","SECTOR":"Sector 24","DIVISION":"Central","CENSUS_TRC":"5050053.00","WARD":"Ward 12 - Rideau-Vanier","COUNCILLOR":"Stéphanie Plante","OFF_TYPE":"Criminal"}},{"type":"Feature","id":761,"geometry":null,"properties":{"OBJECTID":761,"ID":"1072","YEAR":2021,"REP_DATE":"Sun, 07 Nov 2021 00:00:00 GMT","OCC_DATE":"Fri, 05 Nov 2021 00:00:00 GMT","WEEKDAY":"Friday","HATE_CRIME":"Sexual Orientation","HC_MOTIVATION":"LGBTQ2+","HC_STATUS":"Hatecrime Happened","OFF_CATEG":"Mischief To Property","NB_NAME_EN":"Vanier North","SECTOR":"Sector 25","DIVISION":"Central","CENSUS_TRC":"5050103.00","WARD":"Ward 12 - Rideau-Vanier","COUNCILLOR":"Stéphanie Plante","OFF_TYPE":"Criminal"}},{"type":"Feature","id":762,"geometry":null,"properties":{"OBJECTID":762,"ID":"1073","YEAR":2022,"REP_DATE":"Fri, 11 Feb 2022 00:00:00 GMT","OCC_DATE":"Fri, 11 Feb 2022 00:00:00 GMT","WEEKDAY":"Friday","HATE_CRIME":"Race/Ethnicity","HC_MOTIVATION":"Black","HC_STATUS":"Hatecrime Happened","OFF_CATEG":"Mischief To Property","NB_NAME_EN":"Sandy Hill - Ottawa East","SECTOR":"Sector 24","DIVISION":"Central","CENSUS_TRC":"5050051.00","WARD":"Ward 12 - Rideau-Vanier","COUNCILLOR":"Stéphanie Plante","OFF_TYPE":"Criminal"}},{"type":"Feature","id":763,"geometry":null,"properties":{"OBJECTID":763,"ID":"1074","YEAR":2021,"REP_DATE":"Sun, 24 Oct 2021 00:00:00 GMT","OCC_DATE":"Sun, 24 Oct 2021 00:00:00 GMT","WEEKDAY":"Sunday","HATE_CRIME":"Religion","HC_MOTIVATION":"Jewish","HC_STATUS":"Hatecrime Happened","OFF_CATEG":"Mischief To Property","NB_NAME_EN":"Byward Market","SECTOR":"Sector 24","DIVISION":"Central","CENSUS_TRC":"5050054.00","WARD":"Ward 12 - Rideau-Vanier","COUNCILLOR":"Stéphanie Plante","OFF_TYPE":"Criminal"}},{"type":"Feature","id":764,"geometry":null,"properties":{"OBJECTID":764,"ID":"1075","YEAR":2022,"REP_DATE":"Fri, 09 Dec 2022 00:00:00 GMT","OCC_DATE":"Thu, 08 Dec 2022 00:00:00 GMT","WEEKDAY":"Thursday","HATE_CRIME":"Race/Ethnicity","HC_MOTIVATION":"East and Southeast Asian","HC_STATUS":"Hatecrime Suspected","OFF_CATEG":"Mischief To Property","NB_NAME_EN":"Hunt Club - Ottawa Airport","SECTOR":"Sector 35","DIVISION":"East","CENSUS_TRC":"5050002.06","WARD":"Ward 10 - Gloucester-Southgate","COUNCILLOR":"Jessica Bradley","OFF_TYPE":"Criminal"}},{"type":"Feature","id":765,"geometry":null,"properties":{"OBJECTID":765,"ID":"1076","YEAR":2022,"REP_DATE":"Fri, 16 Sep 2022 00:00:00 GMT","OCC_DATE":"Thu, 15 Sep 2022 00:00:00 GMT","WEEKDAY":"Thursday","HATE_CRIME":"Race/Ethnicity","HC_MOTIVATION":"Black","HC_STATUS":"Hatecrime Suspected","OFF_CATEG":"Mischief To Property","NB_NAME_EN":"Rockcliffe - Manor Park","SECTOR":"Sector 25","DIVISION":"Central","CENSUS_TRC":"5050060.00","WARD":"Ward 12 - Rideau-Vanier","COUNCILLOR":"Stéphanie Plante","OFF_TYPE":"Criminal"}},{"type":"Feature","id":766,"geometry":null,"properties":{"OBJECTID":766,"ID":"1077","YEAR":2023,"REP_DATE":"Sat, 11 Nov 2023 00:00:00 GMT","OCC_DATE":"Sat, 11 Nov 2023 00:00:00 GMT","WEEKDAY":"Saturday","HATE_CRIME":"Religion","HC_MOTIVATION":"Muslim (Islam)","HC_STATUS":"Hatecrime Happened","OFF_CATEG":"Threats Utter To Person","NB_NAME_EN":"Ledbury - Heron Gate - Ridgemont - Elmwood","SECTOR":"Sector 34","DIVISION":"East","CENSUS_TRC":"5050005.00","WARD":"Ward 18 - Alta Vista","COUNCILLOR":"Marty Carr","OFF_TYPE":"Criminal"}},{"type":"Feature","id":767,"geometry":null,"properties":{"OBJECTID":767,"ID":"1078","YEAR":2023,"REP_DATE":"Fri, 20 Oct 2023 00:00:00 GMT","OCC_DATE":"Fri, 20 Oct 2023 00:00:00 GMT","WEEKDAY":"Friday","HATE_CRIME":"Religion","HC_MOTIVATION":"Jewish","HC_STATUS":"Hatecrime Happened","OFF_CATEG":"Assault Level 1","NB_NAME_EN":"Ledbury - Heron Gate - Ridgemont - Elmwood","SECTOR":"Sector 34","DIVISION":"East","CENSUS_TRC":"5050005.00","WARD":"Ward 18 - Alta Vista","COUNCILLOR":"Marty Carr","OFF_TYPE":"Criminal"}},{"type":"Feature","id":768,"geometry":null,"properties":{"OBJECTID":768,"ID":"1079","YEAR":2023,"REP_DATE":"Sat, 29 Jul 2023 00:00:00 GMT","OCC_DATE":"Sat, 29 Jul 2023 00:00:00 GMT","WEEKDAY":"Saturday","HATE_CRIME":"Race/Ethnicity","HC_MOTIVATION":"Black","HC_STATUS":"Hatecrime Happened","OFF_CATEG":"Assault With Weapon Or Cbh Lv2","NB_NAME_EN":"Elmvale - Eastway - Riverview - Riverview Park West","SECTOR":"Sector 33","DIVISION":"East","CENSUS_TRC":"5050011.04","WARD":"Ward 18 - Alta Vista","COUNCILLOR":"Marty Carr","OFF_TYPE":"Criminal"}},{"type":"Feature","id":769,"geometry":null,"properties":{"OBJECTID":769,"ID":"1080","YEAR":2023,"REP_DATE":"Sat, 29 Jul 2023 00:00:00 GMT","OCC_DATE":"Sat, 29 Jul 2023 00:00:00 GMT","WEEKDAY":"Saturday","HATE_CRIME":"Race/Ethnicity","HC_MOTIVATION":"Black","HC_STATUS":"Hatecrime Happened","OFF_CATEG":"Assault With Weapon Or Cbh Lv2","NB_NAME_EN":"Elmvale - Eastway - Riverview - Riverview Park West","SECTOR":"Sector 33","DIVISION":"East","CENSUS_TRC":"5050011.04","WARD":"Ward 18 - Alta Vista","COUNCILLOR":"Marty Carr","OFF_TYPE":"Criminal"}},{"type":"Feature","id":770,"geometry":null,"properties":{"OBJECTID":770,"ID":"1081","YEAR":2023,"REP_DATE":"Tue, 28 Mar 2023 00:00:00 GMT","OCC_DATE":"Wed, 22 Mar 2023 00:00:00 GMT","WEEKDAY":"Wednesday","HATE_CRIME":"Race/Ethnicity","HC_MOTIVATION":"Arab(West Asian,Middle Eastern and North African origins)","HC_STATUS":"Hatecrime Suspected","OFF_CATEG":"Assault Level 1","NB_NAME_EN":"Sandy Hill - Ottawa East","SECTOR":"Sector 24","DIVISION":"Central","CENSUS_TRC":"5050050.00","WARD":"Ward 12 - Rideau-Vanier","COUNCILLOR":"Stéphanie Plante","OFF_TYPE":"Criminal"}},{"type":"Feature","id":771,"geometry":null,"properties":{"OBJECTID":771,"ID":"1082","YEAR":2023,"REP_DATE":"Thu, 21 Sep 2023 00:00:00 GMT","OCC_DATE":"Thu, 21 Sep 2023 00:00:00 GMT","WEEKDAY":"Thursday","HATE_CRIME":"Combination (More than 2 Motivations)","HC_MOTIVATION":"Combination (More than 2 Motivations)","HC_STATUS":"Hatecrime Happened","OFF_CATEG":"Mischief To Property","NB_NAME_EN":"Ottawa South","SECTOR":"Sector 22","DIVISION":"Central","CENSUS_TRC":"5050016.00","WARD":"Ward 17 - Capital","COUNCILLOR":"Shawn Menard","OFF_TYPE":"Criminal"}},{"type":"Feature","id":772,"geometry":null,"properties":{"OBJECTID":772,"ID":"1083","YEAR":2020,"REP_DATE":"Wed, 01 Jan 2020 00:00:00 GMT","OCC_DATE":"Wed, 01 Jan 2020 00:00:00 GMT","WEEKDAY":"Wednesday","HATE_CRIME":"Race/Ethnicity","HC_MOTIVATION":"Black","HC_STATUS":"Hatecrime Suspected","OFF_CATEG":"Dispute- Disturbance","NB_NAME_EN":"Centretown","SECTOR":"Sector 23","DIVISION":"Central","CENSUS_TRC":"5050049.00","WARD":"Ward 14 - Somerset","COUNCILLOR":"Ariel Troster","OFF_TYPE":"Non Criminal"}},{"type":"Feature","id":773,"geometry":null,"properties":{"OBJECTID":773,"ID":"1084","YEAR":2023,"REP_DATE":"Sat, 08 Jul 2023 00:00:00 GMT","OCC_DATE":"Sat, 08 Jul 2023 00:00:00 GMT","WEEKDAY":"Saturday","HATE_CRIME":"Sexual Orientation","HC_MOTIVATION":"LGBTQ2+","HC_STATUS":"Hatecrime Suspected","OFF_CATEG":"Assault Level 1","NB_NAME_EN":"Centretown","SECTOR":"Sector 23","DIVISION":"Central","CENSUS_TRC":"5050037.02","WARD":"Ward 14 - Somerset","COUNCILLOR":"Ariel Troster","OFF_TYPE":"Criminal"}},{"type":"Feature","id":774,"geometry":null,"properties":{"OBJECTID":774,"ID":"1085","YEAR":2023,"REP_DATE":"Wed, 27 Sep 2023 00:00:00 GMT","OCC_DATE":"Wed, 27 Sep 2023 00:00:00 GMT","WEEKDAY":"Wednesday","HATE_CRIME":"Race/Ethnicity","HC_MOTIVATION":"India,Pakistan/South Asian","HC_STATUS":"Hatecrime Suspected","OFF_CATEG":"B&e Residential Property","NB_NAME_EN":"Manotick West","SECTOR":"Sector 12","DIVISION":"West","CENSUS_TRC":"5050201.00","WARD":"Ward 21 - Rideau-Jock","COUNCILLOR":"David Brown","OFF_TYPE":"Criminal"}},{"type":"Feature","id":775,"geometry":null,"properties":{"OBJECTID":775,"ID":"1086","YEAR":2023,"REP_DATE":"Tue, 25 Jul 2023 00:00:00 GMT","OCC_DATE":"Tue, 25 Jul 2023 00:00:00 GMT","WEEKDAY":"Tuesday","HATE_CRIME":"Race/Ethnicity","HC_MOTIVATION":"Unknown race/ethnicity","HC_STATUS":"Hatecrime Suspected","OFF_CATEG":"Suspicious Circumstance( S)","NB_NAME_EN":"Centretown","SECTOR":"Sector 23","DIVISION":"Central","CENSUS_TRC":"5050049.00","WARD":"Ward 14 - Somerset","COUNCILLOR":"Ariel Troster","OFF_TYPE":"Non Criminal"}},{"type":"Feature","id":776,"geometry":null,"properties":{"OBJECTID":776,"ID":"1087","YEAR":2019,"REP_DATE":"Tue, 25 Jun 2019 00:00:00 GMT","OCC_DATE":"Mon, 24 Jun 2019 00:00:00 GMT","WEEKDAY":"Monday","HATE_CRIME":"Religion","HC_MOTIVATION":"Jewish","HC_STATUS":"Hatecrime Happened","OFF_CATEG":"Mischief To Property","NB_NAME_EN":"Riverside South - Leitrim","SECTOR":"Sector 35","DIVISION":"East","CENSUS_TRC":"5050126.06","WARD":"Ward 22 - Riverside South-Findlay Creek","COUNCILLOR":"Steve Desroches","OFF_TYPE":"Criminal"}},{"type":"Feature","id":777,"geometry":null,"properties":{"OBJECTID":777,"ID":"1088","YEAR":2021,"REP_DATE":"Mon, 03 May 2021 00:00:00 GMT","OCC_DATE":"Fri, 30 Apr 2021 00:00:00 GMT","WEEKDAY":"Friday","HATE_CRIME":"Race/Ethnicity","HC_MOTIVATION":"Black","HC_STATUS":"Hatecrime Happened","OFF_CATEG":"Mischief To Property","NB_NAME_EN":"Riverside South - Leitrim","SECTOR":"Sector 35","DIVISION":"East","CENSUS_TRC":"5050126.06","WARD":"Ward 22 - Riverside South-Findlay Creek","COUNCILLOR":"Steve Desroches","OFF_TYPE":"Criminal"}},{"type":"Feature","id":778,"geometry":null,"properties":{"OBJECTID":778,"ID":"1089","YEAR":2018,"REP_DATE":"Thu, 30 Aug 2018 00:00:00 GMT","OCC_DATE":"Thu, 30 Aug 2018 00:00:00 GMT","WEEKDAY":"Thursday","HATE_CRIME":"Sexual Orientation","HC_MOTIVATION":"LGBTQ2+","HC_STATUS":"Hatecrime Suspected","OFF_CATEG":"Harass Stalking","NB_NAME_EN":"Vanier South","SECTOR":"Sector 25","DIVISION":"Central","CENSUS_TRC":"5050100.00","WARD":"Ward 12 - Rideau-Vanier","COUNCILLOR":"Stéphanie Plante","OFF_TYPE":"Criminal"}},{"type":"Feature","id":779,"geometry":null,"properties":{"OBJECTID":779,"ID":"1090","YEAR":2022,"REP_DATE":"Thu, 01 Sep 2022 00:00:00 GMT","OCC_DATE":"Thu, 25 Aug 2022 00:00:00 GMT","WEEKDAY":"Thursday","HATE_CRIME":"Race/Ethnicity","HC_MOTIVATION":"Multiple Races/Ethnicities","HC_STATUS":"Hatecrime Suspected","OFF_CATEG":"Information ( General)","NB_NAME_EN":"Rockcliffe - Manor Park","SECTOR":"Sector 25","DIVISION":"Central","CENSUS_TRC":"5050110.00","WARD":"Ward 13 - Rideau-Rockcliffe","COUNCILLOR":"Rawlson King","OFF_TYPE":"Non Criminal"}},{"type":"Feature","id":780,"geometry":null,"properties":{"OBJECTID":780,"ID":"1091","YEAR":2018,"REP_DATE":"Thu, 26 Apr 2018 00:00:00 GMT","OCC_DATE":"Thu, 26 Apr 2018 00:00:00 GMT","WEEKDAY":"Thursday","HATE_CRIME":"Race/Ethnicity","HC_MOTIVATION":"Other race/ethnicity","HC_STATUS":"Hatecrime Happened","OFF_CATEG":"Mischief To Property","NB_NAME_EN":"Lebreton Development","SECTOR":"Sector 22","DIVISION":"Central","CENSUS_TRC":"5050047.00","WARD":"Ward 14 - Somerset","COUNCILLOR":"Ariel Troster","OFF_TYPE":"Criminal"}},{"type":"Feature","id":781,"geometry":null,"properties":{"OBJECTID":781,"ID":"1092","YEAR":2022,"REP_DATE":"Fri, 05 Aug 2022 00:00:00 GMT","OCC_DATE":"Fri, 05 Aug 2022 00:00:00 GMT","WEEKDAY":"Friday","HATE_CRIME":"Sexual Orientation","HC_MOTIVATION":"Unknown sexual orientation","HC_STATUS":"Hatecrime Suspected","OFF_CATEG":"Mischief To Property","NB_NAME_EN":"Vanier North","SECTOR":"Sector 25","DIVISION":"Central","CENSUS_TRC":"5050102.00","WARD":"Ward 12 - Rideau-Vanier","COUNCILLOR":"Stéphanie Plante","OFF_TYPE":"Criminal"}},{"type":"Feature","id":782,"geometry":null,"properties":{"OBJECTID":782,"ID":"1093","YEAR":2018,"REP_DATE":"Wed, 11 Jul 2018 00:00:00 GMT","OCC_DATE":"Wed, 11 Jul 2018 00:00:00 GMT","WEEKDAY":"Wednesday","HATE_CRIME":"Sexual Orientation","HC_MOTIVATION":"LGBTQ2+","HC_STATUS":"Hatecrime Happened","OFF_CATEG":"Assault Level 1","NB_NAME_EN":"Lowertown","SECTOR":"Sector 24","DIVISION":"Central","CENSUS_TRC":"5050056.00","WARD":"Ward 12 - Rideau-Vanier","COUNCILLOR":"Stéphanie Plante","OFF_TYPE":"Criminal"}},{"type":"Feature","id":783,"geometry":null,"properties":{"OBJECTID":783,"ID":"1094","YEAR":2022,"REP_DATE":"Sat, 26 Feb 2022 00:00:00 GMT","OCC_DATE":"Sat, 26 Feb 2022 00:00:00 GMT","WEEKDAY":"Saturday","HATE_CRIME":"Religion","HC_MOTIVATION":"Jewish","HC_STATUS":"Hatecrime Happened","OFF_CATEG":"Mischief To Property","NB_NAME_EN":"Sandy Hill - Ottawa East","SECTOR":"Sector 24","DIVISION":"Central","CENSUS_TRC":"5050052.00","WARD":"Ward 12 - Rideau-Vanier","COUNCILLOR":"Stéphanie Plante","OFF_TYPE":"Criminal"}},{"type":"Feature","id":784,"geometry":null,"properties":{"OBJECTID":784,"ID":"1095","YEAR":2022,"REP_DATE":"Thu, 28 Jul 2022 00:00:00 GMT","OCC_DATE":"Wed, 27 Jul 2022 00:00:00 GMT","WEEKDAY":"Wednesday","HATE_CRIME":"Race/Ethnicity","HC_MOTIVATION":"Black","HC_STATUS":"Hatecrime Happened","OFF_CATEG":"Mischief To Property","NB_NAME_EN":"Sandy Hill - Ottawa East","SECTOR":"Sector 24","DIVISION":"Central","CENSUS_TRC":"5050050.00","WARD":"Ward 12 - Rideau-Vanier","COUNCILLOR":"Stéphanie Plante","OFF_TYPE":"Criminal"}},{"type":"Feature","id":785,"geometry":null,"properties":{"OBJECTID":785,"ID":"1096","YEAR":2018,"REP_DATE":"Mon, 16 Apr 2018 00:00:00 GMT","OCC_DATE":"Sun, 15 Apr 2018 00:00:00 GMT","WEEKDAY":"Sunday","HATE_CRIME":"Race/Ethnicity","HC_MOTIVATION":"Other race/ethnicity","HC_STATUS":"Hatecrime Suspected","OFF_CATEG":"B&e Non- Res.prop/ Commercial","NB_NAME_EN":"Sandy Hill - Ottawa East","SECTOR":"Sector 24","DIVISION":"Central","CENSUS_TRC":"5050050.00","WARD":"Ward 12 - Rideau-Vanier","COUNCILLOR":"Stéphanie Plante","OFF_TYPE":"Criminal"}},{"type":"Feature","id":786,"geometry":null,"properties":{"OBJECTID":786,"ID":"1097","YEAR":2021,"REP_DATE":"Sat, 13 Nov 2021 00:00:00 GMT","OCC_DATE":"Sat, 13 Nov 2021 00:00:00 GMT","WEEKDAY":"Saturday","HATE_CRIME":"Race/Ethnicity","HC_MOTIVATION":"Unknown race/ethnicity","HC_STATUS":"Hatecrime Happened","OFF_CATEG":"Traffic Complaint -  Person","NB_NAME_EN":"Hunt Club East - Western Community","SECTOR":"Sector 35","DIVISION":"East","CENSUS_TRC":"5050002.05","WARD":"Ward 10 - Gloucester-Southgate","COUNCILLOR":"Jessica Bradley","OFF_TYPE":"Non Criminal"}},{"type":"Feature","id":787,"geometry":null,"properties":{"OBJECTID":787,"ID":"1098","YEAR":2021,"REP_DATE":"Sat, 12 Jun 2021 00:00:00 GMT","OCC_DATE":"Sat, 12 Jun 2021 00:00:00 GMT","WEEKDAY":"Saturday","HATE_CRIME":"Religion","HC_MOTIVATION":"Jewish","HC_STATUS":"Hatecrime Happened","OFF_CATEG":"Traffic Complaint -  Person","NB_NAME_EN":"Hunt Club East - Western Community","SECTOR":"Sector 35","DIVISION":"East","CENSUS_TRC":"5050002.05","WARD":"Ward 10 - Gloucester-Southgate","COUNCILLOR":"Jessica Bradley","OFF_TYPE":"Non Criminal"}},{"type":"Feature","id":788,"geometry":null,"properties":{"OBJECTID":788,"ID":"1099","YEAR":2021,"REP_DATE":"Tue, 29 Jun 2021 00:00:00 GMT","OCC_DATE":"Tue, 29 Jun 2021 00:00:00 GMT","WEEKDAY":"Tuesday","HATE_CRIME":"Race/Ethnicity","HC_MOTIVATION":"Black","HC_STATUS":"Hatecrime Happened","OFF_CATEG":"Mischief Wilfully Cause","NB_NAME_EN":"Sandy Hill - Ottawa East","SECTOR":"Sector 24","DIVISION":"Central","CENSUS_TRC":"5050052.00","WARD":"Ward 12 - Rideau-Vanier","COUNCILLOR":"Stéphanie Plante","OFF_TYPE":"Criminal"}},{"type":"Feature","id":789,"geometry":null,"properties":{"OBJECTID":789,"ID":"1100","YEAR":2021,"REP_DATE":"Fri, 17 Dec 2021 00:00:00 GMT","OCC_DATE":"Thu, 16 Dec 2021 00:00:00 GMT","WEEKDAY":"Thursday","HATE_CRIME":"Race/Ethnicity","HC_MOTIVATION":"Black","HC_STATUS":"Hatecrime Happened","OFF_CATEG":"Mischief To Property","NB_NAME_EN":"Sandy Hill - Ottawa East","SECTOR":"Sector 24","DIVISION":"Central","CENSUS_TRC":"5050051.00","WARD":"Ward 12 - Rideau-Vanier","COUNCILLOR":"Stéphanie Plante","OFF_TYPE":"Criminal"}},{"type":"Feature","id":790,"geometry":null,"properties":{"OBJECTID":790,"ID":"1101","YEAR":2023,"REP_DATE":"Tue, 18 Apr 2023 00:00:00 GMT","OCC_DATE":"Tue, 18 Apr 2023 00:00:00 GMT","WEEKDAY":"Tuesday","HATE_CRIME":"Sexual Orientation","HC_MOTIVATION":"LGBTQ2+","HC_STATUS":"Hatecrime Happened","OFF_CATEG":"Threats Harass, Intim, Violent","NB_NAME_EN":"Sandy Hill - Ottawa East","SECTOR":"Sector 24","DIVISION":"Central","CENSUS_TRC":"5050050.00","WARD":"Ward 12 - Rideau-Vanier","COUNCILLOR":"Stéphanie Plante","OFF_TYPE":"Criminal"}},{"type":"Feature","id":791,"geometry":null,"properties":{"OBJECTID":791,"ID":"1102","YEAR":2019,"REP_DATE":"Sun, 06 Oct 2019 00:00:00 GMT","OCC_DATE":"Sun, 06 Oct 2019 00:00:00 GMT","WEEKDAY":"Sunday","HATE_CRIME":"Race/Ethnicity","HC_MOTIVATION":"East and Southeast Asian","HC_STATUS":"Hatecrime Happened","OFF_CATEG":"Threats Utter To Person","NB_NAME_EN":"Sandy Hill - Ottawa East","SECTOR":"Sector 24","DIVISION":"Central","CENSUS_TRC":"5050050.00","WARD":"Ward 12 - Rideau-Vanier","COUNCILLOR":"Stéphanie Plante","OFF_TYPE":"Criminal"}},{"type":"Feature","id":792,"geometry":null,"properties":{"OBJECTID":792,"ID":"1103","YEAR":2022,"REP_DATE":"Mon, 24 Jan 2022 00:00:00 GMT","OCC_DATE":"Wed, 19 Jan 2022 00:00:00 GMT","WEEKDAY":"Wednesday","HATE_CRIME":"Religion","HC_MOTIVATION":"Jewish","HC_STATUS":"Hatecrime Happened","OFF_CATEG":"Threats Utter To Person","NB_NAME_EN":"Sandy Hill - Ottawa East","SECTOR":"Sector 24","DIVISION":"Central","CENSUS_TRC":"5050050.00","WARD":"Ward 12 - Rideau-Vanier","COUNCILLOR":"Stéphanie Plante","OFF_TYPE":"Criminal"}},{"type":"Feature","id":793,"geometry":null,"properties":{"OBJECTID":793,"ID":"1104","YEAR":2024,"REP_DATE":"Sat, 06 Jan 2024 00:00:00 GMT","OCC_DATE":"Sat, 06 Jan 2024 00:00:00 GMT","WEEKDAY":"Saturday","HATE_CRIME":"Race/Ethnicity","HC_MOTIVATION":"India,Pakistan/South Asian","HC_STATUS":"Hatecrime Happened","OFF_CATEG":"Robbery Business","NB_NAME_EN":"Glebe - Dows Lake","SECTOR":"Sector 22","DIVISION":"Central","CENSUS_TRC":"5050036.00","WARD":"Ward 17 - Capital","COUNCILLOR":"Shawn Menard","OFF_TYPE":"Criminal"}},{"type":"Feature","id":794,"geometry":null,"properties":{"OBJECTID":794,"ID":"1105","YEAR":2023,"REP_DATE":"Wed, 18 Oct 2023 00:00:00 GMT","OCC_DATE":"Wed, 18 Oct 2023 00:00:00 GMT","WEEKDAY":"Wednesday","HATE_CRIME":"Immigrants/Newcomers to Canada","HC_MOTIVATION":"Immigrants/Newcomers to Canada","HC_STATUS":"Hatecrime Happened","OFF_CATEG":"Assault Level 1","NB_NAME_EN":"Glebe - Dows Lake","SECTOR":"Sector 22","DIVISION":"Central","CENSUS_TRC":"5050036.00","WARD":"Ward 17 - Capital","COUNCILLOR":"Shawn Menard","OFF_TYPE":"Criminal"}},{"type":"Feature","id":795,"geometry":null,"properties":{"OBJECTID":795,"ID":"1106","YEAR":2023,"REP_DATE":"Sat, 21 Oct 2023 00:00:00 GMT","OCC_DATE":"Sat, 21 Oct 2023 00:00:00 GMT","WEEKDAY":"Saturday","HATE_CRIME":"Religion","HC_MOTIVATION":"Jewish","HC_STATUS":"Hatecrime Happened","OFF_CATEG":"Terrorism Advocate- Promote","NB_NAME_EN":"Centretown","SECTOR":"Sector 23","DIVISION":"Central","CENSUS_TRC":"5050037.02","WARD":"Ward 14 - Somerset","COUNCILLOR":"Ariel Troster","OFF_TYPE":"Criminal"}},{"type":"Feature","id":796,"geometry":null,"properties":{"OBJECTID":796,"ID":"1107","YEAR":2023,"REP_DATE":"Fri, 08 Dec 2023 00:00:00 GMT","OCC_DATE":"Fri, 08 Dec 2023 00:00:00 GMT","WEEKDAY":"Friday","HATE_CRIME":"Race/Ethnicity","HC_MOTIVATION":"Black","HC_STATUS":"Hatecrime Suspected","OFF_CATEG":"Harass Crim Stalking","NB_NAME_EN":"Centretown","SECTOR":"Sector 23","DIVISION":"Central","CENSUS_TRC":"5050037.02","WARD":"Ward 14 - Somerset","COUNCILLOR":"Ariel Troster","OFF_TYPE":"Criminal"}},{"type":"Feature","id":797,"geometry":null,"properties":{"OBJECTID":797,"ID":"1108","YEAR":2023,"REP_DATE":"Sun, 26 Mar 2023 00:00:00 GMT","OCC_DATE":"Sun, 26 Mar 2023 00:00:00 GMT","WEEKDAY":"Sunday","HATE_CRIME":"Sexual Orientation","HC_MOTIVATION":"LGBTQ2+","HC_STATUS":"Hatecrime Happened","OFF_CATEG":"Threats Utter To Person","NB_NAME_EN":"Centretown","SECTOR":"Sector 23","DIVISION":"Central","CENSUS_TRC":"5050037.02","WARD":"Ward 14 - Somerset","COUNCILLOR":"Ariel Troster","OFF_TYPE":"Criminal"}},{"type":"Feature","id":798,"geometry":null,"properties":{"OBJECTID":798,"ID":"1109","YEAR":2019,"REP_DATE":"Tue, 27 Aug 2019 00:00:00 GMT","OCC_DATE":"Fri, 18 Dec 2015 00:00:00 GMT","WEEKDAY":"Friday","HATE_CRIME":"Religion","HC_MOTIVATION":"Muslim (Islam)","HC_STATUS":"Hatecrime Happened","OFF_CATEG":"Admin Assist Other Agency","NB_NAME_EN":"Centretown","SECTOR":"Sector 23","DIVISION":"Central","CENSUS_TRC":"5050037.02","WARD":"Ward 14 - Somerset","COUNCILLOR":"Ariel Troster","OFF_TYPE":"Non Criminal"}},{"type":"Feature","id":799,"geometry":null,"properties":{"OBJECTID":799,"ID":"1110","YEAR":2022,"REP_DATE":"Tue, 01 Feb 2022 00:00:00 GMT","OCC_DATE":"Tue, 01 Feb 2022 00:00:00 GMT","WEEKDAY":"Tuesday","HATE_CRIME":"Race/Ethnicity","HC_MOTIVATION":"Multiple Races/Ethnicities","HC_STATUS":"Hatecrime Happened","OFF_CATEG":"Wilful Promotion Of Hatred","NB_NAME_EN":"Centretown","SECTOR":"Sector 23","DIVISION":"Central","CENSUS_TRC":"5050037.02","WARD":"Ward 14 - Somerset","COUNCILLOR":"Ariel Troster","OFF_TYPE":"Criminal"}},{"type":"Feature","id":800,"geometry":null,"properties":{"OBJECTID":800,"ID":"1111","YEAR":2021,"REP_DATE":"Thu, 28 Jan 2021 00:00:00 GMT","OCC_DATE":"Wed, 20 Jan 2021 00:00:00 GMT","WEEKDAY":"Wednesday","HATE_CRIME":"Sexual Orientation","HC_MOTIVATION":"Other sexual orientation","HC_STATUS":"Hatecrime Happened","OFF_CATEG":"Wilful Promotion Of Hatred","NB_NAME_EN":"Centretown","SECTOR":"Sector 23","DIVISION":"Central","CENSUS_TRC":"5050037.02","WARD":"Ward 14 - Somerset","COUNCILLOR":"Ariel Troster","OFF_TYPE":"Criminal"}},{"type":"Feature","id":801,"geometry":null,"properties":{"OBJECTID":801,"ID":"1112","YEAR":2021,"REP_DATE":"Wed, 27 Oct 2021 00:00:00 GMT","OCC_DATE":"Wed, 27 Oct 2021 00:00:00 GMT","WEEKDAY":"Wednesday","HATE_CRIME":"Race/Ethnicity","HC_MOTIVATION":"Black","HC_STATUS":"Hatecrime Suspected","OFF_CATEG":"Mischief To Property","NB_NAME_EN":"Lowertown","SECTOR":"Sector 24","DIVISION":"Central","CENSUS_TRC":"5050053.00","WARD":"Ward 12 - Rideau-Vanier","COUNCILLOR":"Stéphanie Plante","OFF_TYPE":"Criminal"}},{"type":"Feature","id":802,"geometry":null,"properties":{"OBJECTID":802,"ID":"1113","YEAR":2021,"REP_DATE":"Fri, 06 Aug 2021 00:00:00 GMT","OCC_DATE":"Thu, 05 Aug 2021 00:00:00 GMT","WEEKDAY":"Thursday","HATE_CRIME":"Race/Ethnicity","HC_MOTIVATION":"Black","HC_STATUS":"Hatecrime Happened","OFF_CATEG":"Mischief To Property","NB_NAME_EN":"Billings Bridge - Alta Vista","SECTOR":"Sector 34","DIVISION":"East","CENSUS_TRC":"5050005.00","WARD":"Ward 18 - Alta Vista","COUNCILLOR":"Marty Carr","OFF_TYPE":"Criminal"}},{"type":"Feature","id":803,"geometry":null,"properties":{"OBJECTID":803,"ID":"1114","YEAR":2021,"REP_DATE":"Thu, 03 Jun 2021 00:00:00 GMT","OCC_DATE":"Wed, 02 Jun 2021 00:00:00 GMT","WEEKDAY":"Wednesday","HATE_CRIME":"Race/Ethnicity","HC_MOTIVATION":"Black","HC_STATUS":"Hatecrime Suspected","OFF_CATEG":"Suspicious Circumstance( S)","NB_NAME_EN":"Overbrook - McArthur","SECTOR":"Sector 25","DIVISION":"Central","CENSUS_TRC":"5050013.00","WARD":"Ward 13 - Rideau-Rockcliffe","COUNCILLOR":"Rawlson King","OFF_TYPE":"Non Criminal"}},{"type":"Feature","id":804,"geometry":null,"properties":{"OBJECTID":804,"ID":"1115","YEAR":2021,"REP_DATE":"Sun, 21 Nov 2021 00:00:00 GMT","OCC_DATE":"Sun, 21 Nov 2021 00:00:00 GMT","WEEKDAY":"Sunday","HATE_CRIME":"Race/Ethnicity","HC_MOTIVATION":"Black","HC_STATUS":"Hatecrime Happened","OFF_CATEG":"Assault With Weapon Or Cbh Lv2","NB_NAME_EN":"Vanier North","SECTOR":"Sector 25","DIVISION":"Central","CENSUS_TRC":"5050102.00","WARD":"Ward 12 - Rideau-Vanier","COUNCILLOR":"Stéphanie Plante","OFF_TYPE":"Criminal"}},{"type":"Feature","id":805,"geometry":null,"properties":{"OBJECTID":805,"ID":"1116","YEAR":2023,"REP_DATE":"Sat, 09 Dec 2023 00:00:00 GMT","OCC_DATE":"Sat, 09 Dec 2023 00:00:00 GMT","WEEKDAY":"Saturday","HATE_CRIME":"Religion","HC_MOTIVATION":"Jewish","HC_STATUS":"Hatecrime Suspected","OFF_CATEG":"Mischief To Property","NB_NAME_EN":"Lowertown","SECTOR":"Sector 24","DIVISION":"Central","CENSUS_TRC":"5050053.00","WARD":"Ward 12 - Rideau-Vanier","COUNCILLOR":"Stéphanie Plante","OFF_TYPE":"Criminal"}},{"type":"Feature","id":806,"geometry":null,"properties":{"OBJECTID":806,"ID":"1117","YEAR":2020,"REP_DATE":"Tue, 27 Oct 2020 00:00:00 GMT","OCC_DATE":"Sat, 24 Oct 2020 00:00:00 GMT","WEEKDAY":"Saturday","HATE_CRIME":"Race/Ethnicity","HC_MOTIVATION":"Black","HC_STATUS":"Hatecrime Suspected","OFF_CATEG":"Mischief To Property","NB_NAME_EN":"Sandy Hill - Ottawa East","SECTOR":"Sector 24","DIVISION":"Central","CENSUS_TRC":"5050050.00","WARD":"Ward 12 - Rideau-Vanier","COUNCILLOR":"Stéphanie Plante","OFF_TYPE":"Criminal"}},{"type":"Feature","id":807,"geometry":null,"properties":{"OBJECTID":807,"ID":"1118","YEAR":2023,"REP_DATE":"Sun, 08 Jan 2023 00:00:00 GMT","OCC_DATE":"Sun, 08 Jan 2023 00:00:00 GMT","WEEKDAY":"Sunday","HATE_CRIME":"Religion","HC_MOTIVATION":"Muslim (Islam)","HC_STATUS":"Hatecrime Happened","OFF_CATEG":"Assault Level 1","NB_NAME_EN":"Lowertown","SECTOR":"Sector 24","DIVISION":"Central","CENSUS_TRC":"5050053.00","WARD":"Ward 12 - Rideau-Vanier","COUNCILLOR":"Stéphanie Plante","OFF_TYPE":"Criminal"}},{"type":"Feature","id":808,"geometry":null,"properties":{"OBJECTID":808,"ID":"1119","YEAR":2019,"REP_DATE":"Sun, 29 Sep 2019 00:00:00 GMT","OCC_DATE":"Sun, 29 Sep 2019 00:00:00 GMT","WEEKDAY":"Sunday","HATE_CRIME":"Race/Ethnicity","HC_MOTIVATION":"South Asian","HC_STATUS":"Hatecrime Suspected","OFF_CATEG":"Assault Level 1","NB_NAME_EN":"Lowertown","SECTOR":"Sector 24","DIVISION":"Central","CENSUS_TRC":"5050053.00","WARD":"Ward 12 - Rideau-Vanier","COUNCILLOR":"Stéphanie Plante","OFF_TYPE":"Criminal"}},{"type":"Feature","id":809,"geometry":null,"properties":{"OBJECTID":809,"ID":"1120","YEAR":2022,"REP_DATE":"Wed, 07 Dec 2022 00:00:00 GMT","OCC_DATE":"Wed, 07 Dec 2022 00:00:00 GMT","WEEKDAY":"Wednesday","HATE_CRIME":"Unknown","HC_MOTIVATION":"Unknown","HC_STATUS":"Hatecrime Happened","OFF_CATEG":"Assault Level 1","NB_NAME_EN":"Lowertown","SECTOR":"Sector 24","DIVISION":"Central","CENSUS_TRC":"5050053.00","WARD":"Ward 12 - Rideau-Vanier","COUNCILLOR":"Stéphanie Plante","OFF_TYPE":"Criminal"}},{"type":"Feature","id":810,"geometry":null,"properties":{"OBJECTID":810,"ID":"1121","YEAR":2023,"REP_DATE":"Wed, 05 Jul 2023 00:00:00 GMT","OCC_DATE":"Wed, 05 Jul 2023 00:00:00 GMT","WEEKDAY":"Wednesday","HATE_CRIME":"Combination (More than 2 Motivations)","HC_MOTIVATION":"Combination (More than 2 Motivations)","HC_STATUS":"Hatecrime Suspected","OFF_CATEG":"Dispute- Disturbance","NB_NAME_EN":"Vanier North","SECTOR":"Sector 25","DIVISION":"Central","CENSUS_TRC":"5050104.00","WARD":"Ward 12 - Rideau-Vanier","COUNCILLOR":"Stéphanie Plante","OFF_TYPE":"Non Criminal"}},{"type":"Feature","id":811,"geometry":null,"properties":{"OBJECTID":811,"ID":"1122","YEAR":2022,"REP_DATE":"Fri, 26 Aug 2022 00:00:00 GMT","OCC_DATE":"Fri, 26 Aug 2022 00:00:00 GMT","WEEKDAY":"Friday","HATE_CRIME":"Sexual Orientation","HC_MOTIVATION":"LGBTQ2+","HC_STATUS":"Hatecrime Happened","OFF_CATEG":"Threats Utter To Person","NB_NAME_EN":"Hunt Club South Industrial","SECTOR":"Sector 17","DIVISION":"West","CENSUS_TRC":"5050130.01","WARD":"Ward 9 - Knoxdale-Merivale","COUNCILLOR":"Sean Devine","OFF_TYPE":"Criminal"}},{"type":"Feature","id":812,"geometry":null,"properties":{"OBJECTID":812,"ID":"1123","YEAR":2020,"REP_DATE":"Wed, 26 Aug 2020 00:00:00 GMT","OCC_DATE":"Wed, 26 Aug 2020 00:00:00 GMT","WEEKDAY":"Wednesday","HATE_CRIME":"Religion","HC_MOTIVATION":"Jewish","HC_STATUS":"Hatecrime Happened","OFF_CATEG":"Mischief To Property","NB_NAME_EN":"Rockcliffe - Manor Park","SECTOR":"Sector 25","DIVISION":"Central","CENSUS_TRC":"5050110.00","WARD":"Ward 13 - Rideau-Rockcliffe","COUNCILLOR":"Rawlson King","OFF_TYPE":"Criminal"}},{"type":"Feature","id":813,"geometry":null,"properties":{"OBJECTID":813,"ID":"1124","YEAR":2018,"REP_DATE":"Mon, 13 Aug 2018 00:00:00 GMT","OCC_DATE":"Fri, 10 Aug 2018 00:00:00 GMT","WEEKDAY":"Friday","HATE_CRIME":"Religion","HC_MOTIVATION":"Jewish","HC_STATUS":"Hatecrime Happened","OFF_CATEG":"Mischief To Property","NB_NAME_EN":"Rockcliffe - Manor Park","SECTOR":"Sector 25","DIVISION":"Central","CENSUS_TRC":"5050110.00","WARD":"Ward 13 - Rideau-Rockcliffe","COUNCILLOR":"Rawlson King","OFF_TYPE":"Criminal"}},{"type":"Feature","id":814,"geometry":null,"properties":{"OBJECTID":814,"ID":"1125","YEAR":2020,"REP_DATE":"Sat, 19 Sep 2020 00:00:00 GMT","OCC_DATE":"Sat, 19 Sep 2020 00:00:00 GMT","WEEKDAY":"Saturday","HATE_CRIME":"Religion","HC_MOTIVATION":"Jewish","HC_STATUS":"Hatecrime Happened","OFF_CATEG":"Mischief To Property","NB_NAME_EN":"Lowertown","SECTOR":"Sector 24","DIVISION":"Central","CENSUS_TRC":"5050056.00","WARD":"Ward 12 - Rideau-Vanier","COUNCILLOR":"Stéphanie Plante","OFF_TYPE":"Criminal"}},{"type":"Feature","id":815,"geometry":null,"properties":{"OBJECTID":815,"ID":"1126","YEAR":2023,"REP_DATE":"Mon, 28 Aug 2023 00:00:00 GMT","OCC_DATE":"Thu, 24 Aug 2023 00:00:00 GMT","WEEKDAY":"Thursday","HATE_CRIME":"Religion","HC_MOTIVATION":"Jewish","HC_STATUS":"Hatecrime Happened","OFF_CATEG":"Mischief To Property","NB_NAME_EN":"Hunt Club - Ottawa Airport","SECTOR":"Sector 35","DIVISION":"East","CENSUS_TRC":"5050127.00","WARD":"Ward 10 - Gloucester-Southgate","COUNCILLOR":"Jessica Bradley","OFF_TYPE":"Criminal"}},{"type":"Feature","id":816,"geometry":null,"properties":{"OBJECTID":816,"ID":"1127","YEAR":2023,"REP_DATE":"Tue, 18 Apr 2023 00:00:00 GMT","OCC_DATE":"Tue, 18 Apr 2023 00:00:00 GMT","WEEKDAY":"Tuesday","HATE_CRIME":"Gender","HC_MOTIVATION":"LGBTQ2+","HC_STATUS":"Hatecrime Happened","OFF_CATEG":"Threats Utter To Person","NB_NAME_EN":"West Centertown","SECTOR":"Sector 22","DIVISION":"Central","CENSUS_TRC":"5050035.00","WARD":"Ward 15 - Kitchissippi","COUNCILLOR":"Jeff Leiper","OFF_TYPE":"Criminal"}},{"type":"Feature","id":817,"geometry":null,"properties":{"OBJECTID":817,"ID":"1128","YEAR":2022,"REP_DATE":"Fri, 11 Mar 2022 00:00:00 GMT","OCC_DATE":"Thu, 10 Mar 2022 00:00:00 GMT","WEEKDAY":"Thursday","HATE_CRIME":"Religion","HC_MOTIVATION":"Jewish","HC_STATUS":"Hatecrime Suspected","OFF_CATEG":"Suspicious Person( S)","NB_NAME_EN":"West Centertown","SECTOR":"Sector 22","DIVISION":"Central","CENSUS_TRC":"5050041.00","WARD":"Ward 14 - Somerset","COUNCILLOR":"Ariel Troster","OFF_TYPE":"Non Criminal"}},{"type":"Feature","id":818,"geometry":null,"properties":{"OBJECTID":818,"ID":"1129","YEAR":2023,"REP_DATE":"Sat, 02 Dec 2023 00:00:00 GMT","OCC_DATE":"Sat, 02 Dec 2023 00:00:00 GMT","WEEKDAY":"Saturday","HATE_CRIME":"Gender","HC_MOTIVATION":"LGBTQ2+","HC_STATUS":"Hatecrime Happened","OFF_CATEG":"Threatening Communications","NB_NAME_EN":"Riverside Park","SECTOR":"Sector 34","DIVISION":"East","CENSUS_TRC":"5050003.00","WARD":"Ward 16 - River","COUNCILLOR":"Riley Brockington","OFF_TYPE":"Criminal"}},{"type":"Feature","id":819,"geometry":null,"properties":{"OBJECTID":819,"ID":"1130","YEAR":2023,"REP_DATE":"Mon, 06 Feb 2023 00:00:00 GMT","OCC_DATE":"Sun, 05 Feb 2023 00:00:00 GMT","WEEKDAY":"Sunday","HATE_CRIME":"Religion","HC_MOTIVATION":"Jewish","HC_STATUS":"Hatecrime Happened","OFF_CATEG":"Mischief To Property","NB_NAME_EN":"Riverside South - Leitrim","SECTOR":"Sector 35","DIVISION":"East","CENSUS_TRC":"5050126.04","WARD":"Ward 22 - Riverside South-Findlay Creek","COUNCILLOR":"Steve Desroches","OFF_TYPE":"Criminal"}},{"type":"Feature","id":820,"geometry":null,"properties":{"OBJECTID":820,"ID":"1131","YEAR":2020,"REP_DATE":"Sat, 08 Aug 2020 00:00:00 GMT","OCC_DATE":"Wed, 29 Jul 2020 00:00:00 GMT","WEEKDAY":"Wednesday","HATE_CRIME":"Race/Ethnicity","HC_MOTIVATION":"Black","HC_STATUS":"Hatecrime Suspected","OFF_CATEG":"Mischief To Property","NB_NAME_EN":"Ottawa South","SECTOR":"Sector 22","DIVISION":"Central","CENSUS_TRC":"5050016.00","WARD":"Ward 17 - Capital","COUNCILLOR":"Shawn Menard","OFF_TYPE":"Criminal"}},{"type":"Feature","id":821,"geometry":null,"properties":{"OBJECTID":821,"ID":"1132","YEAR":2021,"REP_DATE":"Sun, 08 Aug 2021 00:00:00 GMT","OCC_DATE":"Sun, 08 Aug 2021 00:00:00 GMT","WEEKDAY":"Sunday","HATE_CRIME":"Race/Ethnicity","HC_MOTIVATION":"Unknown race/ethnicity","HC_STATUS":"Hatecrime Suspected","OFF_CATEG":"Assault Peace Officer","NB_NAME_EN":"Sandy Hill - Ottawa East","SECTOR":"Sector 24","DIVISION":"Central","CENSUS_TRC":"5050051.00","WARD":"Ward 12 - Rideau-Vanier","COUNCILLOR":"Stéphanie Plante","OFF_TYPE":"Criminal"}},{"type":"Feature","id":822,"geometry":null,"properties":{"OBJECTID":822,"ID":"1133","YEAR":2020,"REP_DATE":"Wed, 22 Jul 2020 00:00:00 GMT","OCC_DATE":"Wed, 22 Jul 2020 00:00:00 GMT","WEEKDAY":"Wednesday","HATE_CRIME":"Race/Ethnicity","HC_MOTIVATION":"Black","HC_STATUS":"Hatecrime Happened","OFF_CATEG":"Mischief To Property","NB_NAME_EN":"Billings Bridge - Alta Vista","SECTOR":"Sector 34","DIVISION":"East","CENSUS_TRC":"5050004.00","WARD":"Ward 17 - Capital","COUNCILLOR":"Shawn Menard","OFF_TYPE":"Criminal"}},{"type":"Feature","id":823,"geometry":null,"properties":{"OBJECTID":823,"ID":"1134","YEAR":2023,"REP_DATE":"Thu, 15 Jun 2023 00:00:00 GMT","OCC_DATE":"Wed, 14 Jun 2023 00:00:00 GMT","WEEKDAY":"Wednesday","HATE_CRIME":"Sexual Orientation","HC_MOTIVATION":"LGBTQ2+","HC_STATUS":"Hatecrime Happened","OFF_CATEG":"Mischief To Property","NB_NAME_EN":"Hunt Club Woods - Quintarra - Revelstoke","SECTOR":"Sector 35","DIVISION":"East","CENSUS_TRC":"5050002.01","WARD":"Ward 16 - River","COUNCILLOR":"Riley Brockington","OFF_TYPE":"Criminal"}},{"type":"Feature","id":824,"geometry":null,"properties":{"OBJECTID":824,"ID":"1135","YEAR":2021,"REP_DATE":"Tue, 29 Jun 2021 00:00:00 GMT","OCC_DATE":"Tue, 29 Jun 2021 00:00:00 GMT","WEEKDAY":"Tuesday","HATE_CRIME":"Mental or Physical Disability","HC_MOTIVATION":"Physical","HC_STATUS":"Hatecrime Suspected","OFF_CATEG":"Suspicious Circumstance( S)","NB_NAME_EN":"Centretown","SECTOR":"Sector 23","DIVISION":"Central","CENSUS_TRC":"5050049.00","WARD":"Ward 14 - Somerset","COUNCILLOR":"Ariel Troster","OFF_TYPE":"Non Criminal"}},{"type":"Feature","id":825,"geometry":null,"properties":{"OBJECTID":825,"ID":"1136","YEAR":2020,"REP_DATE":"Thu, 11 Jun 2020 00:00:00 GMT","OCC_DATE":"Thu, 11 Jun 2020 00:00:00 GMT","WEEKDAY":"Thursday","HATE_CRIME":"Race/Ethnicity","HC_MOTIVATION":"Multiple Races/Ethnicities","HC_STATUS":"Hatecrime Suspected","OFF_CATEG":"Dispute- Neighbour","NB_NAME_EN":"West Centertown","SECTOR":"Sector 22","DIVISION":"Central","CENSUS_TRC":"5050041.00","WARD":"Ward 14 - Somerset","COUNCILLOR":"Ariel Troster","OFF_TYPE":"Non Criminal"}},{"type":"Feature","id":826,"geometry":null,"properties":{"OBJECTID":826,"ID":"1137","YEAR":2023,"REP_DATE":"Thu, 29 Jun 2023 00:00:00 GMT","OCC_DATE":"Tue, 27 Jun 2023 00:00:00 GMT","WEEKDAY":"Tuesday","HATE_CRIME":"Religion","HC_MOTIVATION":"Muslim (Islam)","HC_STATUS":"Hatecrime Suspected","OFF_CATEG":"Information ( General)","NB_NAME_EN":"Ottawa East","SECTOR":"Sector 22","DIVISION":"Central","CENSUS_TRC":"5050015.00","WARD":"Ward 17 - Capital","COUNCILLOR":"Shawn Menard","OFF_TYPE":"Non Criminal"}},{"type":"Feature","id":827,"geometry":null,"properties":{"OBJECTID":827,"ID":"1138","YEAR":2021,"REP_DATE":"Wed, 15 Sep 2021 00:00:00 GMT","OCC_DATE":"Wed, 15 Sep 2021 00:00:00 GMT","WEEKDAY":"Wednesday","HATE_CRIME":"Race/Ethnicity","HC_MOTIVATION":"East and Southeast Asian","HC_STATUS":"Hatecrime Happened","OFF_CATEG":"Dispute- Disturbance","NB_NAME_EN":"Ottawa East","SECTOR":"Sector 22","DIVISION":"Central","CENSUS_TRC":"5050015.00","WARD":"Ward 17 - Capital","COUNCILLOR":"Shawn Menard","OFF_TYPE":"Non Criminal"}},{"type":"Feature","id":828,"geometry":null,"properties":{"OBJECTID":828,"ID":"1139","YEAR":2019,"REP_DATE":"Sat, 26 Oct 2019 00:00:00 GMT","OCC_DATE":"Sat, 26 Oct 2019 00:00:00 GMT","WEEKDAY":"Saturday","HATE_CRIME":"Religion","HC_MOTIVATION":"Jewish","HC_STATUS":"Hatecrime Happened","OFF_CATEG":"Mischief To Property","NB_NAME_EN":"Lowertown","SECTOR":"Sector 24","DIVISION":"Central","CENSUS_TRC":"5050053.00","WARD":"Ward 12 - Rideau-Vanier","COUNCILLOR":"Stéphanie Plante","OFF_TYPE":"Criminal"}},{"type":"Feature","id":829,"geometry":null,"properties":{"OBJECTID":829,"ID":"1140","YEAR":2021,"REP_DATE":"Fri, 26 Nov 2021 00:00:00 GMT","OCC_DATE":"Fri, 26 Nov 2021 00:00:00 GMT","WEEKDAY":"Friday","HATE_CRIME":"Race/Ethnicity","HC_MOTIVATION":"Multiple Races/Ethnicities","HC_STATUS":"Hatecrime Happened","OFF_CATEG":"Mischief To Property","NB_NAME_EN":"Ottawa East","SECTOR":"Sector 22","DIVISION":"Central","CENSUS_TRC":"5050015.00","WARD":"Ward 17 - Capital","COUNCILLOR":"Shawn Menard","OFF_TYPE":"Criminal"}},{"type":"Feature","id":830,"geometry":null,"properties":{"OBJECTID":830,"ID":"1141","YEAR":2023,"REP_DATE":"Sun, 05 Nov 2023 00:00:00 GMT","OCC_DATE":"Sun, 05 Nov 2023 00:00:00 GMT","WEEKDAY":"Sunday","HATE_CRIME":"Religion","HC_MOTIVATION":"Muslim (Islam)","HC_STATUS":"Hatecrime Suspected","OFF_CATEG":"Assault Level 1","NB_NAME_EN":"South Keys - Heron Gate - Greenboro West","SECTOR":"Sector 35","DIVISION":"East","CENSUS_TRC":"5050001.04","WARD":"Ward 10 - Gloucester-Southgate","COUNCILLOR":"Jessica Bradley","OFF_TYPE":"Criminal"}},{"type":"Feature","id":831,"geometry":null,"properties":{"OBJECTID":831,"ID":"1142","YEAR":2021,"REP_DATE":"Mon, 07 Jun 2021 00:00:00 GMT","OCC_DATE":"Mon, 07 Jun 2021 00:00:00 GMT","WEEKDAY":"Monday","HATE_CRIME":"Religion","HC_MOTIVATION":"Jewish","HC_STATUS":"Hatecrime Happened","OFF_CATEG":"Mischief To Property","NB_NAME_EN":"Lowertown","SECTOR":"Sector 24","DIVISION":"Central","CENSUS_TRC":"5050051.00","WARD":"Ward 12 - Rideau-Vanier","COUNCILLOR":"Stéphanie Plante","OFF_TYPE":"Criminal"}},{"type":"Feature","id":832,"geometry":null,"properties":{"OBJECTID":832,"ID":"1143","YEAR":2021,"REP_DATE":"Fri, 16 Apr 2021 00:00:00 GMT","OCC_DATE":"Fri, 16 Apr 2021 00:00:00 GMT","WEEKDAY":"Friday","HATE_CRIME":"Sexual Orientation","HC_MOTIVATION":"LGBTQ2+","HC_STATUS":"Hatecrime Suspected","OFF_CATEG":"Threatening Communications","NB_NAME_EN":"Sandy Hill - Ottawa East","SECTOR":"Sector 24","DIVISION":"Central","CENSUS_TRC":"5050051.00","WARD":"Ward 12 - Rideau-Vanier","COUNCILLOR":"Stéphanie Plante","OFF_TYPE":"Criminal"}},{"type":"Feature","id":833,"geometry":null,"properties":{"OBJECTID":833,"ID":"1144","YEAR":2022,"REP_DATE":"Tue, 09 Aug 2022 00:00:00 GMT","OCC_DATE":"Sat, 06 Aug 2022 00:00:00 GMT","WEEKDAY":"Saturday","HATE_CRIME":"Race/Ethnicity","HC_MOTIVATION":"Unknown race/ethnicity","HC_STATUS":"Hatecrime Happened","OFF_CATEG":"Mischief To Property","NB_NAME_EN":"Overbrook - McArthur","SECTOR":"Sector 25","DIVISION":"Central","CENSUS_TRC":"5050013.00","WARD":"Ward 13 - Rideau-Rockcliffe","COUNCILLOR":"Rawlson King","OFF_TYPE":"Criminal"}},{"type":"Feature","id":834,"geometry":null,"properties":{"OBJECTID":834,"ID":"1145","YEAR":2021,"REP_DATE":"Wed, 20 Oct 2021 00:00:00 GMT","OCC_DATE":"Wed, 20 Oct 2021 00:00:00 GMT","WEEKDAY":"Wednesday","HATE_CRIME":"Religion","HC_MOTIVATION":"Jewish","HC_STATUS":"Hatecrime Happened","OFF_CATEG":"Mischief To Property","NB_NAME_EN":"Billings Bridge - Alta Vista","SECTOR":"Sector 34","DIVISION":"East","CENSUS_TRC":"5050004.00","WARD":"Ward 17 - Capital","COUNCILLOR":"Shawn Menard","OFF_TYPE":"Criminal"}},{"type":"Feature","id":835,"geometry":null,"properties":{"OBJECTID":835,"ID":"1146","YEAR":2021,"REP_DATE":"Fri, 26 Nov 2021 00:00:00 GMT","OCC_DATE":"Fri, 26 Nov 2021 00:00:00 GMT","WEEKDAY":"Friday","HATE_CRIME":"Religion","HC_MOTIVATION":"Muslim (Islam)","HC_STATUS":"Hatecrime Happened","OFF_CATEG":"Mischief To Property","NB_NAME_EN":"Hunt Club South Industrial","SECTOR":"Sector 17","DIVISION":"West","CENSUS_TRC":"5050130.01","WARD":"Ward 9 - Knoxdale-Merivale","COUNCILLOR":"Sean Devine","OFF_TYPE":"Criminal"}},{"type":"Feature","id":836,"geometry":null,"properties":{"OBJECTID":836,"ID":"1147","YEAR":2020,"REP_DATE":"Mon, 24 Feb 2020 00:00:00 GMT","OCC_DATE":"Mon, 24 Feb 2020 00:00:00 GMT","WEEKDAY":"Monday","HATE_CRIME":"Race/Ethnicity","HC_MOTIVATION":"East and Southeast Asian","HC_STATUS":"Hatecrime Suspected","OFF_CATEG":"Harass Race/ Religion","NB_NAME_EN":"Riverside Park","SECTOR":"Sector 34","DIVISION":"East","CENSUS_TRC":"5050003.00","WARD":"Ward 16 - River","COUNCILLOR":"Riley Brockington","OFF_TYPE":"Non Criminal"}},{"type":"Feature","id":837,"geometry":null,"properties":{"OBJECTID":837,"ID":"1148","YEAR":2023,"REP_DATE":"Sun, 16 Jul 2023 00:00:00 GMT","OCC_DATE":"Sun, 16 Jul 2023 00:00:00 GMT","WEEKDAY":"Sunday","HATE_CRIME":"Unknown","HC_MOTIVATION":"Unknown","HC_STATUS":"Hatecrime Suspected","OFF_CATEG":"Dispute- Disturbance","NB_NAME_EN":"Lindenlea - New Edinburgh","SECTOR":"Sector 25","DIVISION":"Central","CENSUS_TRC":"5050101.00","WARD":"Ward 12 - Rideau-Vanier","COUNCILLOR":"Stéphanie Plante","OFF_TYPE":"Non Criminal"}},{"type":"Feature","id":838,"geometry":null,"properties":{"OBJECTID":838,"ID":"1149","YEAR":2020,"REP_DATE":"Fri, 17 Apr 2020 00:00:00 GMT","OCC_DATE":"Fri, 17 Apr 2020 00:00:00 GMT","WEEKDAY":"Friday","HATE_CRIME":"Race/Ethnicity","HC_MOTIVATION":"Black","HC_STATUS":"Hatecrime Happened","OFF_CATEG":"Threats Utter To Person","NB_NAME_EN":"West Centertown","SECTOR":"Sector 22","DIVISION":"Central","CENSUS_TRC":"5050041.00","WARD":"Ward 14 - Somerset","COUNCILLOR":"Ariel Troster","OFF_TYPE":"Criminal"}},{"type":"Feature","id":839,"geometry":null,"properties":{"OBJECTID":839,"ID":"1150","YEAR":2023,"REP_DATE":"Mon, 03 Jul 2023 00:00:00 GMT","OCC_DATE":"Sun, 02 Jul 2023 00:00:00 GMT","WEEKDAY":"Sunday","HATE_CRIME":"Sexual Orientation","HC_MOTIVATION":"LGBTQ2+","HC_STATUS":"Hatecrime Suspected","OFF_CATEG":"Theft \u003c $5000","NB_NAME_EN":"Hunt Club - Ottawa Airport","SECTOR":"Sector 35","DIVISION":"East","CENSUS_TRC":"5050127.00","WARD":"Ward 10 - Gloucester-Southgate","COUNCILLOR":"Jessica Bradley","OFF_TYPE":"Criminal"}},{"type":"Feature","id":840,"geometry":null,"properties":{"OBJECTID":840,"ID":"1151","YEAR":2023,"REP_DATE":"Sun, 29 Jan 2023 00:00:00 GMT","OCC_DATE":"Sun, 29 Jan 2023 00:00:00 GMT","WEEKDAY":"Sunday","HATE_CRIME":"Gender","HC_MOTIVATION":"Woman","HC_STATUS":"Hatecrime Happened","OFF_CATEG":"Assault Level 1","NB_NAME_EN":"Sandy Hill - Ottawa East","SECTOR":"Sector 24","DIVISION":"Central","CENSUS_TRC":"5050052.00","WARD":"Ward 12 - Rideau-Vanier","COUNCILLOR":"Stéphanie Plante","OFF_TYPE":"Criminal"}},{"type":"Feature","id":841,"geometry":null,"properties":{"OBJECTID":841,"ID":"1152","YEAR":2021,"REP_DATE":"Tue, 02 Nov 2021 00:00:00 GMT","OCC_DATE":"Tue, 02 Nov 2021 00:00:00 GMT","WEEKDAY":"Tuesday","HATE_CRIME":"Sexual Orientation","HC_MOTIVATION":"Other sexual orientation","HC_STATUS":"Hatecrime Happened","OFF_CATEG":"Dispute- Disturbance","NB_NAME_EN":"Vanier North","SECTOR":"Sector 25","DIVISION":"Central","CENSUS_TRC":"5050104.00","WARD":"Ward 12 - Rideau-Vanier","COUNCILLOR":"Stéphanie Plante","OFF_TYPE":"Non Criminal"}},{"type":"Feature","id":842,"geometry":null,"properties":{"OBJECTID":842,"ID":"1153","YEAR":2020,"REP_DATE":"Mon, 05 Oct 2020 00:00:00 GMT","OCC_DATE":"Sat, 03 Oct 2020 00:00:00 GMT","WEEKDAY":"Saturday","HATE_CRIME":"Religion","HC_MOTIVATION":"Jewish","HC_STATUS":"Hatecrime Happened","OFF_CATEG":"B&e Non- Res.prop/ Commercial","NB_NAME_EN":"Ottawa East","SECTOR":"Sector 22","DIVISION":"Central","CENSUS_TRC":"5050015.00","WARD":"Ward 17 - Capital","COUNCILLOR":"Shawn Menard","OFF_TYPE":"Criminal"}},{"type":"Feature","id":843,"geometry":null,"properties":{"OBJECTID":843,"ID":"1154","YEAR":2020,"REP_DATE":"Wed, 04 Mar 2020 00:00:00 GMT","OCC_DATE":"Wed, 04 Mar 2020 00:00:00 GMT","WEEKDAY":"Wednesday","HATE_CRIME":"Religion","HC_MOTIVATION":"Muslim (Islam)","HC_STATUS":"Hatecrime Suspected","OFF_CATEG":"Terrorism Advocate- Promote","NB_NAME_EN":"Sandy Hill - Ottawa East","SECTOR":"Sector 24","DIVISION":"Central","CENSUS_TRC":"5050050.00","WARD":"Ward 12 - Rideau-Vanier","COUNCILLOR":"Stéphanie Plante","OFF_TYPE":"Criminal"}},{"type":"Feature","id":844,"geometry":null,"properties":{"OBJECTID":844,"ID":"1155","YEAR":2020,"REP_DATE":"Tue, 11 Aug 2020 00:00:00 GMT","OCC_DATE":"Thu, 25 Jun 2020 00:00:00 GMT","WEEKDAY":"Thursday","HATE_CRIME":"Sexual Orientation","HC_MOTIVATION":"LGBTQ2+","HC_STATUS":"Hatecrime Suspected","OFF_CATEG":"Suspicious Circumstance( S)","NB_NAME_EN":"Vanier South","SECTOR":"Sector 25","DIVISION":"Central","CENSUS_TRC":"5050100.00","WARD":"Ward 12 - Rideau-Vanier","COUNCILLOR":"Stéphanie Plante","OFF_TYPE":"Non Criminal"}},{"type":"Feature","id":845,"geometry":null,"properties":{"OBJECTID":845,"ID":"1156","YEAR":2023,"REP_DATE":"Sat, 13 May 2023 00:00:00 GMT","OCC_DATE":"Sat, 13 May 2023 00:00:00 GMT","WEEKDAY":"Saturday","HATE_CRIME":"Race/Ethnicity","HC_MOTIVATION":"Unknown race/ethnicity","HC_STATUS":"Hatecrime Suspected","OFF_CATEG":"Suspicious Person( S)","NB_NAME_EN":"Vanier North","SECTOR":"Sector 25","DIVISION":"Central","CENSUS_TRC":"5050104.00","WARD":"Ward 12 - Rideau-Vanier","COUNCILLOR":"Stéphanie Plante","OFF_TYPE":"Non Criminal"}},{"type":"Feature","id":846,"geometry":null,"properties":{"OBJECTID":846,"ID":"1157","YEAR":2020,"REP_DATE":"Fri, 04 Dec 2020 00:00:00 GMT","OCC_DATE":"Sun, 29 Nov 2020 00:00:00 GMT","WEEKDAY":"Sunday","HATE_CRIME":"Race/Ethnicity","HC_MOTIVATION":"Black","HC_STATUS":"Hatecrime Suspected","OFF_CATEG":"Information ( General)","NB_NAME_EN":"Hunt Club East - Western Community","SECTOR":"Sector 35","DIVISION":"East","CENSUS_TRC":"5050002.06","WARD":"Ward 16 - River","COUNCILLOR":"Riley Brockington","OFF_TYPE":"Non Criminal"}},{"type":"Feature","id":847,"geometry":null,"properties":{"OBJECTID":847,"ID":"1158","YEAR":2023,"REP_DATE":"Tue, 18 Apr 2023 00:00:00 GMT","OCC_DATE":"Mon, 17 Apr 2023 00:00:00 GMT","WEEKDAY":"Monday","HATE_CRIME":"Religion","HC_MOTIVATION":"Jewish","HC_STATUS":"Hatecrime Happened","OFF_CATEG":"Dispute- Disturbance","NB_NAME_EN":"Manotick West","SECTOR":"Sector 12","DIVISION":"West","CENSUS_TRC":"5050201.00","WARD":"Ward 21 - Rideau-Jock","COUNCILLOR":"David Brown","OFF_TYPE":"Non Criminal"}},{"type":"Feature","id":848,"geometry":null,"properties":{"OBJECTID":848,"ID":"1159","YEAR":2022,"REP_DATE":"Fri, 11 Mar 2022 00:00:00 GMT","OCC_DATE":"Fri, 11 Mar 2022 00:00:00 GMT","WEEKDAY":"Friday","HATE_CRIME":"Sexual Orientation","HC_MOTIVATION":"LGBTQ2+","HC_STATUS":"Hatecrime Suspected","OFF_CATEG":"Threatening Communications","NB_NAME_EN":"Centretown","SECTOR":"Sector 23","DIVISION":"Central","CENSUS_TRC":"5050048.00","WARD":"Ward 14 - Somerset","COUNCILLOR":"Ariel Troster","OFF_TYPE":"Criminal"}},{"type":"Feature","id":849,"geometry":null,"properties":{"OBJECTID":849,"ID":"1160","YEAR":2022,"REP_DATE":"Tue, 09 Aug 2022 00:00:00 GMT","OCC_DATE":"Mon, 08 Aug 2022 00:00:00 GMT","WEEKDAY":"Monday","HATE_CRIME":"Sexual Orientation","HC_MOTIVATION":"LGBTQ2+","HC_STATUS":"Hatecrime Happened","OFF_CATEG":"Mischief To Property","NB_NAME_EN":"Lowertown","SECTOR":"Sector 24","DIVISION":"Central","CENSUS_TRC":"5050053.00","WARD":"Ward 12 - Rideau-Vanier","COUNCILLOR":"Stéphanie Plante","OFF_TYPE":"Criminal"}},{"type":"Feature","id":850,"geometry":null,"properties":{"OBJECTID":850,"ID":"1161","YEAR":2022,"REP_DATE":"Fri, 12 Aug 2022 00:00:00 GMT","OCC_DATE":"Tue, 09 Aug 2022 00:00:00 GMT","WEEKDAY":"Tuesday","HATE_CRIME":"Sexual Orientation","HC_MOTIVATION":"LGBTQ2+","HC_STATUS":"Hatecrime Suspected","OFF_CATEG":"Dispute- Disturbance","NB_NAME_EN":"Lowertown","SECTOR":"Sector 24","DIVISION":"Central","CENSUS_TRC":"5050053.00","WARD":"Ward 12 - Rideau-Vanier","COUNCILLOR":"Stéphanie Plante","OFF_TYPE":"Non Criminal"}},{"type":"Feature","id":851,"geometry":null,"properties":{"OBJECTID":851,"ID":"1162","YEAR":2024,"REP_DATE":"Wed, 17 Jan 2024 00:00:00 GMT","OCC_DATE":"Thu, 11 Jan 2024 00:00:00 GMT","WEEKDAY":"Thursday","HATE_CRIME":"Sexual Orientation","HC_MOTIVATION":"LGBTQ2+","HC_STATUS":"Hatecrime Happened","OFF_CATEG":"Assault Level 1","NB_NAME_EN":"Beechwood Cemetery","SECTOR":"Sector 25","DIVISION":"Central","CENSUS_TRC":"5050060.00","WARD":"Ward 12 - Rideau-Vanier","COUNCILLOR":"Stéphanie Plante","OFF_TYPE":"Criminal"}},{"type":"Feature","id":852,"geometry":null,"properties":{"OBJECTID":852,"ID":"1163","YEAR":2022,"REP_DATE":"Fri, 07 Oct 2022 00:00:00 GMT","OCC_DATE":"Thu, 06 Oct 2022 00:00:00 GMT","WEEKDAY":"Thursday","HATE_CRIME":"Race/Ethnicity","HC_MOTIVATION":"Unknown race/ethnicity","HC_STATUS":"Hatecrime Suspected","OFF_CATEG":"Threats Utter To Person","NB_NAME_EN":"Billings Bridge - Alta Vista","SECTOR":"Sector 34","DIVISION":"East","CENSUS_TRC":"5050004.00","WARD":"Ward 17 - Capital","COUNCILLOR":"Shawn Menard","OFF_TYPE":"Criminal"}},{"type":"Feature","id":853,"geometry":null,"properties":{"OBJECTID":853,"ID":"1164","YEAR":2019,"REP_DATE":"Mon, 22 Jul 2019 00:00:00 GMT","OCC_DATE":"Fri, 19 Jul 2019 00:00:00 GMT","WEEKDAY":"Friday","HATE_CRIME":"Race/Ethnicity","HC_MOTIVATION":"South Asian","HC_STATUS":"Hatecrime Suspected","OFF_CATEG":"Assault Level 1","NB_NAME_EN":"Lowertown","SECTOR":"Sector 24","DIVISION":"Central","CENSUS_TRC":"5050053.00","WARD":"Ward 12 - Rideau-Vanier","COUNCILLOR":"Stéphanie Plante","OFF_TYPE":"Criminal"}},{"type":"Feature","id":854,"geometry":null,"properties":{"OBJECTID":854,"ID":"1165","YEAR":2024,"REP_DATE":"Sat, 10 Feb 2024 00:00:00 GMT","OCC_DATE":"Sat, 10 Feb 2024 00:00:00 GMT","WEEKDAY":"Saturday","HATE_CRIME":"Combination (More than 2 Motivations)","HC_MOTIVATION":"Combination (More than 2 Motivations)","HC_STATUS":"Hatecrime Happened","OFF_CATEG":"Mischief To Property","NB_NAME_EN":"West Centertown","SECTOR":"Sector 22","DIVISION":"Central","CENSUS_TRC":"5050041.00","WARD":"Ward 14 - Somerset","COUNCILLOR":"Ariel Troster","OFF_TYPE":"Criminal"}},{"type":"Feature","id":855,"geometry":null,"properties":{"OBJECTID":855,"ID":"1166","YEAR":2020,"REP_DATE":"Wed, 26 Feb 2020 00:00:00 GMT","OCC_DATE":"Wed, 26 Feb 2020 00:00:00 GMT","WEEKDAY":"Wednesday","HATE_CRIME":"Race/Ethnicity","HC_MOTIVATION":"Indigenous/Aboriginal","HC_STATUS":"Hatecrime Happened","OFF_CATEG":"Threatening Communications","NB_NAME_EN":"Centretown","SECTOR":"Sector 23","DIVISION":"Central","CENSUS_TRC":"5050040.00","WARD":"Ward 14 - Somerset","COUNCILLOR":"Ariel Troster","OFF_TYPE":"Criminal"}},{"type":"Feature","id":856,"geometry":null,"properties":{"OBJECTID":856,"ID":"1167","YEAR":2023,"REP_DATE":"Wed, 25 Oct 2023 00:00:00 GMT","OCC_DATE":"Wed, 25 Oct 2023 00:00:00 GMT","WEEKDAY":"Wednesday","HATE_CRIME":"Race/Ethnicity","HC_MOTIVATION":"Black","HC_STATUS":"Hatecrime Happened","OFF_CATEG":"Disturbance Causing, Loiter Etc","NB_NAME_EN":"Vanier North","SECTOR":"Sector 25","DIVISION":"Central","CENSUS_TRC":"5050101.00","WARD":"Ward 12 - Rideau-Vanier","COUNCILLOR":"Stéphanie Plante","OFF_TYPE":"Criminal"}},{"type":"Feature","id":857,"geometry":null,"properties":{"OBJECTID":857,"ID":"1168","YEAR":2019,"REP_DATE":"Tue, 17 Sep 2019 00:00:00 GMT","OCC_DATE":"Tue, 17 Sep 2019 00:00:00 GMT","WEEKDAY":"Tuesday","HATE_CRIME":"Sexual Orientation","HC_MOTIVATION":"LGBTQ2+","HC_STATUS":"Hatecrime Suspected","OFF_CATEG":"Threats Utter To Person","NB_NAME_EN":"Sandy Hill - Ottawa East","SECTOR":"Sector 24","DIVISION":"Central","CENSUS_TRC":"5050051.00","WARD":"Ward 12 - Rideau-Vanier","COUNCILLOR":"Stéphanie Plante","OFF_TYPE":"Criminal"}},{"type":"Feature","id":858,"geometry":null,"properties":{"OBJECTID":858,"ID":"1169","YEAR":2019,"REP_DATE":"Mon, 10 Jun 2019 00:00:00 GMT","OCC_DATE":"Mon, 10 Jun 2019 00:00:00 GMT","WEEKDAY":"Monday","HATE_CRIME":"Religion","HC_MOTIVATION":"Jewish","HC_STATUS":"Hatecrime Happened","OFF_CATEG":"Mischief To Property","NB_NAME_EN":"Riverside South - Leitrim","SECTOR":"Sector 35","DIVISION":"East","CENSUS_TRC":"5050126.05","WARD":"Ward 22 - Riverside South-Findlay Creek","COUNCILLOR":"Steve Desroches","OFF_TYPE":"Criminal"}},{"type":"Feature","id":859,"geometry":null,"properties":{"OBJECTID":859,"ID":"1170","YEAR":2019,"REP_DATE":"Tue, 01 Oct 2019 00:00:00 GMT","OCC_DATE":"Tue, 01 Oct 2019 00:00:00 GMT","WEEKDAY":"Tuesday","HATE_CRIME":"Religion","HC_MOTIVATION":"Other Religion","HC_STATUS":"Hatecrime Happened","OFF_CATEG":"Mischief Hate Cultrl/ Rel Prop","NB_NAME_EN":"Overbrook - McArthur","SECTOR":"Sector 25","DIVISION":"Central","CENSUS_TRC":"5050012.00","WARD":"Ward 13 - Rideau-Rockcliffe","COUNCILLOR":"Rawlson King","OFF_TYPE":"Criminal"}},{"type":"Feature","id":860,"geometry":null,"properties":{"OBJECTID":860,"ID":"1171","YEAR":2020,"REP_DATE":"Wed, 11 Mar 2020 00:00:00 GMT","OCC_DATE":"Tue, 10 Mar 2020 00:00:00 GMT","WEEKDAY":"Tuesday","HATE_CRIME":"Race/Ethnicity","HC_MOTIVATION":"Black","HC_STATUS":"Hatecrime Happened","OFF_CATEG":"Mischief To Property","NB_NAME_EN":"Overbrook - McArthur","SECTOR":"Sector 25","DIVISION":"Central","CENSUS_TRC":"5050013.00","WARD":"Ward 13 - Rideau-Rockcliffe","COUNCILLOR":"Rawlson King","OFF_TYPE":"Criminal"}},{"type":"Feature","id":861,"geometry":null,"properties":{"OBJECTID":861,"ID":"1172","YEAR":2023,"REP_DATE":"Fri, 08 Sep 2023 00:00:00 GMT","OCC_DATE":"Wed, 06 Sep 2023 00:00:00 GMT","WEEKDAY":"Wednesday","HATE_CRIME":"Immigrants/Newcomers to Canada","HC_MOTIVATION":"Immigrants/Newcomers to Canada","HC_STATUS":"Hatecrime Suspected","OFF_CATEG":"Mischief To Property","NB_NAME_EN":"West Centertown","SECTOR":"Sector 22","DIVISION":"Central","CENSUS_TRC":"5050041.00","WARD":"Ward 14 - Somerset","COUNCILLOR":"Ariel Troster","OFF_TYPE":"Criminal"}},{"type":"Feature","id":862,"geometry":null,"properties":{"OBJECTID":862,"ID":"1173","YEAR":2020,"REP_DATE":"Wed, 16 Dec 2020 00:00:00 GMT","OCC_DATE":"Tue, 01 Dec 2020 00:00:00 GMT","WEEKDAY":"Tuesday","HATE_CRIME":"Religion","HC_MOTIVATION":"Jewish","HC_STATUS":"Hatecrime Happened","OFF_CATEG":"Mischief To Property","NB_NAME_EN":"Billings Bridge - Alta Vista","SECTOR":"Sector 34","DIVISION":"East","CENSUS_TRC":"5050004.00","WARD":"Ward 17 - Capital","COUNCILLOR":"Shawn Menard","OFF_TYPE":"Criminal"}},{"type":"Feature","id":863,"geometry":null,"properties":{"OBJECTID":863,"ID":"1174","YEAR":2019,"REP_DATE":"Wed, 20 Feb 2019 00:00:00 GMT","OCC_DATE":"Wed, 20 Feb 2019 00:00:00 GMT","WEEKDAY":"Wednesday","HATE_CRIME":"Religion","HC_MOTIVATION":"Muslim (Islam)","HC_STATUS":"Hatecrime Happened","OFF_CATEG":"Assault Level 1","NB_NAME_EN":"South Keys - Heron Gate - Greenboro West","SECTOR":"Sector 35","DIVISION":"East","CENSUS_TRC":"5050001.04","WARD":"Ward 10 - Gloucester-Southgate","COUNCILLOR":"Jessica Bradley","OFF_TYPE":"Criminal"}},{"type":"Feature","id":864,"geometry":null,"properties":{"OBJECTID":864,"ID":"1175","YEAR":2022,"REP_DATE":"Sat, 10 Dec 2022 00:00:00 GMT","OCC_DATE":"Sat, 10 Dec 2022 00:00:00 GMT","WEEKDAY":"Saturday","HATE_CRIME":"Race/Ethnicity","HC_MOTIVATION":"Arab(West Asian,Middle Eastern and North African origins)","HC_STATUS":"Hatecrime Suspected","OFF_CATEG":"Threats To Property/ Animal","NB_NAME_EN":"Ledbury - Heron Gate - Ridgemont - Elmwood","SECTOR":"Sector 34","DIVISION":"East","CENSUS_TRC":"5050001.09","WARD":"Ward 10 - Gloucester-Southgate","COUNCILLOR":"Jessica Bradley","OFF_TYPE":"Criminal"}},{"type":"Feature","id":865,"geometry":null,"properties":{"OBJECTID":865,"ID":"1176","YEAR":2018,"REP_DATE":"Wed, 01 Aug 2018 00:00:00 GMT","OCC_DATE":"Wed, 01 Aug 2018 00:00:00 GMT","WEEKDAY":"Wednesday","HATE_CRIME":"Race/Ethnicity","HC_MOTIVATION":"Black","HC_STATUS":"Hatecrime Happened","OFF_CATEG":"Mischief To Property","NB_NAME_EN":"Riverside Park","SECTOR":"Sector 34","DIVISION":"East","CENSUS_TRC":"5050003.00","WARD":"Ward 16 - River","COUNCILLOR":"Riley Brockington","OFF_TYPE":"Criminal"}},{"type":"Feature","id":866,"geometry":null,"properties":{"OBJECTID":866,"ID":"1177","YEAR":2023,"REP_DATE":"Mon, 27 Feb 2023 00:00:00 GMT","OCC_DATE":"Mon, 27 Feb 2023 00:00:00 GMT","WEEKDAY":"Monday","HATE_CRIME":"Combination (More than 2 Motivations)","HC_MOTIVATION":"Combination (More than 2 Motivations)","HC_STATUS":"Hatecrime Suspected","OFF_CATEG":"Threatening Communications","NB_NAME_EN":"Sandy Hill - Ottawa East","SECTOR":"Sector 24","DIVISION":"Central","CENSUS_TRC":"5050051.00","WARD":"Ward 12 - Rideau-Vanier","COUNCILLOR":"Stéphanie Plante","OFF_TYPE":"Criminal"}},{"type":"Feature","id":867,"geometry":null,"properties":{"OBJECTID":867,"ID":"1178","YEAR":2021,"REP_DATE":"Sat, 10 Apr 2021 00:00:00 GMT","OCC_DATE":"Sat, 10 Apr 2021 00:00:00 GMT","WEEKDAY":"Saturday","HATE_CRIME":"Race/Ethnicity","HC_MOTIVATION":"South Asian","HC_STATUS":"Hatecrime Happened","OFF_CATEG":"Mischief To Property","NB_NAME_EN":"West Centertown","SECTOR":"Sector 22","DIVISION":"Central","CENSUS_TRC":"5050041.00","WARD":"Ward 14 - Somerset","COUNCILLOR":"Ariel Troster","OFF_TYPE":"Criminal"}},{"type":"Feature","id":868,"geometry":null,"properties":{"OBJECTID":868,"ID":"1179","YEAR":2021,"REP_DATE":"Mon, 12 Apr 2021 00:00:00 GMT","OCC_DATE":"Mon, 12 Apr 2021 00:00:00 GMT","WEEKDAY":"Monday","HATE_CRIME":"Religion","HC_MOTIVATION":"Jewish","HC_STATUS":"Hatecrime Happened","OFF_CATEG":"Information ( General)","NB_NAME_EN":"West Centertown","SECTOR":"Sector 22","DIVISION":"Central","CENSUS_TRC":"5050042.00","WARD":"Ward 14 - Somerset","COUNCILLOR":"Ariel Troster","OFF_TYPE":"Non Criminal"}},{"type":"Feature","id":869,"geometry":null,"properties":{"OBJECTID":869,"ID":"1180","YEAR":2021,"REP_DATE":"Sun, 13 Jun 2021 00:00:00 GMT","OCC_DATE":"Sun, 13 Jun 2021 00:00:00 GMT","WEEKDAY":"Sunday","HATE_CRIME":"Religion","HC_MOTIVATION":"Jewish","HC_STATUS":"Hatecrime Suspected","OFF_CATEG":"B&e Non- Res.prop/ Commercial","NB_NAME_EN":"Lowertown","SECTOR":"Sector 24","DIVISION":"Central","CENSUS_TRC":"5050053.00","WARD":"Ward 12 - Rideau-Vanier","COUNCILLOR":"Stéphanie Plante","OFF_TYPE":"Criminal"}},{"type":"Feature","id":870,"geometry":null,"properties":{"OBJECTID":870,"ID":"1181","YEAR":2022,"REP_DATE":"Fri, 12 Aug 2022 00:00:00 GMT","OCC_DATE":"Thu, 11 Aug 2022 00:00:00 GMT","WEEKDAY":"Thursday","HATE_CRIME":"Sexual Orientation","HC_MOTIVATION":"LGBTQ2+","HC_STATUS":"Hatecrime Happened","OFF_CATEG":"Threats Utter To Person","NB_NAME_EN":"Billings Bridge - Alta Vista","SECTOR":"Sector 34","DIVISION":"East","CENSUS_TRC":"5050004.00","WARD":"Ward 17 - Capital","COUNCILLOR":"Shawn Menard","OFF_TYPE":"Criminal"}},{"type":"Feature","id":871,"geometry":null,"properties":{"OBJECTID":871,"ID":"1182","YEAR":2022,"REP_DATE":"Sat, 13 Aug 2022 00:00:00 GMT","OCC_DATE":"Sat, 13 Aug 2022 00:00:00 GMT","WEEKDAY":"Saturday","HATE_CRIME":"Sexual Orientation","HC_MOTIVATION":"LGBTQ2+","HC_STATUS":"Hatecrime Happened","OFF_CATEG":"Assault With Weapon Or Cbh Lv2","NB_NAME_EN":"Billings Bridge - Alta Vista","SECTOR":"Sector 34","DIVISION":"East","CENSUS_TRC":"5050004.00","WARD":"Ward 17 - Capital","COUNCILLOR":"Shawn Menard","OFF_TYPE":"Criminal"}},{"type":"Feature","id":872,"geometry":null,"properties":{"OBJECTID":872,"ID":"1183","YEAR":2023,"REP_DATE":"Sat, 29 Jul 2023 00:00:00 GMT","OCC_DATE":"Sat, 29 Jul 2023 00:00:00 GMT","WEEKDAY":"Saturday","HATE_CRIME":"Race/Ethnicity","HC_MOTIVATION":"Latin American","HC_STATUS":"Hatecrime Suspected","OFF_CATEG":"Assault With Weapon Or Cbh Lv2","NB_NAME_EN":"Emerald Woods - Sawmill Creek","SECTOR":"Sector 35","DIVISION":"East","CENSUS_TRC":"5050123.01","WARD":"Ward 10 - Gloucester-Southgate","COUNCILLOR":"Jessica Bradley","OFF_TYPE":"Criminal"}},{"type":"Feature","id":873,"geometry":null,"properties":{"OBJECTID":873,"ID":"1184","YEAR":2022,"REP_DATE":"Sat, 01 Oct 2022 00:00:00 GMT","OCC_DATE":"Sat, 01 Oct 2022 00:00:00 GMT","WEEKDAY":"Saturday","HATE_CRIME":"Race/Ethnicity","HC_MOTIVATION":"Black","HC_STATUS":"Hatecrime Happened","OFF_CATEG":"Assault Level 1","NB_NAME_EN":"Emerald Woods - Sawmill Creek","SECTOR":"Sector 35","DIVISION":"East","CENSUS_TRC":"5050123.01","WARD":"Ward 10 - Gloucester-Southgate","COUNCILLOR":"Jessica Bradley","OFF_TYPE":"Criminal"}},{"type":"Feature","id":874,"geometry":null,"properties":{"OBJECTID":874,"ID":"1185","YEAR":2021,"REP_DATE":"Sun, 28 Mar 2021 00:00:00 GMT","OCC_DATE":"Sun, 28 Mar 2021 00:00:00 GMT","WEEKDAY":"Sunday","HATE_CRIME":"Race/Ethnicity","HC_MOTIVATION":"Multiple Races/Ethnicities","HC_STATUS":"Hatecrime Happened","OFF_CATEG":"Disturbance Causing, Loiter Etc","NB_NAME_EN":"West Centertown","SECTOR":"Sector 22","DIVISION":"Central","CENSUS_TRC":"5050042.00","WARD":"Ward 14 - Somerset","COUNCILLOR":"Ariel Troster","OFF_TYPE":"Criminal"}},{"type":"Feature","id":875,"geometry":null,"properties":{"OBJECTID":875,"ID":"1186","YEAR":2022,"REP_DATE":"Sun, 22 May 2022 00:00:00 GMT","OCC_DATE":"Sun, 22 May 2022 00:00:00 GMT","WEEKDAY":"Sunday","HATE_CRIME":"Race/Ethnicity","HC_MOTIVATION":"Black","HC_STATUS":"Hatecrime Happened","OFF_CATEG":"Assault With Weapon Or Cbh Lv2","NB_NAME_EN":"Vanier North","SECTOR":"Sector 25","DIVISION":"Central","CENSUS_TRC":"5050101.00","WARD":"Ward 12 - Rideau-Vanier","COUNCILLOR":"Stéphanie Plante","OFF_TYPE":"Criminal"}},{"type":"Feature","id":876,"geometry":null,"properties":{"OBJECTID":876,"ID":"1187","YEAR":2023,"REP_DATE":"Wed, 29 Mar 2023 00:00:00 GMT","OCC_DATE":"Wed, 29 Mar 2023 00:00:00 GMT","WEEKDAY":"Wednesday","HATE_CRIME":"Sexual Orientation","HC_MOTIVATION":"LGBTQ2+","HC_STATUS":"Hatecrime Happened","OFF_CATEG":"Mischief To Property","NB_NAME_EN":"Overbrook - McArthur","SECTOR":"Sector 25","DIVISION":"Central","CENSUS_TRC":"5050012.00","WARD":"Ward 13 - Rideau-Rockcliffe","COUNCILLOR":"Rawlson King","OFF_TYPE":"Criminal"}},{"type":"Feature","id":877,"geometry":null,"properties":{"OBJECTID":877,"ID":"1188","YEAR":2023,"REP_DATE":"Tue, 21 Mar 2023 00:00:00 GMT","OCC_DATE":"Tue, 21 Mar 2023 00:00:00 GMT","WEEKDAY":"Tuesday","HATE_CRIME":"Religion","HC_MOTIVATION":"Jewish","HC_STATUS":"Hatecrime Happened","OFF_CATEG":"Dispute- Disturbance","NB_NAME_EN":"Overbrook - McArthur","SECTOR":"Sector 25","DIVISION":"Central","CENSUS_TRC":"5050012.00","WARD":"Ward 13 - Rideau-Rockcliffe","COUNCILLOR":"Rawlson King","OFF_TYPE":"Non Criminal"}},{"type":"Feature","id":878,"geometry":null,"properties":{"OBJECTID":878,"ID":"1189","YEAR":2022,"REP_DATE":"Wed, 30 Nov 2022 00:00:00 GMT","OCC_DATE":"Sun, 30 Oct 2022 00:00:00 GMT","WEEKDAY":"Sunday","HATE_CRIME":"Race/Ethnicity","HC_MOTIVATION":"Black","HC_STATUS":"Hatecrime Happened","OFF_CATEG":"Dispute- Disturbance","NB_NAME_EN":"Sandy Hill - Ottawa East","SECTOR":"Sector 24","DIVISION":"Central","CENSUS_TRC":"5050051.00","WARD":"Ward 12 - Rideau-Vanier","COUNCILLOR":"Stéphanie Plante","OFF_TYPE":"Non Criminal"}},{"type":"Feature","id":879,"geometry":null,"properties":{"OBJECTID":879,"ID":"1190","YEAR":2021,"REP_DATE":"Thu, 26 Aug 2021 00:00:00 GMT","OCC_DATE":"Thu, 26 Aug 2021 00:00:00 GMT","WEEKDAY":"Thursday","HATE_CRIME":"Religion","HC_MOTIVATION":"Muslim (Islam)","HC_STATUS":"Hatecrime Suspected","OFF_CATEG":"Mischief To Property","NB_NAME_EN":"Greenboro East","SECTOR":"Sector 35","DIVISION":"East","CENSUS_TRC":"5050001.05","WARD":"Ward 10 - Gloucester-Southgate","COUNCILLOR":"Jessica Bradley","OFF_TYPE":"Criminal"}},{"type":"Feature","id":880,"geometry":null,"properties":{"OBJECTID":880,"ID":"1191","YEAR":2023,"REP_DATE":"Mon, 06 Nov 2023 00:00:00 GMT","OCC_DATE":"Fri, 27 Oct 2023 00:00:00 GMT","WEEKDAY":"Friday","HATE_CRIME":"Religion","HC_MOTIVATION":"Jewish","HC_STATUS":"Hatecrime Suspected","OFF_CATEG":"Theft \u003c $5000","NB_NAME_EN":"Playfair Park - Lynda Park - Guildwood Estates","SECTOR":"Sector 34","DIVISION":"East","CENSUS_TRC":"5050007.01","WARD":"Ward 18 - Alta Vista","COUNCILLOR":"Marty Carr","OFF_TYPE":"Criminal"}},{"type":"Feature","id":881,"geometry":null,"properties":{"OBJECTID":881,"ID":"1192","YEAR":2022,"REP_DATE":"Sun, 23 Oct 2022 00:00:00 GMT","OCC_DATE":"Sun, 23 Oct 2022 00:00:00 GMT","WEEKDAY":"Sunday","HATE_CRIME":"Race/Ethnicity","HC_MOTIVATION":"Black","HC_STATUS":"Hatecrime Happened","OFF_CATEG":"Mischief To Property","NB_NAME_EN":"Ledbury - Heron Gate - Ridgemont - Elmwood","SECTOR":"Sector 34","DIVISION":"East","CENSUS_TRC":"5050005.00","WARD":"Ward 17 - Capital","COUNCILLOR":"Shawn Menard","OFF_TYPE":"Criminal"}},{"type":"Feature","id":882,"geometry":null,"properties":{"OBJECTID":882,"ID":"1193","YEAR":2021,"REP_DATE":"Fri, 17 Dec 2021 00:00:00 GMT","OCC_DATE":"Thu, 16 Dec 2021 00:00:00 GMT","WEEKDAY":"Thursday","HATE_CRIME":"Religion","HC_MOTIVATION":"Jewish","HC_STATUS":"Hatecrime Happened","OFF_CATEG":"Mischief To Property","NB_NAME_EN":"Sandy Hill - Ottawa East","SECTOR":"Sector 24","DIVISION":"Central","CENSUS_TRC":"5050051.00","WARD":"Ward 12 - Rideau-Vanier","COUNCILLOR":"Stéphanie Plante","OFF_TYPE":"Criminal"}},{"type":"Feature","id":883,"geometry":null,"properties":{"OBJECTID":883,"ID":"1194","YEAR":2021,"REP_DATE":"Thu, 15 Jul 2021 00:00:00 GMT","OCC_DATE":"Wed, 14 Jul 2021 00:00:00 GMT","WEEKDAY":"Wednesday","HATE_CRIME":"Religion","HC_MOTIVATION":"Jewish","HC_STATUS":"Hatecrime Happened","OFF_CATEG":"Threats Utter To Person","NB_NAME_EN":"Billings Bridge - Alta Vista","SECTOR":"Sector 34","DIVISION":"East","CENSUS_TRC":"5050006.00","WARD":"Ward 18 - Alta Vista","COUNCILLOR":"Marty Carr","OFF_TYPE":"Criminal"}},{"type":"Feature","id":884,"geometry":null,"properties":{"OBJECTID":884,"ID":"1195","YEAR":2023,"REP_DATE":"Fri, 22 Sep 2023 00:00:00 GMT","OCC_DATE":"Fri, 22 Sep 2023 00:00:00 GMT","WEEKDAY":"Friday","HATE_CRIME":"Religion","HC_MOTIVATION":"Muslim (Islam)","HC_STATUS":"Hatecrime Happened","OFF_CATEG":"Public Incitement Of Hatred","NB_NAME_EN":"Billings Bridge - Alta Vista","SECTOR":"Sector 34","DIVISION":"East","CENSUS_TRC":"5050004.00","WARD":"Ward 17 - Capital","COUNCILLOR":"Shawn Menard","OFF_TYPE":"Criminal"}},{"type":"Feature","id":885,"geometry":null,"properties":{"OBJECTID":885,"ID":"1196","YEAR":2021,"REP_DATE":"Sat, 20 Feb 2021 00:00:00 GMT","OCC_DATE":"Sat, 20 Feb 2021 00:00:00 GMT","WEEKDAY":"Saturday","HATE_CRIME":"Race/Ethnicity","HC_MOTIVATION":"East and Southeast Asian","HC_STATUS":"Hatecrime Suspected","OFF_CATEG":"Assault Level 1","NB_NAME_EN":"Centretown","SECTOR":"Sector 23","DIVISION":"Central","CENSUS_TRC":"5050040.00","WARD":"Ward 14 - Somerset","COUNCILLOR":"Ariel Troster","OFF_TYPE":"Criminal"}},{"type":"Feature","id":886,"geometry":null,"properties":{"OBJECTID":886,"ID":"1197","YEAR":2023,"REP_DATE":"Tue, 05 Sep 2023 00:00:00 GMT","OCC_DATE":"Mon, 28 Aug 2023 00:00:00 GMT","WEEKDAY":"Monday","HATE_CRIME":"Gender","HC_MOTIVATION":"LGBTQ2+","HC_STATUS":"Hatecrime Suspected","OFF_CATEG":"Theft \u003c $5000","NB_NAME_EN":"Vanier North","SECTOR":"Sector 25","DIVISION":"Central","CENSUS_TRC":"5050104.00","WARD":"Ward 12 - Rideau-Vanier","COUNCILLOR":"Stéphanie Plante","OFF_TYPE":"Criminal"}},{"type":"Feature","id":887,"geometry":null,"properties":{"OBJECTID":887,"ID":"1198","YEAR":2022,"REP_DATE":"Fri, 16 Dec 2022 00:00:00 GMT","OCC_DATE":"Mon, 12 Dec 2022 00:00:00 GMT","WEEKDAY":"Monday","HATE_CRIME":"Race/Ethnicity","HC_MOTIVATION":"India,Pakistan/South Asian","HC_STATUS":"Hatecrime Happened","OFF_CATEG":"Threats Utter To Person","NB_NAME_EN":"Billings Bridge - Alta Vista","SECTOR":"Sector 34","DIVISION":"East","CENSUS_TRC":"5050004.00","WARD":"Ward 17 - Capital","COUNCILLOR":"Shawn Menard","OFF_TYPE":"Criminal"}},{"type":"Feature","id":888,"geometry":null,"properties":{"OBJECTID":888,"ID":"1199","YEAR":2023,"REP_DATE":"Sat, 23 Dec 2023 00:00:00 GMT","OCC_DATE":"Sat, 23 Dec 2023 00:00:00 GMT","WEEKDAY":"Saturday","HATE_CRIME":"Religion","HC_MOTIVATION":"Jewish","HC_STATUS":"Hatecrime Suspected","OFF_CATEG":"Mischief To Property","NB_NAME_EN":"Hunt Club East - Western Community","SECTOR":"Sector 35","DIVISION":"East","CENSUS_TRC":"5050002.05","WARD":"Ward 16 - River","COUNCILLOR":"Riley Brockington","OFF_TYPE":"Criminal"}},{"type":"Feature","id":889,"geometry":null,"properties":{"OBJECTID":889,"ID":"1200","YEAR":2022,"REP_DATE":"Tue, 13 Sep 2022 00:00:00 GMT","OCC_DATE":"Tue, 13 Sep 2022 00:00:00 GMT","WEEKDAY":"Tuesday","HATE_CRIME":"Gender","HC_MOTIVATION":"Woman","HC_STATUS":"Hatecrime Happened","OFF_CATEG":"Assault Aggravated Lvl 3","NB_NAME_EN":"Hunt Club East - Western Community","SECTOR":"Sector 35","DIVISION":"East","CENSUS_TRC":"5050002.05","WARD":"Ward 16 - River","COUNCILLOR":"Riley Brockington","OFF_TYPE":"Criminal"}},{"type":"Feature","id":890,"geometry":null,"properties":{"OBJECTID":890,"ID":"1201","YEAR":2022,"REP_DATE":"Sun, 04 Sep 2022 00:00:00 GMT","OCC_DATE":"Wed, 24 Aug 2022 00:00:00 GMT","WEEKDAY":"Wednesday","HATE_CRIME":"Race/Ethnicity","HC_MOTIVATION":"East and Southeast Asian","HC_STATUS":"Hatecrime Suspected","OFF_CATEG":"Fraud \u003c Internet","NB_NAME_EN":"Elmvale - Eastway - Riverview - Riverview Park West","SECTOR":"Sector 33","DIVISION":"East","CENSUS_TRC":"5050011.03","WARD":"Ward 17 - Capital","COUNCILLOR":"Shawn Menard","OFF_TYPE":"Criminal"}},{"type":"Feature","id":891,"geometry":null,"properties":{"OBJECTID":891,"ID":"1202","YEAR":2020,"REP_DATE":"Wed, 03 Jun 2020 00:00:00 GMT","OCC_DATE":"Sun, 24 May 2020 00:00:00 GMT","WEEKDAY":"Sunday","HATE_CRIME":"Race/Ethnicity","HC_MOTIVATION":"Arab(West Asian,Middle Eastern and North African origins)","HC_STATUS":"Hatecrime Happened","OFF_CATEG":"Dispute- Disturbance","NB_NAME_EN":"Ledbury - Heron Gate - Ridgemont - Elmwood","SECTOR":"Sector 34","DIVISION":"East","CENSUS_TRC":"5050001.10","WARD":"Ward 16 - River","COUNCILLOR":"Riley Brockington","OFF_TYPE":"Non Criminal"}},{"type":"Feature","id":892,"geometry":null,"properties":{"OBJECTID":892,"ID":"1203","YEAR":2023,"REP_DATE":"Sat, 16 Sep 2023 00:00:00 GMT","OCC_DATE":"Sat, 16 Sep 2023 00:00:00 GMT","WEEKDAY":"Saturday","HATE_CRIME":"Mental or Physical Disability","HC_MOTIVATION":"Physical","HC_STATUS":"Hatecrime Happened","OFF_CATEG":"Assault Level 1","NB_NAME_EN":"Emerald Woods - Sawmill Creek","SECTOR":"Sector 35","DIVISION":"East","CENSUS_TRC":"5050123.01","WARD":"Ward 10 - Gloucester-Southgate","COUNCILLOR":"Jessica Bradley","OFF_TYPE":"Criminal"}},{"type":"Feature","id":893,"geometry":null,"properties":{"OBJECTID":893,"ID":"1204","YEAR":2020,"REP_DATE":"Sat, 28 Nov 2020 00:00:00 GMT","OCC_DATE":"Thu, 26 Nov 2020 00:00:00 GMT","WEEKDAY":"Thursday","HATE_CRIME":"Race/Ethnicity","HC_MOTIVATION":"Multiple Races/Ethnicities","HC_STATUS":"Hatecrime Happened","OFF_CATEG":"Mischief To Property","NB_NAME_EN":"Centretown","SECTOR":"Sector 23","DIVISION":"Central","CENSUS_TRC":"5050040.00","WARD":"Ward 14 - Somerset","COUNCILLOR":"Ariel Troster","OFF_TYPE":"Criminal"}},{"type":"Feature","id":894,"geometry":null,"properties":{"OBJECTID":894,"ID":"1205","YEAR":2021,"REP_DATE":"Thu, 25 Mar 2021 00:00:00 GMT","OCC_DATE":"Thu, 25 Mar 2021 00:00:00 GMT","WEEKDAY":"Thursday","HATE_CRIME":"Race/Ethnicity","HC_MOTIVATION":"Other race/ethnicity","HC_STATUS":"Hatecrime Suspected","OFF_CATEG":"Indecent Acts","NB_NAME_EN":"Emerald Woods - Sawmill Creek","SECTOR":"Sector 35","DIVISION":"East","CENSUS_TRC":"5050123.01","WARD":"Ward 10 - Gloucester-Southgate","COUNCILLOR":"Jessica Bradley","OFF_TYPE":"Criminal"}},{"type":"Feature","id":895,"geometry":null,"properties":{"OBJECTID":895,"ID":"1206","YEAR":2021,"REP_DATE":"Thu, 27 May 2021 00:00:00 GMT","OCC_DATE":"Thu, 27 May 2021 00:00:00 GMT","WEEKDAY":"Thursday","HATE_CRIME":"Race/Ethnicity","HC_MOTIVATION":"Black","HC_STATUS":"Hatecrime Happened","OFF_CATEG":"Mischief To Property","NB_NAME_EN":"Emerald Woods - Sawmill Creek","SECTOR":"Sector 35","DIVISION":"East","CENSUS_TRC":"5050123.01","WARD":"Ward 10 - Gloucester-Southgate","COUNCILLOR":"Jessica Bradley","OFF_TYPE":"Criminal"}},{"type":"Feature","id":896,"geometry":null,"properties":{"OBJECTID":896,"ID":"1207","YEAR":2021,"REP_DATE":"Mon, 27 Sep 2021 00:00:00 GMT","OCC_DATE":"Wed, 22 Sep 2021 00:00:00 GMT","WEEKDAY":"Wednesday","HATE_CRIME":"Race/Ethnicity","HC_MOTIVATION":"East and Southeast Asian","HC_STATUS":"Hatecrime Happened","OFF_CATEG":"Mischief To Property","NB_NAME_EN":"Hunt Club East - Western Community","SECTOR":"Sector 35","DIVISION":"East","CENSUS_TRC":"5050002.05","WARD":"Ward 16 - River","COUNCILLOR":"Riley Brockington","OFF_TYPE":"Criminal"}},{"type":"Feature","id":897,"geometry":null,"properties":{"OBJECTID":897,"ID":"1208","YEAR":2021,"REP_DATE":"Sat, 06 Feb 2021 00:00:00 GMT","OCC_DATE":"Sat, 06 Feb 2021 00:00:00 GMT","WEEKDAY":"Saturday","HATE_CRIME":"Race/Ethnicity","HC_MOTIVATION":"Black","HC_STATUS":"Hatecrime Suspected","OFF_CATEG":"Assault Level 1","NB_NAME_EN":"Vanier North","SECTOR":"Sector 25","DIVISION":"Central","CENSUS_TRC":"5050103.00","WARD":"Ward 12 - Rideau-Vanier","COUNCILLOR":"Stéphanie Plante","OFF_TYPE":"Criminal"}},{"type":"Feature","id":898,"geometry":null,"properties":{"OBJECTID":898,"ID":"1209","YEAR":2020,"REP_DATE":"Fri, 13 Mar 2020 00:00:00 GMT","OCC_DATE":"Fri, 13 Mar 2020 00:00:00 GMT","WEEKDAY":"Friday","HATE_CRIME":"Race/Ethnicity","HC_MOTIVATION":"Black","HC_STATUS":"Hatecrime Happened","OFF_CATEG":"Harass Crim Stalking","NB_NAME_EN":"Greenboro East","SECTOR":"Sector 35","DIVISION":"East","CENSUS_TRC":"5050001.06","WARD":"Ward 10 - Gloucester-Southgate","COUNCILLOR":"Jessica Bradley","OFF_TYPE":"Criminal"}},{"type":"Feature","id":899,"geometry":null,"properties":{"OBJECTID":899,"ID":"1210","YEAR":2022,"REP_DATE":"Mon, 21 Feb 2022 00:00:00 GMT","OCC_DATE":"Mon, 21 Feb 2022 00:00:00 GMT","WEEKDAY":"Monday","HATE_CRIME":"Religion","HC_MOTIVATION":"Jewish","HC_STATUS":"Hatecrime Happened","OFF_CATEG":"Mischief To Property","NB_NAME_EN":"Centretown","SECTOR":"Sector 23","DIVISION":"Central","CENSUS_TRC":"5050048.00","WARD":"Ward 14 - Somerset","COUNCILLOR":"Ariel Troster","OFF_TYPE":"Criminal"}},{"type":"Feature","id":900,"geometry":null,"properties":{"OBJECTID":900,"ID":"1211","YEAR":2021,"REP_DATE":"Mon, 25 Jan 2021 00:00:00 GMT","OCC_DATE":"Mon, 25 Jan 2021 00:00:00 GMT","WEEKDAY":"Monday","HATE_CRIME":"Sexual Orientation","HC_MOTIVATION":"LGBTQ2+","HC_STATUS":"Hatecrime Suspected","OFF_CATEG":"Mischief To Property","NB_NAME_EN":"West Centertown","SECTOR":"Sector 22","DIVISION":"Central","CENSUS_TRC":"5050035.00","WARD":"Ward 17 - Capital","COUNCILLOR":"Shawn Menard","OFF_TYPE":"Criminal"}},{"type":"Feature","id":901,"geometry":null,"properties":{"OBJECTID":901,"ID":"1212","YEAR":2023,"REP_DATE":"Mon, 18 Sep 2023 00:00:00 GMT","OCC_DATE":"Mon, 18 Sep 2023 00:00:00 GMT","WEEKDAY":"Monday","HATE_CRIME":"Immigrants/Newcomers to Canada","HC_MOTIVATION":"Immigrants/Newcomers to Canada","HC_STATUS":"Hatecrime Happened","OFF_CATEG":"Assault Level 1","NB_NAME_EN":"CFB Rockcliffe-NRC","SECTOR":"Sector 32","DIVISION":"East","CENSUS_TRC":"5050060.00","WARD":"Ward 13 - Rideau-Rockcliffe","COUNCILLOR":"Rawlson King","OFF_TYPE":"Criminal"}},{"type":"Feature","id":902,"geometry":null,"properties":{"OBJECTID":902,"ID":"1213","YEAR":2021,"REP_DATE":"Wed, 15 Sep 2021 00:00:00 GMT","OCC_DATE":"Wed, 15 Sep 2021 00:00:00 GMT","WEEKDAY":"Wednesday","HATE_CRIME":"Sexual Orientation","HC_MOTIVATION":"Heterosexual","HC_STATUS":"Hatecrime Suspected","OFF_CATEG":"Mischief To Property","NB_NAME_EN":"Vanier North","SECTOR":"Sector 25","DIVISION":"Central","CENSUS_TRC":"5050103.00","WARD":"Ward 12 - Rideau-Vanier","COUNCILLOR":"Stéphanie Plante","OFF_TYPE":"Criminal"}},{"type":"Feature","id":903,"geometry":null,"properties":{"OBJECTID":903,"ID":"1214","YEAR":2023,"REP_DATE":"Thu, 09 Feb 2023 00:00:00 GMT","OCC_DATE":"Thu, 09 Feb 2023 00:00:00 GMT","WEEKDAY":"Thursday","HATE_CRIME":"Sexual Orientation","HC_MOTIVATION":"LGBTQ2+","HC_STATUS":"Hatecrime Happened","OFF_CATEG":"Threats Utter To Person","NB_NAME_EN":"Centretown","SECTOR":"Sector 23","DIVISION":"Central","CENSUS_TRC":"5050048.00","WARD":"Ward 14 - Somerset","COUNCILLOR":"Ariel Troster","OFF_TYPE":"Criminal"}},{"type":"Feature","id":904,"geometry":null,"properties":{"OBJECTID":904,"ID":"1215","YEAR":2022,"REP_DATE":"Tue, 09 Aug 2022 00:00:00 GMT","OCC_DATE":"Fri, 01 Jul 2022 00:00:00 GMT","WEEKDAY":"Friday","HATE_CRIME":"Race/Ethnicity","HC_MOTIVATION":"Black","HC_STATUS":"Hatecrime Happened","OFF_CATEG":"Threats Utter To Person","NB_NAME_EN":"Centretown","SECTOR":"Sector 23","DIVISION":"Central","CENSUS_TRC":"5050048.00","WARD":"Ward 14 - Somerset","COUNCILLOR":"Ariel Troster","OFF_TYPE":"Criminal"}},{"type":"Feature","id":905,"geometry":null,"properties":{"OBJECTID":905,"ID":"1216","YEAR":2019,"REP_DATE":"Tue, 17 Sep 2019 00:00:00 GMT","OCC_DATE":"Mon, 16 Sep 2019 00:00:00 GMT","WEEKDAY":"Monday","HATE_CRIME":"Race/Ethnicity","HC_MOTIVATION":"East and Southeast Asian","HC_STATUS":"Hatecrime Happened","OFF_CATEG":"Mischief To Property","NB_NAME_EN":"Chapman Mills - Rideau Crest - Davidson Heights","SECTOR":"Sector 16","DIVISION":"West","CENSUS_TRC":"5050141.09","WARD":"Ward 24 - Barrhaven East","COUNCILLOR":"Wilson Lo","OFF_TYPE":"Criminal"}},{"type":"Feature","id":906,"geometry":null,"properties":{"OBJECTID":906,"ID":"1217","YEAR":2023,"REP_DATE":"Wed, 16 Aug 2023 00:00:00 GMT","OCC_DATE":"Wed, 16 Aug 2023 00:00:00 GMT","WEEKDAY":"Wednesday","HATE_CRIME":"Race/Ethnicity","HC_MOTIVATION":"Unknown race/ethnicity","HC_STATUS":"Hatecrime Happened","OFF_CATEG":"Dispute- Landlord/ Tenant","NB_NAME_EN":"Centretown","SECTOR":"Sector 23","DIVISION":"Central","CENSUS_TRC":"5050040.00","WARD":"Ward 14 - Somerset","COUNCILLOR":"Ariel Troster","OFF_TYPE":"Non Criminal"}},{"type":"Feature","id":907,"geometry":null,"properties":{"OBJECTID":907,"ID":"1218","YEAR":2021,"REP_DATE":"Mon, 19 Jul 2021 00:00:00 GMT","OCC_DATE":"Mon, 19 Jul 2021 00:00:00 GMT","WEEKDAY":"Monday","HATE_CRIME":"Race/Ethnicity","HC_MOTIVATION":"Arab(West Asian,Middle Eastern and North African origins)","HC_STATUS":"Hatecrime Happened","OFF_CATEG":"Dispute- Neighbour","NB_NAME_EN":"Manotick West","SECTOR":"Sector 12","DIVISION":"West","CENSUS_TRC":"5050200.02","WARD":"Ward 21 - Rideau-Jock","COUNCILLOR":"David Brown","OFF_TYPE":"Non Criminal"}},{"type":"Feature","id":908,"geometry":null,"properties":{"OBJECTID":908,"ID":"1219","YEAR":2023,"REP_DATE":"Mon, 07 Aug 2023 00:00:00 GMT","OCC_DATE":"Sun, 06 Aug 2023 00:00:00 GMT","WEEKDAY":"Sunday","HATE_CRIME":"Race/Ethnicity","HC_MOTIVATION":"Black","HC_STATUS":"Hatecrime Happened","OFF_CATEG":"Dispute- Neighbour","NB_NAME_EN":"Carleton Heights - Rideauview","SECTOR":"Sector 17","DIVISION":"West","CENSUS_TRC":"5050020.01","WARD":"Ward 16 - River","COUNCILLOR":"Riley Brockington","OFF_TYPE":"Non Criminal"}},{"type":"Feature","id":909,"geometry":null,"properties":{"OBJECTID":909,"ID":"1220","YEAR":2023,"REP_DATE":"Thu, 29 Jun 2023 00:00:00 GMT","OCC_DATE":"Thu, 29 Jun 2023 00:00:00 GMT","WEEKDAY":"Thursday","HATE_CRIME":"Gender","HC_MOTIVATION":"Woman","HC_STATUS":"Hatecrime Happened","OFF_CATEG":"Suspicious Person( S)","NB_NAME_EN":"Carleton University","SECTOR":"Sector 22","DIVISION":"Central","CENSUS_TRC":"5050020.01","WARD":"Ward 17 - Capital","COUNCILLOR":"Shawn Menard","OFF_TYPE":"Non Criminal"}},{"type":"Feature","id":910,"geometry":null,"properties":{"OBJECTID":910,"ID":"1221","YEAR":2024,"REP_DATE":"Thu, 25 Jan 2024 00:00:00 GMT","OCC_DATE":"Thu, 25 Jan 2024 00:00:00 GMT","WEEKDAY":"Thursday","HATE_CRIME":"Religion","HC_MOTIVATION":"Jewish","HC_STATUS":"Hatecrime Suspected","OFF_CATEG":"Mischief To Property","NB_NAME_EN":"Billings Bridge - Alta Vista","SECTOR":"Sector 34","DIVISION":"East","CENSUS_TRC":"5050005.00","WARD":"Ward 18 - Alta Vista","COUNCILLOR":"Marty Carr","OFF_TYPE":"Criminal"}},{"type":"Feature","id":911,"geometry":null,"properties":{"OBJECTID":911,"ID":"1222","YEAR":2021,"REP_DATE":"Wed, 26 May 2021 00:00:00 GMT","OCC_DATE":"Wed, 26 May 2021 00:00:00 GMT","WEEKDAY":"Wednesday","HATE_CRIME":"Race/Ethnicity","HC_MOTIVATION":"Arab(West Asian,Middle Eastern and North African origins)","HC_STATUS":"Hatecrime Happened","OFF_CATEG":"Assault With Weapon Or Cbh Lv2","NB_NAME_EN":"Centretown","SECTOR":"Sector 23","DIVISION":"Central","CENSUS_TRC":"5050048.00","WARD":"Ward 14 - Somerset","COUNCILLOR":"Ariel Troster","OFF_TYPE":"Criminal"}},{"type":"Feature","id":912,"geometry":null,"properties":{"OBJECTID":912,"ID":"1223","YEAR":2021,"REP_DATE":"Sun, 05 Sep 2021 00:00:00 GMT","OCC_DATE":"Sun, 05 Sep 2021 00:00:00 GMT","WEEKDAY":"Sunday","HATE_CRIME":"Race/Ethnicity","HC_MOTIVATION":"Unknown race/ethnicity","HC_STATUS":"Hatecrime Suspected","OFF_CATEG":"Assault Level 1","NB_NAME_EN":"Centretown","SECTOR":"Sector 23","DIVISION":"Central","CENSUS_TRC":"5050040.00","WARD":"Ward 14 - Somerset","COUNCILLOR":"Ariel Troster","OFF_TYPE":"Criminal"}},{"type":"Feature","id":913,"geometry":null,"properties":{"OBJECTID":913,"ID":"1224","YEAR":2022,"REP_DATE":"Thu, 11 Aug 2022 00:00:00 GMT","OCC_DATE":"Fri, 05 Aug 2022 00:00:00 GMT","WEEKDAY":"Friday","HATE_CRIME":"Race/Ethnicity","HC_MOTIVATION":"Black","HC_STATUS":"Hatecrime Happened","OFF_CATEG":"Mischief To Property","NB_NAME_EN":"Vanier South","SECTOR":"Sector 25","DIVISION":"Central","CENSUS_TRC":"5050100.00","WARD":"Ward 12 - Rideau-Vanier","COUNCILLOR":"Stéphanie Plante","OFF_TYPE":"Criminal"}},{"type":"Feature","id":914,"geometry":null,"properties":{"OBJECTID":914,"ID":"1225","YEAR":2022,"REP_DATE":"Fri, 05 Aug 2022 00:00:00 GMT","OCC_DATE":"Fri, 05 Aug 2022 00:00:00 GMT","WEEKDAY":"Friday","HATE_CRIME":"Other Similar Factor","HC_MOTIVATION":"non","HC_STATUS":"Hatecrime Suspected","OFF_CATEG":"Mischief War Memorial","NB_NAME_EN":"Vanier North","SECTOR":"Sector 25","DIVISION":"Central","CENSUS_TRC":"5050103.00","WARD":"Ward 12 - Rideau-Vanier","COUNCILLOR":"Stéphanie Plante","OFF_TYPE":"Criminal"}},{"type":"Feature","id":915,"geometry":null,"properties":{"OBJECTID":915,"ID":"1226","YEAR":2024,"REP_DATE":"Fri, 12 Jan 2024 00:00:00 GMT","OCC_DATE":"Fri, 12 Jan 2024 00:00:00 GMT","WEEKDAY":"Friday","HATE_CRIME":"Religion","HC_MOTIVATION":"Jewish","HC_STATUS":"Hatecrime Happened","OFF_CATEG":"Mischief To Property","NB_NAME_EN":"Ledbury - Heron Gate - Ridgemont - Elmwood","SECTOR":"Sector 34","DIVISION":"East","CENSUS_TRC":"5050005.00","WARD":"Ward 18 - Alta Vista","COUNCILLOR":"Marty Carr","OFF_TYPE":"Criminal"}},{"type":"Feature","id":916,"geometry":null,"properties":{"OBJECTID":916,"ID":"1227","YEAR":2024,"REP_DATE":"Thu, 11 Jan 2024 00:00:00 GMT","OCC_DATE":"Thu, 11 Jan 2024 00:00:00 GMT","WEEKDAY":"Thursday","HATE_CRIME":"Religion","HC_MOTIVATION":"Jewish","HC_STATUS":"Hatecrime Happened","OFF_CATEG":"Mischief Hate Cultrl/ Rel Prop","NB_NAME_EN":"Ledbury - Heron Gate - Ridgemont - Elmwood","SECTOR":"Sector 34","DIVISION":"East","CENSUS_TRC":"5050005.00","WARD":"Ward 18 - Alta Vista","COUNCILLOR":"Marty Carr","OFF_TYPE":"Criminal"}},{"type":"Feature","id":917,"geometry":null,"properties":{"OBJECTID":917,"ID":"1228","YEAR":2022,"REP_DATE":"Mon, 10 Oct 2022 00:00:00 GMT","OCC_DATE":"Sun, 09 Oct 2022 00:00:00 GMT","WEEKDAY":"Sunday","HATE_CRIME":"Race/Ethnicity","HC_MOTIVATION":"Black","HC_STATUS":"Hatecrime Suspected","OFF_CATEG":"Mischief To Property","NB_NAME_EN":"Overbrook - McArthur","SECTOR":"Sector 25","DIVISION":"Central","CENSUS_TRC":"5050101.00","WARD":"Ward 12 - Rideau-Vanier","COUNCILLOR":"Stéphanie Plante","OFF_TYPE":"Criminal"}},{"type":"Feature","id":918,"geometry":null,"properties":{"OBJECTID":918,"ID":"1229","YEAR":2018,"REP_DATE":"Wed, 01 Aug 2018 00:00:00 GMT","OCC_DATE":"Wed, 01 Aug 2018 00:00:00 GMT","WEEKDAY":"Wednesday","HATE_CRIME":"Sexual Orientation","HC_MOTIVATION":"LGBTQ2+","HC_STATUS":"Hatecrime Happened","OFF_CATEG":"Mischief To Property","NB_NAME_EN":"Riverside South - Leitrim","SECTOR":"Sector 35","DIVISION":"East","CENSUS_TRC":"5050126.06","WARD":"Ward 22 - Riverside South-Findlay Creek","COUNCILLOR":"Steve Desroches","OFF_TYPE":"Criminal"}},{"type":"Feature","id":919,"geometry":null,"properties":{"OBJECTID":919,"ID":"1230","YEAR":2022,"REP_DATE":"Tue, 02 Aug 2022 00:00:00 GMT","OCC_DATE":"Sun, 31 Jul 2022 00:00:00 GMT","WEEKDAY":"Sunday","HATE_CRIME":"Race/Ethnicity","HC_MOTIVATION":"Arab(West Asian,Middle Eastern and North African origins)","HC_STATUS":"Hatecrime Happened","OFF_CATEG":"Mischief To Property","NB_NAME_EN":"Ledbury - Heron Gate - Ridgemont - Elmwood","SECTOR":"Sector 34","DIVISION":"East","CENSUS_TRC":"5050005.00","WARD":"Ward 18 - Alta Vista","COUNCILLOR":"Marty Carr","OFF_TYPE":"Criminal"}},{"type":"Feature","id":920,"geometry":null,"properties":{"OBJECTID":920,"ID":"1231","YEAR":2022,"REP_DATE":"Tue, 06 Dec 2022 00:00:00 GMT","OCC_DATE":"Tue, 06 Dec 2022 00:00:00 GMT","WEEKDAY":"Tuesday","HATE_CRIME":"Religion","HC_MOTIVATION":"Jewish","HC_STATUS":"Hatecrime Happened","OFF_CATEG":"Public Incitement Of Hatred","NB_NAME_EN":"Riverside South - Leitrim","SECTOR":"Sector 35","DIVISION":"East","CENSUS_TRC":"5050126.06","WARD":"Ward 22 - Riverside South-Findlay Creek","COUNCILLOR":"Steve Desroches","OFF_TYPE":"Criminal"}},{"type":"Feature","id":921,"geometry":null,"properties":{"OBJECTID":921,"ID":"1232","YEAR":2022,"REP_DATE":"Sat, 15 Oct 2022 00:00:00 GMT","OCC_DATE":"Fri, 14 Oct 2022 00:00:00 GMT","WEEKDAY":"Friday","HATE_CRIME":"Race/Ethnicity","HC_MOTIVATION":"Other race/ethnicity","HC_STATUS":"Hatecrime Suspected","OFF_CATEG":"Mischief Wilfully Cause","NB_NAME_EN":"Hunt Club East - Western Community","SECTOR":"Sector 35","DIVISION":"East","CENSUS_TRC":"5050002.02","WARD":"Ward 16 - River","COUNCILLOR":"Riley Brockington","OFF_TYPE":"Criminal"}},{"type":"Feature","id":922,"geometry":null,"properties":{"OBJECTID":922,"ID":"1233","YEAR":2023,"REP_DATE":"Tue, 31 Oct 2023 00:00:00 GMT","OCC_DATE":"Sun, 29 Oct 2023 00:00:00 GMT","WEEKDAY":"Sunday","HATE_CRIME":"Religion","HC_MOTIVATION":"Jewish","HC_STATUS":"Hatecrime Happened","OFF_CATEG":"Harass Harrassment","NB_NAME_EN":"Playfair Park - Lynda Park - Guildwood Estates","SECTOR":"Sector 34","DIVISION":"East","CENSUS_TRC":"5050007.03","WARD":"Ward 18 - Alta Vista","COUNCILLOR":"Marty Carr","OFF_TYPE":"Non Criminal"}},{"type":"Feature","id":923,"geometry":null,"properties":{"OBJECTID":923,"ID":"1234","YEAR":2020,"REP_DATE":"Tue, 03 Mar 2020 00:00:00 GMT","OCC_DATE":"Tue, 03 Mar 2020 00:00:00 GMT","WEEKDAY":"Tuesday","HATE_CRIME":"Race/Ethnicity","HC_MOTIVATION":"Black","HC_STATUS":"Hatecrime Happened","OFF_CATEG":"Harass Race/ Religion","NB_NAME_EN":"Vanier South","SECTOR":"Sector 25","DIVISION":"Central","CENSUS_TRC":"5050100.00","WARD":"Ward 12 - Rideau-Vanier","COUNCILLOR":"Stéphanie Plante","OFF_TYPE":"Non Criminal"}},{"type":"Feature","id":924,"geometry":null,"properties":{"OBJECTID":924,"ID":"1235","YEAR":2018,"REP_DATE":"Sun, 29 Jul 2018 00:00:00 GMT","OCC_DATE":"Sun, 29 Jul 2018 00:00:00 GMT","WEEKDAY":"Sunday","HATE_CRIME":"Race/Ethnicity","HC_MOTIVATION":"Other race/ethnicity","HC_STATUS":"Hatecrime Happened","OFF_CATEG":"Assault With Weapon Or Cbh Lv2","NB_NAME_EN":"Overbrook - McArthur","SECTOR":"Sector 25","DIVISION":"Central","CENSUS_TRC":"5050013.00","WARD":"Ward 13 - Rideau-Rockcliffe","COUNCILLOR":"Rawlson King","OFF_TYPE":"Criminal"}},{"type":"Feature","id":925,"geometry":null,"properties":{"OBJECTID":925,"ID":"1236","YEAR":2023,"REP_DATE":"Tue, 27 Jun 2023 00:00:00 GMT","OCC_DATE":"Mon, 19 Jun 2023 00:00:00 GMT","WEEKDAY":"Monday","HATE_CRIME":"Combination (More than 2 Motivations)","HC_MOTIVATION":"Combination (More than 2 Motivations)","HC_STATUS":"Hatecrime Happened","OFF_CATEG":"Mischief To Property","NB_NAME_EN":"Rockcliffe - Manor Park","SECTOR":"Sector 25","DIVISION":"Central","CENSUS_TRC":"5050059.00","WARD":"Ward 13 - Rideau-Rockcliffe","COUNCILLOR":"Rawlson King","OFF_TYPE":"Criminal"}},{"type":"Feature","id":926,"geometry":null,"properties":{"OBJECTID":926,"ID":"1237","YEAR":2023,"REP_DATE":"Wed, 29 Nov 2023 00:00:00 GMT","OCC_DATE":"Wed, 29 Nov 2023 00:00:00 GMT","WEEKDAY":"Wednesday","HATE_CRIME":"Language","HC_MOTIVATION":"English","HC_STATUS":"Hatecrime Happened","OFF_CATEG":"Wilful Promotion Of Hatred","NB_NAME_EN":"South Keys - Heron Gate - Greenboro West","SECTOR":"Sector 35","DIVISION":"East","CENSUS_TRC":"5050001.04","WARD":"Ward 10 - Gloucester-Southgate","COUNCILLOR":"Jessica Bradley","OFF_TYPE":"Criminal"}},{"type":"Feature","id":927,"geometry":null,"properties":{"OBJECTID":927,"ID":"1238","YEAR":2020,"REP_DATE":"Mon, 15 Jun 2020 00:00:00 GMT","OCC_DATE":"Fri, 12 Jun 2020 00:00:00 GMT","WEEKDAY":"Friday","HATE_CRIME":"Religion","HC_MOTIVATION":"Jewish","HC_STATUS":"Hatecrime Happened","OFF_CATEG":"Mischief To Property","NB_NAME_EN":"Centretown","SECTOR":"Sector 23","DIVISION":"Central","CENSUS_TRC":"5050038.00","WARD":"Ward 14 - Somerset","COUNCILLOR":"Ariel Troster","OFF_TYPE":"Criminal"}},{"type":"Feature","id":928,"geometry":null,"properties":{"OBJECTID":928,"ID":"1239","YEAR":2022,"REP_DATE":"Sat, 17 Dec 2022 00:00:00 GMT","OCC_DATE":"Sat, 17 Dec 2022 00:00:00 GMT","WEEKDAY":"Saturday","HATE_CRIME":"Race/Ethnicity","HC_MOTIVATION":"Other race/ethnicity","HC_STATUS":"Hatecrime Suspected","OFF_CATEG":"Fraud Obtain Food/ Bev/ Lodg","NB_NAME_EN":"Centretown","SECTOR":"Sector 23","DIVISION":"Central","CENSUS_TRC":"5050038.00","WARD":"Ward 14 - Somerset","COUNCILLOR":"Ariel Troster","OFF_TYPE":"Criminal"}},{"type":"Feature","id":929,"geometry":null,"properties":{"OBJECTID":929,"ID":"1240","YEAR":2021,"REP_DATE":"Fri, 23 Jul 2021 00:00:00 GMT","OCC_DATE":"Fri, 23 Jul 2021 00:00:00 GMT","WEEKDAY":"Friday","HATE_CRIME":"Sexual Orientation","HC_MOTIVATION":"LGBTQ2+","HC_STATUS":"Hatecrime Happened","OFF_CATEG":"Threats Utter To Person","NB_NAME_EN":"Vanier South","SECTOR":"Sector 25","DIVISION":"Central","CENSUS_TRC":"5050102.00","WARD":"Ward 12 - Rideau-Vanier","COUNCILLOR":"Stéphanie Plante","OFF_TYPE":"Criminal"}},{"type":"Feature","id":930,"geometry":null,"properties":{"OBJECTID":930,"ID":"1241","YEAR":2021,"REP_DATE":"Sat, 30 Oct 2021 00:00:00 GMT","OCC_DATE":"Sat, 30 Oct 2021 00:00:00 GMT","WEEKDAY":"Saturday","HATE_CRIME":"Race/Ethnicity","HC_MOTIVATION":"Multiple Races/Ethnicities","HC_STATUS":"Hatecrime Happened","OFF_CATEG":"Assault Level 1","NB_NAME_EN":"Centretown","SECTOR":"Sector 23","DIVISION":"Central","CENSUS_TRC":"5050038.00","WARD":"Ward 14 - Somerset","COUNCILLOR":"Ariel Troster","OFF_TYPE":"Criminal"}},{"type":"Feature","id":931,"geometry":null,"properties":{"OBJECTID":931,"ID":"1242","YEAR":2019,"REP_DATE":"Fri, 29 Nov 2019 00:00:00 GMT","OCC_DATE":"Fri, 29 Nov 2019 00:00:00 GMT","WEEKDAY":"Friday","HATE_CRIME":"Religion","HC_MOTIVATION":"Muslim (Islam)","HC_STATUS":"Hatecrime Suspected","OFF_CATEG":"Harass Crim Stalking","NB_NAME_EN":"Centretown","SECTOR":"Sector 23","DIVISION":"Central","CENSUS_TRC":"5050038.00","WARD":"Ward 14 - Somerset","COUNCILLOR":"Ariel Troster","OFF_TYPE":"Criminal"}},{"type":"Feature","id":932,"geometry":null,"properties":{"OBJECTID":932,"ID":"1243","YEAR":2022,"REP_DATE":"Fri, 21 Oct 2022 00:00:00 GMT","OCC_DATE":"Fri, 21 Oct 2022 00:00:00 GMT","WEEKDAY":"Friday","HATE_CRIME":"Race/Ethnicity","HC_MOTIVATION":"Black","HC_STATUS":"Hatecrime Suspected","OFF_CATEG":"Harass Race/ Religion","NB_NAME_EN":"Centretown","SECTOR":"Sector 23","DIVISION":"Central","CENSUS_TRC":"5050038.00","WARD":"Ward 14 - Somerset","COUNCILLOR":"Ariel Troster","OFF_TYPE":"Non Criminal"}},{"type":"Feature","id":933,"geometry":null,"properties":{"OBJECTID":933,"ID":"1244","YEAR":2021,"REP_DATE":"Fri, 10 Dec 2021 00:00:00 GMT","OCC_DATE":"Fri, 10 Dec 2021 00:00:00 GMT","WEEKDAY":"Friday","HATE_CRIME":"Sexual Orientation","HC_MOTIVATION":"LGBTQ2+","HC_STATUS":"Hatecrime Suspected","OFF_CATEG":"Dispute- Neighbour","NB_NAME_EN":"Vanier North","SECTOR":"Sector 25","DIVISION":"Central","CENSUS_TRC":"5050103.00","WARD":"Ward 12 - Rideau-Vanier","COUNCILLOR":"Stéphanie Plante","OFF_TYPE":"Non Criminal"}},{"type":"Feature","id":934,"geometry":null,"properties":{"OBJECTID":934,"ID":"1245","YEAR":2019,"REP_DATE":"Sun, 25 Aug 2019 00:00:00 GMT","OCC_DATE":"Sun, 25 Aug 2019 00:00:00 GMT","WEEKDAY":"Sunday","HATE_CRIME":"Sexual Orientation","HC_MOTIVATION":"LGBTQ2+","HC_STATUS":"Hatecrime Happened","OFF_CATEG":"Disturbance Causing, Loiter Etc","NB_NAME_EN":"Centretown","SECTOR":"Sector 23","DIVISION":"Central","CENSUS_TRC":"5050038.00","WARD":"Ward 14 - Somerset","COUNCILLOR":"Ariel Troster","OFF_TYPE":"Criminal"}},{"type":"Feature","id":935,"geometry":null,"properties":{"OBJECTID":935,"ID":"1246","YEAR":2022,"REP_DATE":"Thu, 08 Sep 2022 00:00:00 GMT","OCC_DATE":"Sat, 03 Sep 2022 00:00:00 GMT","WEEKDAY":"Saturday","HATE_CRIME":"Sexual Orientation","HC_MOTIVATION":"LGBTQ2+","HC_STATUS":"Hatecrime Suspected","OFF_CATEG":"Mischief To Property","NB_NAME_EN":"Vanier North","SECTOR":"Sector 25","DIVISION":"Central","CENSUS_TRC":"5050102.00","WARD":"Ward 12 - Rideau-Vanier","COUNCILLOR":"Stéphanie Plante","OFF_TYPE":"Criminal"}},{"type":"Feature","id":936,"geometry":null,"properties":{"OBJECTID":936,"ID":"1247","YEAR":2022,"REP_DATE":"Sat, 10 Sep 2022 00:00:00 GMT","OCC_DATE":"Sat, 10 Sep 2022 00:00:00 GMT","WEEKDAY":"Saturday","HATE_CRIME":"Sexual Orientation","HC_MOTIVATION":"Unknown sexual orientation","HC_STATUS":"Hatecrime Suspected","OFF_CATEG":"Mischief To Property","NB_NAME_EN":"Vanier North","SECTOR":"Sector 25","DIVISION":"Central","CENSUS_TRC":"5050102.00","WARD":"Ward 12 - Rideau-Vanier","COUNCILLOR":"Stéphanie Plante","OFF_TYPE":"Criminal"}},{"type":"Feature","id":937,"geometry":null,"properties":{"OBJECTID":937,"ID":"1248","YEAR":2021,"REP_DATE":"Tue, 06 Apr 2021 00:00:00 GMT","OCC_DATE":"Tue, 06 Apr 2021 00:00:00 GMT","WEEKDAY":"Tuesday","HATE_CRIME":"Sexual Orientation","HC_MOTIVATION":"Unknown sexual orientation","HC_STATUS":"Hatecrime Happened","OFF_CATEG":"Assault Level 1","NB_NAME_EN":"Vanier South","SECTOR":"Sector 25","DIVISION":"Central","CENSUS_TRC":"5050101.00","WARD":"Ward 12 - Rideau-Vanier","COUNCILLOR":"Stéphanie Plante","OFF_TYPE":"Criminal"}},{"type":"Feature","id":938,"geometry":null,"properties":{"OBJECTID":938,"ID":"1249","YEAR":2022,"REP_DATE":"Mon, 12 Dec 2022 00:00:00 GMT","OCC_DATE":"Mon, 12 Dec 2022 00:00:00 GMT","WEEKDAY":"Monday","HATE_CRIME":"Race/Ethnicity","HC_MOTIVATION":"Other race/ethnicity","HC_STATUS":"Hatecrime Suspected","OFF_CATEG":"Assault Level 1","NB_NAME_EN":"Glebe - Dows Lake","SECTOR":"Sector 22","DIVISION":"Central","CENSUS_TRC":"5050019.00","WARD":"Ward 17 - Capital","COUNCILLOR":"Shawn Menard","OFF_TYPE":"Criminal"}},{"type":"Feature","id":939,"geometry":null,"properties":{"OBJECTID":939,"ID":"1250","YEAR":2021,"REP_DATE":"Tue, 23 Feb 2021 00:00:00 GMT","OCC_DATE":"Tue, 23 Feb 2021 00:00:00 GMT","WEEKDAY":"Tuesday","HATE_CRIME":"Race/Ethnicity","HC_MOTIVATION":"Black","HC_STATUS":"Hatecrime Happened","OFF_CATEG":"Mischief To Property","NB_NAME_EN":"Glebe - Dows Lake","SECTOR":"Sector 22","DIVISION":"Central","CENSUS_TRC":"5050019.00","WARD":"Ward 17 - Capital","COUNCILLOR":"Shawn Menard","OFF_TYPE":"Criminal"}},{"type":"Feature","id":940,"geometry":null,"properties":{"OBJECTID":940,"ID":"1251","YEAR":2023,"REP_DATE":"Tue, 11 Jul 2023 00:00:00 GMT","OCC_DATE":"Tue, 11 Jul 2023 00:00:00 GMT","WEEKDAY":"Tuesday","HATE_CRIME":"Immigrants/Newcomers to Canada","HC_MOTIVATION":"Immigrants/Newcomers to Canada","HC_STATUS":"Hatecrime Happened","OFF_CATEG":"Assault With Weapon Or Cbh Lv2","NB_NAME_EN":"Centretown","SECTOR":"Sector 23","DIVISION":"Central","CENSUS_TRC":"5050048.00","WARD":"Ward 14 - Somerset","COUNCILLOR":"Ariel Troster","OFF_TYPE":"Criminal"}},{"type":"Feature","id":941,"geometry":null,"properties":{"OBJECTID":941,"ID":"1252","YEAR":2018,"REP_DATE":"Thu, 13 Sep 2018 00:00:00 GMT","OCC_DATE":"Thu, 13 Sep 2018 00:00:00 GMT","WEEKDAY":"Thursday","HATE_CRIME":"Race/Ethnicity","HC_MOTIVATION":"East and Southeast Asian","HC_STATUS":"Hatecrime Happened","OFF_CATEG":"Assault Level 1","NB_NAME_EN":"Centretown","SECTOR":"Sector 23","DIVISION":"Central","CENSUS_TRC":"5050048.00","WARD":"Ward 14 - Somerset","COUNCILLOR":"Ariel Troster","OFF_TYPE":"Criminal"}},{"type":"Feature","id":942,"geometry":null,"properties":{"OBJECTID":942,"ID":"1253","YEAR":2019,"REP_DATE":"Thu, 27 Jun 2019 00:00:00 GMT","OCC_DATE":"Thu, 27 Jun 2019 00:00:00 GMT","WEEKDAY":"Thursday","HATE_CRIME":"Sexual Orientation","HC_MOTIVATION":"LGBTQ2+","HC_STATUS":"Hatecrime Suspected","OFF_CATEG":"Mischief To Property","NB_NAME_EN":"South Keys - Heron Gate - Greenboro West","SECTOR":"Sector 35","DIVISION":"East","CENSUS_TRC":"5050001.04","WARD":"Ward 10 - Gloucester-Southgate","COUNCILLOR":"Jessica Bradley","OFF_TYPE":"Criminal"}},{"type":"Feature","id":943,"geometry":null,"properties":{"OBJECTID":943,"ID":"1254","YEAR":2018,"REP_DATE":"Wed, 14 Mar 2018 00:00:00 GMT","OCC_DATE":"Wed, 14 Mar 2018 00:00:00 GMT","WEEKDAY":"Wednesday","HATE_CRIME":"Race/Ethnicity","HC_MOTIVATION":"Black","HC_STATUS":"Hatecrime Happened","OFF_CATEG":"Assault Level 1","NB_NAME_EN":"South Keys - Heron Gate - Greenboro West","SECTOR":"Sector 35","DIVISION":"East","CENSUS_TRC":"5050001.04","WARD":"Ward 10 - Gloucester-Southgate","COUNCILLOR":"Jessica Bradley","OFF_TYPE":"Criminal"}},{"type":"Feature","id":944,"geometry":null,"properties":{"OBJECTID":944,"ID":"1255","YEAR":2021,"REP_DATE":"Sat, 19 Jun 2021 00:00:00 GMT","OCC_DATE":"Sat, 19 Jun 2021 00:00:00 GMT","WEEKDAY":"Saturday","HATE_CRIME":"Race/Ethnicity","HC_MOTIVATION":"Black","HC_STATUS":"Hatecrime Happened","OFF_CATEG":"Harass Communications","NB_NAME_EN":"Centretown","SECTOR":"Sector 23","DIVISION":"Central","CENSUS_TRC":"5050048.00","WARD":"Ward 14 - Somerset","COUNCILLOR":"Ariel Troster","OFF_TYPE":"Criminal"}},{"type":"Feature","id":945,"geometry":null,"properties":{"OBJECTID":945,"ID":"1256","YEAR":2020,"REP_DATE":"Wed, 19 Feb 2020 00:00:00 GMT","OCC_DATE":"Wed, 19 Feb 2020 00:00:00 GMT","WEEKDAY":"Wednesday","HATE_CRIME":"Sexual Orientation","HC_MOTIVATION":"Other sexual orientation","HC_STATUS":"Hatecrime Suspected","OFF_CATEG":"Threats Utter To Person","NB_NAME_EN":"Centretown","SECTOR":"Sector 23","DIVISION":"Central","CENSUS_TRC":"5050038.00","WARD":"Ward 14 - Somerset","COUNCILLOR":"Ariel Troster","OFF_TYPE":"Criminal"}},{"type":"Feature","id":946,"geometry":null,"properties":{"OBJECTID":946,"ID":"1257","YEAR":2018,"REP_DATE":"Thu, 08 Feb 2018 00:00:00 GMT","OCC_DATE":"Wed, 07 Feb 2018 00:00:00 GMT","WEEKDAY":"Wednesday","HATE_CRIME":"Race/Ethnicity","HC_MOTIVATION":"Other race/ethnicity","HC_STATUS":"Hatecrime Happened","OFF_CATEG":"Threats Utter To Person","NB_NAME_EN":"Centretown","SECTOR":"Sector 23","DIVISION":"Central","CENSUS_TRC":"5050048.00","WARD":"Ward 14 - Somerset","COUNCILLOR":"Ariel Troster","OFF_TYPE":"Criminal"}},{"type":"Feature","id":947,"geometry":null,"properties":{"OBJECTID":947,"ID":"1258","YEAR":2019,"REP_DATE":"Mon, 11 Nov 2019 00:00:00 GMT","OCC_DATE":"Sat, 26 Oct 2019 00:00:00 GMT","WEEKDAY":"Saturday","HATE_CRIME":"Religion","HC_MOTIVATION":"Muslim (Islam)","HC_STATUS":"Hatecrime Happened","OFF_CATEG":"Mischief To Property","NB_NAME_EN":"Centretown","SECTOR":"Sector 23","DIVISION":"Central","CENSUS_TRC":"5050048.00","WARD":"Ward 14 - Somerset","COUNCILLOR":"Ariel Troster","OFF_TYPE":"Criminal"}},{"type":"Feature","id":948,"geometry":null,"properties":{"OBJECTID":948,"ID":"1259","YEAR":2019,"REP_DATE":"Sat, 21 Sep 2019 00:00:00 GMT","OCC_DATE":"Fri, 20 Sep 2019 00:00:00 GMT","WEEKDAY":"Friday","HATE_CRIME":"Religion","HC_MOTIVATION":"Muslim (Islam)","HC_STATUS":"Hatecrime Happened","OFF_CATEG":"Mischief To Property","NB_NAME_EN":"Centretown","SECTOR":"Sector 23","DIVISION":"Central","CENSUS_TRC":"5050048.00","WARD":"Ward 14 - Somerset","COUNCILLOR":"Ariel Troster","OFF_TYPE":"Criminal"}},{"type":"Feature","id":949,"geometry":null,"properties":{"OBJECTID":949,"ID":"1260","YEAR":2023,"REP_DATE":"Mon, 10 Jul 2023 00:00:00 GMT","OCC_DATE":"Sat, 01 Jul 2023 00:00:00 GMT","WEEKDAY":"Saturday","HATE_CRIME":"Combination (More than 2 Motivations)","HC_MOTIVATION":"Combination (More than 2 Motivations)","HC_STATUS":"Hatecrime Happened","OFF_CATEG":"Public Incitement Of Hatred","NB_NAME_EN":"Centretown","SECTOR":"Sector 23","DIVISION":"Central","CENSUS_TRC":"5050048.00","WARD":"Ward 14 - Somerset","COUNCILLOR":"Ariel Troster","OFF_TYPE":"Criminal"}},{"type":"Feature","id":950,"geometry":null,"properties":{"OBJECTID":950,"ID":"1261","YEAR":2023,"REP_DATE":"Mon, 03 Apr 2023 00:00:00 GMT","OCC_DATE":"Sun, 02 Apr 2023 00:00:00 GMT","WEEKDAY":"Sunday","HATE_CRIME":"Race/Ethnicity","HC_MOTIVATION":"India,Pakistan/South Asian","HC_STATUS":"Hatecrime Happened","OFF_CATEG":"Threats Utter To Person","NB_NAME_EN":"Billings Bridge - Alta Vista","SECTOR":"Sector 34","DIVISION":"East","CENSUS_TRC":"5050005.00","WARD":"Ward 18 - Alta Vista","COUNCILLOR":"Marty Carr","OFF_TYPE":"Criminal"}},{"type":"Feature","id":951,"geometry":null,"properties":{"OBJECTID":951,"ID":"1262","YEAR":2018,"REP_DATE":"Thu, 17 May 2018 00:00:00 GMT","OCC_DATE":"Thu, 17 May 2018 00:00:00 GMT","WEEKDAY":"Thursday","HATE_CRIME":"Religion","HC_MOTIVATION":"Other Religion","HC_STATUS":"Hatecrime Happened","OFF_CATEG":"Mischief Hate Cultrl/ Rel Prop","NB_NAME_EN":"Playfair Park - Lynda Park - Guildwood Estates","SECTOR":"Sector 34","DIVISION":"East","CENSUS_TRC":"5050007.03","WARD":"Ward 18 - Alta Vista","COUNCILLOR":"Marty Carr","OFF_TYPE":"Criminal"}},{"type":"Feature","id":952,"geometry":null,"properties":{"OBJECTID":952,"ID":"1263","YEAR":2018,"REP_DATE":"Fri, 16 Mar 2018 00:00:00 GMT","OCC_DATE":"Thu, 15 Mar 2018 00:00:00 GMT","WEEKDAY":"Thursday","HATE_CRIME":"Religion","HC_MOTIVATION":"Other Religion","HC_STATUS":"Hatecrime Happened","OFF_CATEG":"Mischief Hate Cultrl/ Rel Prop","NB_NAME_EN":"Playfair Park - Lynda Park - Guildwood Estates","SECTOR":"Sector 34","DIVISION":"East","CENSUS_TRC":"5050007.03","WARD":"Ward 18 - Alta Vista","COUNCILLOR":"Marty Carr","OFF_TYPE":"Criminal"}},{"type":"Feature","id":953,"geometry":null,"properties":{"OBJECTID":953,"ID":"1264","YEAR":2020,"REP_DATE":"Tue, 25 Feb 2020 00:00:00 GMT","OCC_DATE":"Tue, 25 Feb 2020 00:00:00 GMT","WEEKDAY":"Tuesday","HATE_CRIME":"Religion","HC_MOTIVATION":"Other Religion","HC_STATUS":"Hatecrime Happened","OFF_CATEG":"Disobey Court Order","NB_NAME_EN":"Playfair Park - Lynda Park - Guildwood Estates","SECTOR":"Sector 34","DIVISION":"East","CENSUS_TRC":"5050007.03","WARD":"Ward 18 - Alta Vista","COUNCILLOR":"Marty Carr","OFF_TYPE":"Criminal"}},{"type":"Feature","id":954,"geometry":null,"properties":{"OBJECTID":954,"ID":"1265","YEAR":2019,"REP_DATE":"Tue, 16 Apr 2019 00:00:00 GMT","OCC_DATE":"Tue, 16 Apr 2019 00:00:00 GMT","WEEKDAY":"Tuesday","HATE_CRIME":"Religion","HC_MOTIVATION":"Other Religion","HC_STATUS":"Hatecrime Happened","OFF_CATEG":"Mischief Cultural Property","NB_NAME_EN":"Playfair Park - Lynda Park - Guildwood Estates","SECTOR":"Sector 34","DIVISION":"East","CENSUS_TRC":"5050007.03","WARD":"Ward 18 - Alta Vista","COUNCILLOR":"Marty Carr","OFF_TYPE":"Criminal"}},{"type":"Feature","id":955,"geometry":null,"properties":{"OBJECTID":955,"ID":"1266","YEAR":2022,"REP_DATE":"Wed, 25 May 2022 00:00:00 GMT","OCC_DATE":"Tue, 24 May 2022 00:00:00 GMT","WEEKDAY":"Tuesday","HATE_CRIME":"Race/Ethnicity","HC_MOTIVATION":"Arab(West Asian,Middle Eastern and North African origins)","HC_STATUS":"Hatecrime Happened","OFF_CATEG":"Mischief To Property","NB_NAME_EN":"Hunt Club East - Western Community","SECTOR":"Sector 35","DIVISION":"East","CENSUS_TRC":"5050002.02","WARD":"Ward 16 - River","COUNCILLOR":"Riley Brockington","OFF_TYPE":"Criminal"}},{"type":"Feature","id":956,"geometry":null,"properties":{"OBJECTID":956,"ID":"1267","YEAR":2021,"REP_DATE":"Thu, 27 May 2021 00:00:00 GMT","OCC_DATE":"Thu, 27 May 2021 00:00:00 GMT","WEEKDAY":"Thursday","HATE_CRIME":"Religion","HC_MOTIVATION":"Muslim (Islam)","HC_STATUS":"Hatecrime Suspected","OFF_CATEG":"Assault Level 1","NB_NAME_EN":"Byward Market","SECTOR":"Sector 24","DIVISION":"Central","CENSUS_TRC":"5050054.00","WARD":"Ward 12 - Rideau-Vanier","COUNCILLOR":"Stéphanie Plante","OFF_TYPE":"Criminal"}},{"type":"Feature","id":957,"geometry":null,"properties":{"OBJECTID":957,"ID":"1268","YEAR":2019,"REP_DATE":"Tue, 18 Jun 2019 00:00:00 GMT","OCC_DATE":"Tue, 18 Jun 2019 00:00:00 GMT","WEEKDAY":"Tuesday","HATE_CRIME":"Religion","HC_MOTIVATION":"Jewish","HC_STATUS":"Hatecrime Happened","OFF_CATEG":"Mischief To Property","NB_NAME_EN":"Byward Market","SECTOR":"Sector 24","DIVISION":"Central","CENSUS_TRC":"5050054.00","WARD":"Ward 12 - Rideau-Vanier","COUNCILLOR":"Stéphanie Plante","OFF_TYPE":"Criminal"}},{"type":"Feature","id":958,"geometry":null,"properties":{"OBJECTID":958,"ID":"1269","YEAR":2021,"REP_DATE":"Sun, 15 Aug 2021 00:00:00 GMT","OCC_DATE":"Sun, 15 Aug 2021 00:00:00 GMT","WEEKDAY":"Sunday","HATE_CRIME":"Race/Ethnicity","HC_MOTIVATION":"White","HC_STATUS":"Hatecrime Happened","OFF_CATEG":"Assault Aggravated Lvl 3","NB_NAME_EN":"Byward Market","SECTOR":"Sector 24","DIVISION":"Central","CENSUS_TRC":"5050054.00","WARD":"Ward 12 - Rideau-Vanier","COUNCILLOR":"Stéphanie Plante","OFF_TYPE":"Criminal"}},{"type":"Feature","id":959,"geometry":null,"properties":{"OBJECTID":959,"ID":"1270","YEAR":2020,"REP_DATE":"Fri, 29 May 2020 00:00:00 GMT","OCC_DATE":"Fri, 29 May 2020 00:00:00 GMT","WEEKDAY":"Friday","HATE_CRIME":"Religion","HC_MOTIVATION":"Jewish","HC_STATUS":"Hatecrime Happened","OFF_CATEG":"Mischief To Property","NB_NAME_EN":"Centretown","SECTOR":"Sector 23","DIVISION":"Central","CENSUS_TRC":"5050038.00","WARD":"Ward 14 - Somerset","COUNCILLOR":"Ariel Troster","OFF_TYPE":"Criminal"}},{"type":"Feature","id":960,"geometry":null,"properties":{"OBJECTID":960,"ID":"1271","YEAR":2022,"REP_DATE":"Sun, 31 Jul 2022 00:00:00 GMT","OCC_DATE":"Sun, 31 Jul 2022 00:00:00 GMT","WEEKDAY":"Sunday","HATE_CRIME":"Sexual Orientation","HC_MOTIVATION":"LGBTQ2+","HC_STATUS":"Hatecrime Suspected","OFF_CATEG":"Suspicious Person( S)","NB_NAME_EN":"Glebe - Dows Lake","SECTOR":"Sector 22","DIVISION":"Central","CENSUS_TRC":"5050019.00","WARD":"Ward 17 - Capital","COUNCILLOR":"Shawn Menard","OFF_TYPE":"Non Criminal"}},{"type":"Feature","id":961,"geometry":null,"properties":{"OBJECTID":961,"ID":"1272","YEAR":2022,"REP_DATE":"Fri, 07 Oct 2022 00:00:00 GMT","OCC_DATE":"Fri, 07 Oct 2022 00:00:00 GMT","WEEKDAY":"Friday","HATE_CRIME":"Race/Ethnicity","HC_MOTIVATION":"Black","HC_STATUS":"Hatecrime Suspected","OFF_CATEG":"Breach Probation","NB_NAME_EN":"Centretown","SECTOR":"Sector 23","DIVISION":"Central","CENSUS_TRC":"5050048.00","WARD":"Ward 14 - Somerset","COUNCILLOR":"Ariel Troster","OFF_TYPE":"Criminal"}},{"type":"Feature","id":962,"geometry":null,"properties":{"OBJECTID":962,"ID":"1273","YEAR":2023,"REP_DATE":"Wed, 28 Jun 2023 00:00:00 GMT","OCC_DATE":"Mon, 18 Oct 2021 00:00:00 GMT","WEEKDAY":"Monday","HATE_CRIME":"Race/Ethnicity","HC_MOTIVATION":"Arab(West Asian,Middle Eastern and North African origins)","HC_STATUS":"Hatecrime Happened","OFF_CATEG":"Harass Race/ Religion","NB_NAME_EN":"Centretown","SECTOR":"Sector 23","DIVISION":"Central","CENSUS_TRC":"5050048.00","WARD":"Ward 14 - Somerset","COUNCILLOR":"Ariel Troster","OFF_TYPE":"Non Criminal"}},{"type":"Feature","id":963,"geometry":null,"properties":{"OBJECTID":963,"ID":"1274","YEAR":2023,"REP_DATE":"Tue, 26 Dec 2023 00:00:00 GMT","OCC_DATE":"Tue, 26 Dec 2023 00:00:00 GMT","WEEKDAY":"Tuesday","HATE_CRIME":"Religion","HC_MOTIVATION":"Jewish","HC_STATUS":"Hatecrime Happened","OFF_CATEG":"Information ( General)","NB_NAME_EN":"Centretown","SECTOR":"Sector 23","DIVISION":"Central","CENSUS_TRC":"5050038.00","WARD":"Ward 14 - Somerset","COUNCILLOR":"Ariel Troster","OFF_TYPE":"Non Criminal"}},{"type":"Feature","id":964,"geometry":null,"properties":{"OBJECTID":964,"ID":"1275","YEAR":2023,"REP_DATE":"Tue, 18 Jul 2023 00:00:00 GMT","OCC_DATE":"Tue, 18 Jul 2023 00:00:00 GMT","WEEKDAY":"Tuesday","HATE_CRIME":"Race/Ethnicity","HC_MOTIVATION":"Arab(West Asian,Middle Eastern and North African origins)","HC_STATUS":"Hatecrime Happened","OFF_CATEG":"Threats Utter To Person","NB_NAME_EN":"Byward Market","SECTOR":"Sector 24","DIVISION":"Central","CENSUS_TRC":"5050054.00","WARD":"Ward 12 - Rideau-Vanier","COUNCILLOR":"Stéphanie Plante","OFF_TYPE":"Criminal"}},{"type":"Feature","id":965,"geometry":null,"properties":{"OBJECTID":965,"ID":"1276","YEAR":2021,"REP_DATE":"Sat, 21 Aug 2021 00:00:00 GMT","OCC_DATE":"Fri, 20 Aug 2021 00:00:00 GMT","WEEKDAY":"Friday","HATE_CRIME":"Race/Ethnicity","HC_MOTIVATION":"Arab(West Asian,Middle Eastern and North African origins)","HC_STATUS":"Hatecrime Happened","OFF_CATEG":"Mischief To Property","NB_NAME_EN":"Ledbury - Heron Gate - Ridgemont - Elmwood","SECTOR":"Sector 34","DIVISION":"East","CENSUS_TRC":"5050001.09","WARD":"Ward 10 - Gloucester-Southgate","COUNCILLOR":"Jessica Bradley","OFF_TYPE":"Criminal"}},{"type":"Feature","id":966,"geometry":null,"properties":{"OBJECTID":966,"ID":"1277","YEAR":2021,"REP_DATE":"Sat, 21 Aug 2021 00:00:00 GMT","OCC_DATE":"Sat, 21 Aug 2021 00:00:00 GMT","WEEKDAY":"Saturday","HATE_CRIME":"Race/Ethnicity","HC_MOTIVATION":"Black","HC_STATUS":"Hatecrime Suspected","OFF_CATEG":"Dispute- Neighbour","NB_NAME_EN":"Ledbury - Heron Gate - Ridgemont - Elmwood","SECTOR":"Sector 34","DIVISION":"East","CENSUS_TRC":"5050001.09","WARD":"Ward 10 - Gloucester-Southgate","COUNCILLOR":"Jessica Bradley","OFF_TYPE":"Non Criminal"}},{"type":"Feature","id":967,"geometry":null,"properties":{"OBJECTID":967,"ID":"1278","YEAR":2023,"REP_DATE":"Wed, 14 Jun 2023 00:00:00 GMT","OCC_DATE":"Fri, 09 Jun 2023 00:00:00 GMT","WEEKDAY":"Friday","HATE_CRIME":"Unknown","HC_MOTIVATION":"Unknown","HC_STATUS":"Hatecrime Suspected","OFF_CATEG":"Mischief To Property","NB_NAME_EN":"Byward Market","SECTOR":"Sector 24","DIVISION":"Central","CENSUS_TRC":"5050054.00","WARD":"Ward 12 - Rideau-Vanier","COUNCILLOR":"Stéphanie Plante","OFF_TYPE":"Criminal"}},{"type":"Feature","id":968,"geometry":null,"properties":{"OBJECTID":968,"ID":"1279","YEAR":2021,"REP_DATE":"Sun, 07 Nov 2021 00:00:00 GMT","OCC_DATE":"Fri, 05 Nov 2021 00:00:00 GMT","WEEKDAY":"Friday","HATE_CRIME":"Race/Ethnicity","HC_MOTIVATION":"Black","HC_STATUS":"Hatecrime Happened","OFF_CATEG":"Mischief To Property","NB_NAME_EN":"Vanier North","SECTOR":"Sector 25","DIVISION":"Central","CENSUS_TRC":"5050103.00","WARD":"Ward 12 - Rideau-Vanier","COUNCILLOR":"Stéphanie Plante","OFF_TYPE":"Criminal"}},{"type":"Feature","id":969,"geometry":null,"properties":{"OBJECTID":969,"ID":"1280","YEAR":2022,"REP_DATE":"Mon, 25 Apr 2022 00:00:00 GMT","OCC_DATE":"Mon, 25 Apr 2022 00:00:00 GMT","WEEKDAY":"Monday","HATE_CRIME":"Race/Ethnicity","HC_MOTIVATION":"Black","HC_STATUS":"Hatecrime Happened","OFF_CATEG":"Harass Crim Stalking","NB_NAME_EN":"Vanier South","SECTOR":"Sector 25","DIVISION":"Central","CENSUS_TRC":"5050100.00","WARD":"Ward 12 - Rideau-Vanier","COUNCILLOR":"Stéphanie Plante","OFF_TYPE":"Criminal"}},{"type":"Feature","id":970,"geometry":null,"properties":{"OBJECTID":970,"ID":"1281","YEAR":2022,"REP_DATE":"Mon, 07 Mar 2022 00:00:00 GMT","OCC_DATE":"Thu, 03 Mar 2022 00:00:00 GMT","WEEKDAY":"Thursday","HATE_CRIME":"Race/Ethnicity","HC_MOTIVATION":"Black","HC_STATUS":"Hatecrime Happened","OFF_CATEG":"Threats Utter To Person","NB_NAME_EN":"CFB Rockcliffe-NRC","SECTOR":"Sector 32","DIVISION":"East","CENSUS_TRC":"5050062.02","WARD":"Ward 13 - Rideau-Rockcliffe","COUNCILLOR":"Rawlson King","OFF_TYPE":"Criminal"}},{"type":"Feature","id":971,"geometry":null,"properties":{"OBJECTID":971,"ID":"1282","YEAR":2023,"REP_DATE":"Fri, 15 Dec 2023 00:00:00 GMT","OCC_DATE":"Fri, 15 Dec 2023 00:00:00 GMT","WEEKDAY":"Friday","HATE_CRIME":"Religion","HC_MOTIVATION":"Muslim (Islam)","HC_STATUS":"Hatecrime Happened","OFF_CATEG":"Dispute- Disturbance","NB_NAME_EN":"Carson Grove - Carson Meadows","SECTOR":"Sector 32","DIVISION":"East","CENSUS_TRC":"5050062.01","WARD":"Ward 13 - Rideau-Rockcliffe","COUNCILLOR":"Rawlson King","OFF_TYPE":"Non Criminal"}},{"type":"Feature","id":972,"geometry":null,"properties":{"OBJECTID":972,"ID":"1283","YEAR":2022,"REP_DATE":"Mon, 15 Aug 2022 00:00:00 GMT","OCC_DATE":"Sun, 14 Aug 2022 00:00:00 GMT","WEEKDAY":"Sunday","HATE_CRIME":"Sexual Orientation","HC_MOTIVATION":"LGBTQ2+","HC_STATUS":"Hatecrime Suspected","OFF_CATEG":"Assault Level 1","NB_NAME_EN":"Byward Market","SECTOR":"Sector 24","DIVISION":"Central","CENSUS_TRC":"5050054.00","WARD":"Ward 12 - Rideau-Vanier","COUNCILLOR":"Stéphanie Plante","OFF_TYPE":"Criminal"}},{"type":"Feature","id":973,"geometry":null,"properties":{"OBJECTID":973,"ID":"1284","YEAR":2023,"REP_DATE":"Mon, 03 Jul 2023 00:00:00 GMT","OCC_DATE":"Mon, 03 Jul 2023 00:00:00 GMT","WEEKDAY":"Monday","HATE_CRIME":"Race/Ethnicity","HC_MOTIVATION":"Arab(West Asian,Middle Eastern and North African origins)","HC_STATUS":"Hatecrime Suspected","OFF_CATEG":"Dispute- Disturbance","NB_NAME_EN":"Ledbury - Heron Gate - Ridgemont - Elmwood","SECTOR":"Sector 34","DIVISION":"East","CENSUS_TRC":"5050005.00","WARD":"Ward 17 - Capital","COUNCILLOR":"Shawn Menard","OFF_TYPE":"Non Criminal"}},{"type":"Feature","id":974,"geometry":null,"properties":{"OBJECTID":974,"ID":"1285","YEAR":2023,"REP_DATE":"Thu, 11 May 2023 00:00:00 GMT","OCC_DATE":"Wed, 10 May 2023 00:00:00 GMT","WEEKDAY":"Wednesday","HATE_CRIME":"Race/Ethnicity","HC_MOTIVATION":"Arab(West Asian,Middle Eastern and North African origins)","HC_STATUS":"Hatecrime Happened","OFF_CATEG":"Mischief To Property","NB_NAME_EN":"Byward Market","SECTOR":"Sector 24","DIVISION":"Central","CENSUS_TRC":"5050054.00","WARD":"Ward 12 - Rideau-Vanier","COUNCILLOR":"Stéphanie Plante","OFF_TYPE":"Criminal"}},{"type":"Feature","id":975,"geometry":null,"properties":{"OBJECTID":975,"ID":"1286","YEAR":2021,"REP_DATE":"Sun, 23 May 2021 00:00:00 GMT","OCC_DATE":"Sun, 23 May 2021 00:00:00 GMT","WEEKDAY":"Sunday","HATE_CRIME":"Sexual Orientation","HC_MOTIVATION":"LGBTQ2+","HC_STATUS":"Hatecrime Suspected","OFF_CATEG":"Assault Level 1","NB_NAME_EN":"Byward Market","SECTOR":"Sector 24","DIVISION":"Central","CENSUS_TRC":"5050054.00","WARD":"Ward 12 - Rideau-Vanier","COUNCILLOR":"Stéphanie Plante","OFF_TYPE":"Criminal"}},{"type":"Feature","id":976,"geometry":null,"properties":{"OBJECTID":976,"ID":"1287","YEAR":2020,"REP_DATE":"Thu, 20 Feb 2020 00:00:00 GMT","OCC_DATE":"Thu, 20 Feb 2020 00:00:00 GMT","WEEKDAY":"Thursday","HATE_CRIME":"Religion","HC_MOTIVATION":"Muslim (Islam)","HC_STATUS":"Hatecrime Suspected","OFF_CATEG":"Information ( General)","NB_NAME_EN":"Carson Grove - Carson Meadows","SECTOR":"Sector 32","DIVISION":"East","CENSUS_TRC":"5050062.01","WARD":"Ward 13 - Rideau-Rockcliffe","COUNCILLOR":"Rawlson King","OFF_TYPE":"Non Criminal"}},{"type":"Feature","id":977,"geometry":null,"properties":{"OBJECTID":977,"ID":"1288","YEAR":2023,"REP_DATE":"Thu, 19 Oct 2023 00:00:00 GMT","OCC_DATE":"Thu, 19 Oct 2023 00:00:00 GMT","WEEKDAY":"Thursday","HATE_CRIME":"Religion","HC_MOTIVATION":"Jewish","HC_STATUS":"Hatecrime Suspected","OFF_CATEG":"Mischief To Property","NB_NAME_EN":"Ledbury - Heron Gate - Ridgemont - Elmwood","SECTOR":"Sector 34","DIVISION":"East","CENSUS_TRC":"5050005.00","WARD":"Ward 18 - Alta Vista","COUNCILLOR":"Marty Carr","OFF_TYPE":"Criminal"}},{"type":"Feature","id":978,"geometry":null,"properties":{"OBJECTID":978,"ID":"1289","YEAR":2019,"REP_DATE":"Wed, 06 Nov 2019 00:00:00 GMT","OCC_DATE":"Wed, 06 Nov 2019 00:00:00 GMT","WEEKDAY":"Wednesday","HATE_CRIME":"Race/Ethnicity","HC_MOTIVATION":"Black","HC_STATUS":"Hatecrime Happened","OFF_CATEG":"Threats Utter To Person","NB_NAME_EN":"Elmvale - Eastway - Riverview - Riverview Park West","SECTOR":"Sector 33","DIVISION":"East","CENSUS_TRC":"5050011.01","WARD":"Ward 18 - Alta Vista","COUNCILLOR":"Marty Carr","OFF_TYPE":"Criminal"}},{"type":"Feature","id":979,"geometry":null,"properties":{"OBJECTID":979,"ID":"1290","YEAR":2023,"REP_DATE":"Sun, 27 Aug 2023 00:00:00 GMT","OCC_DATE":"Sat, 26 Aug 2023 00:00:00 GMT","WEEKDAY":"Saturday","HATE_CRIME":"Sexual Orientation","HC_MOTIVATION":"LGBTQ2+","HC_STATUS":"Hatecrime Happened","OFF_CATEG":"Mischief To Property","NB_NAME_EN":"Hunt Club East - Western Community","SECTOR":"Sector 35","DIVISION":"East","CENSUS_TRC":"5050002.02","WARD":"Ward 16 - River","COUNCILLOR":"Riley Brockington","OFF_TYPE":"Criminal"}},{"type":"Feature","id":980,"geometry":null,"properties":{"OBJECTID":980,"ID":"1291","YEAR":2022,"REP_DATE":"Sun, 18 Sep 2022 00:00:00 GMT","OCC_DATE":"Sun, 18 Sep 2022 00:00:00 GMT","WEEKDAY":"Sunday","HATE_CRIME":"Race/Ethnicity","HC_MOTIVATION":"East and Southeast Asian","HC_STATUS":"Hatecrime Happened","OFF_CATEG":"Mischief To Property","NB_NAME_EN":"Centretown","SECTOR":"Sector 23","DIVISION":"Central","CENSUS_TRC":"5050048.00","WARD":"Ward 14 - Somerset","COUNCILLOR":"Ariel Troster","OFF_TYPE":"Criminal"}},{"type":"Feature","id":981,"geometry":null,"properties":{"OBJECTID":981,"ID":"1292","YEAR":2021,"REP_DATE":"Sat, 21 Aug 2021 00:00:00 GMT","OCC_DATE":"Sat, 21 Aug 2021 00:00:00 GMT","WEEKDAY":"Saturday","HATE_CRIME":"Race/Ethnicity","HC_MOTIVATION":"East and Southeast Asian","HC_STATUS":"Hatecrime Suspected","OFF_CATEG":"Assault Level 1","NB_NAME_EN":"Centretown","SECTOR":"Sector 23","DIVISION":"Central","CENSUS_TRC":"5050048.00","WARD":"Ward 14 - Somerset","COUNCILLOR":"Ariel Troster","OFF_TYPE":"Criminal"}},{"type":"Feature","id":982,"geometry":null,"properties":{"OBJECTID":982,"ID":"1293","YEAR":2022,"REP_DATE":"Thu, 18 Aug 2022 00:00:00 GMT","OCC_DATE":"Thu, 18 Aug 2022 00:00:00 GMT","WEEKDAY":"Thursday","HATE_CRIME":"Sexual Orientation","HC_MOTIVATION":"LGBTQ2+","HC_STATUS":"Hatecrime Suspected","OFF_CATEG":"Threats Utter To Person","NB_NAME_EN":"Vanier North","SECTOR":"Sector 25","DIVISION":"Central","CENSUS_TRC":"5050103.00","WARD":"Ward 12 - Rideau-Vanier","COUNCILLOR":"Stéphanie Plante","OFF_TYPE":"Criminal"}},{"type":"Feature","id":983,"geometry":null,"properties":{"OBJECTID":983,"ID":"1294","YEAR":2018,"REP_DATE":"Fri, 04 May 2018 00:00:00 GMT","OCC_DATE":"Fri, 04 May 2018 00:00:00 GMT","WEEKDAY":"Friday","HATE_CRIME":"Race/Ethnicity","HC_MOTIVATION":"Multiple Races/Ethnicities","HC_STATUS":"Hatecrime Happened","OFF_CATEG":"Mischief To Property","NB_NAME_EN":"Byward Market","SECTOR":"Sector 24","DIVISION":"Central","CENSUS_TRC":"5050054.00","WARD":"Ward 12 - Rideau-Vanier","COUNCILLOR":"Stéphanie Plante","OFF_TYPE":"Criminal"}},{"type":"Feature","id":984,"geometry":null,"properties":{"OBJECTID":984,"ID":"1295","YEAR":2018,"REP_DATE":"Fri, 04 May 2018 00:00:00 GMT","OCC_DATE":"Fri, 04 May 2018 00:00:00 GMT","WEEKDAY":"Friday","HATE_CRIME":"Religion","HC_MOTIVATION":"Jewish","HC_STATUS":"Hatecrime Happened","OFF_CATEG":"Mischief To Property","NB_NAME_EN":"Byward Market","SECTOR":"Sector 24","DIVISION":"Central","CENSUS_TRC":"5050054.00","WARD":"Ward 12 - Rideau-Vanier","COUNCILLOR":"Stéphanie Plante","OFF_TYPE":"Criminal"}},{"type":"Feature","id":985,"geometry":null,"properties":{"OBJECTID":985,"ID":"1296","YEAR":2021,"REP_DATE":"Wed, 03 Mar 2021 00:00:00 GMT","OCC_DATE":"Wed, 03 Mar 2021 00:00:00 GMT","WEEKDAY":"Wednesday","HATE_CRIME":"Race/Ethnicity","HC_MOTIVATION":"East and Southeast Asian","HC_STATUS":"Hatecrime Happened","OFF_CATEG":"Public Incitement Of Hatred","NB_NAME_EN":"Centretown","SECTOR":"Sector 23","DIVISION":"Central","CENSUS_TRC":"5050038.00","WARD":"Ward 14 - Somerset","COUNCILLOR":"Ariel Troster","OFF_TYPE":"Criminal"}},{"type":"Feature","id":986,"geometry":null,"properties":{"OBJECTID":986,"ID":"1297","YEAR":2023,"REP_DATE":"Sat, 23 Dec 2023 00:00:00 GMT","OCC_DATE":"Fri, 22 Dec 2023 00:00:00 GMT","WEEKDAY":"Friday","HATE_CRIME":"Religion","HC_MOTIVATION":"Jewish","HC_STATUS":"Hatecrime Happened","OFF_CATEG":"Mischief To Property","NB_NAME_EN":"Centretown","SECTOR":"Sector 23","DIVISION":"Central","CENSUS_TRC":"5050037.02","WARD":"Ward 14 - Somerset","COUNCILLOR":"Ariel Troster","OFF_TYPE":"Criminal"}},{"type":"Feature","id":987,"geometry":null,"properties":{"OBJECTID":987,"ID":"1298","YEAR":2023,"REP_DATE":"Sat, 23 Dec 2023 00:00:00 GMT","OCC_DATE":"Fri, 22 Dec 2023 00:00:00 GMT","WEEKDAY":"Friday","HATE_CRIME":"Religion","HC_MOTIVATION":"Jewish","HC_STATUS":"Hatecrime Happened","OFF_CATEG":"Mischief To Property","NB_NAME_EN":"Centretown","SECTOR":"Sector 23","DIVISION":"Central","CENSUS_TRC":"5050037.01","WARD":"Ward 14 - Somerset","COUNCILLOR":"Ariel Troster","OFF_TYPE":"Criminal"}},{"type":"Feature","id":988,"geometry":null,"properties":{"OBJECTID":988,"ID":"1299","YEAR":2020,"REP_DATE":"Fri, 14 Aug 2020 00:00:00 GMT","OCC_DATE":"Fri, 14 Aug 2020 00:00:00 GMT","WEEKDAY":"Friday","HATE_CRIME":"Race/Ethnicity","HC_MOTIVATION":"Black","HC_STATUS":"Hatecrime Happened","OFF_CATEG":"Assault Level 1","NB_NAME_EN":"Ledbury - Heron Gate - Ridgemont - Elmwood","SECTOR":"Sector 34","DIVISION":"East","CENSUS_TRC":"5050007.02","WARD":"Ward 18 - Alta Vista","COUNCILLOR":"Marty Carr","OFF_TYPE":"Criminal"}},{"type":"Feature","id":989,"geometry":null,"properties":{"OBJECTID":989,"ID":"1300","YEAR":2018,"REP_DATE":"Sun, 18 Nov 2018 00:00:00 GMT","OCC_DATE":"Sun, 18 Nov 2018 00:00:00 GMT","WEEKDAY":"Sunday","HATE_CRIME":"Race/Ethnicity","HC_MOTIVATION":"Multiple Races/Ethnicities","HC_STATUS":"Hatecrime Suspected","OFF_CATEG":"Mischief To Property","NB_NAME_EN":"South Keys - Heron Gate - Greenboro West","SECTOR":"Sector 35","DIVISION":"East","CENSUS_TRC":"5050001.05","WARD":"Ward 10 - Gloucester-Southgate","COUNCILLOR":"Jessica Bradley","OFF_TYPE":"Criminal"}},{"type":"Feature","id":990,"geometry":null,"properties":{"OBJECTID":990,"ID":"1301","YEAR":2018,"REP_DATE":"Mon, 29 Oct 2018 00:00:00 GMT","OCC_DATE":"Mon, 29 Oct 2018 00:00:00 GMT","WEEKDAY":"Monday","HATE_CRIME":"Race/Ethnicity","HC_MOTIVATION":"Black","HC_STATUS":"Hatecrime Suspected","OFF_CATEG":"Mischief To Property","NB_NAME_EN":"North Gower","SECTOR":"Sector 12","DIVISION":"West","CENSUS_TRC":"5050200.02","WARD":"Ward 21 - Rideau-Jock","COUNCILLOR":"David Brown","OFF_TYPE":"Criminal"}},{"type":"Feature","id":991,"geometry":null,"properties":{"OBJECTID":991,"ID":"1302","YEAR":2022,"REP_DATE":"Mon, 17 Oct 2022 00:00:00 GMT","OCC_DATE":"Sat, 17 Sep 2022 00:00:00 GMT","WEEKDAY":"Saturday","HATE_CRIME":"Race/Ethnicity","HC_MOTIVATION":"non","HC_STATUS":"Hatecrime Suspected","OFF_CATEG":"Mischief To Property","NB_NAME_EN":"Vanier North","SECTOR":"Sector 25","DIVISION":"Central","CENSUS_TRC":"5050103.00","WARD":"Ward 12 - Rideau-Vanier","COUNCILLOR":"Stéphanie Plante","OFF_TYPE":"Criminal"}},{"type":"Feature","id":992,"geometry":null,"properties":{"OBJECTID":992,"ID":"1303","YEAR":2022,"REP_DATE":"Thu, 20 Oct 2022 00:00:00 GMT","OCC_DATE":"Wed, 05 Oct 2022 00:00:00 GMT","WEEKDAY":"Wednesday","HATE_CRIME":"Race/Ethnicity","HC_MOTIVATION":"Black","HC_STATUS":"Hatecrime Happened","OFF_CATEG":"Mischief Hate Cultrl/ Rel Prop","NB_NAME_EN":"Vanier North","SECTOR":"Sector 25","DIVISION":"Central","CENSUS_TRC":"5050103.00","WARD":"Ward 12 - Rideau-Vanier","COUNCILLOR":"Stéphanie Plante","OFF_TYPE":"Criminal"}},{"type":"Feature","id":993,"geometry":null,"properties":{"OBJECTID":993,"ID":"1304","YEAR":2021,"REP_DATE":"Sat, 21 Aug 2021 00:00:00 GMT","OCC_DATE":"Thu, 19 Aug 2021 00:00:00 GMT","WEEKDAY":"Thursday","HATE_CRIME":"Race/Ethnicity","HC_MOTIVATION":"East and Southeast Asian","HC_STATUS":"Hatecrime Suspected","OFF_CATEG":"Robbery Business","NB_NAME_EN":"Ledbury - Heron Gate - Ridgemont - Elmwood","SECTOR":"Sector 34","DIVISION":"East","CENSUS_TRC":"5050001.09","WARD":"Ward 10 - Gloucester-Southgate","COUNCILLOR":"Jessica Bradley","OFF_TYPE":"Criminal"}},{"type":"Feature","id":994,"geometry":null,"properties":{"OBJECTID":994,"ID":"1305","YEAR":2020,"REP_DATE":"Thu, 27 Aug 2020 00:00:00 GMT","OCC_DATE":"Thu, 20 Aug 2020 00:00:00 GMT","WEEKDAY":"Thursday","HATE_CRIME":"Sexual Orientation","HC_MOTIVATION":"LGBTQ2+","HC_STATUS":"Hatecrime Happened","OFF_CATEG":"Harass Communications","NB_NAME_EN":"Hunt Club Upper -Blossom Park - Timbermill","SECTOR":"Sector 35","DIVISION":"East","CENSUS_TRC":"5050123.04","WARD":"Ward 10 - Gloucester-Southgate","COUNCILLOR":"Jessica Bradley","OFF_TYPE":"Criminal"}},{"type":"Feature","id":995,"geometry":null,"properties":{"OBJECTID":995,"ID":"1306","YEAR":2020,"REP_DATE":"Sat, 13 Jun 2020 00:00:00 GMT","OCC_DATE":"Sat, 13 Jun 2020 00:00:00 GMT","WEEKDAY":"Saturday","HATE_CRIME":"Race/Ethnicity","HC_MOTIVATION":"Multiple Races/Ethnicities","HC_STATUS":"Hatecrime Happened","OFF_CATEG":"Mischief To Property","NB_NAME_EN":"Byward Market","SECTOR":"Sector 24","DIVISION":"Central","CENSUS_TRC":"5050054.00","WARD":"Ward 12 - Rideau-Vanier","COUNCILLOR":"Stéphanie Plante","OFF_TYPE":"Criminal"}},{"type":"Feature","id":996,"geometry":null,"properties":{"OBJECTID":996,"ID":"1307","YEAR":2023,"REP_DATE":"Wed, 05 Jul 2023 00:00:00 GMT","OCC_DATE":"Wed, 05 Jul 2023 00:00:00 GMT","WEEKDAY":"Wednesday","HATE_CRIME":"Sexual Orientation","HC_MOTIVATION":"LGBTQ2+","HC_STATUS":"Hatecrime Happened","OFF_CATEG":"Mischief To Property","NB_NAME_EN":"Centretown","SECTOR":"Sector 23","DIVISION":"Central","CENSUS_TRC":"5050037.01","WARD":"Ward 14 - Somerset","COUNCILLOR":"Ariel Troster","OFF_TYPE":"Criminal"}},{"type":"Feature","id":997,"geometry":null,"properties":{"OBJECTID":997,"ID":"1308","YEAR":2023,"REP_DATE":"Wed, 25 Oct 2023 00:00:00 GMT","OCC_DATE":"Wed, 25 Oct 2023 00:00:00 GMT","WEEKDAY":"Wednesday","HATE_CRIME":"Religion","HC_MOTIVATION":"Muslim (Islam)","HC_STATUS":"Hatecrime Happened","OFF_CATEG":"Information ( General)","NB_NAME_EN":"Centretown","SECTOR":"Sector 23","DIVISION":"Central","CENSUS_TRC":"5050037.01","WARD":"Ward 14 - Somerset","COUNCILLOR":"Ariel Troster","OFF_TYPE":"Non Criminal"}},{"type":"Feature","id":998,"geometry":null,"properties":{"OBJECTID":998,"ID":"1309","YEAR":2021,"REP_DATE":"Wed, 11 Aug 2021 00:00:00 GMT","OCC_DATE":"Wed, 11 Aug 2021 00:00:00 GMT","WEEKDAY":"Wednesday","HATE_CRIME":"Sexual Orientation","HC_MOTIVATION":"LGBTQ2+","HC_STATUS":"Hatecrime Suspected","OFF_CATEG":"Dispute- Disturbance","NB_NAME_EN":"Byward Market","SECTOR":"Sector 24","DIVISION":"Central","CENSUS_TRC":"5050054.00","WARD":"Ward 12 - Rideau-Vanier","COUNCILLOR":"Stéphanie Plante","OFF_TYPE":"Non Criminal"}},{"type":"Feature","id":999,"geometry":null,"properties":{"OBJECTID":999,"ID":"1310","YEAR":2018,"REP_DATE":"Fri, 15 Jun 2018 00:00:00 GMT","OCC_DATE":"Fri, 15 Jun 2018 00:00:00 GMT","WEEKDAY":"Friday","HATE_CRIME":"Race/Ethnicity","HC_MOTIVATION":"Black","HC_STATUS":"Hatecrime Suspected","OFF_CATEG":"Assault Aggravated Lvl 3","NB_NAME_EN":"Greenboro East","SECTOR":"Sector 35","DIVISION":"East","CENSUS_TRC":"5050001.06","WARD":"Ward 10 - Gloucester-Southgate","COUNCILLOR":"Jessica Bradley","OFF_TYPE":"Criminal"}},{"type":"Feature","id":1000,"geometry":null,"properties":{"OBJECTID":1000,"ID":"1311","YEAR":2022,"REP_DATE":"Sat, 30 Jul 2022 00:00:00 GMT","OCC_DATE":"Sat, 30 Jul 2022 00:00:00 GMT","WEEKDAY":"Saturday","HATE_CRIME":"Race/Ethnicity","HC_MOTIVATION":"Black","HC_STATUS":"Hatecrime Happened","OFF_CATEG":"Mischief To Property","NB_NAME_EN":"Riverside Park","SECTOR":"Sector 34","DIVISION":"East","CENSUS_TRC":"5050003.00","WARD":"Ward 16 - River","COUNCILLOR":"Riley Brockington","OFF_TYPE":"Criminal"}},{"type":"Feature","id":1001,"geometry":null,"properties":{"OBJECTID":1001,"ID":"1312","YEAR":2022,"REP_DATE":"Sat, 11 Jun 2022 00:00:00 GMT","OCC_DATE":"Sat, 11 Jun 2022 00:00:00 GMT","WEEKDAY":"Saturday","HATE_CRIME":"Race/Ethnicity","HC_MOTIVATION":"Black","HC_STATUS":"Hatecrime Happened","OFF_CATEG":"Traffic Complaint -  Vehicle","NB_NAME_EN":"Elmvale - Eastway - Riverview - Riverview Park West","SECTOR":"Sector 33","DIVISION":"East","CENSUS_TRC":"5050009.00","WARD":"Ward 18 - Alta Vista","COUNCILLOR":"Marty Carr","OFF_TYPE":"Non Criminal"}},{"type":"Feature","id":1002,"geometry":null,"properties":{"OBJECTID":1002,"ID":"1313","YEAR":2021,"REP_DATE":"Wed, 11 Aug 2021 00:00:00 GMT","OCC_DATE":"Tue, 10 Aug 2021 00:00:00 GMT","WEEKDAY":"Tuesday","HATE_CRIME":"Religion","HC_MOTIVATION":"Catholic","HC_STATUS":"Hatecrime Happened","OFF_CATEG":"Mischief Hate Cultrl/ Rel Prop","NB_NAME_EN":"Ledbury - Heron Gate - Ridgemont - Elmwood","SECTOR":"Sector 34","DIVISION":"East","CENSUS_TRC":"5050001.09","WARD":"Ward 10 - Gloucester-Southgate","COUNCILLOR":"Jessica Bradley","OFF_TYPE":"Criminal"}},{"type":"Feature","id":1003,"geometry":null,"properties":{"OBJECTID":1003,"ID":"1314","YEAR":2023,"REP_DATE":"Wed, 01 Feb 2023 00:00:00 GMT","OCC_DATE":"Tue, 31 Jan 2023 00:00:00 GMT","WEEKDAY":"Tuesday","HATE_CRIME":"Sexual Orientation","HC_MOTIVATION":"LGBTQ2+","HC_STATUS":"Hatecrime Happened","OFF_CATEG":"Assault Level 1","NB_NAME_EN":"East Industrial","SECTOR":"Sector 33","DIVISION":"East","CENSUS_TRC":"5050011.01","WARD":"Ward 18 - Alta Vista","COUNCILLOR":"Marty Carr","OFF_TYPE":"Criminal"}},{"type":"Feature","id":1004,"geometry":null,"properties":{"OBJECTID":1004,"ID":"1315","YEAR":2022,"REP_DATE":"Fri, 10 Jun 2022 00:00:00 GMT","OCC_DATE":"Fri, 10 Jun 2022 00:00:00 GMT","WEEKDAY":"Friday","HATE_CRIME":"Religion","HC_MOTIVATION":"Jewish","HC_STATUS":"Hatecrime Happened","OFF_CATEG":"Mischief To Property","NB_NAME_EN":"Elmvale - Eastway - Riverview - Riverview Park West","SECTOR":"Sector 33","DIVISION":"East","CENSUS_TRC":"5050011.04","WARD":"Ward 18 - Alta Vista","COUNCILLOR":"Marty Carr","OFF_TYPE":"Criminal"}},{"type":"Feature","id":1005,"geometry":null,"properties":{"OBJECTID":1005,"ID":"1316","YEAR":2022,"REP_DATE":"Mon, 21 Feb 2022 00:00:00 GMT","OCC_DATE":"Mon, 21 Feb 2022 00:00:00 GMT","WEEKDAY":"Monday","HATE_CRIME":"Religion","HC_MOTIVATION":"Jewish","HC_STATUS":"Hatecrime Happened","OFF_CATEG":"Threats Bomb","NB_NAME_EN":"Elmvale - Eastway - Riverview - Riverview Park West","SECTOR":"Sector 33","DIVISION":"East","CENSUS_TRC":"5050011.04","WARD":"Ward 18 - Alta Vista","COUNCILLOR":"Marty Carr","OFF_TYPE":"Criminal"}},{"type":"Feature","id":1006,"geometry":null,"properties":{"OBJECTID":1006,"ID":"1317","YEAR":2023,"REP_DATE":"Sun, 02 Apr 2023 00:00:00 GMT","OCC_DATE":"Sun, 02 Apr 2023 00:00:00 GMT","WEEKDAY":"Sunday","HATE_CRIME":"Race/Ethnicity","HC_MOTIVATION":"Black","HC_STATUS":"Hatecrime Happened","OFF_CATEG":"Threats Utter To Person","NB_NAME_EN":"Rothwell Heights - Beacon Hill North","SECTOR":"Sector 32","DIVISION":"East","CENSUS_TRC":"5050120.01","WARD":"Ward 11 - Beacon Hill-Cyrville","COUNCILLOR":"Tim Tierney","OFF_TYPE":"Criminal"}},{"type":"Feature","id":1007,"geometry":null,"properties":{"OBJECTID":1007,"ID":"1318","YEAR":2023,"REP_DATE":"Sat, 21 Jan 2023 00:00:00 GMT","OCC_DATE":"Sat, 21 Jan 2023 00:00:00 GMT","WEEKDAY":"Saturday","HATE_CRIME":"Sexual Orientation","HC_MOTIVATION":"LGBTQ2+","HC_STATUS":"Hatecrime Happened","OFF_CATEG":"Assault Level 1","NB_NAME_EN":"Centretown","SECTOR":"Sector 23","DIVISION":"Central","CENSUS_TRC":"5050038.00","WARD":"Ward 14 - Somerset","COUNCILLOR":"Ariel Troster","OFF_TYPE":"Criminal"}},{"type":"Feature","id":1008,"geometry":null,"properties":{"OBJECTID":1008,"ID":"1319","YEAR":2021,"REP_DATE":"Wed, 07 Jul 2021 00:00:00 GMT","OCC_DATE":"Tue, 06 Jul 2021 00:00:00 GMT","WEEKDAY":"Tuesday","HATE_CRIME":"Race/Ethnicity","HC_MOTIVATION":"Arab(West Asian,Middle Eastern and North African origins)","HC_STATUS":"Hatecrime Suspected","OFF_CATEG":"Mischief To Property","NB_NAME_EN":"South Keys - Heron Gate - Greenboro West","SECTOR":"Sector 35","DIVISION":"East","CENSUS_TRC":"5050001.04","WARD":"Ward 10 - Gloucester-Southgate","COUNCILLOR":"Jessica Bradley","OFF_TYPE":"Criminal"}},{"type":"Feature","id":1009,"geometry":null,"properties":{"OBJECTID":1009,"ID":"1320","YEAR":2021,"REP_DATE":"Wed, 10 Nov 2021 00:00:00 GMT","OCC_DATE":"Wed, 10 Nov 2021 00:00:00 GMT","WEEKDAY":"Wednesday","HATE_CRIME":"Race/Ethnicity","HC_MOTIVATION":"Arab(West Asian,Middle Eastern and North African origins)","HC_STATUS":"Hatecrime Happened","OFF_CATEG":"Assault Level 1","NB_NAME_EN":"South Keys - Heron Gate - Greenboro West","SECTOR":"Sector 35","DIVISION":"East","CENSUS_TRC":"5050001.04","WARD":"Ward 10 - Gloucester-Southgate","COUNCILLOR":"Jessica Bradley","OFF_TYPE":"Criminal"}},{"type":"Feature","id":1010,"geometry":null,"properties":{"OBJECTID":1010,"ID":"1321","YEAR":2020,"REP_DATE":"Mon, 07 Sep 2020 00:00:00 GMT","OCC_DATE":"Wed, 02 Sep 2020 00:00:00 GMT","WEEKDAY":"Wednesday","HATE_CRIME":"Sexual Orientation","HC_MOTIVATION":"LGBTQ2+","HC_STATUS":"Hatecrime Happened","OFF_CATEG":"Dispute- Civil","NB_NAME_EN":"Elmvale - Eastway - Riverview - Riverview Park West","SECTOR":"Sector 33","DIVISION":"East","CENSUS_TRC":"5050011.01","WARD":"Ward 18 - Alta Vista","COUNCILLOR":"Marty Carr","OFF_TYPE":"Non Criminal"}},{"type":"Feature","id":1011,"geometry":null,"properties":{"OBJECTID":1011,"ID":"1322","YEAR":2023,"REP_DATE":"Fri, 17 Mar 2023 00:00:00 GMT","OCC_DATE":"Tue, 14 Mar 2023 00:00:00 GMT","WEEKDAY":"Tuesday","HATE_CRIME":"Religion","HC_MOTIVATION":"Jewish","HC_STATUS":"Hatecrime Happened","OFF_CATEG":"Wilful Promotion Of Hatred","NB_NAME_EN":"Centretown","SECTOR":"Sector 23","DIVISION":"Central","CENSUS_TRC":"5050037.01","WARD":"Ward 14 - Somerset","COUNCILLOR":"Ariel Troster","OFF_TYPE":"Criminal"}},{"type":"Feature","id":1012,"geometry":null,"properties":{"OBJECTID":1012,"ID":"1323","YEAR":2022,"REP_DATE":"Sun, 24 Apr 2022 00:00:00 GMT","OCC_DATE":"Sun, 24 Apr 2022 00:00:00 GMT","WEEKDAY":"Sunday","HATE_CRIME":"Race/Ethnicity","HC_MOTIVATION":"Black","HC_STATUS":"Hatecrime Suspected","OFF_CATEG":"Dispute- Neighbour","NB_NAME_EN":"Elmvale - Eastway - Riverview - Riverview Park West","SECTOR":"Sector 33","DIVISION":"East","CENSUS_TRC":"5050009.00","WARD":"Ward 18 - Alta Vista","COUNCILLOR":"Marty Carr","OFF_TYPE":"Non Criminal"}},{"type":"Feature","id":1013,"geometry":null,"properties":{"OBJECTID":1013,"ID":"1324","YEAR":2021,"REP_DATE":"Sun, 31 Jan 2021 00:00:00 GMT","OCC_DATE":"Sun, 31 Jan 2021 00:00:00 GMT","WEEKDAY":"Sunday","HATE_CRIME":"Race/Ethnicity","HC_MOTIVATION":"Black","HC_STATUS":"Hatecrime Happened","OFF_CATEG":"Mischief To Property","NB_NAME_EN":"Emerald Woods - Sawmill Creek","SECTOR":"Sector 35","DIVISION":"East","CENSUS_TRC":"5050123.01","WARD":"Ward 10 - Gloucester-Southgate","COUNCILLOR":"Jessica Bradley","OFF_TYPE":"Criminal"}},{"type":"Feature","id":1014,"geometry":null,"properties":{"OBJECTID":1014,"ID":"1325","YEAR":2020,"REP_DATE":"Fri, 10 Jan 2020 00:00:00 GMT","OCC_DATE":"Fri, 10 Jan 2020 00:00:00 GMT","WEEKDAY":"Friday","HATE_CRIME":"Religion","HC_MOTIVATION":"Jewish","HC_STATUS":"Hatecrime Happened","OFF_CATEG":"Mischief To Property","NB_NAME_EN":"Byward Market","SECTOR":"Sector 24","DIVISION":"Central","CENSUS_TRC":"5050054.00","WARD":"Ward 12 - Rideau-Vanier","COUNCILLOR":"Stéphanie Plante","OFF_TYPE":"Criminal"}},{"type":"Feature","id":1015,"geometry":null,"properties":{"OBJECTID":1015,"ID":"1326","YEAR":2023,"REP_DATE":"Sun, 10 Dec 2023 00:00:00 GMT","OCC_DATE":"Sat, 09 Dec 2023 00:00:00 GMT","WEEKDAY":"Saturday","HATE_CRIME":"Race/Ethnicity","HC_MOTIVATION":"Other South Asian not mentioned","HC_STATUS":"Hatecrime Happened","OFF_CATEG":"Dispute- Disturbance","NB_NAME_EN":"South Keys - Heron Gate - Greenboro West","SECTOR":"Sector 35","DIVISION":"East","CENSUS_TRC":"5050001.04","WARD":"Ward 10 - Gloucester-Southgate","COUNCILLOR":"Jessica Bradley","OFF_TYPE":"Non Criminal"}},{"type":"Feature","id":1016,"geometry":null,"properties":{"OBJECTID":1016,"ID":"1327","YEAR":2022,"REP_DATE":"Sat, 08 Oct 2022 00:00:00 GMT","OCC_DATE":"Fri, 07 Oct 2022 00:00:00 GMT","WEEKDAY":"Friday","HATE_CRIME":"Sexual Orientation","HC_MOTIVATION":"LGBTQ2+","HC_STATUS":"Hatecrime Happened","OFF_CATEG":"Threats Utter To Person","NB_NAME_EN":"Elmvale - Eastway - Riverview - Riverview Park West","SECTOR":"Sector 33","DIVISION":"East","CENSUS_TRC":"5050011.04","WARD":"Ward 18 - Alta Vista","COUNCILLOR":"Marty Carr","OFF_TYPE":"Criminal"}},{"type":"Feature","id":1017,"geometry":null,"properties":{"OBJECTID":1017,"ID":"1328","YEAR":2022,"REP_DATE":"Mon, 14 Feb 2022 00:00:00 GMT","OCC_DATE":"Mon, 14 Feb 2022 00:00:00 GMT","WEEKDAY":"Monday","HATE_CRIME":"Race/Ethnicity","HC_MOTIVATION":"East and Southeast Asian","HC_STATUS":"Hatecrime Happened","OFF_CATEG":"Mischief To Property","NB_NAME_EN":"CFB Rockcliffe-NRC","SECTOR":"Sector 32","DIVISION":"East","CENSUS_TRC":"5050060.00","WARD":"Ward 12 - Rideau-Vanier","COUNCILLOR":"Stéphanie Plante","OFF_TYPE":"Criminal"}},{"type":"Feature","id":1018,"geometry":null,"properties":{"OBJECTID":1018,"ID":"1329","YEAR":2023,"REP_DATE":"Sat, 13 May 2023 00:00:00 GMT","OCC_DATE":"Fri, 12 May 2023 00:00:00 GMT","WEEKDAY":"Friday","HATE_CRIME":"Gender","HC_MOTIVATION":"LGBTQ2+","HC_STATUS":"Hatecrime Happened","OFF_CATEG":"Threats Harass, Intim, Violent","NB_NAME_EN":"Vanier North","SECTOR":"Sector 25","DIVISION":"Central","CENSUS_TRC":"5050060.00","WARD":"Ward 12 - Rideau-Vanier","COUNCILLOR":"Stéphanie Plante","OFF_TYPE":"Criminal"}},{"type":"Feature","id":1019,"geometry":null,"properties":{"OBJECTID":1019,"ID":"1330","YEAR":2021,"REP_DATE":"Fri, 03 Dec 2021 00:00:00 GMT","OCC_DATE":"Fri, 03 Dec 2021 00:00:00 GMT","WEEKDAY":"Friday","HATE_CRIME":"Sexual Orientation","HC_MOTIVATION":"LGBTQ2+","HC_STATUS":"Hatecrime Suspected","OFF_CATEG":"Threats Utter To Person","NB_NAME_EN":"Centretown","SECTOR":"Sector 23","DIVISION":"Central","CENSUS_TRC":"5050037.01","WARD":"Ward 14 - Somerset","COUNCILLOR":"Ariel Troster","OFF_TYPE":"Criminal"}},{"type":"Feature","id":1020,"geometry":null,"properties":{"OBJECTID":1020,"ID":"1331","YEAR":2019,"REP_DATE":"Tue, 01 Oct 2019 00:00:00 GMT","OCC_DATE":"Tue, 01 Oct 2019 00:00:00 GMT","WEEKDAY":"Tuesday","HATE_CRIME":"Religion","HC_MOTIVATION":"Jewish","HC_STATUS":"Hatecrime Happened","OFF_CATEG":"Mischief To Property","NB_NAME_EN":"Hunt Club Upper -Blossom Park - Timbermill","SECTOR":"Sector 35","DIVISION":"East","CENSUS_TRC":"5050123.03","WARD":"Ward 10 - Gloucester-Southgate","COUNCILLOR":"Jessica Bradley","OFF_TYPE":"Criminal"}},{"type":"Feature","id":1021,"geometry":null,"properties":{"OBJECTID":1021,"ID":"1332","YEAR":2021,"REP_DATE":"Mon, 14 Jun 2021 00:00:00 GMT","OCC_DATE":"Mon, 14 Jun 2021 00:00:00 GMT","WEEKDAY":"Monday","HATE_CRIME":"Race/Ethnicity","HC_MOTIVATION":"Multiple Races/Ethnicities","HC_STATUS":"Hatecrime Happened","OFF_CATEG":"Mischief To Property","NB_NAME_EN":"East Industrial","SECTOR":"Sector 33","DIVISION":"East","CENSUS_TRC":"5050011.03","WARD":"Ward 18 - Alta Vista","COUNCILLOR":"Marty Carr","OFF_TYPE":"Criminal"}},{"type":"Feature","id":1022,"geometry":null,"properties":{"OBJECTID":1022,"ID":"1333","YEAR":2023,"REP_DATE":"Tue, 23 May 2023 00:00:00 GMT","OCC_DATE":"Wed, 17 May 2023 00:00:00 GMT","WEEKDAY":"Wednesday","HATE_CRIME":"Sexual Orientation","HC_MOTIVATION":"LGBTQ2+","HC_STATUS":"Hatecrime Happened","OFF_CATEG":"Mischief To Property","NB_NAME_EN":"Overbrook - McArthur","SECTOR":"Sector 25","DIVISION":"Central","CENSUS_TRC":"5050012.00","WARD":"Ward 13 - Rideau-Rockcliffe","COUNCILLOR":"Rawlson King","OFF_TYPE":"Criminal"}},{"type":"Feature","id":1023,"geometry":null,"properties":{"OBJECTID":1023,"ID":"1334","YEAR":2022,"REP_DATE":"Mon, 02 May 2022 00:00:00 GMT","OCC_DATE":"Sun, 01 May 2022 00:00:00 GMT","WEEKDAY":"Sunday","HATE_CRIME":"Religion","HC_MOTIVATION":"Muslim (Islam)","HC_STATUS":"Hatecrime Suspected","OFF_CATEG":"B&e Non- Res.prop/ Commercial","NB_NAME_EN":"Riverside South - Leitrim","SECTOR":"Sector 35","DIVISION":"East","CENSUS_TRC":"5050126.07","WARD":"Ward 22 - Riverside South-Findlay Creek","COUNCILLOR":"Steve Desroches","OFF_TYPE":"Criminal"}},{"type":"Feature","id":1024,"geometry":null,"properties":{"OBJECTID":1024,"ID":"1335","YEAR":2021,"REP_DATE":"Sat, 08 May 2021 00:00:00 GMT","OCC_DATE":"Sat, 08 May 2021 00:00:00 GMT","WEEKDAY":"Saturday","HATE_CRIME":"Race/Ethnicity","HC_MOTIVATION":"Arab(West Asian,Middle Eastern and North African origins)","HC_STATUS":"Hatecrime Suspected","OFF_CATEG":"B&e Non- Res.prop/ Commercial","NB_NAME_EN":"Riverside South - Leitrim","SECTOR":"Sector 35","DIVISION":"East","CENSUS_TRC":"5050126.07","WARD":"Ward 22 - Riverside South-Findlay Creek","COUNCILLOR":"Steve Desroches","OFF_TYPE":"Criminal"}},{"type":"Feature","id":1025,"geometry":null,"properties":{"OBJECTID":1025,"ID":"1336","YEAR":2022,"REP_DATE":"Fri, 18 Nov 2022 00:00:00 GMT","OCC_DATE":"Fri, 18 Nov 2022 00:00:00 GMT","WEEKDAY":"Friday","HATE_CRIME":"Race/Ethnicity","HC_MOTIVATION":"Black","HC_STATUS":"Hatecrime Happened","OFF_CATEG":"Information ( General)","NB_NAME_EN":"Elmvale - Eastway - Riverview - Riverview Park West","SECTOR":"Sector 33","DIVISION":"East","CENSUS_TRC":"5050008.00","WARD":"Ward 18 - Alta Vista","COUNCILLOR":"Marty Carr","OFF_TYPE":"Non Criminal"}},{"type":"Feature","id":1026,"geometry":null,"properties":{"OBJECTID":1026,"ID":"1337","YEAR":2018,"REP_DATE":"Thu, 21 Jun 2018 00:00:00 GMT","OCC_DATE":"Thu, 21 Jun 2018 00:00:00 GMT","WEEKDAY":"Thursday","HATE_CRIME":"Race/Ethnicity","HC_MOTIVATION":"Arab(West Asian,Middle Eastern and North African origins)","HC_STATUS":"Hatecrime Happened","OFF_CATEG":"Assault Level 1","NB_NAME_EN":"Hawthorne Meadows - Sheffield Glen","SECTOR":"Sector 33","DIVISION":"East","CENSUS_TRC":"5050010.00","WARD":"Ward 18 - Alta Vista","COUNCILLOR":"Marty Carr","OFF_TYPE":"Criminal"}},{"type":"Feature","id":1027,"geometry":null,"properties":{"OBJECTID":1027,"ID":"1338","YEAR":2022,"REP_DATE":"Thu, 03 Feb 2022 00:00:00 GMT","OCC_DATE":"Thu, 03 Feb 2022 00:00:00 GMT","WEEKDAY":"Thursday","HATE_CRIME":"Race/Ethnicity","HC_MOTIVATION":"Black","HC_STATUS":"Hatecrime Happened","OFF_CATEG":"Mischief To Property","NB_NAME_EN":"Hawthorne Meadows - Sheffield Glen","SECTOR":"Sector 33","DIVISION":"East","CENSUS_TRC":"5050010.00","WARD":"Ward 18 - Alta Vista","COUNCILLOR":"Marty Carr","OFF_TYPE":"Criminal"}},{"type":"Feature","id":1028,"geometry":null,"properties":{"OBJECTID":1028,"ID":"1339","YEAR":2019,"REP_DATE":"Wed, 18 Dec 2019 00:00:00 GMT","OCC_DATE":"Wed, 18 Dec 2019 00:00:00 GMT","WEEKDAY":"Wednesday","HATE_CRIME":"Race/Ethnicity","HC_MOTIVATION":"Black","HC_STATUS":"Hatecrime Happened","OFF_CATEG":"Assault Level 1","NB_NAME_EN":"CFB Rockcliffe-NRC","SECTOR":"Sector 32","DIVISION":"East","CENSUS_TRC":"5050060.00","WARD":"Ward 13 - Rideau-Rockcliffe","COUNCILLOR":"Rawlson King","OFF_TYPE":"Criminal"}},{"type":"Feature","id":1029,"geometry":null,"properties":{"OBJECTID":1029,"ID":"1340","YEAR":2023,"REP_DATE":"Sat, 21 Jan 2023 00:00:00 GMT","OCC_DATE":"Fri, 20 Jan 2023 00:00:00 GMT","WEEKDAY":"Friday","HATE_CRIME":"Race/Ethnicity","HC_MOTIVATION":"Black","HC_STATUS":"Hatecrime Happened","OFF_CATEG":"Disturbance Causing, Loiter Etc","NB_NAME_EN":"Greenboro East","SECTOR":"Sector 35","DIVISION":"East","CENSUS_TRC":"5050001.06","WARD":"Ward 10 - Gloucester-Southgate","COUNCILLOR":"Jessica Bradley","OFF_TYPE":"Criminal"}},{"type":"Feature","id":1030,"geometry":null,"properties":{"OBJECTID":1030,"ID":"1341","YEAR":2021,"REP_DATE":"Mon, 25 Jan 2021 00:00:00 GMT","OCC_DATE":"Mon, 25 Jan 2021 00:00:00 GMT","WEEKDAY":"Monday","HATE_CRIME":"Sexual Orientation","HC_MOTIVATION":"LGBTQ2+","HC_STATUS":"Hatecrime Happened","OFF_CATEG":"Assault With Weapon Or Cbh Lv2","NB_NAME_EN":"Centretown","SECTOR":"Sector 23","DIVISION":"Central","CENSUS_TRC":"5050037.01","WARD":"Ward 14 - Somerset","COUNCILLOR":"Ariel Troster","OFF_TYPE":"Criminal"}},{"type":"Feature","id":1031,"geometry":null,"properties":{"OBJECTID":1031,"ID":"1342","YEAR":2021,"REP_DATE":"Sat, 25 Sep 2021 00:00:00 GMT","OCC_DATE":"Sat, 25 Sep 2021 00:00:00 GMT","WEEKDAY":"Saturday","HATE_CRIME":"Race/Ethnicity","HC_MOTIVATION":"South Asian","HC_STATUS":"Hatecrime Happened","OFF_CATEG":"Assault Level 1","NB_NAME_EN":"Vanier North","SECTOR":"Sector 25","DIVISION":"Central","CENSUS_TRC":"5050102.00","WARD":"Ward 12 - Rideau-Vanier","COUNCILLOR":"Stéphanie Plante","OFF_TYPE":"Criminal"}},{"type":"Feature","id":1032,"geometry":null,"properties":{"OBJECTID":1032,"ID":"1343","YEAR":2022,"REP_DATE":"Mon, 05 Sep 2022 00:00:00 GMT","OCC_DATE":"Mon, 05 Sep 2022 00:00:00 GMT","WEEKDAY":"Monday","HATE_CRIME":"Race/Ethnicity","HC_MOTIVATION":"East and Southeast Asian","HC_STATUS":"Hatecrime Happened","OFF_CATEG":"Dispute- Disturbance","NB_NAME_EN":"Byward Market","SECTOR":"Sector 24","DIVISION":"Central","CENSUS_TRC":"5050054.00","WARD":"Ward 12 - Rideau-Vanier","COUNCILLOR":"Stéphanie Plante","OFF_TYPE":"Non Criminal"}},{"type":"Feature","id":1033,"geometry":null,"properties":{"OBJECTID":1033,"ID":"1344","YEAR":2022,"REP_DATE":"Sat, 31 Dec 2022 00:00:00 GMT","OCC_DATE":"Sat, 31 Dec 2022 00:00:00 GMT","WEEKDAY":"Saturday","HATE_CRIME":"Race/Ethnicity","HC_MOTIVATION":"Black","HC_STATUS":"Hatecrime Happened","OFF_CATEG":"Threats Utter To Person","NB_NAME_EN":"Vanier South","SECTOR":"Sector 25","DIVISION":"Central","CENSUS_TRC":"5050100.00","WARD":"Ward 12 - Rideau-Vanier","COUNCILLOR":"Stéphanie Plante","OFF_TYPE":"Criminal"}},{"type":"Feature","id":1034,"geometry":null,"properties":{"OBJECTID":1034,"ID":"1345","YEAR":2022,"REP_DATE":"Thu, 21 Apr 2022 00:00:00 GMT","OCC_DATE":"Thu, 21 Apr 2022 00:00:00 GMT","WEEKDAY":"Thursday","HATE_CRIME":"Race/Ethnicity","HC_MOTIVATION":"Arab(West Asian,Middle Eastern and North African origins)","HC_STATUS":"Hatecrime Happened","OFF_CATEG":"Trespass Act","NB_NAME_EN":"Overbrook - McArthur","SECTOR":"Sector 25","DIVISION":"Central","CENSUS_TRC":"5050013.00","WARD":"Ward 13 - Rideau-Rockcliffe","COUNCILLOR":"Rawlson King","OFF_TYPE":"Non Criminal"}},{"type":"Feature","id":1035,"geometry":null,"properties":{"OBJECTID":1035,"ID":"1346","YEAR":2022,"REP_DATE":"Sat, 15 Jan 2022 00:00:00 GMT","OCC_DATE":"Sat, 15 Jan 2022 00:00:00 GMT","WEEKDAY":"Saturday","HATE_CRIME":"Race/Ethnicity","HC_MOTIVATION":"Arab(West Asian,Middle Eastern and North African origins)","HC_STATUS":"Hatecrime Happened","OFF_CATEG":"Threats Utter To Person","NB_NAME_EN":"Lowertown","SECTOR":"Sector 24","DIVISION":"Central","CENSUS_TRC":"5050056.00","WARD":"Ward 12 - Rideau-Vanier","COUNCILLOR":"Stéphanie Plante","OFF_TYPE":"Criminal"}},{"type":"Feature","id":1036,"geometry":null,"properties":{"OBJECTID":1036,"ID":"1347","YEAR":2020,"REP_DATE":"Sun, 02 Aug 2020 00:00:00 GMT","OCC_DATE":"Wed, 29 Jul 2020 00:00:00 GMT","WEEKDAY":"Wednesday","HATE_CRIME":"Race/Ethnicity","HC_MOTIVATION":"Black","HC_STATUS":"Hatecrime Suspected","OFF_CATEG":"Mischief To Property","NB_NAME_EN":"Centretown","SECTOR":"Sector 23","DIVISION":"Central","CENSUS_TRC":"5050037.02","WARD":"Ward 14 - Somerset","COUNCILLOR":"Ariel Troster","OFF_TYPE":"Criminal"}},{"type":"Feature","id":1037,"geometry":null,"properties":{"OBJECTID":1037,"ID":"1348","YEAR":2022,"REP_DATE":"Mon, 24 Oct 2022 00:00:00 GMT","OCC_DATE":"Sat, 01 Oct 2022 00:00:00 GMT","WEEKDAY":"Saturday","HATE_CRIME":"Race/Ethnicity","HC_MOTIVATION":"White","HC_STATUS":"Hatecrime Happened","OFF_CATEG":"Harass Crim Stalking","NB_NAME_EN":"Billings Bridge - Alta Vista","SECTOR":"Sector 34","DIVISION":"East","CENSUS_TRC":"5050006.00","WARD":"Ward 18 - Alta Vista","COUNCILLOR":"Marty Carr","OFF_TYPE":"Criminal"}},{"type":"Feature","id":1038,"geometry":null,"properties":{"OBJECTID":1038,"ID":"1349","YEAR":2021,"REP_DATE":"Fri, 15 Oct 2021 00:00:00 GMT","OCC_DATE":"Thu, 14 Oct 2021 00:00:00 GMT","WEEKDAY":"Thursday","HATE_CRIME":"Religion","HC_MOTIVATION":"Catholic","HC_STATUS":"Hatecrime Suspected","OFF_CATEG":"Mischief To Property","NB_NAME_EN":"Glebe - Dows Lake","SECTOR":"Sector 22","DIVISION":"Central","CENSUS_TRC":"5050018.00","WARD":"Ward 17 - Capital","COUNCILLOR":"Shawn Menard","OFF_TYPE":"Criminal"}},{"type":"Feature","id":1039,"geometry":null,"properties":{"OBJECTID":1039,"ID":"1350","YEAR":2021,"REP_DATE":"Tue, 07 Dec 2021 00:00:00 GMT","OCC_DATE":"Mon, 22 Nov 2021 00:00:00 GMT","WEEKDAY":"Monday","HATE_CRIME":"Race/Ethnicity","HC_MOTIVATION":"Arab(West Asian,Middle Eastern and North African origins)","HC_STATUS":"Hatecrime Happened","OFF_CATEG":"Public Incitement Of Hatred","NB_NAME_EN":"Manotick East","SECTOR":"Sector 36","DIVISION":"East","CENSUS_TRC":"5050191.01","WARD":"Ward 20 - Osgoode","COUNCILLOR":"George Darouze","OFF_TYPE":"Criminal"}},{"type":"Feature","id":1040,"geometry":null,"properties":{"OBJECTID":1040,"ID":"1351","YEAR":2021,"REP_DATE":"Fri, 22 Jan 2021 00:00:00 GMT","OCC_DATE":"Fri, 22 Jan 2021 00:00:00 GMT","WEEKDAY":"Friday","HATE_CRIME":"Race/Ethnicity","HC_MOTIVATION":"Multiple Races/Ethnicities","HC_STATUS":"Hatecrime Happened","OFF_CATEG":"Mischief With Data","NB_NAME_EN":"Manotick East","SECTOR":"Sector 36","DIVISION":"East","CENSUS_TRC":"5050191.01","WARD":"Ward 20 - Osgoode","COUNCILLOR":"George Darouze","OFF_TYPE":"Criminal"}},{"type":"Feature","id":1041,"geometry":null,"properties":{"OBJECTID":1041,"ID":"1352","YEAR":2020,"REP_DATE":"Fri, 01 May 2020 00:00:00 GMT","OCC_DATE":"Fri, 01 May 2020 00:00:00 GMT","WEEKDAY":"Friday","HATE_CRIME":"Race/Ethnicity","HC_MOTIVATION":"Black","HC_STATUS":"Hatecrime Happened","OFF_CATEG":"Mischief To Property","NB_NAME_EN":"Manotick East","SECTOR":"Sector 36","DIVISION":"East","CENSUS_TRC":"5050191.01","WARD":"Ward 20 - Osgoode","COUNCILLOR":"George Darouze","OFF_TYPE":"Criminal"}},{"type":"Feature","id":1042,"geometry":null,"properties":{"OBJECTID":1042,"ID":"1353","YEAR":2021,"REP_DATE":"Fri, 05 Nov 2021 00:00:00 GMT","OCC_DATE":"Fri, 05 Nov 2021 00:00:00 GMT","WEEKDAY":"Friday","HATE_CRIME":"Religion","HC_MOTIVATION":"Jewish","HC_STATUS":"Hatecrime Happened","OFF_CATEG":"Mischief To Property","NB_NAME_EN":"Playfair Park - Lynda Park - Guildwood Estates","SECTOR":"Sector 34","DIVISION":"East","CENSUS_TRC":"5050007.03","WARD":"Ward 18 - Alta Vista","COUNCILLOR":"Marty Carr","OFF_TYPE":"Criminal"}},{"type":"Feature","id":1043,"geometry":null,"properties":{"OBJECTID":1043,"ID":"1354","YEAR":2021,"REP_DATE":"Mon, 10 May 2021 00:00:00 GMT","OCC_DATE":"Mon, 10 May 2021 00:00:00 GMT","WEEKDAY":"Monday","HATE_CRIME":"Religion","HC_MOTIVATION":"Jewish","HC_STATUS":"Hatecrime Happened","OFF_CATEG":"Mischief To Property","NB_NAME_EN":"Playfair Park - Lynda Park - Guildwood Estates","SECTOR":"Sector 34","DIVISION":"East","CENSUS_TRC":"5050007.03","WARD":"Ward 18 - Alta Vista","COUNCILLOR":"Marty Carr","OFF_TYPE":"Criminal"}},{"type":"Feature","id":1044,"geometry":null,"properties":{"OBJECTID":1044,"ID":"1355","YEAR":2022,"REP_DATE":"Thu, 02 Jun 2022 00:00:00 GMT","OCC_DATE":"Wed, 01 Jun 2022 00:00:00 GMT","WEEKDAY":"Wednesday","HATE_CRIME":"Race/Ethnicity","HC_MOTIVATION":"Black","HC_STATUS":"Hatecrime Happened","OFF_CATEG":"Mischief To Property","NB_NAME_EN":"Playfair Park - Lynda Park - Guildwood Estates","SECTOR":"Sector 34","DIVISION":"East","CENSUS_TRC":"5050007.01","WARD":"Ward 18 - Alta Vista","COUNCILLOR":"Marty Carr","OFF_TYPE":"Criminal"}},{"type":"Feature","id":1045,"geometry":null,"properties":{"OBJECTID":1045,"ID":"1356","YEAR":2022,"REP_DATE":"Wed, 13 Jul 2022 00:00:00 GMT","OCC_DATE":"Wed, 13 Jul 2022 00:00:00 GMT","WEEKDAY":"Wednesday","HATE_CRIME":"Sexual Orientation","HC_MOTIVATION":"LGBTQ2+","HC_STATUS":"Hatecrime Happened","OFF_CATEG":"Mischief To Property","NB_NAME_EN":"Playfair Park - Lynda Park - Guildwood Estates","SECTOR":"Sector 34","DIVISION":"East","CENSUS_TRC":"5050007.01","WARD":"Ward 18 - Alta Vista","COUNCILLOR":"Marty Carr","OFF_TYPE":"Criminal"}},{"type":"Feature","id":1046,"geometry":null,"properties":{"OBJECTID":1046,"ID":"1357","YEAR":2024,"REP_DATE":"Tue, 16 Jan 2024 00:00:00 GMT","OCC_DATE":"Sun, 14 Jan 2024 00:00:00 GMT","WEEKDAY":"Sunday","HATE_CRIME":"Religion","HC_MOTIVATION":"Muslim (Islam)","HC_STATUS":"Hatecrime Suspected","OFF_CATEG":"Mischief To Property","NB_NAME_EN":"Ledbury - Heron Gate - Ridgemont - Elmwood","SECTOR":"Sector 34","DIVISION":"East","CENSUS_TRC":"5050001.09","WARD":"Ward 10 - Gloucester-Southgate","COUNCILLOR":"Jessica Bradley","OFF_TYPE":"Criminal"}},{"type":"Feature","id":1047,"geometry":null,"properties":{"OBJECTID":1047,"ID":"1358","YEAR":2022,"REP_DATE":"Mon, 14 Mar 2022 00:00:00 GMT","OCC_DATE":"Sun, 13 Mar 2022 00:00:00 GMT","WEEKDAY":"Sunday","HATE_CRIME":"Race/Ethnicity","HC_MOTIVATION":"Unknown race/ethnicity","HC_STATUS":"Hatecrime Suspected","OFF_CATEG":"Mischief To Property","NB_NAME_EN":"Glebe - Dows Lake","SECTOR":"Sector 22","DIVISION":"Central","CENSUS_TRC":"5050018.00","WARD":"Ward 17 - Capital","COUNCILLOR":"Shawn Menard","OFF_TYPE":"Criminal"}},{"type":"Feature","id":1048,"geometry":null,"properties":{"OBJECTID":1048,"ID":"1359","YEAR":2023,"REP_DATE":"Sun, 15 Oct 2023 00:00:00 GMT","OCC_DATE":"Sun, 15 Oct 2023 00:00:00 GMT","WEEKDAY":"Sunday","HATE_CRIME":"Religion","HC_MOTIVATION":"Jewish","HC_STATUS":"Hatecrime Happened","OFF_CATEG":"Mischief To Property","NB_NAME_EN":"Sandy Hill - Ottawa East","SECTOR":"Sector 24","DIVISION":"Central","CENSUS_TRC":"5050050.00","WARD":"Ward 12 - Rideau-Vanier","COUNCILLOR":"Stéphanie Plante","OFF_TYPE":"Criminal"}},{"type":"Feature","id":1049,"geometry":null,"properties":{"OBJECTID":1049,"ID":"1360","YEAR":2023,"REP_DATE":"Thu, 21 Dec 2023 00:00:00 GMT","OCC_DATE":"Thu, 21 Dec 2023 00:00:00 GMT","WEEKDAY":"Thursday","HATE_CRIME":"Religion","HC_MOTIVATION":"Jewish","HC_STATUS":"Hatecrime Happened","OFF_CATEG":"Threats Utter To Person","NB_NAME_EN":"Playfair Park - Lynda Park - Guildwood Estates","SECTOR":"Sector 34","DIVISION":"East","CENSUS_TRC":"5050007.03","WARD":"Ward 18 - Alta Vista","COUNCILLOR":"Marty Carr","OFF_TYPE":"Criminal"}},{"type":"Feature","id":1050,"geometry":null,"properties":{"OBJECTID":1050,"ID":"1361","YEAR":2023,"REP_DATE":"Fri, 03 Nov 2023 00:00:00 GMT","OCC_DATE":"Fri, 03 Nov 2023 00:00:00 GMT","WEEKDAY":"Friday","HATE_CRIME":"Religion","HC_MOTIVATION":"Jewish","HC_STATUS":"Hatecrime Happened","OFF_CATEG":"Harass Crim Stalking","NB_NAME_EN":"Playfair Park - Lynda Park - Guildwood Estates","SECTOR":"Sector 34","DIVISION":"East","CENSUS_TRC":"5050007.03","WARD":"Ward 18 - Alta Vista","COUNCILLOR":"Marty Carr","OFF_TYPE":"Criminal"}},{"type":"Feature","id":1051,"geometry":null,"properties":{"OBJECTID":1051,"ID":"1362","YEAR":2023,"REP_DATE":"Mon, 09 Oct 2023 00:00:00 GMT","OCC_DATE":"Mon, 09 Oct 2023 00:00:00 GMT","WEEKDAY":"Monday","HATE_CRIME":"Religion","HC_MOTIVATION":"Jewish","HC_STATUS":"Hatecrime Happened","OFF_CATEG":"Threats To Property/ Animal","NB_NAME_EN":"Playfair Park - Lynda Park - Guildwood Estates","SECTOR":"Sector 34","DIVISION":"East","CENSUS_TRC":"5050007.03","WARD":"Ward 18 - Alta Vista","COUNCILLOR":"Marty Carr","OFF_TYPE":"Criminal"}},{"type":"Feature","id":1052,"geometry":null,"properties":{"OBJECTID":1052,"ID":"1363","YEAR":2024,"REP_DATE":"Wed, 10 Jan 2024 00:00:00 GMT","OCC_DATE":"Sun, 17 Dec 2023 00:00:00 GMT","WEEKDAY":"Sunday","HATE_CRIME":"Race/Ethnicity","HC_MOTIVATION":"Arab(West Asian,Middle Eastern and North African origins)","HC_STATUS":"Hatecrime Happened","OFF_CATEG":"Mischief Hate Cultrl/ Rel Prop","NB_NAME_EN":"Playfair Park - Lynda Park - Guildwood Estates","SECTOR":"Sector 34","DIVISION":"East","CENSUS_TRC":"5050007.03","WARD":"Ward 18 - Alta Vista","COUNCILLOR":"Marty Carr","OFF_TYPE":"Criminal"}},{"type":"Feature","id":1053,"geometry":null,"properties":{"OBJECTID":1053,"ID":"1364","YEAR":2023,"REP_DATE":"Mon, 05 Jun 2023 00:00:00 GMT","OCC_DATE":"Sat, 03 Jun 2023 00:00:00 GMT","WEEKDAY":"Saturday","HATE_CRIME":"Unknown","HC_MOTIVATION":"Unknown","HC_STATUS":"Hatecrime Happened","OFF_CATEG":"Mischief To Property","NB_NAME_EN":"Cummings","SECTOR":"Sector 32","DIVISION":"East","CENSUS_TRC":"5050012.00","WARD":"Ward 13 - Rideau-Rockcliffe","COUNCILLOR":"Rawlson King","OFF_TYPE":"Criminal"}},{"type":"Feature","id":1054,"geometry":null,"properties":{"OBJECTID":1054,"ID":"1365","YEAR":2021,"REP_DATE":"Thu, 10 Jun 2021 00:00:00 GMT","OCC_DATE":"Thu, 10 Jun 2021 00:00:00 GMT","WEEKDAY":"Thursday","HATE_CRIME":"Gender","HC_MOTIVATION":"Woman","HC_STATUS":"Hatecrime Suspected","OFF_CATEG":"Dispute- Disturbance","NB_NAME_EN":"Overbrook - McArthur","SECTOR":"Sector 25","DIVISION":"Central","CENSUS_TRC":"5050013.00","WARD":"Ward 13 - Rideau-Rockcliffe","COUNCILLOR":"Rawlson King","OFF_TYPE":"Non Criminal"}},{"type":"Feature","id":1055,"geometry":null,"properties":{"OBJECTID":1055,"ID":"1366","YEAR":2021,"REP_DATE":"Sun, 14 Nov 2021 00:00:00 GMT","OCC_DATE":"Sun, 14 Nov 2021 00:00:00 GMT","WEEKDAY":"Sunday","HATE_CRIME":"Religion","HC_MOTIVATION":"Jewish","HC_STATUS":"Hatecrime Happened","OFF_CATEG":"Mischief To Property","NB_NAME_EN":"Ledbury - Heron Gate - Ridgemont - Elmwood","SECTOR":"Sector 34","DIVISION":"East","CENSUS_TRC":"5050001.09","WARD":"Ward 10 - Gloucester-Southgate","COUNCILLOR":"Jessica Bradley","OFF_TYPE":"Criminal"}},{"type":"Feature","id":1056,"geometry":null,"properties":{"OBJECTID":1056,"ID":"1367","YEAR":2021,"REP_DATE":"Thu, 07 Jan 2021 00:00:00 GMT","OCC_DATE":"Tue, 05 Jan 2021 00:00:00 GMT","WEEKDAY":"Tuesday","HATE_CRIME":"Race/Ethnicity","HC_MOTIVATION":"Black","HC_STATUS":"Hatecrime Happened","OFF_CATEG":"Mischief To Property","NB_NAME_EN":"Hunt Club Upper -Blossom Park - Timbermill","SECTOR":"Sector 35","DIVISION":"East","CENSUS_TRC":"5050123.04","WARD":"Ward 10 - Gloucester-Southgate","COUNCILLOR":"Jessica Bradley","OFF_TYPE":"Criminal"}},{"type":"Feature","id":1057,"geometry":null,"properties":{"OBJECTID":1057,"ID":"1368","YEAR":2024,"REP_DATE":"Sun, 11 Feb 2024 00:00:00 GMT","OCC_DATE":"Sun, 11 Feb 2024 00:00:00 GMT","WEEKDAY":"Sunday","HATE_CRIME":"Immigrants/Newcomers to Canada","HC_MOTIVATION":"Immigrants/Newcomers to Canada","HC_STATUS":"Hatecrime Happened","OFF_CATEG":"Harass Harrassment","NB_NAME_EN":"Ledbury - Heron Gate - Ridgemont - Elmwood","SECTOR":"Sector 34","DIVISION":"East","CENSUS_TRC":"5050007.02","WARD":"Ward 18 - Alta Vista","COUNCILLOR":"Marty Carr","OFF_TYPE":"Non Criminal"}},{"type":"Feature","id":1058,"geometry":null,"properties":{"OBJECTID":1058,"ID":"1369","YEAR":2020,"REP_DATE":"Mon, 18 May 2020 00:00:00 GMT","OCC_DATE":"Mon, 18 May 2020 00:00:00 GMT","WEEKDAY":"Monday","HATE_CRIME":"Race/Ethnicity","HC_MOTIVATION":"Arab(West Asian,Middle Eastern and North African origins)","HC_STATUS":"Hatecrime Suspected","OFF_CATEG":"Assault Level 1","NB_NAME_EN":"Glebe - Dows Lake","SECTOR":"Sector 22","DIVISION":"Central","CENSUS_TRC":"5050018.00","WARD":"Ward 17 - Capital","COUNCILLOR":"Shawn Menard","OFF_TYPE":"Criminal"}},{"type":"Feature","id":1059,"geometry":null,"properties":{"OBJECTID":1059,"ID":"1370","YEAR":2022,"REP_DATE":"Fri, 04 Feb 2022 00:00:00 GMT","OCC_DATE":"Fri, 04 Feb 2022 00:00:00 GMT","WEEKDAY":"Friday","HATE_CRIME":"Race/Ethnicity","HC_MOTIVATION":"Black","HC_STATUS":"Hatecrime Suspected","OFF_CATEG":"Harass Communications","NB_NAME_EN":"Glebe - Dows Lake","SECTOR":"Sector 22","DIVISION":"Central","CENSUS_TRC":"5050018.00","WARD":"Ward 17 - Capital","COUNCILLOR":"Shawn Menard","OFF_TYPE":"Criminal"}},{"type":"Feature","id":1060,"geometry":null,"properties":{"OBJECTID":1060,"ID":"1371","YEAR":2018,"REP_DATE":"Tue, 03 Apr 2018 00:00:00 GMT","OCC_DATE":"Tue, 03 Apr 2018 00:00:00 GMT","WEEKDAY":"Tuesday","HATE_CRIME":"Religion","HC_MOTIVATION":"Jewish","HC_STATUS":"Hatecrime Happened","OFF_CATEG":"Mischief To Property","NB_NAME_EN":"Lowertown","SECTOR":"Sector 24","DIVISION":"Central","CENSUS_TRC":"5050054.00","WARD":"Ward 12 - Rideau-Vanier","COUNCILLOR":"Stéphanie Plante","OFF_TYPE":"Criminal"}},{"type":"Feature","id":1061,"geometry":null,"properties":{"OBJECTID":1061,"ID":"1372","YEAR":2021,"REP_DATE":"Thu, 29 Jul 2021 00:00:00 GMT","OCC_DATE":"Thu, 29 Jul 2021 00:00:00 GMT","WEEKDAY":"Thursday","HATE_CRIME":"Race/Ethnicity","HC_MOTIVATION":"Black","HC_STATUS":"Hatecrime Happened","OFF_CATEG":"Threats Utter To Person","NB_NAME_EN":"Cummings","SECTOR":"Sector 32","DIVISION":"East","CENSUS_TRC":"5050061.00","WARD":"Ward 13 - Rideau-Rockcliffe","COUNCILLOR":"Rawlson King","OFF_TYPE":"Criminal"}},{"type":"Feature","id":1062,"geometry":null,"properties":{"OBJECTID":1062,"ID":"1373","YEAR":2024,"REP_DATE":"Sun, 28 Jan 2024 00:00:00 GMT","OCC_DATE":"Sun, 28 Jan 2024 00:00:00 GMT","WEEKDAY":"Sunday","HATE_CRIME":"Religion","HC_MOTIVATION":"Muslim (Islam)","HC_STATUS":"Hatecrime Happened","OFF_CATEG":"Dispute- Disturbance","NB_NAME_EN":"Overbrook - McArthur","SECTOR":"Sector 25","DIVISION":"Central","CENSUS_TRC":"5050012.00","WARD":"Ward 13 - Rideau-Rockcliffe","COUNCILLOR":"Rawlson King","OFF_TYPE":"Non Criminal"}},{"type":"Feature","id":1063,"geometry":null,"properties":{"OBJECTID":1063,"ID":"1374","YEAR":2023,"REP_DATE":"Mon, 27 Feb 2023 00:00:00 GMT","OCC_DATE":"Mon, 27 Feb 2023 00:00:00 GMT","WEEKDAY":"Monday","HATE_CRIME":"Race/Ethnicity","HC_MOTIVATION":"Black","HC_STATUS":"Hatecrime Happened","OFF_CATEG":"Assault Level 1","NB_NAME_EN":"CFB Rockcliffe-NRC","SECTOR":"Sector 32","DIVISION":"East","CENSUS_TRC":"5050060.00","WARD":"Ward 13 - Rideau-Rockcliffe","COUNCILLOR":"Rawlson King","OFF_TYPE":"Criminal"}},{"type":"Feature","id":1064,"geometry":null,"properties":{"OBJECTID":1064,"ID":"1375","YEAR":2020,"REP_DATE":"Mon, 05 Oct 2020 00:00:00 GMT","OCC_DATE":"Mon, 05 Oct 2020 00:00:00 GMT","WEEKDAY":"Monday","HATE_CRIME":"Race/Ethnicity","HC_MOTIVATION":"Black","HC_STATUS":"Hatecrime Suspected","OFF_CATEG":"Suspicious Motor Vehicle","NB_NAME_EN":"Ledbury - Heron Gate - Ridgemont - Elmwood","SECTOR":"Sector 34","DIVISION":"East","CENSUS_TRC":"5050001.09","WARD":"Ward 10 - Gloucester-Southgate","COUNCILLOR":"Jessica Bradley","OFF_TYPE":"Non Criminal"}},{"type":"Feature","id":1065,"geometry":null,"properties":{"OBJECTID":1065,"ID":"1376","YEAR":2021,"REP_DATE":"Sat, 10 Jul 2021 00:00:00 GMT","OCC_DATE":"Sat, 10 Jul 2021 00:00:00 GMT","WEEKDAY":"Saturday","HATE_CRIME":"Race/Ethnicity","HC_MOTIVATION":"Black","HC_STATUS":"Hatecrime Happened","OFF_CATEG":"Mischief To Property","NB_NAME_EN":"Centretown","SECTOR":"Sector 23","DIVISION":"Central","CENSUS_TRC":"5050037.02","WARD":"Ward 14 - Somerset","COUNCILLOR":"Ariel Troster","OFF_TYPE":"Criminal"}},{"type":"Feature","id":1066,"geometry":null,"properties":{"OBJECTID":1066,"ID":"1377","YEAR":2022,"REP_DATE":"Tue, 08 Mar 2022 00:00:00 GMT","OCC_DATE":"Mon, 07 Mar 2022 00:00:00 GMT","WEEKDAY":"Monday","HATE_CRIME":"Race/Ethnicity","HC_MOTIVATION":"Indigenous/Aboriginal","HC_STATUS":"Hatecrime Happened","OFF_CATEG":"Dispute- Neighbour","NB_NAME_EN":"Overbrook - McArthur","SECTOR":"Sector 25","DIVISION":"Central","CENSUS_TRC":"5050012.00","WARD":"Ward 13 - Rideau-Rockcliffe","COUNCILLOR":"Rawlson King","OFF_TYPE":"Non Criminal"}},{"type":"Feature","id":1067,"geometry":null,"properties":{"OBJECTID":1067,"ID":"1378","YEAR":2021,"REP_DATE":"Thu, 27 May 2021 00:00:00 GMT","OCC_DATE":"Wed, 26 May 2021 00:00:00 GMT","WEEKDAY":"Wednesday","HATE_CRIME":"Race/Ethnicity","HC_MOTIVATION":"Indigenous/Aboriginal","HC_STATUS":"Hatecrime Suspected","OFF_CATEG":"Threats Utter To Person","NB_NAME_EN":"Overbrook - McArthur","SECTOR":"Sector 25","DIVISION":"Central","CENSUS_TRC":"5050012.00","WARD":"Ward 13 - Rideau-Rockcliffe","COUNCILLOR":"Rawlson King","OFF_TYPE":"Criminal"}},{"type":"Feature","id":1068,"geometry":null,"properties":{"OBJECTID":1068,"ID":"1379","YEAR":2021,"REP_DATE":"Mon, 31 May 2021 00:00:00 GMT","OCC_DATE":"Mon, 31 May 2021 00:00:00 GMT","WEEKDAY":"Monday","HATE_CRIME":"Religion","HC_MOTIVATION":"Jewish","HC_STATUS":"Hatecrime Happened","OFF_CATEG":"Mischief To Property","NB_NAME_EN":"Lowertown","SECTOR":"Sector 24","DIVISION":"Central","CENSUS_TRC":"5050053.00","WARD":"Ward 12 - Rideau-Vanier","COUNCILLOR":"Stéphanie Plante","OFF_TYPE":"Criminal"}},{"type":"Feature","id":1069,"geometry":null,"properties":{"OBJECTID":1069,"ID":"1380","YEAR":2022,"REP_DATE":"Tue, 21 Jun 2022 00:00:00 GMT","OCC_DATE":"Tue, 21 Jun 2022 00:00:00 GMT","WEEKDAY":"Tuesday","HATE_CRIME":"Race/Ethnicity","HC_MOTIVATION":"Arab(West Asian,Middle Eastern and North African origins)","HC_STATUS":"Hatecrime Suspected","OFF_CATEG":"Dispute- Disturbance","NB_NAME_EN":"Vanier South","SECTOR":"Sector 25","DIVISION":"Central","CENSUS_TRC":"5050100.00","WARD":"Ward 12 - Rideau-Vanier","COUNCILLOR":"Stéphanie Plante","OFF_TYPE":"Non Criminal"}},{"type":"Feature","id":1070,"geometry":null,"properties":{"OBJECTID":1070,"ID":"1381","YEAR":2022,"REP_DATE":"Thu, 17 Nov 2022 00:00:00 GMT","OCC_DATE":"Thu, 17 Nov 2022 00:00:00 GMT","WEEKDAY":"Thursday","HATE_CRIME":"Race/Ethnicity","HC_MOTIVATION":"Unknown race/ethnicity","HC_STATUS":"Hatecrime Suspected","OFF_CATEG":"Dispute- Neighbour","NB_NAME_EN":"Vanier South","SECTOR":"Sector 25","DIVISION":"Central","CENSUS_TRC":"5050100.00","WARD":"Ward 12 - Rideau-Vanier","COUNCILLOR":"Stéphanie Plante","OFF_TYPE":"Non Criminal"}},{"type":"Feature","id":1071,"geometry":null,"properties":{"OBJECTID":1071,"ID":"1382","YEAR":2022,"REP_DATE":"Mon, 14 Mar 2022 00:00:00 GMT","OCC_DATE":"Mon, 14 Mar 2022 00:00:00 GMT","WEEKDAY":"Monday","HATE_CRIME":"Race/Ethnicity","HC_MOTIVATION":"Black","HC_STATUS":"Hatecrime Happened","OFF_CATEG":"Harass Race/ Religion","NB_NAME_EN":"Vanier South","SECTOR":"Sector 25","DIVISION":"Central","CENSUS_TRC":"5050100.00","WARD":"Ward 12 - Rideau-Vanier","COUNCILLOR":"Stéphanie Plante","OFF_TYPE":"Non Criminal"}},{"type":"Feature","id":1072,"geometry":null,"properties":{"OBJECTID":1072,"ID":"1383","YEAR":2023,"REP_DATE":"Sun, 11 Jun 2023 00:00:00 GMT","OCC_DATE":"Sun, 11 Jun 2023 00:00:00 GMT","WEEKDAY":"Sunday","HATE_CRIME":"Sexual Orientation","HC_MOTIVATION":"LGBTQ2+","HC_STATUS":"Hatecrime Suspected","OFF_CATEG":"Dispute- Neighbour","NB_NAME_EN":"Overbrook - McArthur","SECTOR":"Sector 25","DIVISION":"Central","CENSUS_TRC":"5050012.00","WARD":"Ward 13 - Rideau-Rockcliffe","COUNCILLOR":"Rawlson King","OFF_TYPE":"Non Criminal"}},{"type":"Feature","id":1073,"geometry":null,"properties":{"OBJECTID":1073,"ID":"1384","YEAR":2021,"REP_DATE":"Sun, 17 Oct 2021 00:00:00 GMT","OCC_DATE":"Sat, 16 Oct 2021 00:00:00 GMT","WEEKDAY":"Saturday","HATE_CRIME":"Race/Ethnicity","HC_MOTIVATION":"Black","HC_STATUS":"Hatecrime Suspected","OFF_CATEG":"Mischief To Property","NB_NAME_EN":"Hunt Club Park","SECTOR":"Sector 33","DIVISION":"East","CENSUS_TRC":"5050001.07","WARD":"Ward 10 - Gloucester-Southgate","COUNCILLOR":"Jessica Bradley","OFF_TYPE":"Criminal"}},{"type":"Feature","id":1074,"geometry":null,"properties":{"OBJECTID":1074,"ID":"1385","YEAR":2023,"REP_DATE":"Thu, 29 Jun 2023 00:00:00 GMT","OCC_DATE":"Mon, 21 Nov 2022 00:00:00 GMT","WEEKDAY":"Monday","HATE_CRIME":"Combination (More than 2 Motivations)","HC_MOTIVATION":"Combination (More than 2 Motivations)","HC_STATUS":"Hatecrime Suspected","OFF_CATEG":"Harass Race/ Religion","NB_NAME_EN":"CFB Rockcliffe-NRC","SECTOR":"Sector 32","DIVISION":"East","CENSUS_TRC":"5050062.02","WARD":"Ward 13 - Rideau-Rockcliffe","COUNCILLOR":"Rawlson King","OFF_TYPE":"Non Criminal"}},{"type":"Feature","id":1075,"geometry":null,"properties":{"OBJECTID":1075,"ID":"1386","YEAR":2023,"REP_DATE":"Sun, 27 Aug 2023 00:00:00 GMT","OCC_DATE":"Sun, 27 Aug 2023 00:00:00 GMT","WEEKDAY":"Sunday","HATE_CRIME":"Unknown","HC_MOTIVATION":"Unknown","HC_STATUS":"Hatecrime Suspected","OFF_CATEG":"Mischief To Property","NB_NAME_EN":"Notre-Dame Cemetery","SECTOR":"Sector 25","DIVISION":"Central","CENSUS_TRC":"5050060.00","WARD":"Ward 12 - Rideau-Vanier","COUNCILLOR":"Stéphanie Plante","OFF_TYPE":"Criminal"}},{"type":"Feature","id":1076,"geometry":null,"properties":{"OBJECTID":1076,"ID":"1387","YEAR":2020,"REP_DATE":"Fri, 03 Jul 2020 00:00:00 GMT","OCC_DATE":"Fri, 03 Jul 2020 00:00:00 GMT","WEEKDAY":"Friday","HATE_CRIME":"Religion","HC_MOTIVATION":"Unknown Religion","HC_STATUS":"Hatecrime Suspected","OFF_CATEG":"Mischief Cultural Property","NB_NAME_EN":"Notre-Dame Cemetery","SECTOR":"Sector 25","DIVISION":"Central","CENSUS_TRC":"5050060.00","WARD":"Ward 12 - Rideau-Vanier","COUNCILLOR":"Stéphanie Plante","OFF_TYPE":"Criminal"}},{"type":"Feature","id":1077,"geometry":null,"properties":{"OBJECTID":1077,"ID":"1388","YEAR":2020,"REP_DATE":"Fri, 15 May 2020 00:00:00 GMT","OCC_DATE":"Fri, 15 May 2020 00:00:00 GMT","WEEKDAY":"Friday","HATE_CRIME":"Race/Ethnicity","HC_MOTIVATION":"East and Southeast Asian","HC_STATUS":"Hatecrime Happened","OFF_CATEG":"Mischief To Property","NB_NAME_EN":"Centretown","SECTOR":"Sector 23","DIVISION":"Central","CENSUS_TRC":"5050037.02","WARD":"Ward 14 - Somerset","COUNCILLOR":"Ariel Troster","OFF_TYPE":"Criminal"}},{"type":"Feature","id":1078,"geometry":null,"properties":{"OBJECTID":1078,"ID":"1389","YEAR":2024,"REP_DATE":"Mon, 12 Feb 2024 00:00:00 GMT","OCC_DATE":"Mon, 12 Feb 2024 00:00:00 GMT","WEEKDAY":"Monday","HATE_CRIME":"Combination (More than 2 Motivations)","HC_MOTIVATION":"Combination (More than 2 Motivations)","HC_STATUS":"Hatecrime Happened","OFF_CATEG":"Mischief To Property","NB_NAME_EN":"Riverside Park","SECTOR":"Sector 34","DIVISION":"East","CENSUS_TRC":"5050003.00","WARD":"Ward 16 - River","COUNCILLOR":"Riley Brockington","OFF_TYPE":"Criminal"}},{"type":"Feature","id":1079,"geometry":null,"properties":{"OBJECTID":1079,"ID":"1390","YEAR":2023,"REP_DATE":"Fri, 28 Jul 2023 00:00:00 GMT","OCC_DATE":"Fri, 28 Jul 2023 00:00:00 GMT","WEEKDAY":"Friday","HATE_CRIME":"Combination (More than 2 Motivations)","HC_MOTIVATION":"Combination (More than 2 Motivations)","HC_STATUS":"Hatecrime Happened","OFF_CATEG":"Mha -  Other","NB_NAME_EN":"Lowertown","SECTOR":"Sector 24","DIVISION":"Central","CENSUS_TRC":"5050056.00","WARD":"Ward 12 - Rideau-Vanier","COUNCILLOR":"Stéphanie Plante","OFF_TYPE":"Non Criminal"}},{"type":"Feature","id":1080,"geometry":null,"properties":{"OBJECTID":1080,"ID":"1391","YEAR":2023,"REP_DATE":"Tue, 20 Jun 2023 00:00:00 GMT","OCC_DATE":"Sun, 18 Jun 2023 00:00:00 GMT","WEEKDAY":"Sunday","HATE_CRIME":"Race/Ethnicity","HC_MOTIVATION":"Other race/ethnicity","HC_STATUS":"Hatecrime Suspected","OFF_CATEG":"Dispute- Disturbance","NB_NAME_EN":"Beacon Hill South - Cardinal Heights","SECTOR":"Sector 32","DIVISION":"East","CENSUS_TRC":"5050121.02","WARD":"Ward 11 - Beacon Hill-Cyrville","COUNCILLOR":"Tim Tierney","OFF_TYPE":"Non Criminal"}},{"type":"Feature","id":1081,"geometry":null,"properties":{"OBJECTID":1081,"ID":"1392","YEAR":2020,"REP_DATE":"Fri, 04 Sep 2020 00:00:00 GMT","OCC_DATE":"Fri, 04 Sep 2020 00:00:00 GMT","WEEKDAY":"Friday","HATE_CRIME":"Race/Ethnicity","HC_MOTIVATION":"Black","HC_STATUS":"Hatecrime Happened","OFF_CATEG":"Harass Crim Stalking","NB_NAME_EN":"Lowertown","SECTOR":"Sector 24","DIVISION":"Central","CENSUS_TRC":"5050056.00","WARD":"Ward 12 - Rideau-Vanier","COUNCILLOR":"Stéphanie Plante","OFF_TYPE":"Criminal"}},{"type":"Feature","id":1082,"geometry":null,"properties":{"OBJECTID":1082,"ID":"1393","YEAR":2020,"REP_DATE":"Sun, 14 Jun 2020 00:00:00 GMT","OCC_DATE":"Sun, 14 Jun 2020 00:00:00 GMT","WEEKDAY":"Sunday","HATE_CRIME":"Race/Ethnicity","HC_MOTIVATION":"Black","HC_STATUS":"Hatecrime Happened","OFF_CATEG":"Threats Utter To Person","NB_NAME_EN":"Lowertown","SECTOR":"Sector 24","DIVISION":"Central","CENSUS_TRC":"5050056.00","WARD":"Ward 12 - Rideau-Vanier","COUNCILLOR":"Stéphanie Plante","OFF_TYPE":"Criminal"}},{"type":"Feature","id":1083,"geometry":null,"properties":{"OBJECTID":1083,"ID":"1394","YEAR":2020,"REP_DATE":"Tue, 21 Apr 2020 00:00:00 GMT","OCC_DATE":"Tue, 21 Apr 2020 00:00:00 GMT","WEEKDAY":"Tuesday","HATE_CRIME":"Race/Ethnicity","HC_MOTIVATION":"Black","HC_STATUS":"Hatecrime Happened","OFF_CATEG":"Threats Utter To Person","NB_NAME_EN":"Lowertown","SECTOR":"Sector 24","DIVISION":"Central","CENSUS_TRC":"5050056.00","WARD":"Ward 12 - Rideau-Vanier","COUNCILLOR":"Stéphanie Plante","OFF_TYPE":"Criminal"}},{"type":"Feature","id":1084,"geometry":null,"properties":{"OBJECTID":1084,"ID":"1395","YEAR":2022,"REP_DATE":"Sat, 21 May 2022 00:00:00 GMT","OCC_DATE":"Sat, 21 May 2022 00:00:00 GMT","WEEKDAY":"Saturday","HATE_CRIME":"Race/Ethnicity","HC_MOTIVATION":"Black","HC_STATUS":"Hatecrime Happened","OFF_CATEG":"Dispute- Neighbour","NB_NAME_EN":"Greenboro East","SECTOR":"Sector 35","DIVISION":"East","CENSUS_TRC":"5050001.06","WARD":"Ward 10 - Gloucester-Southgate","COUNCILLOR":"Jessica Bradley","OFF_TYPE":"Non Criminal"}},{"type":"Feature","id":1085,"geometry":null,"properties":{"OBJECTID":1085,"ID":"1396","YEAR":2019,"REP_DATE":"Sun, 26 May 2019 00:00:00 GMT","OCC_DATE":"Sun, 26 May 2019 00:00:00 GMT","WEEKDAY":"Sunday","HATE_CRIME":"Race/Ethnicity","HC_MOTIVATION":"Black","HC_STATUS":"Hatecrime Happened","OFF_CATEG":"Mischief To Property","NB_NAME_EN":"Hunt Club Park","SECTOR":"Sector 33","DIVISION":"East","CENSUS_TRC":"5050001.07","WARD":"Ward 10 - Gloucester-Southgate","COUNCILLOR":"Jessica Bradley","OFF_TYPE":"Criminal"}},{"type":"Feature","id":1086,"geometry":null,"properties":{"OBJECTID":1086,"ID":"1397","YEAR":2024,"REP_DATE":"Fri, 02 Feb 2024 00:00:00 GMT","OCC_DATE":"Fri, 02 Feb 2024 00:00:00 GMT","WEEKDAY":"Friday","HATE_CRIME":"Race/Ethnicity","HC_MOTIVATION":"Indigenous/Aboriginal","HC_STATUS":"Hatecrime Suspected","OFF_CATEG":"Mischief To Property","NB_NAME_EN":"CFB Rockcliffe-NRC","SECTOR":"Sector 32","DIVISION":"East","CENSUS_TRC":"5050062.02","WARD":"Ward 13 - Rideau-Rockcliffe","COUNCILLOR":"Rawlson King","OFF_TYPE":"Criminal"}},{"type":"Feature","id":1087,"geometry":null,"properties":{"OBJECTID":1087,"ID":"1398","YEAR":2023,"REP_DATE":"Thu, 06 Apr 2023 00:00:00 GMT","OCC_DATE":"Thu, 06 Apr 2023 00:00:00 GMT","WEEKDAY":"Thursday","HATE_CRIME":"Religion","HC_MOTIVATION":"Other Religion","HC_STATUS":"Hatecrime Happened","OFF_CATEG":"Assault Level 1","NB_NAME_EN":"CFB Rockcliffe-NRC","SECTOR":"Sector 32","DIVISION":"East","CENSUS_TRC":"5050062.02","WARD":"Ward 13 - Rideau-Rockcliffe","COUNCILLOR":"Rawlson King","OFF_TYPE":"Criminal"}},{"type":"Feature","id":1088,"geometry":null,"properties":{"OBJECTID":1088,"ID":"1399","YEAR":2022,"REP_DATE":"Thu, 13 Oct 2022 00:00:00 GMT","OCC_DATE":"Thu, 13 Oct 2022 00:00:00 GMT","WEEKDAY":"Thursday","HATE_CRIME":"Religion","HC_MOTIVATION":"Muslim (Islam)","HC_STATUS":"Hatecrime Happened","OFF_CATEG":"Dispute- Disturbance","NB_NAME_EN":"Greenboro East","SECTOR":"Sector 35","DIVISION":"East","CENSUS_TRC":"5050001.06","WARD":"Ward 10 - Gloucester-Southgate","COUNCILLOR":"Jessica Bradley","OFF_TYPE":"Non Criminal"}},{"type":"Feature","id":1089,"geometry":null,"properties":{"OBJECTID":1089,"ID":"1400","YEAR":2021,"REP_DATE":"Tue, 13 Apr 2021 00:00:00 GMT","OCC_DATE":"Mon, 12 Apr 2021 00:00:00 GMT","WEEKDAY":"Monday","HATE_CRIME":"Race/Ethnicity","HC_MOTIVATION":"East and Southeast Asian","HC_STATUS":"Hatecrime Suspected","OFF_CATEG":"Suspicious Circumstance( S)","NB_NAME_EN":"Greenboro East","SECTOR":"Sector 35","DIVISION":"East","CENSUS_TRC":"5050001.06","WARD":"Ward 10 - Gloucester-Southgate","COUNCILLOR":"Jessica Bradley","OFF_TYPE":"Non Criminal"}},{"type":"Feature","id":1090,"geometry":null,"properties":{"OBJECTID":1090,"ID":"1401","YEAR":2020,"REP_DATE":"Sun, 18 Oct 2020 00:00:00 GMT","OCC_DATE":"Sun, 18 Oct 2020 00:00:00 GMT","WEEKDAY":"Sunday","HATE_CRIME":"Race/Ethnicity","HC_MOTIVATION":"Black","HC_STATUS":"Hatecrime Suspected","OFF_CATEG":"Mischief To Property","NB_NAME_EN":"Sandy Hill - Ottawa East","SECTOR":"Sector 24","DIVISION":"Central","CENSUS_TRC":"5050050.00","WARD":"Ward 12 - Rideau-Vanier","COUNCILLOR":"Stéphanie Plante","OFF_TYPE":"Criminal"}},{"type":"Feature","id":1091,"geometry":null,"properties":{"OBJECTID":1091,"ID":"1402","YEAR":2020,"REP_DATE":"Wed, 05 Feb 2020 00:00:00 GMT","OCC_DATE":"Tue, 04 Feb 2020 00:00:00 GMT","WEEKDAY":"Tuesday","HATE_CRIME":"Religion","HC_MOTIVATION":"Catholic","HC_STATUS":"Hatecrime Happened","OFF_CATEG":"Mischief Hate Cultrl/ Rel Prop","NB_NAME_EN":"Sandy Hill - Ottawa East","SECTOR":"Sector 24","DIVISION":"Central","CENSUS_TRC":"5050050.00","WARD":"Ward 12 - Rideau-Vanier","COUNCILLOR":"Stéphanie Plante","OFF_TYPE":"Criminal"}},{"type":"Feature","id":1092,"geometry":null,"properties":{"OBJECTID":1092,"ID":"1403","YEAR":2020,"REP_DATE":"Mon, 23 Mar 2020 00:00:00 GMT","OCC_DATE":"Mon, 23 Mar 2020 00:00:00 GMT","WEEKDAY":"Monday","HATE_CRIME":"Religion","HC_MOTIVATION":"Catholic","HC_STATUS":"Hatecrime Happened","OFF_CATEG":"Mischief Hate Cultrl/ Rel Prop","NB_NAME_EN":"Sandy Hill - Ottawa East","SECTOR":"Sector 24","DIVISION":"Central","CENSUS_TRC":"5050050.00","WARD":"Ward 12 - Rideau-Vanier","COUNCILLOR":"Stéphanie Plante","OFF_TYPE":"Criminal"}},{"type":"Feature","id":1093,"geometry":null,"properties":{"OBJECTID":1093,"ID":"1404","YEAR":2019,"REP_DATE":"Tue, 17 Sep 2019 00:00:00 GMT","OCC_DATE":"Wed, 11 Sep 2019 00:00:00 GMT","WEEKDAY":"Wednesday","HATE_CRIME":"Race/Ethnicity","HC_MOTIVATION":"Black","HC_STATUS":"Hatecrime Happened","OFF_CATEG":"Harass Communications","NB_NAME_EN":"Ledbury - Heron Gate - Ridgemont - Elmwood","SECTOR":"Sector 34","DIVISION":"East","CENSUS_TRC":"5050001.09","WARD":"Ward 10 - Gloucester-Southgate","COUNCILLOR":"Jessica Bradley","OFF_TYPE":"Criminal"}},{"type":"Feature","id":1094,"geometry":null,"properties":{"OBJECTID":1094,"ID":"1405","YEAR":2021,"REP_DATE":"Mon, 22 Mar 2021 00:00:00 GMT","OCC_DATE":"Mon, 22 Mar 2021 00:00:00 GMT","WEEKDAY":"Monday","HATE_CRIME":"Race/Ethnicity","HC_MOTIVATION":"Arab(West Asian,Middle Eastern and North African origins)","HC_STATUS":"Hatecrime Suspected","OFF_CATEG":"Assault Level 1","NB_NAME_EN":"Lowertown","SECTOR":"Sector 24","DIVISION":"Central","CENSUS_TRC":"5050053.00","WARD":"Ward 12 - Rideau-Vanier","COUNCILLOR":"Stéphanie Plante","OFF_TYPE":"Criminal"}},{"type":"Feature","id":1095,"geometry":null,"properties":{"OBJECTID":1095,"ID":"1406","YEAR":2021,"REP_DATE":"Fri, 17 Sep 2021 00:00:00 GMT","OCC_DATE":"Fri, 17 Sep 2021 00:00:00 GMT","WEEKDAY":"Friday","HATE_CRIME":"Race/Ethnicity","HC_MOTIVATION":"Black","HC_STATUS":"Hatecrime Happened","OFF_CATEG":"Mischief To Property","NB_NAME_EN":"Riverside South - Leitrim","SECTOR":"Sector 35","DIVISION":"East","CENSUS_TRC":"5050126.07","WARD":"Ward 22 - Riverside South-Findlay Creek","COUNCILLOR":"Steve Desroches","OFF_TYPE":"Criminal"}},{"type":"Feature","id":1096,"geometry":null,"properties":{"OBJECTID":1096,"ID":"1407","YEAR":2019,"REP_DATE":"Sat, 09 Mar 2019 00:00:00 GMT","OCC_DATE":"Sat, 09 Mar 2019 00:00:00 GMT","WEEKDAY":"Saturday","HATE_CRIME":"Race/Ethnicity","HC_MOTIVATION":"South Asian","HC_STATUS":"Hatecrime Happened","OFF_CATEG":"Assault With Weapon Or Cbh Lv2","NB_NAME_EN":"South Keys - Heron Gate - Greenboro West","SECTOR":"Sector 35","DIVISION":"East","CENSUS_TRC":"5050001.04","WARD":"Ward 10 - Gloucester-Southgate","COUNCILLOR":"Jessica Bradley","OFF_TYPE":"Criminal"}},{"type":"Feature","id":1097,"geometry":null,"properties":{"OBJECTID":1097,"ID":"1408","YEAR":2022,"REP_DATE":"Fri, 01 Jul 2022 00:00:00 GMT","OCC_DATE":"Fri, 01 Jul 2022 00:00:00 GMT","WEEKDAY":"Friday","HATE_CRIME":"Race/Ethnicity","HC_MOTIVATION":"East and Southeast Asian","HC_STATUS":"Hatecrime Happened","OFF_CATEG":"Threats Utter To Person","NB_NAME_EN":"Cummings","SECTOR":"Sector 32","DIVISION":"East","CENSUS_TRC":"5050122.01","WARD":"Ward 11 - Beacon Hill-Cyrville","COUNCILLOR":"Tim Tierney","OFF_TYPE":"Criminal"}},{"type":"Feature","id":1098,"geometry":null,"properties":{"OBJECTID":1098,"ID":"1409","YEAR":2020,"REP_DATE":"Fri, 03 Jul 2020 00:00:00 GMT","OCC_DATE":"Thu, 02 Jul 2020 00:00:00 GMT","WEEKDAY":"Thursday","HATE_CRIME":"Race/Ethnicity","HC_MOTIVATION":"South Asian","HC_STATUS":"Hatecrime Happened","OFF_CATEG":"Threats Utter To Person","NB_NAME_EN":"Cummings","SECTOR":"Sector 32","DIVISION":"East","CENSUS_TRC":"5050122.01","WARD":"Ward 11 - Beacon Hill-Cyrville","COUNCILLOR":"Tim Tierney","OFF_TYPE":"Criminal"}},{"type":"Feature","id":1099,"geometry":null,"properties":{"OBJECTID":1099,"ID":"1410","YEAR":2020,"REP_DATE":"Fri, 03 Jul 2020 00:00:00 GMT","OCC_DATE":"Thu, 02 Jul 2020 00:00:00 GMT","WEEKDAY":"Thursday","HATE_CRIME":"Race/Ethnicity","HC_MOTIVATION":"South Asian","HC_STATUS":"Hatecrime Happened","OFF_CATEG":"Threats Utter To Person","NB_NAME_EN":"Cummings","SECTOR":"Sector 32","DIVISION":"East","CENSUS_TRC":"5050122.01","WARD":"Ward 11 - Beacon Hill-Cyrville","COUNCILLOR":"Tim Tierney","OFF_TYPE":"Criminal"}},{"type":"Feature","id":1100,"geometry":null,"properties":{"OBJECTID":1100,"ID":"1411","YEAR":2020,"REP_DATE":"Sat, 26 Sep 2020 00:00:00 GMT","OCC_DATE":"Fri, 25 Sep 2020 00:00:00 GMT","WEEKDAY":"Friday","HATE_CRIME":"Race/Ethnicity","HC_MOTIVATION":"Arab(West Asian,Middle Eastern and North African origins)","HC_STATUS":"Hatecrime Happened","OFF_CATEG":"Harass Race/ Religion","NB_NAME_EN":"CFB Rockcliffe-NRC","SECTOR":"Sector 32","DIVISION":"East","CENSUS_TRC":"5050060.00","WARD":"Ward 13 - Rideau-Rockcliffe","COUNCILLOR":"Rawlson King","OFF_TYPE":"Non Criminal"}},{"type":"Feature","id":1101,"geometry":null,"properties":{"OBJECTID":1101,"ID":"1412","YEAR":2022,"REP_DATE":"Thu, 14 Jul 2022 00:00:00 GMT","OCC_DATE":"Sat, 14 May 2022 00:00:00 GMT","WEEKDAY":"Saturday","HATE_CRIME":"Sexual Orientation","HC_MOTIVATION":"Other sexual orientation","HC_STATUS":"Hatecrime Happened","OFF_CATEG":"Mischief To Property","NB_NAME_EN":"Greenboro East","SECTOR":"Sector 35","DIVISION":"East","CENSUS_TRC":"5050001.06","WARD":"Ward 10 - Gloucester-Southgate","COUNCILLOR":"Jessica Bradley","OFF_TYPE":"Criminal"}},{"type":"Feature","id":1102,"geometry":null,"properties":{"OBJECTID":1102,"ID":"1413","YEAR":2021,"REP_DATE":"Mon, 21 Jun 2021 00:00:00 GMT","OCC_DATE":"Wed, 16 Jun 2021 00:00:00 GMT","WEEKDAY":"Wednesday","HATE_CRIME":"Race/Ethnicity","HC_MOTIVATION":"South Asian","HC_STATUS":"Hatecrime Happened","OFF_CATEG":"Harass Harrassment","NB_NAME_EN":"Beacon Hill South - Cardinal Heights","SECTOR":"Sector 32","DIVISION":"East","CENSUS_TRC":"5050121.02","WARD":"Ward 11 - Beacon Hill-Cyrville","COUNCILLOR":"Tim Tierney","OFF_TYPE":"Non Criminal"}},{"type":"Feature","id":1103,"geometry":null,"properties":{"OBJECTID":1103,"ID":"1414","YEAR":2018,"REP_DATE":"Mon, 27 Aug 2018 00:00:00 GMT","OCC_DATE":"Sun, 26 Aug 2018 00:00:00 GMT","WEEKDAY":"Sunday","HATE_CRIME":"Religion","HC_MOTIVATION":"Muslim (Islam)","HC_STATUS":"Hatecrime Suspected","OFF_CATEG":"Theft \u003c From Vehicle","NB_NAME_EN":"South Keys - Heron Gate - Greenboro West","SECTOR":"Sector 35","DIVISION":"East","CENSUS_TRC":"5050001.05","WARD":"Ward 10 - Gloucester-Southgate","COUNCILLOR":"Jessica Bradley","OFF_TYPE":"Criminal"}},{"type":"Feature","id":1104,"geometry":null,"properties":{"OBJECTID":1104,"ID":"1415","YEAR":2023,"REP_DATE":"Wed, 08 Mar 2023 00:00:00 GMT","OCC_DATE":"Wed, 08 Mar 2023 00:00:00 GMT","WEEKDAY":"Wednesday","HATE_CRIME":"Race/Ethnicity","HC_MOTIVATION":"White","HC_STATUS":"Hatecrime Happened","OFF_CATEG":"Threats Utter To Person","NB_NAME_EN":"Beacon Hill South - Cardinal Heights","SECTOR":"Sector 32","DIVISION":"East","CENSUS_TRC":"5050121.02","WARD":"Ward 11 - Beacon Hill-Cyrville","COUNCILLOR":"Tim Tierney","OFF_TYPE":"Criminal"}},{"type":"Feature","id":1105,"geometry":null,"properties":{"OBJECTID":1105,"ID":"1416","YEAR":2023,"REP_DATE":"Wed, 20 Sep 2023 00:00:00 GMT","OCC_DATE":"Wed, 20 Sep 2023 00:00:00 GMT","WEEKDAY":"Wednesday","HATE_CRIME":"Race/Ethnicity","HC_MOTIVATION":"Black","HC_STATUS":"Hatecrime Suspected","OFF_CATEG":"Dispute- Neighbour","NB_NAME_EN":"Greenboro East","SECTOR":"Sector 35","DIVISION":"East","CENSUS_TRC":"5050001.06","WARD":"Ward 10 - Gloucester-Southgate","COUNCILLOR":"Jessica Bradley","OFF_TYPE":"Non Criminal"}},{"type":"Feature","id":1106,"geometry":null,"properties":{"OBJECTID":1106,"ID":"1417","YEAR":2021,"REP_DATE":"Tue, 14 Sep 2021 00:00:00 GMT","OCC_DATE":"Mon, 13 Sep 2021 00:00:00 GMT","WEEKDAY":"Monday","HATE_CRIME":"Race/Ethnicity","HC_MOTIVATION":"Indigenous/Aboriginal","HC_STATUS":"Hatecrime Happened","OFF_CATEG":"Mischief To Property","NB_NAME_EN":"Riverside South - Leitrim","SECTOR":"Sector 35","DIVISION":"East","CENSUS_TRC":"5050126.08","WARD":"Ward 22 - Riverside South-Findlay Creek","COUNCILLOR":"Steve Desroches","OFF_TYPE":"Criminal"}},{"type":"Feature","id":1107,"geometry":null,"properties":{"OBJECTID":1107,"ID":"1418","YEAR":2023,"REP_DATE":"Thu, 10 Aug 2023 00:00:00 GMT","OCC_DATE":"Thu, 10 Aug 2023 00:00:00 GMT","WEEKDAY":"Thursday","HATE_CRIME":"Race/Ethnicity","HC_MOTIVATION":"Black","HC_STATUS":"Hatecrime Suspected","OFF_CATEG":"Threats Utter To Person","NB_NAME_EN":"Hawthorne Meadows - Sheffield Glen","SECTOR":"Sector 33","DIVISION":"East","CENSUS_TRC":"5050010.00","WARD":"Ward 18 - Alta Vista","COUNCILLOR":"Marty Carr","OFF_TYPE":"Criminal"}},{"type":"Feature","id":1108,"geometry":null,"properties":{"OBJECTID":1108,"ID":"1419","YEAR":2023,"REP_DATE":"Wed, 12 Apr 2023 00:00:00 GMT","OCC_DATE":"Tue, 11 Apr 2023 00:00:00 GMT","WEEKDAY":"Tuesday","HATE_CRIME":"Race/Ethnicity","HC_MOTIVATION":"Other East and Southeast Asian not mentioned above","HC_STATUS":"Hatecrime Happened","OFF_CATEG":"Dispute- Disturbance","NB_NAME_EN":"Overbrook - McArthur","SECTOR":"Sector 25","DIVISION":"Central","CENSUS_TRC":"5050012.00","WARD":"Ward 13 - Rideau-Rockcliffe","COUNCILLOR":"Rawlson King","OFF_TYPE":"Non Criminal"}},{"type":"Feature","id":1109,"geometry":null,"properties":{"OBJECTID":1109,"ID":"1420","YEAR":2022,"REP_DATE":"Wed, 27 Jul 2022 00:00:00 GMT","OCC_DATE":"Wed, 27 Jul 2022 00:00:00 GMT","WEEKDAY":"Wednesday","HATE_CRIME":"Sexual Orientation","HC_MOTIVATION":"LGBTQ2+","HC_STATUS":"Hatecrime Happened","OFF_CATEG":"Assault Level 1","NB_NAME_EN":"Overbrook - McArthur","SECTOR":"Sector 25","DIVISION":"Central","CENSUS_TRC":"5050012.00","WARD":"Ward 13 - Rideau-Rockcliffe","COUNCILLOR":"Rawlson King","OFF_TYPE":"Criminal"}},{"type":"Feature","id":1110,"geometry":null,"properties":{"OBJECTID":1110,"ID":"1421","YEAR":2021,"REP_DATE":"Fri, 15 Oct 2021 00:00:00 GMT","OCC_DATE":"Fri, 15 Oct 2021 00:00:00 GMT","WEEKDAY":"Friday","HATE_CRIME":"Race/Ethnicity","HC_MOTIVATION":"Black","HC_STATUS":"Hatecrime Suspected","OFF_CATEG":"Assault Level 1","NB_NAME_EN":"Overbrook - McArthur","SECTOR":"Sector 25","DIVISION":"Central","CENSUS_TRC":"5050012.00","WARD":"Ward 13 - Rideau-Rockcliffe","COUNCILLOR":"Rawlson King","OFF_TYPE":"Criminal"}},{"type":"Feature","id":1111,"geometry":null,"properties":{"OBJECTID":1111,"ID":"1422","YEAR":2023,"REP_DATE":"Wed, 08 Nov 2023 00:00:00 GMT","OCC_DATE":"Wed, 08 Nov 2023 00:00:00 GMT","WEEKDAY":"Wednesday","HATE_CRIME":"Sexual Orientation","HC_MOTIVATION":"LGBTQ2+","HC_STATUS":"Hatecrime Happened","OFF_CATEG":"Mischief To Property","NB_NAME_EN":"Elmvale - Eastway - Riverview - Riverview Park West","SECTOR":"Sector 33","DIVISION":"East","CENSUS_TRC":"5050009.00","WARD":"Ward 18 - Alta Vista","COUNCILLOR":"Marty Carr","OFF_TYPE":"Criminal"}},{"type":"Feature","id":1112,"geometry":null,"properties":{"OBJECTID":1112,"ID":"1423","YEAR":2022,"REP_DATE":"Thu, 23 Jun 2022 00:00:00 GMT","OCC_DATE":"Thu, 23 Jun 2022 00:00:00 GMT","WEEKDAY":"Thursday","HATE_CRIME":"Sexual Orientation","HC_MOTIVATION":"LGBTQ2+","HC_STATUS":"Hatecrime Happened","OFF_CATEG":"Assault With Weapon Or Cbh Lv2","NB_NAME_EN":"Elmvale - Eastway - Riverview - Riverview Park West","SECTOR":"Sector 33","DIVISION":"East","CENSUS_TRC":"5050009.00","WARD":"Ward 18 - Alta Vista","COUNCILLOR":"Marty Carr","OFF_TYPE":"Criminal"}},{"type":"Feature","id":1113,"geometry":null,"properties":{"OBJECTID":1113,"ID":"1424","YEAR":2023,"REP_DATE":"Tue, 24 Oct 2023 00:00:00 GMT","OCC_DATE":"Tue, 24 Oct 2023 00:00:00 GMT","WEEKDAY":"Tuesday","HATE_CRIME":"Religion","HC_MOTIVATION":"Jewish","HC_STATUS":"Hatecrime Happened","OFF_CATEG":"Mischief To Property","NB_NAME_EN":"Elmvale - Eastway - Riverview - Riverview Park West","SECTOR":"Sector 33","DIVISION":"East","CENSUS_TRC":"5050009.00","WARD":"Ward 18 - Alta Vista","COUNCILLOR":"Marty Carr","OFF_TYPE":"Criminal"}},{"type":"Feature","id":1114,"geometry":null,"properties":{"OBJECTID":1114,"ID":"1425","YEAR":2018,"REP_DATE":"Wed, 01 Aug 2018 00:00:00 GMT","OCC_DATE":"Tue, 31 Jul 2018 00:00:00 GMT","WEEKDAY":"Tuesday","HATE_CRIME":"Race/Ethnicity","HC_MOTIVATION":"Black","HC_STATUS":"Hatecrime Happened","OFF_CATEG":"Mischief To Property","NB_NAME_EN":"Riverside Park","SECTOR":"Sector 34","DIVISION":"East","CENSUS_TRC":"5050003.00","WARD":"Ward 16 - River","COUNCILLOR":"Riley Brockington","OFF_TYPE":"Criminal"}},{"type":"Feature","id":1115,"geometry":null,"properties":{"OBJECTID":1115,"ID":"1426","YEAR":2019,"REP_DATE":"Sun, 26 May 2019 00:00:00 GMT","OCC_DATE":"Sun, 26 May 2019 00:00:00 GMT","WEEKDAY":"Sunday","HATE_CRIME":"Race/Ethnicity","HC_MOTIVATION":"Black","HC_STATUS":"Hatecrime Happened","OFF_CATEG":"Mischief To Property","NB_NAME_EN":"Greenbelt - Mer Bleue","SECTOR":"Sector 31","DIVISION":"East","CENSUS_TRC":"5050125.03","WARD":"Ward 2 - Orléans West-Innes","COUNCILLOR":"Laura Dudas","OFF_TYPE":"Criminal"}},{"type":"Feature","id":1116,"geometry":null,"properties":{"OBJECTID":1116,"ID":"1427","YEAR":2022,"REP_DATE":"Tue, 28 Jun 2022 00:00:00 GMT","OCC_DATE":"Tue, 28 Jun 2022 00:00:00 GMT","WEEKDAY":"Tuesday","HATE_CRIME":"Religion","HC_MOTIVATION":"Jewish","HC_STATUS":"Hatecrime Suspected","OFF_CATEG":"Mischief To Property","NB_NAME_EN":"Blackburn Hamlet","SECTOR":"Sector 31","DIVISION":"East","CENSUS_TRC":"5050125.01","WARD":"Ward 2 - Orléans West-Innes","COUNCILLOR":"Laura Dudas","OFF_TYPE":"Criminal"}},{"type":"Feature","id":1117,"geometry":null,"properties":{"OBJECTID":1117,"ID":"1428","YEAR":2022,"REP_DATE":"Tue, 22 Nov 2022 00:00:00 GMT","OCC_DATE":"Tue, 22 Nov 2022 00:00:00 GMT","WEEKDAY":"Tuesday","HATE_CRIME":"Race/Ethnicity","HC_MOTIVATION":"Black","HC_STATUS":"Hatecrime Happened","OFF_CATEG":"Threats Utter To Person","NB_NAME_EN":"Greenboro East","SECTOR":"Sector 35","DIVISION":"East","CENSUS_TRC":"5050001.05","WARD":"Ward 10 - Gloucester-Southgate","COUNCILLOR":"Jessica Bradley","OFF_TYPE":"Criminal"}},{"type":"Feature","id":1118,"geometry":null,"properties":{"OBJECTID":1118,"ID":"1429","YEAR":2020,"REP_DATE":"Fri, 25 Dec 2020 00:00:00 GMT","OCC_DATE":"Fri, 04 Dec 2020 00:00:00 GMT","WEEKDAY":"Friday","HATE_CRIME":"Sexual Orientation","HC_MOTIVATION":"Other sexual orientation","HC_STATUS":"Hatecrime Happened","OFF_CATEG":"Harass Communications","NB_NAME_EN":"Cummings","SECTOR":"Sector 32","DIVISION":"East","CENSUS_TRC":"5050122.01","WARD":"Ward 11 - Beacon Hill-Cyrville","COUNCILLOR":"Tim Tierney","OFF_TYPE":"Criminal"}},{"type":"Feature","id":1119,"geometry":null,"properties":{"OBJECTID":1119,"ID":"1430","YEAR":2021,"REP_DATE":"Fri, 08 Oct 2021 00:00:00 GMT","OCC_DATE":"Wed, 06 Oct 2021 00:00:00 GMT","WEEKDAY":"Wednesday","HATE_CRIME":"Sexual Orientation","HC_MOTIVATION":"LGBTQ2+","HC_STATUS":"Hatecrime Happened","OFF_CATEG":"Mischief To Property","NB_NAME_EN":"Cummings","SECTOR":"Sector 32","DIVISION":"East","CENSUS_TRC":"5050122.01","WARD":"Ward 11 - Beacon Hill-Cyrville","COUNCILLOR":"Tim Tierney","OFF_TYPE":"Criminal"}},{"type":"Feature","id":1120,"geometry":null,"properties":{"OBJECTID":1120,"ID":"1431","YEAR":2022,"REP_DATE":"Fri, 29 Jul 2022 00:00:00 GMT","OCC_DATE":"Sat, 23 Jul 2022 00:00:00 GMT","WEEKDAY":"Saturday","HATE_CRIME":"Race/Ethnicity","HC_MOTIVATION":"Multiple Races/Ethnicities","HC_STATUS":"Hatecrime Happened","OFF_CATEG":"Mischief To Property","NB_NAME_EN":"East Industrial","SECTOR":"Sector 33","DIVISION":"East","CENSUS_TRC":"5050011.01","WARD":"Ward 18 - Alta Vista","COUNCILLOR":"Marty Carr","OFF_TYPE":"Criminal"}},{"type":"Feature","id":1121,"geometry":null,"properties":{"OBJECTID":1121,"ID":"1432","YEAR":2021,"REP_DATE":"Mon, 19 Jul 2021 00:00:00 GMT","OCC_DATE":"Mon, 19 Jul 2021 00:00:00 GMT","WEEKDAY":"Monday","HATE_CRIME":"Sexual Orientation","HC_MOTIVATION":"LGBTQ2+","HC_STATUS":"Hatecrime Suspected","OFF_CATEG":"Admin Assist Other Agency","NB_NAME_EN":"Sandy Hill - Ottawa East","SECTOR":"Sector 24","DIVISION":"Central","CENSUS_TRC":"5050050.00","WARD":"Ward 12 - Rideau-Vanier","COUNCILLOR":"Stéphanie Plante","OFF_TYPE":"Non Criminal"}},{"type":"Feature","id":1122,"geometry":null,"properties":{"OBJECTID":1122,"ID":"1433","YEAR":2022,"REP_DATE":"Mon, 10 Jan 2022 00:00:00 GMT","OCC_DATE":"Mon, 10 Jan 2022 00:00:00 GMT","WEEKDAY":"Monday","HATE_CRIME":"Race/Ethnicity","HC_MOTIVATION":"Indigenous/Aboriginal","HC_STATUS":"Hatecrime Happened","OFF_CATEG":"Mischief Hate Cultrl/ Rel Prop","NB_NAME_EN":"Sandy Hill - Ottawa East","SECTOR":"Sector 24","DIVISION":"Central","CENSUS_TRC":"5050051.00","WARD":"Ward 12 - Rideau-Vanier","COUNCILLOR":"Stéphanie Plante","OFF_TYPE":"Criminal"}},{"type":"Feature","id":1123,"geometry":null,"properties":{"OBJECTID":1123,"ID":"1434","YEAR":2023,"REP_DATE":"Sat, 28 Jan 2023 00:00:00 GMT","OCC_DATE":"Sat, 28 Jan 2023 00:00:00 GMT","WEEKDAY":"Saturday","HATE_CRIME":"Race/Ethnicity","HC_MOTIVATION":"Arab(West Asian,Middle Eastern and North African origins)","HC_STATUS":"Hatecrime Happened","OFF_CATEG":"Threats Utter To Person","NB_NAME_EN":"Hunt Club Upper -Blossom Park - Timbermill","SECTOR":"Sector 35","DIVISION":"East","CENSUS_TRC":"5050123.03","WARD":"Ward 10 - Gloucester-Southgate","COUNCILLOR":"Jessica Bradley","OFF_TYPE":"Criminal"}},{"type":"Feature","id":1124,"geometry":null,"properties":{"OBJECTID":1124,"ID":"1435","YEAR":2023,"REP_DATE":"Tue, 24 Jan 2023 00:00:00 GMT","OCC_DATE":"Fri, 20 Jan 2023 00:00:00 GMT","WEEKDAY":"Friday","HATE_CRIME":"Sexual Orientation","HC_MOTIVATION":"LGBTQ2+","HC_STATUS":"Hatecrime Suspected","OFF_CATEG":"Mischief To Property","NB_NAME_EN":"Hunt Club Upper -Blossom Park - Timbermill","SECTOR":"Sector 35","DIVISION":"East","CENSUS_TRC":"5050123.03","WARD":"Ward 10 - Gloucester-Southgate","COUNCILLOR":"Jessica Bradley","OFF_TYPE":"Criminal"}},{"type":"Feature","id":1125,"geometry":null,"properties":{"OBJECTID":1125,"ID":"1436","YEAR":2022,"REP_DATE":"Mon, 06 Jun 2022 00:00:00 GMT","OCC_DATE":"Mon, 06 Jun 2022 00:00:00 GMT","WEEKDAY":"Monday","HATE_CRIME":"Religion","HC_MOTIVATION":"Jewish","HC_STATUS":"Hatecrime Happened","OFF_CATEG":"Mischief To Property","NB_NAME_EN":"Hunt Club Upper -Blossom Park - Timbermill","SECTOR":"Sector 35","DIVISION":"East","CENSUS_TRC":"5050123.03","WARD":"Ward 10 - Gloucester-Southgate","COUNCILLOR":"Jessica Bradley","OFF_TYPE":"Criminal"}},{"type":"Feature","id":1126,"geometry":null,"properties":{"OBJECTID":1126,"ID":"1437","YEAR":2020,"REP_DATE":"Fri, 21 Aug 2020 00:00:00 GMT","OCC_DATE":"Wed, 19 Aug 2020 00:00:00 GMT","WEEKDAY":"Wednesday","HATE_CRIME":"Race/Ethnicity","HC_MOTIVATION":"South Asian","HC_STATUS":"Hatecrime Suspected","OFF_CATEG":"Threats Letters","NB_NAME_EN":"East Industrial","SECTOR":"Sector 33","DIVISION":"East","CENSUS_TRC":"5050011.01","WARD":"Ward 18 - Alta Vista","COUNCILLOR":"Marty Carr","OFF_TYPE":"Criminal"}},{"type":"Feature","id":1127,"geometry":null,"properties":{"OBJECTID":1127,"ID":"1438","YEAR":2022,"REP_DATE":"Thu, 22 Sep 2022 00:00:00 GMT","OCC_DATE":"Thu, 22 Sep 2022 00:00:00 GMT","WEEKDAY":"Thursday","HATE_CRIME":"Sexual Orientation","HC_MOTIVATION":"LGBTQ2+","HC_STATUS":"Hatecrime Suspected","OFF_CATEG":"Mischief To Property","NB_NAME_EN":"Billings Bridge - Alta Vista","SECTOR":"Sector 34","DIVISION":"East","CENSUS_TRC":"5050004.00","WARD":"Ward 17 - Capital","COUNCILLOR":"Shawn Menard","OFF_TYPE":"Criminal"}},{"type":"Feature","id":1128,"geometry":null,"properties":{"OBJECTID":1128,"ID":"1439","YEAR":2021,"REP_DATE":"Wed, 29 Sep 2021 00:00:00 GMT","OCC_DATE":"Wed, 29 Sep 2021 00:00:00 GMT","WEEKDAY":"Wednesday","HATE_CRIME":"Race/Ethnicity","HC_MOTIVATION":"Multiple Races/Ethnicities","HC_STATUS":"Hatecrime Happened","OFF_CATEG":"Assault Level 1","NB_NAME_EN":"Cummings","SECTOR":"Sector 32","DIVISION":"East","CENSUS_TRC":"5050122.03","WARD":"Ward 11 - Beacon Hill-Cyrville","COUNCILLOR":"Tim Tierney","OFF_TYPE":"Criminal"}},{"type":"Feature","id":1129,"geometry":null,"properties":{"OBJECTID":1129,"ID":"1440","YEAR":2023,"REP_DATE":"Fri, 07 Jul 2023 00:00:00 GMT","OCC_DATE":"Thu, 06 Jul 2023 00:00:00 GMT","WEEKDAY":"Thursday","HATE_CRIME":"Race/Ethnicity","HC_MOTIVATION":"Black","HC_STATUS":"Hatecrime Happened","OFF_CATEG":"Mischief To Property","NB_NAME_EN":"Blackburn Hamlet","SECTOR":"Sector 31","DIVISION":"East","CENSUS_TRC":"5050125.02","WARD":"Ward 2 - Orléans West-Innes","COUNCILLOR":"Laura Dudas","OFF_TYPE":"Criminal"}},{"type":"Feature","id":1130,"geometry":null,"properties":{"OBJECTID":1130,"ID":"1441","YEAR":2023,"REP_DATE":"Fri, 28 Apr 2023 00:00:00 GMT","OCC_DATE":"Thu, 27 Apr 2023 00:00:00 GMT","WEEKDAY":"Thursday","HATE_CRIME":"Sexual Orientation","HC_MOTIVATION":"LGBTQ2+","HC_STATUS":"Hatecrime Suspected","OFF_CATEG":"Information ( General)","NB_NAME_EN":"Sandy Hill - Ottawa East","SECTOR":"Sector 24","DIVISION":"Central","CENSUS_TRC":"5050052.00","WARD":"Ward 12 - Rideau-Vanier","COUNCILLOR":"Stéphanie Plante","OFF_TYPE":"Non Criminal"}},{"type":"Feature","id":1131,"geometry":null,"properties":{"OBJECTID":1131,"ID":"1442","YEAR":2023,"REP_DATE":"Thu, 11 May 2023 00:00:00 GMT","OCC_DATE":"Thu, 11 May 2023 00:00:00 GMT","WEEKDAY":"Thursday","HATE_CRIME":"Sexual Orientation","HC_MOTIVATION":"LGBTQ2+","HC_STATUS":"Hatecrime Happened","OFF_CATEG":"Disturbance Causing, Loiter Etc","NB_NAME_EN":"Sandy Hill - Ottawa East","SECTOR":"Sector 24","DIVISION":"Central","CENSUS_TRC":"5050052.00","WARD":"Ward 12 - Rideau-Vanier","COUNCILLOR":"Stéphanie Plante","OFF_TYPE":"Criminal"}},{"type":"Feature","id":1132,"geometry":null,"properties":{"OBJECTID":1132,"ID":"1443","YEAR":2022,"REP_DATE":"Thu, 23 Jun 2022 00:00:00 GMT","OCC_DATE":"Thu, 23 Jun 2022 00:00:00 GMT","WEEKDAY":"Thursday","HATE_CRIME":"Sexual Orientation","HC_MOTIVATION":"LGBTQ2+","HC_STATUS":"Hatecrime Happened","OFF_CATEG":"Assault Level 1","NB_NAME_EN":"Hawthorne Meadows - Sheffield Glen","SECTOR":"Sector 33","DIVISION":"East","CENSUS_TRC":"5050010.00","WARD":"Ward 18 - Alta Vista","COUNCILLOR":"Marty Carr","OFF_TYPE":"Criminal"}},{"type":"Feature","id":1133,"geometry":null,"properties":{"OBJECTID":1133,"ID":"1444","YEAR":2022,"REP_DATE":"Thu, 05 May 2022 00:00:00 GMT","OCC_DATE":"Thu, 05 May 2022 00:00:00 GMT","WEEKDAY":"Thursday","HATE_CRIME":"Sexual Orientation","HC_MOTIVATION":"LGBTQ2+","HC_STATUS":"Hatecrime Suspected","OFF_CATEG":"Robbery Swarming( 2/ More Susp)","NB_NAME_EN":"Cummings","SECTOR":"Sector 32","DIVISION":"East","CENSUS_TRC":"5050122.03","WARD":"Ward 11 - Beacon Hill-Cyrville","COUNCILLOR":"Tim Tierney","OFF_TYPE":"Criminal"}},{"type":"Feature","id":1134,"geometry":null,"properties":{"OBJECTID":1134,"ID":"1445","YEAR":2018,"REP_DATE":"Wed, 15 Aug 2018 00:00:00 GMT","OCC_DATE":"Wed, 15 Aug 2018 00:00:00 GMT","WEEKDAY":"Wednesday","HATE_CRIME":"Race/Ethnicity","HC_MOTIVATION":"Multiple Races/Ethnicities","HC_STATUS":"Hatecrime Happened","OFF_CATEG":"Mischief To Property","NB_NAME_EN":"Greenboro East","SECTOR":"Sector 35","DIVISION":"East","CENSUS_TRC":"5050001.06","WARD":"Ward 10 - Gloucester-Southgate","COUNCILLOR":"Jessica Bradley","OFF_TYPE":"Criminal"}},{"type":"Feature","id":1135,"geometry":null,"properties":{"OBJECTID":1135,"ID":"1446","YEAR":2022,"REP_DATE":"Tue, 28 Jun 2022 00:00:00 GMT","OCC_DATE":"Tue, 28 Jun 2022 00:00:00 GMT","WEEKDAY":"Tuesday","HATE_CRIME":"Race/Ethnicity","HC_MOTIVATION":"Black","HC_STATUS":"Hatecrime Happened","OFF_CATEG":"Threats Utter To Person","NB_NAME_EN":"Orléans Chapel Hill","SECTOR":"Sector 31","DIVISION":"East","CENSUS_TRC":"5050125.07","WARD":"Ward 2 - Orléans West-Innes","COUNCILLOR":"Laura Dudas","OFF_TYPE":"Criminal"}},{"type":"Feature","id":1136,"geometry":null,"properties":{"OBJECTID":1136,"ID":"1447","YEAR":2021,"REP_DATE":"Mon, 04 Oct 2021 00:00:00 GMT","OCC_DATE":"Mon, 04 Oct 2021 00:00:00 GMT","WEEKDAY":"Monday","HATE_CRIME":"Race/Ethnicity","HC_MOTIVATION":"East and Southeast Asian","HC_STATUS":"Hatecrime Happened","OFF_CATEG":"Mischief To Property","NB_NAME_EN":"Beacon Hill South - Cardinal Heights","SECTOR":"Sector 32","DIVISION":"East","CENSUS_TRC":"5050121.02","WARD":"Ward 11 - Beacon Hill-Cyrville","COUNCILLOR":"Tim Tierney","OFF_TYPE":"Criminal"}},{"type":"Feature","id":1137,"geometry":null,"properties":{"OBJECTID":1137,"ID":"1448","YEAR":2023,"REP_DATE":"Sun, 05 Nov 2023 00:00:00 GMT","OCC_DATE":"Sun, 05 Nov 2023 00:00:00 GMT","WEEKDAY":"Sunday","HATE_CRIME":"Religion","HC_MOTIVATION":"Jewish","HC_STATUS":"Hatecrime Happened","OFF_CATEG":"Disturbance Causing, Loiter Etc","NB_NAME_EN":"Carson Grove - Carson Meadows","SECTOR":"Sector 32","DIVISION":"East","CENSUS_TRC":"5050122.03","WARD":"Ward 11 - Beacon Hill-Cyrville","COUNCILLOR":"Tim Tierney","OFF_TYPE":"Criminal"}},{"type":"Feature","id":1138,"geometry":null,"properties":{"OBJECTID":1138,"ID":"1449","YEAR":2023,"REP_DATE":"Wed, 19 Jul 2023 00:00:00 GMT","OCC_DATE":"Wed, 19 Jul 2023 00:00:00 GMT","WEEKDAY":"Wednesday","HATE_CRIME":"Race/Ethnicity","HC_MOTIVATION":"Black","HC_STATUS":"Hatecrime Happened","OFF_CATEG":"Mischief To Property","NB_NAME_EN":"Orléans North West","SECTOR":"Sector 31","DIVISION":"East","CENSUS_TRC":"5050124.03","WARD":"Ward 2 - Orléans West-Innes","COUNCILLOR":"Laura Dudas","OFF_TYPE":"Criminal"}},{"type":"Feature","id":1139,"geometry":null,"properties":{"OBJECTID":1139,"ID":"1450","YEAR":2020,"REP_DATE":"Wed, 10 Jun 2020 00:00:00 GMT","OCC_DATE":"Mon, 08 Jun 2020 00:00:00 GMT","WEEKDAY":"Monday","HATE_CRIME":"Race/Ethnicity","HC_MOTIVATION":"Black","HC_STATUS":"Hatecrime Happened","OFF_CATEG":"Dispute- Disturbance","NB_NAME_EN":"Orléans North West","SECTOR":"Sector 31","DIVISION":"East","CENSUS_TRC":"5050124.03","WARD":"Ward 2 - Orléans West-Innes","COUNCILLOR":"Laura Dudas","OFF_TYPE":"Non Criminal"}},{"type":"Feature","id":1140,"geometry":null,"properties":{"OBJECTID":1140,"ID":"1451","YEAR":2020,"REP_DATE":"Tue, 14 Jan 2020 00:00:00 GMT","OCC_DATE":"Tue, 14 Jan 2020 00:00:00 GMT","WEEKDAY":"Tuesday","HATE_CRIME":"Other Similar Factor","HC_MOTIVATION":"non","HC_STATUS":"Hatecrime Suspected","OFF_CATEG":"Dispute- Disturbance","NB_NAME_EN":"Orléans North West","SECTOR":"Sector 31","DIVISION":"East","CENSUS_TRC":"5050124.03","WARD":"Ward 2 - Orléans West-Innes","COUNCILLOR":"Laura Dudas","OFF_TYPE":"Non Criminal"}},{"type":"Feature","id":1141,"geometry":null,"properties":{"OBJECTID":1141,"ID":"1452","YEAR":2022,"REP_DATE":"Fri, 09 Dec 2022 00:00:00 GMT","OCC_DATE":"Wed, 07 Dec 2022 00:00:00 GMT","WEEKDAY":"Wednesday","HATE_CRIME":"Race/Ethnicity","HC_MOTIVATION":"Multiple Races/Ethnicities","HC_STATUS":"Hatecrime Suspected","OFF_CATEG":"Public Incitement Of Hatred","NB_NAME_EN":"Orléans North West","SECTOR":"Sector 31","DIVISION":"East","CENSUS_TRC":"5050124.03","WARD":"Ward 2 - Orléans West-Innes","COUNCILLOR":"Laura Dudas","OFF_TYPE":"Criminal"}},{"type":"Feature","id":1142,"geometry":null,"properties":{"OBJECTID":1142,"ID":"1453","YEAR":2020,"REP_DATE":"Thu, 16 Jan 2020 00:00:00 GMT","OCC_DATE":"Thu, 16 Jan 2020 00:00:00 GMT","WEEKDAY":"Thursday","HATE_CRIME":"Race/Ethnicity","HC_MOTIVATION":"Arab(West Asian,Middle Eastern and North African origins)","HC_STATUS":"Hatecrime Happened","OFF_CATEG":"Assault Level 1","NB_NAME_EN":"Orléans North West","SECTOR":"Sector 31","DIVISION":"East","CENSUS_TRC":"5050124.03","WARD":"Ward 2 - Orléans West-Innes","COUNCILLOR":"Laura Dudas","OFF_TYPE":"Criminal"}},{"type":"Feature","id":1143,"geometry":null,"properties":{"OBJECTID":1143,"ID":"1454","YEAR":2021,"REP_DATE":"Mon, 01 Feb 2021 00:00:00 GMT","OCC_DATE":"Mon, 01 Feb 2021 00:00:00 GMT","WEEKDAY":"Monday","HATE_CRIME":"Sexual Orientation","HC_MOTIVATION":"LGBTQ2+","HC_STATUS":"Hatecrime Happened","OFF_CATEG":"Mischief To Property","NB_NAME_EN":"Orléans Chapel Hill","SECTOR":"Sector 31","DIVISION":"East","CENSUS_TRC":"5050125.04","WARD":"Ward 2 - Orléans West-Innes","COUNCILLOR":"Laura Dudas","OFF_TYPE":"Criminal"}},{"type":"Feature","id":1144,"geometry":null,"properties":{"OBJECTID":1144,"ID":"1455","YEAR":2021,"REP_DATE":"Sun, 28 Feb 2021 00:00:00 GMT","OCC_DATE":"Sun, 28 Feb 2021 00:00:00 GMT","WEEKDAY":"Sunday","HATE_CRIME":"Race/Ethnicity","HC_MOTIVATION":"Unknown race/ethnicity","HC_STATUS":"Hatecrime Suspected","OFF_CATEG":"Threats Utter To Person","NB_NAME_EN":"Carson Grove - Carson Meadows","SECTOR":"Sector 32","DIVISION":"East","CENSUS_TRC":"5050062.01","WARD":"Ward 13 - Rideau-Rockcliffe","COUNCILLOR":"Rawlson King","OFF_TYPE":"Criminal"}},{"type":"Feature","id":1145,"geometry":null,"properties":{"OBJECTID":1145,"ID":"1456","YEAR":2022,"REP_DATE":"Fri, 15 Jul 2022 00:00:00 GMT","OCC_DATE":"Fri, 15 Jul 2022 00:00:00 GMT","WEEKDAY":"Friday","HATE_CRIME":"Race/Ethnicity","HC_MOTIVATION":"Black","HC_STATUS":"Hatecrime Suspected","OFF_CATEG":"Assault With Weapon Or Cbh Lv2","NB_NAME_EN":"Hunt Club East - Western Community","SECTOR":"Sector 35","DIVISION":"East","CENSUS_TRC":"5050002.05","WARD":"Ward 16 - River","COUNCILLOR":"Riley Brockington","OFF_TYPE":"Criminal"}},{"type":"Feature","id":1146,"geometry":null,"properties":{"OBJECTID":1146,"ID":"1457","YEAR":2023,"REP_DATE":"Tue, 13 Jun 2023 00:00:00 GMT","OCC_DATE":"Tue, 30 May 2023 00:00:00 GMT","WEEKDAY":"Tuesday","HATE_CRIME":"Combination (More than 2 Motivations)","HC_MOTIVATION":"Combination (More than 2 Motivations)","HC_STATUS":"Hatecrime Suspected","OFF_CATEG":"Threats Utter To Person","NB_NAME_EN":"Elmvale - Eastway - Riverview - Riverview Park West","SECTOR":"Sector 33","DIVISION":"East","CENSUS_TRC":"5050009.00","WARD":"Ward 18 - Alta Vista","COUNCILLOR":"Marty Carr","OFF_TYPE":"Criminal"}},{"type":"Feature","id":1147,"geometry":null,"properties":{"OBJECTID":1147,"ID":"1458","YEAR":2022,"REP_DATE":"Thu, 08 Dec 2022 00:00:00 GMT","OCC_DATE":"Thu, 08 Dec 2022 00:00:00 GMT","WEEKDAY":"Thursday","HATE_CRIME":"Race/Ethnicity","HC_MOTIVATION":"Black","HC_STATUS":"Hatecrime Happened","OFF_CATEG":"Mischief To Property","NB_NAME_EN":"Orléans Central","SECTOR":"Sector 31","DIVISION":"East","CENSUS_TRC":"5050124.01","WARD":"Ward 2 - Orléans West-Innes","COUNCILLOR":"Laura Dudas","OFF_TYPE":"Criminal"}},{"type":"Feature","id":1148,"geometry":null,"properties":{"OBJECTID":1148,"ID":"1459","YEAR":2022,"REP_DATE":"Fri, 09 Dec 2022 00:00:00 GMT","OCC_DATE":"Thu, 08 Dec 2022 00:00:00 GMT","WEEKDAY":"Thursday","HATE_CRIME":"Religion","HC_MOTIVATION":"Jewish","HC_STATUS":"Hatecrime Happened","OFF_CATEG":"Mischief To Property","NB_NAME_EN":"Orléans Central","SECTOR":"Sector 31","DIVISION":"East","CENSUS_TRC":"5050124.01","WARD":"Ward 2 - Orléans West-Innes","COUNCILLOR":"Laura Dudas","OFF_TYPE":"Criminal"}},{"type":"Feature","id":1149,"geometry":null,"properties":{"OBJECTID":1149,"ID":"1460","YEAR":2022,"REP_DATE":"Fri, 14 Oct 2022 00:00:00 GMT","OCC_DATE":"Fri, 14 Oct 2022 00:00:00 GMT","WEEKDAY":"Friday","HATE_CRIME":"Race/Ethnicity","HC_MOTIVATION":"Arab(West Asian,Middle Eastern and North African origins)","HC_STATUS":"Hatecrime Happened","OFF_CATEG":"Assault Level 1","NB_NAME_EN":"Billings Bridge - Alta Vista","SECTOR":"Sector 34","DIVISION":"East","CENSUS_TRC":"5050004.00","WARD":"Ward 17 - Capital","COUNCILLOR":"Shawn Menard","OFF_TYPE":"Criminal"}},{"type":"Feature","id":1150,"geometry":null,"properties":{"OBJECTID":1150,"ID":"1461","YEAR":2022,"REP_DATE":"Thu, 08 Sep 2022 00:00:00 GMT","OCC_DATE":"Thu, 08 Sep 2022 00:00:00 GMT","WEEKDAY":"Thursday","HATE_CRIME":"Religion","HC_MOTIVATION":"Muslim (Islam)","HC_STATUS":"Hatecrime Happened","OFF_CATEG":"Robbery Swarming( 2/ More Susp)","NB_NAME_EN":"Beacon Hill South - Cardinal Heights","SECTOR":"Sector 32","DIVISION":"East","CENSUS_TRC":"5050121.02","WARD":"Ward 11 - Beacon Hill-Cyrville","COUNCILLOR":"Tim Tierney","OFF_TYPE":"Criminal"}},{"type":"Feature","id":1151,"geometry":null,"properties":{"OBJECTID":1151,"ID":"1462","YEAR":2024,"REP_DATE":"Tue, 30 Jan 2024 00:00:00 GMT","OCC_DATE":"Tue, 30 Jan 2024 00:00:00 GMT","WEEKDAY":"Tuesday","HATE_CRIME":"Religion","HC_MOTIVATION":"Muslim (Islam)","HC_STATUS":"Hatecrime Happened","OFF_CATEG":"Information ( General)","NB_NAME_EN":"Cummings","SECTOR":"Sector 32","DIVISION":"East","CENSUS_TRC":"5050122.03","WARD":"Ward 11 - Beacon Hill-Cyrville","COUNCILLOR":"Tim Tierney","OFF_TYPE":"Non Criminal"}},{"type":"Feature","id":1152,"geometry":null,"properties":{"OBJECTID":1152,"ID":"1463","YEAR":2021,"REP_DATE":"Sun, 04 Jul 2021 00:00:00 GMT","OCC_DATE":"Sun, 04 Jul 2021 00:00:00 GMT","WEEKDAY":"Sunday","HATE_CRIME":"Religion","HC_MOTIVATION":"Jewish","HC_STATUS":"Hatecrime Happened","OFF_CATEG":"Mischief To Property","NB_NAME_EN":"Orléans Village - Chateauneuf","SECTOR":"Sector 31","DIVISION":"East","CENSUS_TRC":"5050125.07","WARD":"Ward 2 - Orléans West-Innes","COUNCILLOR":"Laura Dudas","OFF_TYPE":"Criminal"}},{"type":"Feature","id":1153,"geometry":null,"properties":{"OBJECTID":1153,"ID":"1464","YEAR":2023,"REP_DATE":"Wed, 09 Aug 2023 00:00:00 GMT","OCC_DATE":"Wed, 09 Aug 2023 00:00:00 GMT","WEEKDAY":"Wednesday","HATE_CRIME":"Race/Ethnicity","HC_MOTIVATION":"Black","HC_STATUS":"Hatecrime Suspected","OFF_CATEG":"Dispute- Neighbour","NB_NAME_EN":"Rothwell Heights - Beacon Hill North","SECTOR":"Sector 32","DIVISION":"East","CENSUS_TRC":"5050120.03","WARD":"Ward 11 - Beacon Hill-Cyrville","COUNCILLOR":"Tim Tierney","OFF_TYPE":"Non Criminal"}},{"type":"Feature","id":1154,"geometry":null,"properties":{"OBJECTID":1154,"ID":"1465","YEAR":2023,"REP_DATE":"Thu, 16 Mar 2023 00:00:00 GMT","OCC_DATE":"Thu, 16 Mar 2023 00:00:00 GMT","WEEKDAY":"Thursday","HATE_CRIME":"Religion","HC_MOTIVATION":"Muslim (Islam)","HC_STATUS":"Hatecrime Happened","OFF_CATEG":"Assault Level 1","NB_NAME_EN":"East Industrial","SECTOR":"Sector 33","DIVISION":"East","CENSUS_TRC":"5050011.01","WARD":"Ward 18 - Alta Vista","COUNCILLOR":"Marty Carr","OFF_TYPE":"Criminal"}},{"type":"Feature","id":1155,"geometry":null,"properties":{"OBJECTID":1155,"ID":"1466","YEAR":2021,"REP_DATE":"Fri, 14 May 2021 00:00:00 GMT","OCC_DATE":"Fri, 14 May 2021 00:00:00 GMT","WEEKDAY":"Friday","HATE_CRIME":"Race/Ethnicity","HC_MOTIVATION":"South Asian","HC_STATUS":"Hatecrime Suspected","OFF_CATEG":"Mischief To Property","NB_NAME_EN":"Billings Bridge - Alta Vista","SECTOR":"Sector 34","DIVISION":"East","CENSUS_TRC":"5050004.00","WARD":"Ward 17 - Capital","COUNCILLOR":"Shawn Menard","OFF_TYPE":"Criminal"}},{"type":"Feature","id":1156,"geometry":null,"properties":{"OBJECTID":1156,"ID":"1467","YEAR":2020,"REP_DATE":"Tue, 30 Jun 2020 00:00:00 GMT","OCC_DATE":"Tue, 30 Jun 2020 00:00:00 GMT","WEEKDAY":"Tuesday","HATE_CRIME":"Race/Ethnicity","HC_MOTIVATION":"Black","HC_STATUS":"Hatecrime Suspected","OFF_CATEG":"Dispute- Disturbance","NB_NAME_EN":"Greenbelt - Mer Bleue","SECTOR":"Sector 31","DIVISION":"East","CENSUS_TRC":"5050125.03","WARD":"Ward 11 - Beacon Hill-Cyrville","COUNCILLOR":"Tim Tierney","OFF_TYPE":"Non Criminal"}},{"type":"Feature","id":1157,"geometry":null,"properties":{"OBJECTID":1157,"ID":"1468","YEAR":2023,"REP_DATE":"Mon, 11 Sep 2023 00:00:00 GMT","OCC_DATE":"Thu, 31 Aug 2023 00:00:00 GMT","WEEKDAY":"Thursday","HATE_CRIME":"Sexual Orientation","HC_MOTIVATION":"LGBTQ2+","HC_STATUS":"Hatecrime Happened","OFF_CATEG":"Harass Sexual Orientation","NB_NAME_EN":"Rothwell Heights - Beacon Hill North","SECTOR":"Sector 32","DIVISION":"East","CENSUS_TRC":"5050120.03","WARD":"Ward 11 - Beacon Hill-Cyrville","COUNCILLOR":"Tim Tierney","OFF_TYPE":"Non Criminal"}},{"type":"Feature","id":1158,"geometry":null,"properties":{"OBJECTID":1158,"ID":"1469","YEAR":2022,"REP_DATE":"Tue, 17 May 2022 00:00:00 GMT","OCC_DATE":"Tue, 17 May 2022 00:00:00 GMT","WEEKDAY":"Tuesday","HATE_CRIME":"Race/Ethnicity","HC_MOTIVATION":"White","HC_STATUS":"Hatecrime Suspected","OFF_CATEG":"Assault Level 1","NB_NAME_EN":"Elmvale - Eastway - Riverview - Riverview Park West","SECTOR":"Sector 33","DIVISION":"East","CENSUS_TRC":"5050009.00","WARD":"Ward 18 - Alta Vista","COUNCILLOR":"Marty Carr","OFF_TYPE":"Criminal"}},{"type":"Feature","id":1159,"geometry":null,"properties":{"OBJECTID":1159,"ID":"1470","YEAR":2021,"REP_DATE":"Sat, 26 Jun 2021 00:00:00 GMT","OCC_DATE":"Sat, 26 Jun 2021 00:00:00 GMT","WEEKDAY":"Saturday","HATE_CRIME":"Race/Ethnicity","HC_MOTIVATION":"Black","HC_STATUS":"Hatecrime Suspected","OFF_CATEG":"Mischief To Property","NB_NAME_EN":"Overbrook - McArthur","SECTOR":"Sector 25","DIVISION":"Central","CENSUS_TRC":"5050101.00","WARD":"Ward 12 - Rideau-Vanier","COUNCILLOR":"Stéphanie Plante","OFF_TYPE":"Criminal"}},{"type":"Feature","id":1160,"geometry":null,"properties":{"OBJECTID":1160,"ID":"1471","YEAR":2020,"REP_DATE":"Tue, 02 Jun 2020 00:00:00 GMT","OCC_DATE":"Tue, 02 Jun 2020 00:00:00 GMT","WEEKDAY":"Tuesday","HATE_CRIME":"Religion","HC_MOTIVATION":"Jewish","HC_STATUS":"Hatecrime Happened","OFF_CATEG":"Wilful Promotion Of Hatred","NB_NAME_EN":"Carson Grove - Carson Meadows","SECTOR":"Sector 32","DIVISION":"East","CENSUS_TRC":"5050122.03","WARD":"Ward 11 - Beacon Hill-Cyrville","COUNCILLOR":"Tim Tierney","OFF_TYPE":"Criminal"}},{"type":"Feature","id":1161,"geometry":null,"properties":{"OBJECTID":1161,"ID":"1472","YEAR":2023,"REP_DATE":"Sun, 28 May 2023 00:00:00 GMT","OCC_DATE":"Sun, 28 May 2023 00:00:00 GMT","WEEKDAY":"Sunday","HATE_CRIME":"Combination (More than 2 Motivations)","HC_MOTIVATION":"Combination (More than 2 Motivations)","HC_STATUS":"Hatecrime Happened","OFF_CATEG":"Threats Utter To Person","NB_NAME_EN":"Riverside South - Leitrim","SECTOR":"Sector 35","DIVISION":"East","CENSUS_TRC":"5050126.07","WARD":"Ward 22 - Riverside South-Findlay Creek","COUNCILLOR":"Steve Desroches","OFF_TYPE":"Criminal"}},{"type":"Feature","id":1162,"geometry":null,"properties":{"OBJECTID":1162,"ID":"1473","YEAR":2023,"REP_DATE":"Tue, 04 Jul 2023 00:00:00 GMT","OCC_DATE":"Tue, 04 Jul 2023 00:00:00 GMT","WEEKDAY":"Tuesday","HATE_CRIME":"Immigrants/Newcomers to Canada","HC_MOTIVATION":"Immigrants/Newcomers to Canada","HC_STATUS":"Hatecrime Happened","OFF_CATEG":"Assault Level 1","NB_NAME_EN":"Hawthorne Meadows - Sheffield Glen","SECTOR":"Sector 33","DIVISION":"East","CENSUS_TRC":"5050010.00","WARD":"Ward 18 - Alta Vista","COUNCILLOR":"Marty Carr","OFF_TYPE":"Criminal"}},{"type":"Feature","id":1163,"geometry":null,"properties":{"OBJECTID":1163,"ID":"1474","YEAR":2021,"REP_DATE":"Tue, 01 Jun 2021 00:00:00 GMT","OCC_DATE":"Tue, 01 Jun 2021 00:00:00 GMT","WEEKDAY":"Tuesday","HATE_CRIME":"Religion","HC_MOTIVATION":"Muslim (Islam)","HC_STATUS":"Hatecrime Happened","OFF_CATEG":"Mischief To Property","NB_NAME_EN":"Hawthorne Meadows - Sheffield Glen","SECTOR":"Sector 33","DIVISION":"East","CENSUS_TRC":"5050010.00","WARD":"Ward 18 - Alta Vista","COUNCILLOR":"Marty Carr","OFF_TYPE":"Criminal"}},{"type":"Feature","id":1164,"geometry":null,"properties":{"OBJECTID":1164,"ID":"1475","YEAR":2021,"REP_DATE":"Mon, 16 Aug 2021 00:00:00 GMT","OCC_DATE":"Mon, 16 Aug 2021 00:00:00 GMT","WEEKDAY":"Monday","HATE_CRIME":"Race/Ethnicity","HC_MOTIVATION":"East and Southeast Asian","HC_STATUS":"Hatecrime Suspected","OFF_CATEG":"Threats Utter To Person","NB_NAME_EN":"Orléans Chapel Hill South","SECTOR":"Sector 31","DIVISION":"East","CENSUS_TRC":"5050125.10","WARD":"Ward 19 - Orléans South-Navan","COUNCILLOR":"Catherine Kitts","OFF_TYPE":"Criminal"}},{"type":"Feature","id":1165,"geometry":null,"properties":{"OBJECTID":1165,"ID":"1476","YEAR":2023,"REP_DATE":"Sat, 13 May 2023 00:00:00 GMT","OCC_DATE":"Fri, 12 May 2023 00:00:00 GMT","WEEKDAY":"Friday","HATE_CRIME":"Race/Ethnicity","HC_MOTIVATION":"Black","HC_STATUS":"Hatecrime Suspected","OFF_CATEG":"Mischief To Property","NB_NAME_EN":"Hawthorne Meadows - Sheffield Glen","SECTOR":"Sector 33","DIVISION":"East","CENSUS_TRC":"5050010.00","WARD":"Ward 18 - Alta Vista","COUNCILLOR":"Marty Carr","OFF_TYPE":"Criminal"}},{"type":"Feature","id":1166,"geometry":null,"properties":{"OBJECTID":1166,"ID":"1477","YEAR":2023,"REP_DATE":"Fri, 12 May 2023 00:00:00 GMT","OCC_DATE":"Thu, 11 May 2023 00:00:00 GMT","WEEKDAY":"Thursday","HATE_CRIME":"Race/Ethnicity","HC_MOTIVATION":"Black","HC_STATUS":"Hatecrime Suspected","OFF_CATEG":"Mischief To Property","NB_NAME_EN":"Hawthorne Meadows - Sheffield Glen","SECTOR":"Sector 33","DIVISION":"East","CENSUS_TRC":"5050010.00","WARD":"Ward 18 - Alta Vista","COUNCILLOR":"Marty Carr","OFF_TYPE":"Criminal"}},{"type":"Feature","id":1167,"geometry":null,"properties":{"OBJECTID":1167,"ID":"1478","YEAR":2023,"REP_DATE":"Thu, 06 Jul 2023 00:00:00 GMT","OCC_DATE":"Thu, 06 Jul 2023 00:00:00 GMT","WEEKDAY":"Thursday","HATE_CRIME":"Race/Ethnicity","HC_MOTIVATION":"Arab(West Asian,Middle Eastern and North African origins)","HC_STATUS":"Hatecrime Happened","OFF_CATEG":"Threats Utter To Person","NB_NAME_EN":"East Industrial","SECTOR":"Sector 33","DIVISION":"East","CENSUS_TRC":"5050122.02","WARD":"Ward 11 - Beacon Hill-Cyrville","COUNCILLOR":"Tim Tierney","OFF_TYPE":"Criminal"}},{"type":"Feature","id":1168,"geometry":null,"properties":{"OBJECTID":1168,"ID":"1479","YEAR":2020,"REP_DATE":"Wed, 19 Aug 2020 00:00:00 GMT","OCC_DATE":"Wed, 19 Aug 2020 00:00:00 GMT","WEEKDAY":"Wednesday","HATE_CRIME":"Religion","HC_MOTIVATION":"Jewish","HC_STATUS":"Hatecrime Happened","OFF_CATEG":"Trespass Warning Issued","NB_NAME_EN":"Billings Bridge - Alta Vista","SECTOR":"Sector 34","DIVISION":"East","CENSUS_TRC":"5050005.00","WARD":"Ward 17 - Capital","COUNCILLOR":"Shawn Menard","OFF_TYPE":"Non Criminal"}},{"type":"Feature","id":1169,"geometry":null,"properties":{"OBJECTID":1169,"ID":"1480","YEAR":2021,"REP_DATE":"Mon, 20 Dec 2021 00:00:00 GMT","OCC_DATE":"Sun, 19 Dec 2021 00:00:00 GMT","WEEKDAY":"Sunday","HATE_CRIME":"Race/Ethnicity","HC_MOTIVATION":"Arab(West Asian,Middle Eastern and North African origins)","HC_STATUS":"Hatecrime Happened","OFF_CATEG":"Threats Utter To Person","NB_NAME_EN":"Elmvale - Eastway - Riverview - Riverview Park West","SECTOR":"Sector 33","DIVISION":"East","CENSUS_TRC":"5050008.00","WARD":"Ward 18 - Alta Vista","COUNCILLOR":"Marty Carr","OFF_TYPE":"Criminal"}},{"type":"Feature","id":1170,"geometry":null,"properties":{"OBJECTID":1170,"ID":"1481","YEAR":2022,"REP_DATE":"Tue, 18 Jan 2022 00:00:00 GMT","OCC_DATE":"Tue, 18 Jan 2022 00:00:00 GMT","WEEKDAY":"Tuesday","HATE_CRIME":"Race/Ethnicity","HC_MOTIVATION":"Arab(West Asian,Middle Eastern and North African origins)","HC_STATUS":"Hatecrime Suspected","OFF_CATEG":"Assault Level 1","NB_NAME_EN":"Hawthorne Meadows - Sheffield Glen","SECTOR":"Sector 33","DIVISION":"East","CENSUS_TRC":"5050010.00","WARD":"Ward 18 - Alta Vista","COUNCILLOR":"Marty Carr","OFF_TYPE":"Criminal"}},{"type":"Feature","id":1171,"geometry":null,"properties":{"OBJECTID":1171,"ID":"1482","YEAR":2023,"REP_DATE":"Thu, 23 Mar 2023 00:00:00 GMT","OCC_DATE":"Wed, 01 Feb 2023 00:00:00 GMT","WEEKDAY":"Wednesday","HATE_CRIME":"Religion","HC_MOTIVATION":"Muslim (Islam)","HC_STATUS":"Hatecrime Happened","OFF_CATEG":"Threats Utter To Person","NB_NAME_EN":"Riverside South - Leitrim","SECTOR":"Sector 35","DIVISION":"East","CENSUS_TRC":"5050126.09","WARD":"Ward 22 - Riverside South-Findlay Creek","COUNCILLOR":"Steve Desroches","OFF_TYPE":"Criminal"}},{"type":"Feature","id":1172,"geometry":null,"properties":{"OBJECTID":1172,"ID":"1483","YEAR":2022,"REP_DATE":"Sun, 02 Oct 2022 00:00:00 GMT","OCC_DATE":"Sun, 02 Oct 2022 00:00:00 GMT","WEEKDAY":"Sunday","HATE_CRIME":"Religion","HC_MOTIVATION":"Jewish","HC_STATUS":"Hatecrime Suspected","OFF_CATEG":"Mischief To Property","NB_NAME_EN":"Carson Grove - Carson Meadows","SECTOR":"Sector 32","DIVISION":"East","CENSUS_TRC":"5050122.03","WARD":"Ward 11 - Beacon Hill-Cyrville","COUNCILLOR":"Tim Tierney","OFF_TYPE":"Criminal"}},{"type":"Feature","id":1173,"geometry":null,"properties":{"OBJECTID":1173,"ID":"1484","YEAR":2022,"REP_DATE":"Tue, 04 Oct 2022 00:00:00 GMT","OCC_DATE":"Tue, 04 Oct 2022 00:00:00 GMT","WEEKDAY":"Tuesday","HATE_CRIME":"Race/Ethnicity","HC_MOTIVATION":"Black","HC_STATUS":"Hatecrime Happened","OFF_CATEG":"Mischief To Property","NB_NAME_EN":"Riverside South - Leitrim","SECTOR":"Sector 35","DIVISION":"East","CENSUS_TRC":"5050126.09","WARD":"Ward 22 - Riverside South-Findlay Creek","COUNCILLOR":"Steve Desroches","OFF_TYPE":"Criminal"}},{"type":"Feature","id":1174,"geometry":null,"properties":{"OBJECTID":1174,"ID":"1485","YEAR":2023,"REP_DATE":"Thu, 02 Feb 2023 00:00:00 GMT","OCC_DATE":"Thu, 02 Feb 2023 00:00:00 GMT","WEEKDAY":"Thursday","HATE_CRIME":"Race/Ethnicity","HC_MOTIVATION":"Black","HC_STATUS":"Hatecrime Suspected","OFF_CATEG":"B&e Non- Res.prop/ Commercial","NB_NAME_EN":"Rothwell Heights - Beacon Hill North","SECTOR":"Sector 32","DIVISION":"East","CENSUS_TRC":"5050120.03","WARD":"Ward 11 - Beacon Hill-Cyrville","COUNCILLOR":"Tim Tierney","OFF_TYPE":"Criminal"}},{"type":"Feature","id":1175,"geometry":null,"properties":{"OBJECTID":1175,"ID":"1486","YEAR":2019,"REP_DATE":"Tue, 20 Aug 2019 00:00:00 GMT","OCC_DATE":"Tue, 20 Aug 2019 00:00:00 GMT","WEEKDAY":"Tuesday","HATE_CRIME":"Race/Ethnicity","HC_MOTIVATION":"Black","HC_STATUS":"Hatecrime Happened","OFF_CATEG":"Mischief To Property","NB_NAME_EN":"Rothwell Heights - Beacon Hill North","SECTOR":"Sector 32","DIVISION":"East","CENSUS_TRC":"5050120.03","WARD":"Ward 11 - Beacon Hill-Cyrville","COUNCILLOR":"Tim Tierney","OFF_TYPE":"Criminal"}},{"type":"Feature","id":1176,"geometry":null,"properties":{"OBJECTID":1176,"ID":"1487","YEAR":2022,"REP_DATE":"Wed, 02 Feb 2022 00:00:00 GMT","OCC_DATE":"Fri, 28 Jan 2022 00:00:00 GMT","WEEKDAY":"Friday","HATE_CRIME":"Race/Ethnicity","HC_MOTIVATION":"Arab(West Asian,Middle Eastern and North African origins)","HC_STATUS":"Hatecrime Happened","OFF_CATEG":"Assault Level 1","NB_NAME_EN":"Ledbury - Heron Gate - Ridgemont - Elmwood","SECTOR":"Sector 34","DIVISION":"East","CENSUS_TRC":"5050005.00","WARD":"Ward 17 - Capital","COUNCILLOR":"Shawn Menard","OFF_TYPE":"Criminal"}},{"type":"Feature","id":1177,"geometry":null,"properties":{"OBJECTID":1177,"ID":"1488","YEAR":2022,"REP_DATE":"Wed, 19 Jan 2022 00:00:00 GMT","OCC_DATE":"Wed, 19 Jan 2022 00:00:00 GMT","WEEKDAY":"Wednesday","HATE_CRIME":"Religion","HC_MOTIVATION":"Jewish","HC_STATUS":"Hatecrime Happened","OFF_CATEG":"Threats Utter To Person","NB_NAME_EN":"Ledbury - Heron Gate - Ridgemont - Elmwood","SECTOR":"Sector 34","DIVISION":"East","CENSUS_TRC":"5050005.00","WARD":"Ward 17 - Capital","COUNCILLOR":"Shawn Menard","OFF_TYPE":"Criminal"}},{"type":"Feature","id":1178,"geometry":null,"properties":{"OBJECTID":1178,"ID":"1489","YEAR":2021,"REP_DATE":"Tue, 07 Dec 2021 00:00:00 GMT","OCC_DATE":"Thu, 07 Oct 2021 00:00:00 GMT","WEEKDAY":"Thursday","HATE_CRIME":"Race/Ethnicity","HC_MOTIVATION":"Black","HC_STATUS":"Hatecrime Happened","OFF_CATEG":"Admin Assist Other Agency","NB_NAME_EN":"Hawthorne Meadows - Sheffield Glen","SECTOR":"Sector 33","DIVISION":"East","CENSUS_TRC":"5050011.01","WARD":"Ward 18 - Alta Vista","COUNCILLOR":"Marty Carr","OFF_TYPE":"Non Criminal"}},{"type":"Feature","id":1179,"geometry":null,"properties":{"OBJECTID":1179,"ID":"1490","YEAR":2023,"REP_DATE":"Tue, 21 Feb 2023 00:00:00 GMT","OCC_DATE":"Tue, 21 Feb 2023 00:00:00 GMT","WEEKDAY":"Tuesday","HATE_CRIME":"Religion","HC_MOTIVATION":"Jewish","HC_STATUS":"Hatecrime Happened","OFF_CATEG":"Mischief To Property","NB_NAME_EN":"East Industrial","SECTOR":"Sector 33","DIVISION":"East","CENSUS_TRC":"5050122.02","WARD":"Ward 11 - Beacon Hill-Cyrville","COUNCILLOR":"Tim Tierney","OFF_TYPE":"Criminal"}},{"type":"Feature","id":1180,"geometry":null,"properties":{"OBJECTID":1180,"ID":"1491","YEAR":2020,"REP_DATE":"Sun, 19 Jul 2020 00:00:00 GMT","OCC_DATE":"Sun, 19 Jul 2020 00:00:00 GMT","WEEKDAY":"Sunday","HATE_CRIME":"Religion","HC_MOTIVATION":"Muslim (Islam)","HC_STATUS":"Hatecrime Happened","OFF_CATEG":"Dispute- Neighbour","NB_NAME_EN":"Hunt Club Park","SECTOR":"Sector 33","DIVISION":"East","CENSUS_TRC":"5050001.07","WARD":"Ward 10 - Gloucester-Southgate","COUNCILLOR":"Jessica Bradley","OFF_TYPE":"Non Criminal"}},{"type":"Feature","id":1181,"geometry":null,"properties":{"OBJECTID":1181,"ID":"1492","YEAR":2022,"REP_DATE":"Sun, 01 May 2022 00:00:00 GMT","OCC_DATE":"Sat, 30 Apr 2022 00:00:00 GMT","WEEKDAY":"Saturday","HATE_CRIME":"Religion","HC_MOTIVATION":"Catholic","HC_STATUS":"Hatecrime Happened","OFF_CATEG":"Mischief Hate Cultrl/ Rel Prop","NB_NAME_EN":"Vanier North","SECTOR":"Sector 25","DIVISION":"Central","CENSUS_TRC":"5050104.00","WARD":"Ward 12 - Rideau-Vanier","COUNCILLOR":"Stéphanie Plante","OFF_TYPE":"Criminal"}},{"type":"Feature","id":1182,"geometry":null,"properties":{"OBJECTID":1182,"ID":"1493","YEAR":2022,"REP_DATE":"Tue, 15 Feb 2022 00:00:00 GMT","OCC_DATE":"Tue, 15 Feb 2022 00:00:00 GMT","WEEKDAY":"Tuesday","HATE_CRIME":"Religion","HC_MOTIVATION":"Catholic","HC_STATUS":"Hatecrime Happened","OFF_CATEG":"Mischief Hate Cultrl/ Rel Prop","NB_NAME_EN":"Vanier North","SECTOR":"Sector 25","DIVISION":"Central","CENSUS_TRC":"5050104.00","WARD":"Ward 12 - Rideau-Vanier","COUNCILLOR":"Stéphanie Plante","OFF_TYPE":"Criminal"}},{"type":"Feature","id":1183,"geometry":null,"properties":{"OBJECTID":1183,"ID":"1494","YEAR":2020,"REP_DATE":"Wed, 16 Dec 2020 00:00:00 GMT","OCC_DATE":"Wed, 16 Dec 2020 00:00:00 GMT","WEEKDAY":"Wednesday","HATE_CRIME":"Race/Ethnicity","HC_MOTIVATION":"Black","HC_STATUS":"Hatecrime Suspected","OFF_CATEG":"Threats Utter To Person","NB_NAME_EN":"Hunt Club Park","SECTOR":"Sector 33","DIVISION":"East","CENSUS_TRC":"5050001.07","WARD":"Ward 10 - Gloucester-Southgate","COUNCILLOR":"Jessica Bradley","OFF_TYPE":"Criminal"}},{"type":"Feature","id":1184,"geometry":null,"properties":{"OBJECTID":1184,"ID":"1495","YEAR":2021,"REP_DATE":"Sat, 01 May 2021 00:00:00 GMT","OCC_DATE":"Sat, 01 May 2021 00:00:00 GMT","WEEKDAY":"Saturday","HATE_CRIME":"Race/Ethnicity","HC_MOTIVATION":"Arab(West Asian,Middle Eastern and North African origins)","HC_STATUS":"Hatecrime Suspected","OFF_CATEG":"Dispute- Neighbour","NB_NAME_EN":"Orléans Village - Chateauneuf","SECTOR":"Sector 31","DIVISION":"East","CENSUS_TRC":"5050125.08","WARD":"Ward 2 - Orléans West-Innes","COUNCILLOR":"Laura Dudas","OFF_TYPE":"Non Criminal"}},{"type":"Feature","id":1185,"geometry":null,"properties":{"OBJECTID":1185,"ID":"1496","YEAR":2022,"REP_DATE":"Thu, 02 Jun 2022 00:00:00 GMT","OCC_DATE":"Thu, 02 Jun 2022 00:00:00 GMT","WEEKDAY":"Thursday","HATE_CRIME":"Religion","HC_MOTIVATION":"Jewish","HC_STATUS":"Hatecrime Happened","OFF_CATEG":"Mischief To Property","NB_NAME_EN":"Greely","SECTOR":"Sector 36","DIVISION":"East","CENSUS_TRC":"5050190.02","WARD":"Ward 20 - Osgoode","COUNCILLOR":"George Darouze","OFF_TYPE":"Criminal"}},{"type":"Feature","id":1186,"geometry":null,"properties":{"OBJECTID":1186,"ID":"1497","YEAR":2023,"REP_DATE":"Mon, 13 Nov 2023 00:00:00 GMT","OCC_DATE":"Mon, 13 Nov 2023 00:00:00 GMT","WEEKDAY":"Monday","HATE_CRIME":"Religion","HC_MOTIVATION":"Jewish","HC_STATUS":"Hatecrime Suspected","OFF_CATEG":"Information ( General)","NB_NAME_EN":"Rothwell Heights - Beacon Hill North","SECTOR":"Sector 32","DIVISION":"East","CENSUS_TRC":"5050120.03","WARD":"Ward 11 - Beacon Hill-Cyrville","COUNCILLOR":"Tim Tierney","OFF_TYPE":"Non Criminal"}},{"type":"Feature","id":1187,"geometry":null,"properties":{"OBJECTID":1187,"ID":"1498","YEAR":2018,"REP_DATE":"Tue, 28 Aug 2018 00:00:00 GMT","OCC_DATE":"Mon, 27 Aug 2018 00:00:00 GMT","WEEKDAY":"Monday","HATE_CRIME":"Sexual Orientation","HC_MOTIVATION":"LGBTQ2+","HC_STATUS":"Hatecrime Suspected","OFF_CATEG":"Mischief To Property","NB_NAME_EN":"Hunt Club Park","SECTOR":"Sector 33","DIVISION":"East","CENSUS_TRC":"5050001.07","WARD":"Ward 10 - Gloucester-Southgate","COUNCILLOR":"Jessica Bradley","OFF_TYPE":"Criminal"}},{"type":"Feature","id":1188,"geometry":null,"properties":{"OBJECTID":1188,"ID":"1499","YEAR":2019,"REP_DATE":"Fri, 25 Oct 2019 00:00:00 GMT","OCC_DATE":"Fri, 25 Oct 2019 00:00:00 GMT","WEEKDAY":"Friday","HATE_CRIME":"Race/Ethnicity","HC_MOTIVATION":"Black","HC_STATUS":"Hatecrime Happened","OFF_CATEG":"Mischief To Property","NB_NAME_EN":"Beacon Hill South - Cardinal Heights","SECTOR":"Sector 32","DIVISION":"East","CENSUS_TRC":"5050121.01","WARD":"Ward 11 - Beacon Hill-Cyrville","COUNCILLOR":"Tim Tierney","OFF_TYPE":"Criminal"}},{"type":"Feature","id":1189,"geometry":null,"properties":{"OBJECTID":1189,"ID":"1500","YEAR":2022,"REP_DATE":"Wed, 27 Apr 2022 00:00:00 GMT","OCC_DATE":"Wed, 27 Apr 2022 00:00:00 GMT","WEEKDAY":"Wednesday","HATE_CRIME":"Race/Ethnicity","HC_MOTIVATION":"Arab(West Asian,Middle Eastern and North African origins)","HC_STATUS":"Hatecrime Happened","OFF_CATEG":"Mischief To Property","NB_NAME_EN":"Beacon Hill South - Cardinal Heights","SECTOR":"Sector 32","DIVISION":"East","CENSUS_TRC":"5050121.01","WARD":"Ward 11 - Beacon Hill-Cyrville","COUNCILLOR":"Tim Tierney","OFF_TYPE":"Criminal"}},{"type":"Feature","id":1190,"geometry":null,"properties":{"OBJECTID":1190,"ID":"501","YEAR":2022,"REP_DATE":"Tue, 09 Aug 2022 00:00:00 GMT","OCC_DATE":"Fri, 22 Jul 2022 00:00:00 GMT","WEEKDAY":"Friday","HATE_CRIME":"Race/Ethnicity","HC_MOTIVATION":"South Asian","HC_STATUS":"Hatecrime Suspected","OFF_CATEG":"Mischief To Property","NB_NAME_EN":"Carlington","SECTOR":"Sector 21","DIVISION":"Central","CENSUS_TRC":"5050022.00","WARD":"Ward 16 - River","COUNCILLOR":"Riley Brockington","OFF_TYPE":"Criminal"}},{"type":"Feature","id":1191,"geometry":null,"properties":{"OBJECTID":1191,"ID":"502","YEAR":2023,"REP_DATE":"Mon, 15 May 2023 00:00:00 GMT","OCC_DATE":"Sun, 14 May 2023 00:00:00 GMT","WEEKDAY":"Sunday","HATE_CRIME":"Race/Ethnicity","HC_MOTIVATION":"Arab(West Asian,Middle Eastern and North African origins)","HC_STATUS":"Hatecrime Suspected","OFF_CATEG":"Mischief To Property","NB_NAME_EN":"West Centertown","SECTOR":"Sector 22","DIVISION":"Central","CENSUS_TRC":"5050035.00","WARD":"Ward 15 - Kitchissippi","COUNCILLOR":"Jeff Leiper","OFF_TYPE":"Criminal"}},{"type":"Feature","id":1192,"geometry":null,"properties":{"OBJECTID":1192,"ID":"503","YEAR":2023,"REP_DATE":"Thu, 09 Nov 2023 00:00:00 GMT","OCC_DATE":"Thu, 09 Nov 2023 00:00:00 GMT","WEEKDAY":"Thursday","HATE_CRIME":"Religion","HC_MOTIVATION":"Jewish","HC_STATUS":"Hatecrime Happened","OFF_CATEG":"Mischief To Property","NB_NAME_EN":"Hintonburg - Mechanicsville","SECTOR":"Sector 21","DIVISION":"Central","CENSUS_TRC":"5050046.00","WARD":"Ward 15 - Kitchissippi","COUNCILLOR":"Jeff Leiper","OFF_TYPE":"Criminal"}},{"type":"Feature","id":1193,"geometry":null,"properties":{"OBJECTID":1193,"ID":"504","YEAR":2019,"REP_DATE":"Thu, 05 Sep 2019 00:00:00 GMT","OCC_DATE":"Thu, 05 Sep 2019 00:00:00 GMT","WEEKDAY":"Thursday","HATE_CRIME":"Religion","HC_MOTIVATION":"Muslim (Islam)","HC_STATUS":"Hatecrime Happened","OFF_CATEG":"Mischief To Property","NB_NAME_EN":"Hintonburg - Mechanicsville","SECTOR":"Sector 21","DIVISION":"Central","CENSUS_TRC":"5050046.00","WARD":"Ward 15 - Kitchissippi","COUNCILLOR":"Jeff Leiper","OFF_TYPE":"Criminal"}},{"type":"Feature","id":1194,"geometry":null,"properties":{"OBJECTID":1194,"ID":"505","YEAR":2022,"REP_DATE":"Mon, 23 May 2022 00:00:00 GMT","OCC_DATE":"Mon, 23 May 2022 00:00:00 GMT","WEEKDAY":"Monday","HATE_CRIME":"Gender","HC_MOTIVATION":"Woman","HC_STATUS":"Hatecrime Suspected","OFF_CATEG":"Threats Utter To Person","NB_NAME_EN":"New Barrhaven - New Development - Stonebridge","SECTOR":"Sector 16","DIVISION":"West","CENSUS_TRC":"5050141.11","WARD":"Ward 24 - Barrhaven East","COUNCILLOR":"Wilson Lo","OFF_TYPE":"Criminal"}},{"type":"Feature","id":1195,"geometry":null,"properties":{"OBJECTID":1195,"ID":"506","YEAR":2019,"REP_DATE":"Sat, 16 Nov 2019 00:00:00 GMT","OCC_DATE":"Mon, 01 Jul 2019 00:00:00 GMT","WEEKDAY":"Monday","HATE_CRIME":"Race/Ethnicity","HC_MOTIVATION":"Other race/ethnicity","HC_STATUS":"Hatecrime Happened","OFF_CATEG":"Mischief To Property","NB_NAME_EN":"Carlington","SECTOR":"Sector 21","DIVISION":"Central","CENSUS_TRC":"5050021.00","WARD":"Ward 16 - River","COUNCILLOR":"Riley Brockington","OFF_TYPE":"Criminal"}},{"type":"Feature","id":1196,"geometry":null,"properties":{"OBJECTID":1196,"ID":"507","YEAR":2023,"REP_DATE":"Thu, 08 Jun 2023 00:00:00 GMT","OCC_DATE":"Thu, 08 Jun 2023 00:00:00 GMT","WEEKDAY":"Thursday","HATE_CRIME":"Race/Ethnicity","HC_MOTIVATION":"Chinese","HC_STATUS":"Hatecrime Suspected","OFF_CATEG":"Harass Race/ Religion","NB_NAME_EN":"New Barrhaven - New Development - Stonebridge","SECTOR":"Sector 16","DIVISION":"West","CENSUS_TRC":"5050141.26","WARD":"Ward 3 - Barrhaven West","COUNCILLOR":"David Hill","OFF_TYPE":"Non Criminal"}},{"type":"Feature","id":1197,"geometry":null,"properties":{"OBJECTID":1197,"ID":"508","YEAR":2018,"REP_DATE":"Tue, 23 Oct 2018 00:00:00 GMT","OCC_DATE":"Wed, 10 Oct 2018 00:00:00 GMT","WEEKDAY":"Wednesday","HATE_CRIME":"Religion","HC_MOTIVATION":"Jewish","HC_STATUS":"Hatecrime Happened","OFF_CATEG":"Mischief To Property","NB_NAME_EN":"New Barrhaven - New Development - Stonebridge","SECTOR":"Sector 16","DIVISION":"West","CENSUS_TRC":"5050141.26","WARD":"Ward 3 - Barrhaven West","COUNCILLOR":"David Hill","OFF_TYPE":"Criminal"}},{"type":"Feature","id":1198,"geometry":null,"properties":{"OBJECTID":1198,"ID":"509","YEAR":2022,"REP_DATE":"Tue, 19 Jul 2022 00:00:00 GMT","OCC_DATE":"Mon, 18 Jul 2022 00:00:00 GMT","WEEKDAY":"Monday","HATE_CRIME":"Race/Ethnicity","HC_MOTIVATION":"Black","HC_STATUS":"Hatecrime Happened","OFF_CATEG":"Mischief To Property","NB_NAME_EN":"Barrhaven","SECTOR":"Sector 16","DIVISION":"West","CENSUS_TRC":"5050140.04","WARD":"Ward 3 - Barrhaven West","COUNCILLOR":"David Hill","OFF_TYPE":"Criminal"}},{"type":"Feature","id":1199,"geometry":null,"properties":{"OBJECTID":1199,"ID":"510","YEAR":2021,"REP_DATE":"Thu, 03 Jun 2021 00:00:00 GMT","OCC_DATE":"Thu, 03 Jun 2021 00:00:00 GMT","WEEKDAY":"Thursday","HATE_CRIME":"Race/Ethnicity","HC_MOTIVATION":"Arab(West Asian,Middle Eastern and North African origins)","HC_STATUS":"Hatecrime Happened","OFF_CATEG":"Dispute- Disturbance","NB_NAME_EN":"New Barrhaven - New Development - Stonebridge","SECTOR":"Sector 16","DIVISION":"West","CENSUS_TRC":"5050141.16","WARD":"Ward 24 - Barrhaven East","COUNCILLOR":"Wilson Lo","OFF_TYPE":"Non Criminal"}},{"type":"Feature","id":1200,"geometry":null,"properties":{"OBJECTID":1200,"ID":"511","YEAR":2023,"REP_DATE":"Sat, 29 Apr 2023 00:00:00 GMT","OCC_DATE":"Thu, 20 Apr 2023 00:00:00 GMT","WEEKDAY":"Thursday","HATE_CRIME":"Race/Ethnicity","HC_MOTIVATION":"Black","HC_STATUS":"Hatecrime Suspected","OFF_CATEG":"Harass Harrassment","NB_NAME_EN":"Island Park","SECTOR":"Sector 21","DIVISION":"Central","CENSUS_TRC":"5050044.00","WARD":"Ward 15 - Kitchissippi","COUNCILLOR":"Jeff Leiper","OFF_TYPE":"Non Criminal"}},{"type":"Feature","id":1201,"geometry":null,"properties":{"OBJECTID":1201,"ID":"512","YEAR":2023,"REP_DATE":"Fri, 01 Dec 2023 00:00:00 GMT","OCC_DATE":"Wed, 29 Nov 2023 00:00:00 GMT","WEEKDAY":"Wednesday","HATE_CRIME":"Religion","HC_MOTIVATION":"Muslim (Islam)","HC_STATUS":"Hatecrime Suspected","OFF_CATEG":"Mischief To Property","NB_NAME_EN":"Carlington","SECTOR":"Sector 21","DIVISION":"Central","CENSUS_TRC":"5050021.00","WARD":"Ward 16 - River","COUNCILLOR":"Riley Brockington","OFF_TYPE":"Criminal"}},{"type":"Feature","id":1202,"geometry":null,"properties":{"OBJECTID":1202,"ID":"513","YEAR":2020,"REP_DATE":"Tue, 04 Aug 2020 00:00:00 GMT","OCC_DATE":"Sun, 02 Aug 2020 00:00:00 GMT","WEEKDAY":"Sunday","HATE_CRIME":"Race/Ethnicity","HC_MOTIVATION":"Black","HC_STATUS":"Hatecrime Happened","OFF_CATEG":"Indecent Acts","NB_NAME_EN":"Civic Hospital-Central Park","SECTOR":"Sector 21","DIVISION":"Central","CENSUS_TRC":"5050023.02","WARD":"Ward 16 - River","COUNCILLOR":"Riley Brockington","OFF_TYPE":"Criminal"}},{"type":"Feature","id":1203,"geometry":null,"properties":{"OBJECTID":1203,"ID":"514","YEAR":2021,"REP_DATE":"Fri, 20 Aug 2021 00:00:00 GMT","OCC_DATE":"Thu, 19 Aug 2021 00:00:00 GMT","WEEKDAY":"Thursday","HATE_CRIME":"Sexual Orientation","HC_MOTIVATION":"LGBTQ2+","HC_STATUS":"Hatecrime Happened","OFF_CATEG":"Mischief To Property","NB_NAME_EN":"Lebreton Development","SECTOR":"Sector 22","DIVISION":"Central","CENSUS_TRC":"5050047.00","WARD":"Ward 14 - Somerset","COUNCILLOR":"Ariel Troster","OFF_TYPE":"Criminal"}},{"type":"Feature","id":1204,"geometry":null,"properties":{"OBJECTID":1204,"ID":"515","YEAR":2019,"REP_DATE":"Sat, 27 Jul 2019 00:00:00 GMT","OCC_DATE":"Sat, 27 Jul 2019 00:00:00 GMT","WEEKDAY":"Saturday","HATE_CRIME":"Religion","HC_MOTIVATION":"Jewish","HC_STATUS":"Hatecrime Happened","OFF_CATEG":"Mischief To Property","NB_NAME_EN":"Chapman Mills - Rideau Crest - Davidson Heights","SECTOR":"Sector 16","DIVISION":"West","CENSUS_TRC":"5050141.18","WARD":"Ward 24 - Barrhaven East","COUNCILLOR":"Wilson Lo","OFF_TYPE":"Criminal"}},{"type":"Feature","id":1205,"geometry":null,"properties":{"OBJECTID":1205,"ID":"516","YEAR":2020,"REP_DATE":"Tue, 25 Aug 2020 00:00:00 GMT","OCC_DATE":"Tue, 25 Aug 2020 00:00:00 GMT","WEEKDAY":"Tuesday","HATE_CRIME":"Religion","HC_MOTIVATION":"Jewish","HC_STATUS":"Hatecrime Suspected","OFF_CATEG":"Mischief To Property","NB_NAME_EN":"Carlington","SECTOR":"Sector 21","DIVISION":"Central","CENSUS_TRC":"5050022.00","WARD":"Ward 16 - River","COUNCILLOR":"Riley Brockington","OFF_TYPE":"Criminal"}},{"type":"Feature","id":1206,"geometry":null,"properties":{"OBJECTID":1206,"ID":"517","YEAR":2020,"REP_DATE":"Tue, 28 Apr 2020 00:00:00 GMT","OCC_DATE":"Tue, 28 Apr 2020 00:00:00 GMT","WEEKDAY":"Tuesday","HATE_CRIME":"Religion","HC_MOTIVATION":"Jewish","HC_STATUS":"Hatecrime Happened","OFF_CATEG":"Mischief To Property","NB_NAME_EN":"Hintonburg - Mechanicsville","SECTOR":"Sector 21","DIVISION":"Central","CENSUS_TRC":"5050046.00","WARD":"Ward 15 - Kitchissippi","COUNCILLOR":"Jeff Leiper","OFF_TYPE":"Criminal"}},{"type":"Feature","id":1207,"geometry":null,"properties":{"OBJECTID":1207,"ID":"518","YEAR":2018,"REP_DATE":"Tue, 27 Mar 2018 00:00:00 GMT","OCC_DATE":"Tue, 27 Mar 2018 00:00:00 GMT","WEEKDAY":"Tuesday","HATE_CRIME":"Religion","HC_MOTIVATION":"Jewish","HC_STATUS":"Hatecrime Happened","OFF_CATEG":"Mischief To Property","NB_NAME_EN":"New Barrhaven - New Development - Stonebridge","SECTOR":"Sector 16","DIVISION":"West","CENSUS_TRC":"5050141.20","WARD":"Ward 3 - Barrhaven West","COUNCILLOR":"David Hill","OFF_TYPE":"Criminal"}},{"type":"Feature","id":1208,"geometry":null,"properties":{"OBJECTID":1208,"ID":"519","YEAR":2022,"REP_DATE":"Mon, 20 Jun 2022 00:00:00 GMT","OCC_DATE":"Fri, 17 Jun 2022 00:00:00 GMT","WEEKDAY":"Friday","HATE_CRIME":"Sexual Orientation","HC_MOTIVATION":"LGBTQ2+","HC_STATUS":"Hatecrime Happened","OFF_CATEG":"Mischief To Property","NB_NAME_EN":"West Centertown","SECTOR":"Sector 22","DIVISION":"Central","CENSUS_TRC":"5050042.00","WARD":"Ward 14 - Somerset","COUNCILLOR":"Ariel Troster","OFF_TYPE":"Criminal"}},{"type":"Feature","id":1209,"geometry":null,"properties":{"OBJECTID":1209,"ID":"520","YEAR":2020,"REP_DATE":"Thu, 21 May 2020 00:00:00 GMT","OCC_DATE":"Thu, 21 May 2020 00:00:00 GMT","WEEKDAY":"Thursday","HATE_CRIME":"Race/Ethnicity","HC_MOTIVATION":"Arab(West Asian,Middle Eastern and North African origins)","HC_STATUS":"Hatecrime Suspected","OFF_CATEG":"Threats Utter To Person","NB_NAME_EN":"New Barrhaven - New Development - Stonebridge","SECTOR":"Sector 16","DIVISION":"West","CENSUS_TRC":"5050141.16","WARD":"Ward 24 - Barrhaven East","COUNCILLOR":"Wilson Lo","OFF_TYPE":"Criminal"}},{"type":"Feature","id":1210,"geometry":null,"properties":{"OBJECTID":1210,"ID":"521","YEAR":2023,"REP_DATE":"Fri, 25 Aug 2023 00:00:00 GMT","OCC_DATE":"Tue, 13 Jun 2023 00:00:00 GMT","WEEKDAY":"Tuesday","HATE_CRIME":"Sexual Orientation","HC_MOTIVATION":"LGBTQ2+","HC_STATUS":"Hatecrime Happened","OFF_CATEG":"Harass Sexual Orientation","NB_NAME_EN":"Hintonburg - Mechanicsville","SECTOR":"Sector 21","DIVISION":"Central","CENSUS_TRC":"5050046.00","WARD":"Ward 15 - Kitchissippi","COUNCILLOR":"Jeff Leiper","OFF_TYPE":"Non Criminal"}},{"type":"Feature","id":1211,"geometry":null,"properties":{"OBJECTID":1211,"ID":"522","YEAR":2023,"REP_DATE":"Fri, 08 Sep 2023 00:00:00 GMT","OCC_DATE":"Fri, 08 Sep 2023 00:00:00 GMT","WEEKDAY":"Friday","HATE_CRIME":"Religion","HC_MOTIVATION":"Jewish","HC_STATUS":"Hatecrime Happened","OFF_CATEG":"Information ( General)","NB_NAME_EN":"Carlington","SECTOR":"Sector 21","DIVISION":"Central","CENSUS_TRC":"5050022.00","WARD":"Ward 16 - River","COUNCILLOR":"Riley Brockington","OFF_TYPE":"Non Criminal"}},{"type":"Feature","id":1212,"geometry":null,"properties":{"OBJECTID":1212,"ID":"523","YEAR":2023,"REP_DATE":"Tue, 28 Nov 2023 00:00:00 GMT","OCC_DATE":"Thu, 23 Nov 2023 00:00:00 GMT","WEEKDAY":"Thursday","HATE_CRIME":"Sexual Orientation","HC_MOTIVATION":"LGBTQ2+","HC_STATUS":"Hatecrime Happened","OFF_CATEG":"Mischief To Property","NB_NAME_EN":"Centrepointe","SECTOR":"Sector 15","DIVISION":"West","CENSUS_TRC":"5050137.05","WARD":"Ward 8 - College","COUNCILLOR":"Laine Johnson","OFF_TYPE":"Criminal"}},{"type":"Feature","id":1213,"geometry":null,"properties":{"OBJECTID":1213,"ID":"524","YEAR":2022,"REP_DATE":"Sun, 06 Nov 2022 00:00:00 GMT","OCC_DATE":"Sun, 06 Nov 2022 00:00:00 GMT","WEEKDAY":"Sunday","HATE_CRIME":"Race/Ethnicity","HC_MOTIVATION":"South Asian","HC_STATUS":"Hatecrime Happened","OFF_CATEG":"Dispute- Disturbance","NB_NAME_EN":"New Barrhaven - New Development - Stonebridge","SECTOR":"Sector 16","DIVISION":"West","CENSUS_TRC":"5050141.16","WARD":"Ward 24 - Barrhaven East","COUNCILLOR":"Wilson Lo","OFF_TYPE":"Non Criminal"}},{"type":"Feature","id":1214,"geometry":null,"properties":{"OBJECTID":1214,"ID":"525","YEAR":2022,"REP_DATE":"Sun, 18 Sep 2022 00:00:00 GMT","OCC_DATE":"Sun, 18 Sep 2022 00:00:00 GMT","WEEKDAY":"Sunday","HATE_CRIME":"Race/Ethnicity","HC_MOTIVATION":"South Asian","HC_STATUS":"Hatecrime Suspected","OFF_CATEG":"Dispute- Disturbance","NB_NAME_EN":"New Barrhaven - New Development - Stonebridge","SECTOR":"Sector 16","DIVISION":"West","CENSUS_TRC":"5050141.16","WARD":"Ward 24 - Barrhaven East","COUNCILLOR":"Wilson Lo","OFF_TYPE":"Non Criminal"}},{"type":"Feature","id":1215,"geometry":null,"properties":{"OBJECTID":1215,"ID":"526","YEAR":2022,"REP_DATE":"Sat, 20 Aug 2022 00:00:00 GMT","OCC_DATE":"Sat, 20 Aug 2022 00:00:00 GMT","WEEKDAY":"Saturday","HATE_CRIME":"Race/Ethnicity","HC_MOTIVATION":"Arab(West Asian,Middle Eastern and North African origins)","HC_STATUS":"Hatecrime Suspected","OFF_CATEG":"Threats Utter To Person","NB_NAME_EN":"Carlington","SECTOR":"Sector 21","DIVISION":"Central","CENSUS_TRC":"5050022.00","WARD":"Ward 16 - River","COUNCILLOR":"Riley Brockington","OFF_TYPE":"Criminal"}},{"type":"Feature","id":1216,"geometry":null,"properties":{"OBJECTID":1216,"ID":"527","YEAR":2020,"REP_DATE":"Sun, 04 Oct 2020 00:00:00 GMT","OCC_DATE":"Sun, 04 Oct 2020 00:00:00 GMT","WEEKDAY":"Sunday","HATE_CRIME":"Race/Ethnicity","HC_MOTIVATION":"Black","HC_STATUS":"Hatecrime Happened","OFF_CATEG":"Assault Level 1","NB_NAME_EN":"Carlington","SECTOR":"Sector 21","DIVISION":"Central","CENSUS_TRC":"5050022.00","WARD":"Ward 16 - River","COUNCILLOR":"Riley Brockington","OFF_TYPE":"Criminal"}},{"type":"Feature","id":1217,"geometry":null,"properties":{"OBJECTID":1217,"ID":"528","YEAR":2022,"REP_DATE":"Sun, 02 Oct 2022 00:00:00 GMT","OCC_DATE":"Sun, 02 Oct 2022 00:00:00 GMT","WEEKDAY":"Sunday","HATE_CRIME":"Race/Ethnicity","HC_MOTIVATION":"East and Southeast Asian","HC_STATUS":"Hatecrime Suspected","OFF_CATEG":"Mischief To Property","NB_NAME_EN":"Westboro","SECTOR":"Sector 21","DIVISION":"Central","CENSUS_TRC":"5050033.02","WARD":"Ward 15 - Kitchissippi","COUNCILLOR":"Jeff Leiper","OFF_TYPE":"Criminal"}},{"type":"Feature","id":1218,"geometry":null,"properties":{"OBJECTID":1218,"ID":"529","YEAR":2018,"REP_DATE":"Tue, 18 Dec 2018 00:00:00 GMT","OCC_DATE":"Tue, 18 Dec 2018 00:00:00 GMT","WEEKDAY":"Tuesday","HATE_CRIME":"Religion","HC_MOTIVATION":"Jewish","HC_STATUS":"Hatecrime Suspected","OFF_CATEG":"Mischief To Property","NB_NAME_EN":"West Centertown","SECTOR":"Sector 22","DIVISION":"Central","CENSUS_TRC":"5050041.00","WARD":"Ward 14 - Somerset","COUNCILLOR":"Ariel Troster","OFF_TYPE":"Criminal"}},{"type":"Feature","id":1219,"geometry":null,"properties":{"OBJECTID":1219,"ID":"530","YEAR":2020,"REP_DATE":"Fri, 01 May 2020 00:00:00 GMT","OCC_DATE":"Thu, 30 Apr 2020 00:00:00 GMT","WEEKDAY":"Thursday","HATE_CRIME":"Race/Ethnicity","HC_MOTIVATION":"East and Southeast Asian","HC_STATUS":"Hatecrime Happened","OFF_CATEG":"Mischief To Property","NB_NAME_EN":"Borden Farm - Stewart Farm - Parkwood Hills - Fisher Glen","SECTOR":"Sector 17","DIVISION":"West","CENSUS_TRC":"5050131.02","WARD":"Ward 9 - Knoxdale-Merivale","COUNCILLOR":"Sean Devine","OFF_TYPE":"Criminal"}},{"type":"Feature","id":1220,"geometry":null,"properties":{"OBJECTID":1220,"ID":"531","YEAR":2022,"REP_DATE":"Mon, 09 May 2022 00:00:00 GMT","OCC_DATE":"Mon, 09 May 2022 00:00:00 GMT","WEEKDAY":"Monday","HATE_CRIME":"Race/Ethnicity","HC_MOTIVATION":"Black","HC_STATUS":"Hatecrime Happened","OFF_CATEG":"Mischief To Property","NB_NAME_EN":"Chapman Mills - Rideau Crest - Davidson Heights","SECTOR":"Sector 16","DIVISION":"West","CENSUS_TRC":"5050141.09","WARD":"Ward 24 - Barrhaven East","COUNCILLOR":"Wilson Lo","OFF_TYPE":"Criminal"}},{"type":"Feature","id":1221,"geometry":null,"properties":{"OBJECTID":1221,"ID":"532","YEAR":2023,"REP_DATE":"Mon, 13 Nov 2023 00:00:00 GMT","OCC_DATE":"Wed, 08 Nov 2023 00:00:00 GMT","WEEKDAY":"Wednesday","HATE_CRIME":"Sexual Orientation","HC_MOTIVATION":"LGBTQ2+","HC_STATUS":"Hatecrime Happened","OFF_CATEG":"Information ( General)","NB_NAME_EN":"Merivale Gardens - Grenfell Glen - Pineglen - Country Place","SECTOR":"Sector 17","DIVISION":"West","CENSUS_TRC":"5050130.01","WARD":"Ward 9 - Knoxdale-Merivale","COUNCILLOR":"Sean Devine","OFF_TYPE":"Non Criminal"}},{"type":"Feature","id":1222,"geometry":null,"properties":{"OBJECTID":1222,"ID":"533","YEAR":2023,"REP_DATE":"Tue, 04 Jul 2023 00:00:00 GMT","OCC_DATE":"Tue, 04 Jul 2023 00:00:00 GMT","WEEKDAY":"Tuesday","HATE_CRIME":"Unknown","HC_MOTIVATION":"Unknown","HC_STATUS":"Hatecrime Suspected","OFF_CATEG":"Mischief To Property","NB_NAME_EN":"New Barrhaven - New Development - Stonebridge","SECTOR":"Sector 16","DIVISION":"West","CENSUS_TRC":"5050141.22","WARD":"Ward 24 - Barrhaven East","COUNCILLOR":"Wilson Lo","OFF_TYPE":"Criminal"}},{"type":"Feature","id":1223,"geometry":null,"properties":{"OBJECTID":1223,"ID":"534","YEAR":2023,"REP_DATE":"Sun, 14 May 2023 00:00:00 GMT","OCC_DATE":"Sun, 14 May 2023 00:00:00 GMT","WEEKDAY":"Sunday","HATE_CRIME":"Combination (More than 2 Motivations)","HC_MOTIVATION":"Combination (More than 2 Motivations)","HC_STATUS":"Hatecrime Happened","OFF_CATEG":"Assault Level 1","NB_NAME_EN":"West Centertown","SECTOR":"Sector 22","DIVISION":"Central","CENSUS_TRC":"5050035.00","WARD":"Ward 14 - Somerset","COUNCILLOR":"Ariel Troster","OFF_TYPE":"Criminal"}},{"type":"Feature","id":1224,"geometry":null,"properties":{"OBJECTID":1224,"ID":"535","YEAR":2019,"REP_DATE":"Tue, 03 Sep 2019 00:00:00 GMT","OCC_DATE":"Tue, 03 Sep 2019 00:00:00 GMT","WEEKDAY":"Tuesday","HATE_CRIME":"Race/Ethnicity","HC_MOTIVATION":"Black","HC_STATUS":"Hatecrime Happened","OFF_CATEG":"Mischief To Property","NB_NAME_EN":"Hintonburg - Mechanicsville","SECTOR":"Sector 21","DIVISION":"Central","CENSUS_TRC":"5050043.00","WARD":"Ward 15 - Kitchissippi","COUNCILLOR":"Jeff Leiper","OFF_TYPE":"Criminal"}},{"type":"Feature","id":1225,"geometry":null,"properties":{"OBJECTID":1225,"ID":"536","YEAR":2022,"REP_DATE":"Sun, 14 Aug 2022 00:00:00 GMT","OCC_DATE":"Sun, 14 Aug 2022 00:00:00 GMT","WEEKDAY":"Sunday","HATE_CRIME":"Sexual Orientation","HC_MOTIVATION":"LGBTQ2+","HC_STATUS":"Hatecrime Happened","OFF_CATEG":"Mischief To Property","NB_NAME_EN":"Hintonburg - Mechanicsville","SECTOR":"Sector 21","DIVISION":"Central","CENSUS_TRC":"5050043.00","WARD":"Ward 15 - Kitchissippi","COUNCILLOR":"Jeff Leiper","OFF_TYPE":"Criminal"}},{"type":"Feature","id":1226,"geometry":null,"properties":{"OBJECTID":1226,"ID":"537","YEAR":2022,"REP_DATE":"Sun, 05 Jun 2022 00:00:00 GMT","OCC_DATE":"Sat, 04 Jun 2022 00:00:00 GMT","WEEKDAY":"Saturday","HATE_CRIME":"Sexual Orientation","HC_MOTIVATION":"Unknown sexual orientation","HC_STATUS":"Hatecrime Suspected","OFF_CATEG":"Mischief To Property","NB_NAME_EN":"New Barrhaven - New Development - Stonebridge","SECTOR":"Sector 16","DIVISION":"West","CENSUS_TRC":"5050141.21","WARD":"Ward 24 - Barrhaven East","COUNCILLOR":"Wilson Lo","OFF_TYPE":"Criminal"}},{"type":"Feature","id":1227,"geometry":null,"properties":{"OBJECTID":1227,"ID":"538","YEAR":2021,"REP_DATE":"Thu, 24 Jun 2021 00:00:00 GMT","OCC_DATE":"Thu, 24 Jun 2021 00:00:00 GMT","WEEKDAY":"Thursday","HATE_CRIME":"Sexual Orientation","HC_MOTIVATION":"LGBTQ2+","HC_STATUS":"Hatecrime Happened","OFF_CATEG":"Mischief To Property","NB_NAME_EN":"Civic Hospital-Central Park","SECTOR":"Sector 21","DIVISION":"Central","CENSUS_TRC":"5050020.01","WARD":"Ward 15 - Kitchissippi","COUNCILLOR":"Jeff Leiper","OFF_TYPE":"Criminal"}},{"type":"Feature","id":1228,"geometry":null,"properties":{"OBJECTID":1228,"ID":"539","YEAR":2023,"REP_DATE":"Wed, 17 May 2023 00:00:00 GMT","OCC_DATE":"Wed, 17 May 2023 00:00:00 GMT","WEEKDAY":"Wednesday","HATE_CRIME":"Race/Ethnicity","HC_MOTIVATION":"Arab(West Asian,Middle Eastern and North African origins)","HC_STATUS":"Hatecrime Suspected","OFF_CATEG":"Dispute- Disturbance","NB_NAME_EN":"Civic Hospital-Central Park","SECTOR":"Sector 21","DIVISION":"Central","CENSUS_TRC":"5050020.01","WARD":"Ward 15 - Kitchissippi","COUNCILLOR":"Jeff Leiper","OFF_TYPE":"Non Criminal"}},{"type":"Feature","id":1229,"geometry":null,"properties":{"OBJECTID":1229,"ID":"540","YEAR":2023,"REP_DATE":"Thu, 08 Jun 2023 00:00:00 GMT","OCC_DATE":"Thu, 08 Jun 2023 00:00:00 GMT","WEEKDAY":"Thursday","HATE_CRIME":"Sexual Orientation","HC_MOTIVATION":"LGBTQ2+","HC_STATUS":"Hatecrime Happened","OFF_CATEG":"Mischief To Property","NB_NAME_EN":"New Barrhaven - New Development - Stonebridge","SECTOR":"Sector 16","DIVISION":"West","CENSUS_TRC":"5050141.25","WARD":"Ward 3 - Barrhaven West","COUNCILLOR":"David Hill","OFF_TYPE":"Criminal"}},{"type":"Feature","id":1230,"geometry":null,"properties":{"OBJECTID":1230,"ID":"541","YEAR":2021,"REP_DATE":"Thu, 25 Mar 2021 00:00:00 GMT","OCC_DATE":"Thu, 25 Mar 2021 00:00:00 GMT","WEEKDAY":"Thursday","HATE_CRIME":"Race/Ethnicity","HC_MOTIVATION":"Black","HC_STATUS":"Hatecrime Happened","OFF_CATEG":"Information ( General)","NB_NAME_EN":"Cityview - Skyline - Fisher Heights","SECTOR":"Sector 17","DIVISION":"West","CENSUS_TRC":"5050132.00","WARD":"Ward 9 - Knoxdale-Merivale","COUNCILLOR":"Sean Devine","OFF_TYPE":"Non Criminal"}},{"type":"Feature","id":1231,"geometry":null,"properties":{"OBJECTID":1231,"ID":"542","YEAR":2021,"REP_DATE":"Mon, 10 May 2021 00:00:00 GMT","OCC_DATE":"Mon, 10 May 2021 00:00:00 GMT","WEEKDAY":"Monday","HATE_CRIME":"Race/Ethnicity","HC_MOTIVATION":"Black","HC_STATUS":"Hatecrime Suspected","OFF_CATEG":"Suspicious Calls","NB_NAME_EN":"Cityview - Skyline - Fisher Heights","SECTOR":"Sector 17","DIVISION":"West","CENSUS_TRC":"5050132.00","WARD":"Ward 9 - Knoxdale-Merivale","COUNCILLOR":"Sean Devine","OFF_TYPE":"Non Criminal"}},{"type":"Feature","id":1232,"geometry":null,"properties":{"OBJECTID":1232,"ID":"543","YEAR":2021,"REP_DATE":"Sat, 14 Aug 2021 00:00:00 GMT","OCC_DATE":"Sat, 14 Aug 2021 00:00:00 GMT","WEEKDAY":"Saturday","HATE_CRIME":"Race/Ethnicity","HC_MOTIVATION":"Black","HC_STATUS":"Hatecrime Happened","OFF_CATEG":"Information ( General)","NB_NAME_EN":"Cityview - Skyline - Fisher Heights","SECTOR":"Sector 17","DIVISION":"West","CENSUS_TRC":"5050132.00","WARD":"Ward 9 - Knoxdale-Merivale","COUNCILLOR":"Sean Devine","OFF_TYPE":"Non Criminal"}},{"type":"Feature","id":1233,"geometry":null,"properties":{"OBJECTID":1233,"ID":"544","YEAR":2022,"REP_DATE":"Tue, 15 Mar 2022 00:00:00 GMT","OCC_DATE":"Tue, 15 Mar 2022 00:00:00 GMT","WEEKDAY":"Tuesday","HATE_CRIME":"Race/Ethnicity","HC_MOTIVATION":"Other race/ethnicity","HC_STATUS":"Hatecrime Suspected","OFF_CATEG":"Dispute- Disturbance","NB_NAME_EN":"Cityview - Skyline - Fisher Heights","SECTOR":"Sector 17","DIVISION":"West","CENSUS_TRC":"5050132.00","WARD":"Ward 9 - Knoxdale-Merivale","COUNCILLOR":"Sean Devine","OFF_TYPE":"Non Criminal"}},{"type":"Feature","id":1234,"geometry":null,"properties":{"OBJECTID":1234,"ID":"545","YEAR":2020,"REP_DATE":"Mon, 17 Aug 2020 00:00:00 GMT","OCC_DATE":"Sun, 09 Aug 2020 00:00:00 GMT","WEEKDAY":"Sunday","HATE_CRIME":"Religion","HC_MOTIVATION":"Jewish","HC_STATUS":"Hatecrime Happened","OFF_CATEG":"Mischief To Property","NB_NAME_EN":"New Barrhaven - New Development - Stonebridge","SECTOR":"Sector 16","DIVISION":"West","CENSUS_TRC":"5050141.21","WARD":"Ward 24 - Barrhaven East","COUNCILLOR":"Wilson Lo","OFF_TYPE":"Criminal"}},{"type":"Feature","id":1235,"geometry":null,"properties":{"OBJECTID":1235,"ID":"546","YEAR":2024,"REP_DATE":"Wed, 17 Jan 2024 00:00:00 GMT","OCC_DATE":"Wed, 17 Jan 2024 00:00:00 GMT","WEEKDAY":"Wednesday","HATE_CRIME":"Immigrants/Newcomers to Canada","HC_MOTIVATION":"Immigrants/Newcomers to Canada","HC_STATUS":"Hatecrime Suspected","OFF_CATEG":"Dispute- Disturbance","NB_NAME_EN":"Hintonburg - Mechanicsville","SECTOR":"Sector 21","DIVISION":"Central","CENSUS_TRC":"5050043.00","WARD":"Ward 15 - Kitchissippi","COUNCILLOR":"Jeff Leiper","OFF_TYPE":"Non Criminal"}},{"type":"Feature","id":1236,"geometry":null,"properties":{"OBJECTID":1236,"ID":"547","YEAR":2020,"REP_DATE":"Sun, 26 Apr 2020 00:00:00 GMT","OCC_DATE":"Fri, 13 Dec 2019 00:00:00 GMT","WEEKDAY":"Friday","HATE_CRIME":"Sexual Orientation","HC_MOTIVATION":"Unknown sexual orientation","HC_STATUS":"Hatecrime Suspected","OFF_CATEG":"Harass Sexual Orientation","NB_NAME_EN":"Lebreton Development","SECTOR":"Sector 22","DIVISION":"Central","CENSUS_TRC":"5050047.00","WARD":"Ward 14 - Somerset","COUNCILLOR":"Ariel Troster","OFF_TYPE":"Non Criminal"}},{"type":"Feature","id":1237,"geometry":null,"properties":{"OBJECTID":1237,"ID":"548","YEAR":2022,"REP_DATE":"Mon, 14 Feb 2022 00:00:00 GMT","OCC_DATE":"Mon, 14 Feb 2022 00:00:00 GMT","WEEKDAY":"Monday","HATE_CRIME":"Religion","HC_MOTIVATION":"Muslim (Islam)","HC_STATUS":"Hatecrime Happened","OFF_CATEG":"Assault Level 1","NB_NAME_EN":"Civic Hospital-Central Park","SECTOR":"Sector 21","DIVISION":"Central","CENSUS_TRC":"5050022.00","WARD":"Ward 16 - River","COUNCILLOR":"Riley Brockington","OFF_TYPE":"Criminal"}},{"type":"Feature","id":1238,"geometry":null,"properties":{"OBJECTID":1238,"ID":"549","YEAR":2021,"REP_DATE":"Fri, 19 Nov 2021 00:00:00 GMT","OCC_DATE":"Mon, 01 Nov 2021 00:00:00 GMT","WEEKDAY":"Monday","HATE_CRIME":"Religion","HC_MOTIVATION":"Jewish","HC_STATUS":"Hatecrime Happened","OFF_CATEG":"Mischief To Property","NB_NAME_EN":"Civic Hospital-Central Park","SECTOR":"Sector 21","DIVISION":"Central","CENSUS_TRC":"5050034.00","WARD":"Ward 16 - River","COUNCILLOR":"Riley Brockington","OFF_TYPE":"Criminal"}},{"type":"Feature","id":1239,"geometry":null,"properties":{"OBJECTID":1239,"ID":"550","YEAR":2021,"REP_DATE":"Thu, 11 Nov 2021 00:00:00 GMT","OCC_DATE":"Mon, 01 Nov 2021 00:00:00 GMT","WEEKDAY":"Monday","HATE_CRIME":"Religion","HC_MOTIVATION":"Jewish","HC_STATUS":"Hatecrime Happened","OFF_CATEG":"Mischief To Property","NB_NAME_EN":"Civic Hospital-Central Park","SECTOR":"Sector 21","DIVISION":"Central","CENSUS_TRC":"5050034.00","WARD":"Ward 16 - River","COUNCILLOR":"Riley Brockington","OFF_TYPE":"Criminal"}},{"type":"Feature","id":1240,"geometry":null,"properties":{"OBJECTID":1240,"ID":"551","YEAR":2021,"REP_DATE":"Fri, 08 Oct 2021 00:00:00 GMT","OCC_DATE":"Fri, 08 Oct 2021 00:00:00 GMT","WEEKDAY":"Friday","HATE_CRIME":"Race/Ethnicity","HC_MOTIVATION":"Multiple Races/Ethnicities","HC_STATUS":"Hatecrime Suspected","OFF_CATEG":"Assault With Weapon Or Cbh Lv2","NB_NAME_EN":"Barrhaven","SECTOR":"Sector 16","DIVISION":"West","CENSUS_TRC":"5050140.05","WARD":"Ward 3 - Barrhaven West","COUNCILLOR":"David Hill","OFF_TYPE":"Criminal"}},{"type":"Feature","id":1241,"geometry":null,"properties":{"OBJECTID":1241,"ID":"552","YEAR":2021,"REP_DATE":"Tue, 11 May 2021 00:00:00 GMT","OCC_DATE":"Tue, 11 May 2021 00:00:00 GMT","WEEKDAY":"Tuesday","HATE_CRIME":"Race/Ethnicity","HC_MOTIVATION":"Black","HC_STATUS":"Hatecrime Suspected","OFF_CATEG":"Theft \u003c $5000","NB_NAME_EN":"New Barrhaven - New Development - Stonebridge","SECTOR":"Sector 16","DIVISION":"West","CENSUS_TRC":"5050141.25","WARD":"Ward 3 - Barrhaven West","COUNCILLOR":"David Hill","OFF_TYPE":"Criminal"}},{"type":"Feature","id":1242,"geometry":null,"properties":{"OBJECTID":1242,"ID":"553","YEAR":2019,"REP_DATE":"Mon, 08 Jul 2019 00:00:00 GMT","OCC_DATE":"Sat, 22 Jun 2019 00:00:00 GMT","WEEKDAY":"Saturday","HATE_CRIME":"Race/Ethnicity","HC_MOTIVATION":"Black","HC_STATUS":"Hatecrime Happened","OFF_CATEG":"Mischief To Property","NB_NAME_EN":"Centrepointe","SECTOR":"Sector 15","DIVISION":"West","CENSUS_TRC":"5050137.05","WARD":"Ward 8 - College","COUNCILLOR":"Laine Johnson","OFF_TYPE":"Criminal"}},{"type":"Feature","id":1243,"geometry":null,"properties":{"OBJECTID":1243,"ID":"554","YEAR":2020,"REP_DATE":"Tue, 04 Feb 2020 00:00:00 GMT","OCC_DATE":"Tue, 04 Feb 2020 00:00:00 GMT","WEEKDAY":"Tuesday","HATE_CRIME":"Religion","HC_MOTIVATION":"Muslim (Islam)","HC_STATUS":"Hatecrime Happened","OFF_CATEG":"Threats Utter To Person","NB_NAME_EN":"Centrepointe","SECTOR":"Sector 15","DIVISION":"West","CENSUS_TRC":"5050137.05","WARD":"Ward 8 - College","COUNCILLOR":"Laine Johnson","OFF_TYPE":"Criminal"}},{"type":"Feature","id":1244,"geometry":null,"properties":{"OBJECTID":1244,"ID":"555","YEAR":2018,"REP_DATE":"Thu, 11 Oct 2018 00:00:00 GMT","OCC_DATE":"Thu, 11 Oct 2018 00:00:00 GMT","WEEKDAY":"Thursday","HATE_CRIME":"Race/Ethnicity","HC_MOTIVATION":"Arab(West Asian,Middle Eastern and North African origins)","HC_STATUS":"Hatecrime Suspected","OFF_CATEG":"Robbery Swarming( 2/ More Susp)","NB_NAME_EN":"Centrepointe","SECTOR":"Sector 15","DIVISION":"West","CENSUS_TRC":"5050137.05","WARD":"Ward 8 - College","COUNCILLOR":"Laine Johnson","OFF_TYPE":"Criminal"}},{"type":"Feature","id":1245,"geometry":null,"properties":{"OBJECTID":1245,"ID":"556","YEAR":2023,"REP_DATE":"Sun, 15 Oct 2023 00:00:00 GMT","OCC_DATE":"Sun, 15 Oct 2023 00:00:00 GMT","WEEKDAY":"Sunday","HATE_CRIME":"Religion","HC_MOTIVATION":"Jewish","HC_STATUS":"Hatecrime Suspected","OFF_CATEG":"Disturbance Causing, Loiter Etc","NB_NAME_EN":"Carlingwood West - Glabar Park - McKellar Heights","SECTOR":"Sector 14","DIVISION":"West","CENSUS_TRC":"5050025.00","WARD":"Ward 7 - Bay","COUNCILLOR":"Theresa Kavanagh","OFF_TYPE":"Criminal"}},{"type":"Feature","id":1246,"geometry":null,"properties":{"OBJECTID":1246,"ID":"557","YEAR":2022,"REP_DATE":"Sun, 07 Aug 2022 00:00:00 GMT","OCC_DATE":"Fri, 05 Aug 2022 00:00:00 GMT","WEEKDAY":"Friday","HATE_CRIME":"Sexual Orientation","HC_MOTIVATION":"Unknown sexual orientation","HC_STATUS":"Hatecrime Suspected","OFF_CATEG":"Mischief To Property","NB_NAME_EN":"New Barrhaven - New Development - Stonebridge","SECTOR":"Sector 16","DIVISION":"West","CENSUS_TRC":"5050141.16","WARD":"Ward 24 - Barrhaven East","COUNCILLOR":"Wilson Lo","OFF_TYPE":"Criminal"}},{"type":"Feature","id":1247,"geometry":null,"properties":{"OBJECTID":1247,"ID":"558","YEAR":2022,"REP_DATE":"Mon, 02 May 2022 00:00:00 GMT","OCC_DATE":"Mon, 02 May 2022 00:00:00 GMT","WEEKDAY":"Monday","HATE_CRIME":"Race/Ethnicity","HC_MOTIVATION":"Arab(West Asian,Middle Eastern and North African origins)","HC_STATUS":"Hatecrime Suspected","OFF_CATEG":"Dispute- Disturbance","NB_NAME_EN":"Chapman Mills - Rideau Crest - Davidson Heights","SECTOR":"Sector 16","DIVISION":"West","CENSUS_TRC":"5050141.09","WARD":"Ward 24 - Barrhaven East","COUNCILLOR":"Wilson Lo","OFF_TYPE":"Non Criminal"}},{"type":"Feature","id":1248,"geometry":null,"properties":{"OBJECTID":1248,"ID":"559","YEAR":2023,"REP_DATE":"Thu, 25 May 2023 00:00:00 GMT","OCC_DATE":"Thu, 25 May 2023 00:00:00 GMT","WEEKDAY":"Thursday","HATE_CRIME":"Combination (More than 2 Motivations)","HC_MOTIVATION":"Combination (More than 2 Motivations)","HC_STATUS":"Hatecrime Happened","OFF_CATEG":"Assault Level 1","NB_NAME_EN":"New Barrhaven - New Development - Stonebridge","SECTOR":"Sector 16","DIVISION":"West","CENSUS_TRC":"5050141.10","WARD":"Ward 24 - Barrhaven East","COUNCILLOR":"Wilson Lo","OFF_TYPE":"Criminal"}},{"type":"Feature","id":1249,"geometry":null,"properties":{"OBJECTID":1249,"ID":"560","YEAR":2022,"REP_DATE":"Wed, 14 Dec 2022 00:00:00 GMT","OCC_DATE":"Sun, 11 Dec 2022 00:00:00 GMT","WEEKDAY":"Sunday","HATE_CRIME":"Race/Ethnicity","HC_MOTIVATION":"Other race/ethnicity","HC_STATUS":"Hatecrime Happened","OFF_CATEG":"Mischief To Property","NB_NAME_EN":"Hintonburg - Mechanicsville","SECTOR":"Sector 21","DIVISION":"Central","CENSUS_TRC":"5050046.00","WARD":"Ward 15 - Kitchissippi","COUNCILLOR":"Jeff Leiper","OFF_TYPE":"Criminal"}},{"type":"Feature","id":1250,"geometry":null,"properties":{"OBJECTID":1250,"ID":"561","YEAR":2023,"REP_DATE":"Mon, 29 May 2023 00:00:00 GMT","OCC_DATE":"Mon, 29 May 2023 00:00:00 GMT","WEEKDAY":"Monday","HATE_CRIME":"Race/Ethnicity","HC_MOTIVATION":"Black","HC_STATUS":"Hatecrime Happened","OFF_CATEG":"Assault With Weapon Or Cbh Lv2","NB_NAME_EN":"Crestview - Meadowlands","SECTOR":"Sector 17","DIVISION":"West","CENSUS_TRC":"5050133.00","WARD":"Ward 8 - College","COUNCILLOR":"Laine Johnson","OFF_TYPE":"Criminal"}},{"type":"Feature","id":1251,"geometry":null,"properties":{"OBJECTID":1251,"ID":"562","YEAR":2023,"REP_DATE":"Mon, 29 May 2023 00:00:00 GMT","OCC_DATE":"Mon, 29 May 2023 00:00:00 GMT","WEEKDAY":"Monday","HATE_CRIME":"Race/Ethnicity","HC_MOTIVATION":"Black","HC_STATUS":"Hatecrime Happened","OFF_CATEG":"Assault With Weapon Or Cbh Lv2","NB_NAME_EN":"Crestview - Meadowlands","SECTOR":"Sector 17","DIVISION":"West","CENSUS_TRC":"5050133.00","WARD":"Ward 8 - College","COUNCILLOR":"Laine Johnson","OFF_TYPE":"Criminal"}},{"type":"Feature","id":1252,"geometry":null,"properties":{"OBJECTID":1252,"ID":"563","YEAR":2023,"REP_DATE":"Sat, 26 Aug 2023 00:00:00 GMT","OCC_DATE":"Sat, 26 Aug 2023 00:00:00 GMT","WEEKDAY":"Saturday","HATE_CRIME":"Sexual Orientation","HC_MOTIVATION":"LGBTQ2+","HC_STATUS":"Hatecrime Suspected","OFF_CATEG":"Mischief To Property","NB_NAME_EN":"New Barrhaven - New Development - Stonebridge","SECTOR":"Sector 16","DIVISION":"West","CENSUS_TRC":"5050141.11","WARD":"Ward 24 - Barrhaven East","COUNCILLOR":"Wilson Lo","OFF_TYPE":"Criminal"}},{"type":"Feature","id":1253,"geometry":null,"properties":{"OBJECTID":1253,"ID":"564","YEAR":2020,"REP_DATE":"Fri, 10 Apr 2020 00:00:00 GMT","OCC_DATE":"Thu, 09 Apr 2020 00:00:00 GMT","WEEKDAY":"Thursday","HATE_CRIME":"Race/Ethnicity","HC_MOTIVATION":"Other race/ethnicity","HC_STATUS":"Hatecrime Happened","OFF_CATEG":"Assault Level 1","NB_NAME_EN":"Chapman Mills - Rideau Crest - Davidson Heights","SECTOR":"Sector 16","DIVISION":"West","CENSUS_TRC":"5050141.18","WARD":"Ward 24 - Barrhaven East","COUNCILLOR":"Wilson Lo","OFF_TYPE":"Criminal"}},{"type":"Feature","id":1254,"geometry":null,"properties":{"OBJECTID":1254,"ID":"565","YEAR":2021,"REP_DATE":"Mon, 08 Nov 2021 00:00:00 GMT","OCC_DATE":"Mon, 08 Nov 2021 00:00:00 GMT","WEEKDAY":"Monday","HATE_CRIME":"Race/Ethnicity","HC_MOTIVATION":"Arab(West Asian,Middle Eastern and North African origins)","HC_STATUS":"Hatecrime Suspected","OFF_CATEG":"Assault Level 1","NB_NAME_EN":"Borden Farm - Stewart Farm - Parkwood Hills - Fisher Glen","SECTOR":"Sector 17","DIVISION":"West","CENSUS_TRC":"5050134.00","WARD":"Ward 8 - College","COUNCILLOR":"Laine Johnson","OFF_TYPE":"Criminal"}},{"type":"Feature","id":1255,"geometry":null,"properties":{"OBJECTID":1255,"ID":"566","YEAR":2021,"REP_DATE":"Wed, 07 Jul 2021 00:00:00 GMT","OCC_DATE":"Mon, 05 Jul 2021 00:00:00 GMT","WEEKDAY":"Monday","HATE_CRIME":"Race/Ethnicity","HC_MOTIVATION":"Arab(West Asian,Middle Eastern and North African origins)","HC_STATUS":"Hatecrime Suspected","OFF_CATEG":"Mischief To Property","NB_NAME_EN":"Hintonburg - Mechanicsville","SECTOR":"Sector 21","DIVISION":"Central","CENSUS_TRC":"5050046.00","WARD":"Ward 15 - Kitchissippi","COUNCILLOR":"Jeff Leiper","OFF_TYPE":"Criminal"}},{"type":"Feature","id":1256,"geometry":null,"properties":{"OBJECTID":1256,"ID":"567","YEAR":2021,"REP_DATE":"Fri, 25 Jun 2021 00:00:00 GMT","OCC_DATE":"Fri, 25 Jun 2021 00:00:00 GMT","WEEKDAY":"Friday","HATE_CRIME":"Religion","HC_MOTIVATION":"Muslim (Islam)","HC_STATUS":"Hatecrime Happened","OFF_CATEG":"Mischief To Property","NB_NAME_EN":"Hintonburg - Mechanicsville","SECTOR":"Sector 21","DIVISION":"Central","CENSUS_TRC":"5050046.00","WARD":"Ward 15 - Kitchissippi","COUNCILLOR":"Jeff Leiper","OFF_TYPE":"Criminal"}},{"type":"Feature","id":1257,"geometry":null,"properties":{"OBJECTID":1257,"ID":"568","YEAR":2020,"REP_DATE":"Fri, 12 Jun 2020 00:00:00 GMT","OCC_DATE":"Thu, 11 Jun 2020 00:00:00 GMT","WEEKDAY":"Thursday","HATE_CRIME":"Religion","HC_MOTIVATION":"Muslim (Islam)","HC_STATUS":"Hatecrime Happened","OFF_CATEG":"Harass Crim Stalking","NB_NAME_EN":"Chapman Mills - Rideau Crest - Davidson Heights","SECTOR":"Sector 16","DIVISION":"West","CENSUS_TRC":"5050141.13","WARD":"Ward 24 - Barrhaven East","COUNCILLOR":"Wilson Lo","OFF_TYPE":"Criminal"}},{"type":"Feature","id":1258,"geometry":null,"properties":{"OBJECTID":1258,"ID":"569","YEAR":2023,"REP_DATE":"Thu, 09 Mar 2023 00:00:00 GMT","OCC_DATE":"Thu, 09 Mar 2023 00:00:00 GMT","WEEKDAY":"Thursday","HATE_CRIME":"Religion","HC_MOTIVATION":"Jewish","HC_STATUS":"Hatecrime Happened","OFF_CATEG":"Wilful Promotion Of Hatred","NB_NAME_EN":"West Centertown","SECTOR":"Sector 22","DIVISION":"Central","CENSUS_TRC":"5050042.00","WARD":"Ward 14 - Somerset","COUNCILLOR":"Ariel Troster","OFF_TYPE":"Criminal"}},{"type":"Feature","id":1259,"geometry":null,"properties":{"OBJECTID":1259,"ID":"570","YEAR":2022,"REP_DATE":"Thu, 20 Oct 2022 00:00:00 GMT","OCC_DATE":"Thu, 20 Oct 2022 00:00:00 GMT","WEEKDAY":"Thursday","HATE_CRIME":"Race/Ethnicity","HC_MOTIVATION":"Black","HC_STATUS":"Hatecrime Happened","OFF_CATEG":"Mischief To Property","NB_NAME_EN":"New Barrhaven - New Development - Stonebridge","SECTOR":"Sector 16","DIVISION":"West","CENSUS_TRC":"5050141.10","WARD":"Ward 24 - Barrhaven East","COUNCILLOR":"Wilson Lo","OFF_TYPE":"Criminal"}},{"type":"Feature","id":1260,"geometry":null,"properties":{"OBJECTID":1260,"ID":"571","YEAR":2018,"REP_DATE":"Fri, 07 Sep 2018 00:00:00 GMT","OCC_DATE":"Fri, 07 Sep 2018 00:00:00 GMT","WEEKDAY":"Friday","HATE_CRIME":"Gender","HC_MOTIVATION":"Other sex","HC_STATUS":"Hatecrime Suspected","OFF_CATEG":"Assault Under 16","NB_NAME_EN":"Lebreton Development","SECTOR":"Sector 22","DIVISION":"Central","CENSUS_TRC":"5050047.00","WARD":"Ward 14 - Somerset","COUNCILLOR":"Ariel Troster","OFF_TYPE":"Criminal"}},{"type":"Feature","id":1261,"geometry":null,"properties":{"OBJECTID":1261,"ID":"572","YEAR":2018,"REP_DATE":"Sat, 24 Feb 2018 00:00:00 GMT","OCC_DATE":"Sat, 24 Feb 2018 00:00:00 GMT","WEEKDAY":"Saturday","HATE_CRIME":"Race/Ethnicity","HC_MOTIVATION":"Black","HC_STATUS":"Hatecrime Suspected","OFF_CATEG":"Assault Level 1","NB_NAME_EN":"Lebreton Development","SECTOR":"Sector 22","DIVISION":"Central","CENSUS_TRC":"5050047.00","WARD":"Ward 14 - Somerset","COUNCILLOR":"Ariel Troster","OFF_TYPE":"Criminal"}},{"type":"Feature","id":1262,"geometry":null,"properties":{"OBJECTID":1262,"ID":"573","YEAR":2023,"REP_DATE":"Mon, 18 Dec 2023 00:00:00 GMT","OCC_DATE":"Fri, 08 Dec 2023 00:00:00 GMT","WEEKDAY":"Friday","HATE_CRIME":"Race/Ethnicity","HC_MOTIVATION":"Other race/ethnicity","HC_STATUS":"Hatecrime Suspected","OFF_CATEG":"Mischief To Property","NB_NAME_EN":"Crestview - Meadowlands","SECTOR":"Sector 17","DIVISION":"West","CENSUS_TRC":"5050133.00","WARD":"Ward 8 - College","COUNCILLOR":"Laine Johnson","OFF_TYPE":"Criminal"}},{"type":"Feature","id":1263,"geometry":null,"properties":{"OBJECTID":1263,"ID":"574","YEAR":2023,"REP_DATE":"Thu, 23 Mar 2023 00:00:00 GMT","OCC_DATE":"Wed, 22 Mar 2023 00:00:00 GMT","WEEKDAY":"Wednesday","HATE_CRIME":"Gender","HC_MOTIVATION":"LGBTQ2+","HC_STATUS":"Hatecrime Happened","OFF_CATEG":"Mischief To Property","NB_NAME_EN":"Crestview - Meadowlands","SECTOR":"Sector 17","DIVISION":"West","CENSUS_TRC":"5050133.00","WARD":"Ward 8 - College","COUNCILLOR":"Laine Johnson","OFF_TYPE":"Criminal"}},{"type":"Feature","id":1264,"geometry":null,"properties":{"OBJECTID":1264,"ID":"575","YEAR":2021,"REP_DATE":"Tue, 09 Nov 2021 00:00:00 GMT","OCC_DATE":"Sat, 06 Nov 2021 00:00:00 GMT","WEEKDAY":"Saturday","HATE_CRIME":"Religion","HC_MOTIVATION":"Jewish","HC_STATUS":"Hatecrime Happened","OFF_CATEG":"Mischief To Property","NB_NAME_EN":"Crestview - Meadowlands","SECTOR":"Sector 17","DIVISION":"West","CENSUS_TRC":"5050133.00","WARD":"Ward 8 - College","COUNCILLOR":"Laine Johnson","OFF_TYPE":"Criminal"}},{"type":"Feature","id":1265,"geometry":null,"properties":{"OBJECTID":1265,"ID":"576","YEAR":2020,"REP_DATE":"Wed, 29 Jan 2020 00:00:00 GMT","OCC_DATE":"Tue, 28 Jan 2020 00:00:00 GMT","WEEKDAY":"Tuesday","HATE_CRIME":"Race/Ethnicity","HC_MOTIVATION":"Indigenous/Aboriginal","HC_STATUS":"Hatecrime Suspected","OFF_CATEG":"Mischief To Property","NB_NAME_EN":"Crestview - Meadowlands","SECTOR":"Sector 17","DIVISION":"West","CENSUS_TRC":"5050133.00","WARD":"Ward 8 - College","COUNCILLOR":"Laine Johnson","OFF_TYPE":"Criminal"}},{"type":"Feature","id":1266,"geometry":null,"properties":{"OBJECTID":1266,"ID":"577","YEAR":2021,"REP_DATE":"Fri, 09 Jul 2021 00:00:00 GMT","OCC_DATE":"Mon, 05 Jul 2021 00:00:00 GMT","WEEKDAY":"Monday","HATE_CRIME":"Religion","HC_MOTIVATION":"Catholic","HC_STATUS":"Hatecrime Happened","OFF_CATEG":"Mischief To Property","NB_NAME_EN":"Civic Hospital-Central Park","SECTOR":"Sector 21","DIVISION":"Central","CENSUS_TRC":"5050034.00","WARD":"Ward 15 - Kitchissippi","COUNCILLOR":"Jeff Leiper","OFF_TYPE":"Criminal"}},{"type":"Feature","id":1267,"geometry":null,"properties":{"OBJECTID":1267,"ID":"578","YEAR":2019,"REP_DATE":"Fri, 24 May 2019 00:00:00 GMT","OCC_DATE":"Fri, 24 May 2019 00:00:00 GMT","WEEKDAY":"Friday","HATE_CRIME":"Race/Ethnicity","HC_MOTIVATION":"Black","HC_STATUS":"Hatecrime Happened","OFF_CATEG":"Mischief To Property","NB_NAME_EN":"Centretown","SECTOR":"Sector 23","DIVISION":"Central","CENSUS_TRC":"5050040.00","WARD":"Ward 14 - Somerset","COUNCILLOR":"Ariel Troster","OFF_TYPE":"Criminal"}},{"type":"Feature","id":1268,"geometry":null,"properties":{"OBJECTID":1268,"ID":"579","YEAR":2019,"REP_DATE":"Fri, 02 Aug 2019 00:00:00 GMT","OCC_DATE":"Fri, 02 Aug 2019 00:00:00 GMT","WEEKDAY":"Friday","HATE_CRIME":"Religion","HC_MOTIVATION":"Muslim (Islam)","HC_STATUS":"Hatecrime Happened","OFF_CATEG":"Mischief To Property","NB_NAME_EN":"Centretown","SECTOR":"Sector 23","DIVISION":"Central","CENSUS_TRC":"5050040.00","WARD":"Ward 14 - Somerset","COUNCILLOR":"Ariel Troster","OFF_TYPE":"Criminal"}},{"type":"Feature","id":1269,"geometry":null,"properties":{"OBJECTID":1269,"ID":"580","YEAR":2022,"REP_DATE":"Wed, 25 May 2022 00:00:00 GMT","OCC_DATE":"Wed, 25 May 2022 00:00:00 GMT","WEEKDAY":"Wednesday","HATE_CRIME":"Sexual Orientation","HC_MOTIVATION":"Other sexual orientation","HC_STATUS":"Hatecrime Suspected","OFF_CATEG":"Mischief To Property","NB_NAME_EN":"New Barrhaven - New Development - Stonebridge","SECTOR":"Sector 16","DIVISION":"West","CENSUS_TRC":"5050141.22","WARD":"Ward 24 - Barrhaven East","COUNCILLOR":"Wilson Lo","OFF_TYPE":"Criminal"}},{"type":"Feature","id":1270,"geometry":null,"properties":{"OBJECTID":1270,"ID":"581","YEAR":2020,"REP_DATE":"Fri, 04 Sep 2020 00:00:00 GMT","OCC_DATE":"Sun, 30 Aug 2020 00:00:00 GMT","WEEKDAY":"Sunday","HATE_CRIME":"Race/Ethnicity","HC_MOTIVATION":"Unknown race/ethnicity","HC_STATUS":"Hatecrime Happened","OFF_CATEG":"Dispute- Neighbour","NB_NAME_EN":"New Barrhaven - New Development - Stonebridge","SECTOR":"Sector 16","DIVISION":"West","CENSUS_TRC":"5050141.21","WARD":"Ward 24 - Barrhaven East","COUNCILLOR":"Wilson Lo","OFF_TYPE":"Non Criminal"}},{"type":"Feature","id":1271,"geometry":null,"properties":{"OBJECTID":1271,"ID":"582","YEAR":2020,"REP_DATE":"Sat, 03 Oct 2020 00:00:00 GMT","OCC_DATE":"Fri, 02 Oct 2020 00:00:00 GMT","WEEKDAY":"Friday","HATE_CRIME":"Race/Ethnicity","HC_MOTIVATION":"Indigenous/Aboriginal","HC_STATUS":"Hatecrime Happened","OFF_CATEG":"Mischief To Property","NB_NAME_EN":"Westboro","SECTOR":"Sector 21","DIVISION":"Central","CENSUS_TRC":"5050045.02","WARD":"Ward 15 - Kitchissippi","COUNCILLOR":"Jeff Leiper","OFF_TYPE":"Criminal"}},{"type":"Feature","id":1272,"geometry":null,"properties":{"OBJECTID":1272,"ID":"583","YEAR":2021,"REP_DATE":"Thu, 18 Nov 2021 00:00:00 GMT","OCC_DATE":"Thu, 18 Nov 2021 00:00:00 GMT","WEEKDAY":"Thursday","HATE_CRIME":"Religion","HC_MOTIVATION":"Jewish","HC_STATUS":"Hatecrime Happened","OFF_CATEG":"Mischief To Property","NB_NAME_EN":"Barrhaven","SECTOR":"Sector 16","DIVISION":"West","CENSUS_TRC":"5050140.07","WARD":"Ward 3 - Barrhaven West","COUNCILLOR":"David Hill","OFF_TYPE":"Criminal"}},{"type":"Feature","id":1273,"geometry":null,"properties":{"OBJECTID":1273,"ID":"584","YEAR":2021,"REP_DATE":"Sat, 13 Nov 2021 00:00:00 GMT","OCC_DATE":"Wed, 03 Nov 2021 00:00:00 GMT","WEEKDAY":"Wednesday","HATE_CRIME":"Religion","HC_MOTIVATION":"Jewish","HC_STATUS":"Hatecrime Happened","OFF_CATEG":"Mischief To Property","NB_NAME_EN":"Barrhaven","SECTOR":"Sector 16","DIVISION":"West","CENSUS_TRC":"5050140.07","WARD":"Ward 3 - Barrhaven West","COUNCILLOR":"David Hill","OFF_TYPE":"Criminal"}},{"type":"Feature","id":1274,"geometry":null,"properties":{"OBJECTID":1274,"ID":"585","YEAR":2023,"REP_DATE":"Mon, 21 Aug 2023 00:00:00 GMT","OCC_DATE":"Mon, 21 Aug 2023 00:00:00 GMT","WEEKDAY":"Monday","HATE_CRIME":"Sexual Orientation","HC_MOTIVATION":"LGBTQ2+","HC_STATUS":"Hatecrime Suspected","OFF_CATEG":"Suspicious Circumstance( S)","NB_NAME_EN":"Centretown","SECTOR":"Sector 23","DIVISION":"Central","CENSUS_TRC":"5050048.00","WARD":"Ward 14 - Somerset","COUNCILLOR":"Ariel Troster","OFF_TYPE":"Non Criminal"}},{"type":"Feature","id":1275,"geometry":null,"properties":{"OBJECTID":1275,"ID":"586","YEAR":2022,"REP_DATE":"Thu, 22 Sep 2022 00:00:00 GMT","OCC_DATE":"Wed, 21 Sep 2022 00:00:00 GMT","WEEKDAY":"Wednesday","HATE_CRIME":"Religion","HC_MOTIVATION":"Jewish","HC_STATUS":"Hatecrime Happened","OFF_CATEG":"Mischief To Property","NB_NAME_EN":"Island Park","SECTOR":"Sector 21","DIVISION":"Central","CENSUS_TRC":"5050044.00","WARD":"Ward 15 - Kitchissippi","COUNCILLOR":"Jeff Leiper","OFF_TYPE":"Criminal"}},{"type":"Feature","id":1276,"geometry":null,"properties":{"OBJECTID":1276,"ID":"587","YEAR":2018,"REP_DATE":"Sun, 05 Aug 2018 00:00:00 GMT","OCC_DATE":"Sun, 05 Aug 2018 00:00:00 GMT","WEEKDAY":"Sunday","HATE_CRIME":"Religion","HC_MOTIVATION":"Jewish","HC_STATUS":"Hatecrime Happened","OFF_CATEG":"Mischief To Property","NB_NAME_EN":"Island Park","SECTOR":"Sector 21","DIVISION":"Central","CENSUS_TRC":"5050044.00","WARD":"Ward 15 - Kitchissippi","COUNCILLOR":"Jeff Leiper","OFF_TYPE":"Criminal"}},{"type":"Feature","id":1277,"geometry":null,"properties":{"OBJECTID":1277,"ID":"588","YEAR":2020,"REP_DATE":"Sat, 05 Dec 2020 00:00:00 GMT","OCC_DATE":"Sat, 05 Dec 2020 00:00:00 GMT","WEEKDAY":"Saturday","HATE_CRIME":"Gender","HC_MOTIVATION":"Woman","HC_STATUS":"Hatecrime Happened","OFF_CATEG":"Mischief To Property","NB_NAME_EN":"Island Park","SECTOR":"Sector 21","DIVISION":"Central","CENSUS_TRC":"5050044.00","WARD":"Ward 15 - Kitchissippi","COUNCILLOR":"Jeff Leiper","OFF_TYPE":"Criminal"}},{"type":"Feature","id":1278,"geometry":null,"properties":{"OBJECTID":1278,"ID":"589","YEAR":2018,"REP_DATE":"Sat, 01 Dec 2018 00:00:00 GMT","OCC_DATE":"Sat, 01 Dec 2018 00:00:00 GMT","WEEKDAY":"Saturday","HATE_CRIME":"Race/Ethnicity","HC_MOTIVATION":"Black","HC_STATUS":"Hatecrime Suspected","OFF_CATEG":"Harass Stalking","NB_NAME_EN":"West Centertown","SECTOR":"Sector 22","DIVISION":"Central","CENSUS_TRC":"5050042.00","WARD":"Ward 14 - Somerset","COUNCILLOR":"Ariel Troster","OFF_TYPE":"Criminal"}},{"type":"Feature","id":1279,"geometry":null,"properties":{"OBJECTID":1279,"ID":"590","YEAR":2022,"REP_DATE":"Thu, 20 Jan 2022 00:00:00 GMT","OCC_DATE":"Wed, 19 Jan 2022 00:00:00 GMT","WEEKDAY":"Wednesday","HATE_CRIME":"Race/Ethnicity","HC_MOTIVATION":"Multiple Races/Ethnicities","HC_STATUS":"Hatecrime Happened","OFF_CATEG":"Mischief To Property","NB_NAME_EN":"West Centertown","SECTOR":"Sector 22","DIVISION":"Central","CENSUS_TRC":"5050042.00","WARD":"Ward 14 - Somerset","COUNCILLOR":"Ariel Troster","OFF_TYPE":"Criminal"}},{"type":"Feature","id":1280,"geometry":null,"properties":{"OBJECTID":1280,"ID":"591","YEAR":2022,"REP_DATE":"Tue, 07 Jun 2022 00:00:00 GMT","OCC_DATE":"Thu, 02 Jun 2022 00:00:00 GMT","WEEKDAY":"Thursday","HATE_CRIME":"Race/Ethnicity","HC_MOTIVATION":"Arab(West Asian,Middle Eastern and North African origins)","HC_STATUS":"Hatecrime Suspected","OFF_CATEG":"Information ( General)","NB_NAME_EN":"Hunt Club South Industrial","SECTOR":"Sector 17","DIVISION":"West","CENSUS_TRC":"5050130.01","WARD":"Ward 9 - Knoxdale-Merivale","COUNCILLOR":"Sean Devine","OFF_TYPE":"Non Criminal"}},{"type":"Feature","id":1281,"geometry":null,"properties":{"OBJECTID":1281,"ID":"592","YEAR":2023,"REP_DATE":"Sun, 08 Oct 2023 00:00:00 GMT","OCC_DATE":"Sun, 01 Oct 2023 00:00:00 GMT","WEEKDAY":"Sunday","HATE_CRIME":"Race/Ethnicity","HC_MOTIVATION":"India,Pakistan/South Asian","HC_STATUS":"Hatecrime Suspected","OFF_CATEG":"B&e Residential Property","NB_NAME_EN":"New Barrhaven - New Development - Stonebridge","SECTOR":"Sector 16","DIVISION":"West","CENSUS_TRC":"5050141.21","WARD":"Ward 24 - Barrhaven East","COUNCILLOR":"Wilson Lo","OFF_TYPE":"Criminal"}},{"type":"Feature","id":1282,"geometry":null,"properties":{"OBJECTID":1282,"ID":"593","YEAR":2023,"REP_DATE":"Wed, 21 Jun 2023 00:00:00 GMT","OCC_DATE":"Wed, 21 Jun 2023 00:00:00 GMT","WEEKDAY":"Wednesday","HATE_CRIME":"Race/Ethnicity","HC_MOTIVATION":"Black","HC_STATUS":"Hatecrime Happened","OFF_CATEG":"Mischief To Property","NB_NAME_EN":"New Barrhaven - New Development - Stonebridge","SECTOR":"Sector 16","DIVISION":"West","CENSUS_TRC":"5050141.17","WARD":"Ward 24 - Barrhaven East","COUNCILLOR":"Wilson Lo","OFF_TYPE":"Criminal"}},{"type":"Feature","id":1283,"geometry":null,"properties":{"OBJECTID":1283,"ID":"594","YEAR":2023,"REP_DATE":"Tue, 14 Feb 2023 00:00:00 GMT","OCC_DATE":"Mon, 13 Feb 2023 00:00:00 GMT","WEEKDAY":"Monday","HATE_CRIME":"Race/Ethnicity","HC_MOTIVATION":"Chinese","HC_STATUS":"Hatecrime Suspected","OFF_CATEG":"Dispute- Neighbour","NB_NAME_EN":"Manotick West","SECTOR":"Sector 12","DIVISION":"West","CENSUS_TRC":"5050141.25","WARD":"Ward 3 - Barrhaven West","COUNCILLOR":"David Hill","OFF_TYPE":"Non Criminal"}},{"type":"Feature","id":1284,"geometry":null,"properties":{"OBJECTID":1284,"ID":"595","YEAR":2020,"REP_DATE":"Thu, 13 Aug 2020 00:00:00 GMT","OCC_DATE":"Thu, 13 Aug 2020 00:00:00 GMT","WEEKDAY":"Thursday","HATE_CRIME":"Race/Ethnicity","HC_MOTIVATION":"East and Southeast Asian","HC_STATUS":"Hatecrime Happened","OFF_CATEG":"Information ( General)","NB_NAME_EN":"Hintonburg - Mechanicsville","SECTOR":"Sector 21","DIVISION":"Central","CENSUS_TRC":"5050046.00","WARD":"Ward 15 - Kitchissippi","COUNCILLOR":"Jeff Leiper","OFF_TYPE":"Non Criminal"}},{"type":"Feature","id":1285,"geometry":null,"properties":{"OBJECTID":1285,"ID":"596","YEAR":2022,"REP_DATE":"Thu, 31 Mar 2022 00:00:00 GMT","OCC_DATE":"Thu, 31 Mar 2022 00:00:00 GMT","WEEKDAY":"Thursday","HATE_CRIME":"Race/Ethnicity","HC_MOTIVATION":"East and Southeast Asian","HC_STATUS":"Hatecrime Happened","OFF_CATEG":"Suspicious Person( S)","NB_NAME_EN":"Hintonburg - Mechanicsville","SECTOR":"Sector 21","DIVISION":"Central","CENSUS_TRC":"5050043.00","WARD":"Ward 15 - Kitchissippi","COUNCILLOR":"Jeff Leiper","OFF_TYPE":"Non Criminal"}},{"type":"Feature","id":1286,"geometry":null,"properties":{"OBJECTID":1286,"ID":"597","YEAR":2023,"REP_DATE":"Fri, 27 Oct 2023 00:00:00 GMT","OCC_DATE":"Wed, 25 Oct 2023 00:00:00 GMT","WEEKDAY":"Wednesday","HATE_CRIME":"Race/Ethnicity","HC_MOTIVATION":"Chinese","HC_STATUS":"Hatecrime Happened","OFF_CATEG":"Mischief Cultural Property","NB_NAME_EN":"Centretown","SECTOR":"Sector 23","DIVISION":"Central","CENSUS_TRC":"5050040.00","WARD":"Ward 14 - Somerset","COUNCILLOR":"Ariel Troster","OFF_TYPE":"Criminal"}},{"type":"Feature","id":1287,"geometry":null,"properties":{"OBJECTID":1287,"ID":"598","YEAR":2020,"REP_DATE":"Mon, 03 Aug 2020 00:00:00 GMT","OCC_DATE":"Mon, 03 Aug 2020 00:00:00 GMT","WEEKDAY":"Monday","HATE_CRIME":"Religion","HC_MOTIVATION":"Catholic","HC_STATUS":"Hatecrime Happened","OFF_CATEG":"Threats Utter To Person","NB_NAME_EN":"Centretown","SECTOR":"Sector 23","DIVISION":"Central","CENSUS_TRC":"5050040.00","WARD":"Ward 14 - Somerset","COUNCILLOR":"Ariel Troster","OFF_TYPE":"Criminal"}},{"type":"Feature","id":1288,"geometry":null,"properties":{"OBJECTID":1288,"ID":"599","YEAR":2019,"REP_DATE":"Tue, 30 Apr 2019 00:00:00 GMT","OCC_DATE":"Tue, 30 Apr 2019 00:00:00 GMT","WEEKDAY":"Tuesday","HATE_CRIME":"Religion","HC_MOTIVATION":"Catholic","HC_STATUS":"Hatecrime Suspected","OFF_CATEG":"Mischief To Property","NB_NAME_EN":"Hintonburg - Mechanicsville","SECTOR":"Sector 21","DIVISION":"Central","CENSUS_TRC":"5050046.00","WARD":"Ward 15 - Kitchissippi","COUNCILLOR":"Jeff Leiper","OFF_TYPE":"Criminal"}},{"type":"Feature","id":1289,"geometry":null,"properties":{"OBJECTID":1289,"ID":"600","YEAR":2022,"REP_DATE":"Mon, 07 Nov 2022 00:00:00 GMT","OCC_DATE":"Thu, 03 Nov 2022 00:00:00 GMT","WEEKDAY":"Thursday","HATE_CRIME":"Sexual Orientation","HC_MOTIVATION":"LGBTQ2+","HC_STATUS":"Hatecrime Suspected","OFF_CATEG":"Mischief To Property","NB_NAME_EN":"Hintonburg - Mechanicsville","SECTOR":"Sector 21","DIVISION":"Central","CENSUS_TRC":"5050043.00","WARD":"Ward 15 - Kitchissippi","COUNCILLOR":"Jeff Leiper","OFF_TYPE":"Criminal"}},{"type":"Feature","id":1290,"geometry":null,"properties":{"OBJECTID":1290,"ID":"601","YEAR":2021,"REP_DATE":"Wed, 23 Jun 2021 00:00:00 GMT","OCC_DATE":"Wed, 23 Jun 2021 00:00:00 GMT","WEEKDAY":"Wednesday","HATE_CRIME":"Race/Ethnicity","HC_MOTIVATION":"Black","HC_STATUS":"Hatecrime Happened","OFF_CATEG":"Assault With Weapon Or Cbh Lv2","NB_NAME_EN":"Crestview - Meadowlands","SECTOR":"Sector 17","DIVISION":"West","CENSUS_TRC":"5050133.00","WARD":"Ward 8 - College","COUNCILLOR":"Laine Johnson","OFF_TYPE":"Criminal"}},{"type":"Feature","id":1291,"geometry":null,"properties":{"OBJECTID":1291,"ID":"602","YEAR":2019,"REP_DATE":"Mon, 01 Jul 2019 00:00:00 GMT","OCC_DATE":"Mon, 01 Jul 2019 00:00:00 GMT","WEEKDAY":"Monday","HATE_CRIME":"Religion","HC_MOTIVATION":"Jewish","HC_STATUS":"Hatecrime Suspected","OFF_CATEG":"Mischief To Property","NB_NAME_EN":"Chapman Mills - Rideau Crest - Davidson Heights","SECTOR":"Sector 16","DIVISION":"West","CENSUS_TRC":"5050141.09","WARD":"Ward 24 - Barrhaven East","COUNCILLOR":"Wilson Lo","OFF_TYPE":"Criminal"}},{"type":"Feature","id":1292,"geometry":null,"properties":{"OBJECTID":1292,"ID":"603","YEAR":2020,"REP_DATE":"Wed, 11 Nov 2020 00:00:00 GMT","OCC_DATE":"Sat, 07 Nov 2020 00:00:00 GMT","WEEKDAY":"Saturday","HATE_CRIME":"Race/Ethnicity","HC_MOTIVATION":"Indigenous/Aboriginal","HC_STATUS":"Hatecrime Happened","OFF_CATEG":"Assault Level 1","NB_NAME_EN":"Hunt Club South Industrial","SECTOR":"Sector 17","DIVISION":"West","CENSUS_TRC":"5050130.01","WARD":"Ward 9 - Knoxdale-Merivale","COUNCILLOR":"Sean Devine","OFF_TYPE":"Criminal"}},{"type":"Feature","id":1293,"geometry":null,"properties":{"OBJECTID":1293,"ID":"604","YEAR":2023,"REP_DATE":"Tue, 17 Jan 2023 00:00:00 GMT","OCC_DATE":"Tue, 17 Jan 2023 00:00:00 GMT","WEEKDAY":"Tuesday","HATE_CRIME":"Combination (More than 2 Motivations)","HC_MOTIVATION":"Combination (More than 2 Motivations)","HC_STATUS":"Hatecrime Happened","OFF_CATEG":"Mischief To Property","NB_NAME_EN":"Civic Hospital-Central Park","SECTOR":"Sector 21","DIVISION":"Central","CENSUS_TRC":"5050020.01","WARD":"Ward 9 - Knoxdale-Merivale","COUNCILLOR":"Sean Devine","OFF_TYPE":"Criminal"}},{"type":"Feature","id":1294,"geometry":null,"properties":{"OBJECTID":1294,"ID":"605","YEAR":2022,"REP_DATE":"Tue, 30 Aug 2022 00:00:00 GMT","OCC_DATE":"Sun, 28 Aug 2022 00:00:00 GMT","WEEKDAY":"Sunday","HATE_CRIME":"Gender","HC_MOTIVATION":"Woman","HC_STATUS":"Hatecrime Happened","OFF_CATEG":"Indecent Communications","NB_NAME_EN":"Centretown","SECTOR":"Sector 23","DIVISION":"Central","CENSUS_TRC":"5050048.00","WARD":"Ward 14 - Somerset","COUNCILLOR":"Ariel Troster","OFF_TYPE":"Criminal"}},{"type":"Feature","id":1295,"geometry":null,"properties":{"OBJECTID":1295,"ID":"606","YEAR":2022,"REP_DATE":"Sun, 28 Aug 2022 00:00:00 GMT","OCC_DATE":"Sat, 27 Aug 2022 00:00:00 GMT","WEEKDAY":"Saturday","HATE_CRIME":"Gender","HC_MOTIVATION":"Woman","HC_STATUS":"Hatecrime Happened","OFF_CATEG":"Threats Utter To Person","NB_NAME_EN":"Centretown","SECTOR":"Sector 23","DIVISION":"Central","CENSUS_TRC":"5050048.00","WARD":"Ward 14 - Somerset","COUNCILLOR":"Ariel Troster","OFF_TYPE":"Criminal"}},{"type":"Feature","id":1296,"geometry":null,"properties":{"OBJECTID":1296,"ID":"607","YEAR":2022,"REP_DATE":"Thu, 01 Sep 2022 00:00:00 GMT","OCC_DATE":"Tue, 30 Aug 2022 00:00:00 GMT","WEEKDAY":"Tuesday","HATE_CRIME":"Race/Ethnicity","HC_MOTIVATION":"Unknown race/ethnicity","HC_STATUS":"Hatecrime Suspected","OFF_CATEG":"Threats Utter To Person","NB_NAME_EN":"West Centertown","SECTOR":"Sector 22","DIVISION":"Central","CENSUS_TRC":"5050041.00","WARD":"Ward 14 - Somerset","COUNCILLOR":"Ariel Troster","OFF_TYPE":"Criminal"}},{"type":"Feature","id":1297,"geometry":null,"properties":{"OBJECTID":1297,"ID":"608","YEAR":2021,"REP_DATE":"Thu, 30 Sep 2021 00:00:00 GMT","OCC_DATE":"Thu, 09 Sep 2021 00:00:00 GMT","WEEKDAY":"Thursday","HATE_CRIME":"Race/Ethnicity","HC_MOTIVATION":"Unknown race/ethnicity","HC_STATUS":"Hatecrime Suspected","OFF_CATEG":"Suspicious Circumstance( S)","NB_NAME_EN":"Civic Hospital-Central Park","SECTOR":"Sector 21","DIVISION":"Central","CENSUS_TRC":"5050020.01","WARD":"Ward 16 - River","COUNCILLOR":"Riley Brockington","OFF_TYPE":"Non Criminal"}},{"type":"Feature","id":1298,"geometry":null,"properties":{"OBJECTID":1298,"ID":"609","YEAR":2023,"REP_DATE":"Wed, 04 Oct 2023 00:00:00 GMT","OCC_DATE":"Wed, 04 Oct 2023 00:00:00 GMT","WEEKDAY":"Wednesday","HATE_CRIME":"Race/Ethnicity","HC_MOTIVATION":"India,Pakistan/South Asian","HC_STATUS":"Hatecrime Suspected","OFF_CATEG":"B&e Residential Property","NB_NAME_EN":"New Barrhaven - New Development - Stonebridge","SECTOR":"Sector 16","DIVISION":"West","CENSUS_TRC":"5050141.21","WARD":"Ward 24 - Barrhaven East","COUNCILLOR":"Wilson Lo","OFF_TYPE":"Criminal"}},{"type":"Feature","id":1299,"geometry":null,"properties":{"OBJECTID":1299,"ID":"610","YEAR":2021,"REP_DATE":"Thu, 21 Jan 2021 00:00:00 GMT","OCC_DATE":"Thu, 21 Jan 2021 00:00:00 GMT","WEEKDAY":"Thursday","HATE_CRIME":"Race/Ethnicity","HC_MOTIVATION":"Black","HC_STATUS":"Hatecrime Happened","OFF_CATEG":"Assault With Weapon Or Cbh Lv2","NB_NAME_EN":"Crestview - Meadowlands","SECTOR":"Sector 17","DIVISION":"West","CENSUS_TRC":"5050133.00","WARD":"Ward 8 - College","COUNCILLOR":"Laine Johnson","OFF_TYPE":"Criminal"}},{"type":"Feature","id":1300,"geometry":null,"properties":{"OBJECTID":1300,"ID":"611","YEAR":2019,"REP_DATE":"Thu, 24 Oct 2019 00:00:00 GMT","OCC_DATE":"Wed, 23 Oct 2019 00:00:00 GMT","WEEKDAY":"Wednesday","HATE_CRIME":"Gender","HC_MOTIVATION":"Woman","HC_STATUS":"Hatecrime Happened","OFF_CATEG":"Mischief To Property","NB_NAME_EN":"Westboro","SECTOR":"Sector 21","DIVISION":"Central","CENSUS_TRC":"5050045.02","WARD":"Ward 15 - Kitchissippi","COUNCILLOR":"Jeff Leiper","OFF_TYPE":"Criminal"}},{"type":"Feature","id":1301,"geometry":null,"properties":{"OBJECTID":1301,"ID":"612","YEAR":2023,"REP_DATE":"Sat, 16 Sep 2023 00:00:00 GMT","OCC_DATE":"Sat, 16 Sep 2023 00:00:00 GMT","WEEKDAY":"Saturday","HATE_CRIME":"Immigrants/Newcomers to Canada","HC_MOTIVATION":"Immigrants/Newcomers to Canada","HC_STATUS":"Hatecrime Happened","OFF_CATEG":"Dispute- Disturbance","NB_NAME_EN":"Cityview - Skyline - Fisher Heights","SECTOR":"Sector 17","DIVISION":"West","CENSUS_TRC":"5050132.00","WARD":"Ward 9 - Knoxdale-Merivale","COUNCILLOR":"Sean Devine","OFF_TYPE":"Non Criminal"}},{"type":"Feature","id":1302,"geometry":null,"properties":{"OBJECTID":1302,"ID":"613","YEAR":2022,"REP_DATE":"Fri, 02 Sep 2022 00:00:00 GMT","OCC_DATE":"Fri, 02 Sep 2022 00:00:00 GMT","WEEKDAY":"Friday","HATE_CRIME":"Race/Ethnicity","HC_MOTIVATION":"Black","HC_STATUS":"Hatecrime Suspected","OFF_CATEG":"Mischief To Property","NB_NAME_EN":"Chapman Mills - Rideau Crest - Davidson Heights","SECTOR":"Sector 16","DIVISION":"West","CENSUS_TRC":"5050141.18","WARD":"Ward 24 - Barrhaven East","COUNCILLOR":"Wilson Lo","OFF_TYPE":"Criminal"}},{"type":"Feature","id":1303,"geometry":null,"properties":{"OBJECTID":1303,"ID":"614","YEAR":2023,"REP_DATE":"Wed, 20 Sep 2023 00:00:00 GMT","OCC_DATE":"Wed, 20 Sep 2023 00:00:00 GMT","WEEKDAY":"Wednesday","HATE_CRIME":"Unknown","HC_MOTIVATION":"Unknown","HC_STATUS":"Hatecrime Happened","OFF_CATEG":"Information ( General)","NB_NAME_EN":"West Centertown","SECTOR":"Sector 22","DIVISION":"Central","CENSUS_TRC":"5050041.00","WARD":"Ward 14 - Somerset","COUNCILLOR":"Ariel Troster","OFF_TYPE":"Non Criminal"}},{"type":"Feature","id":1304,"geometry":null,"properties":{"OBJECTID":1304,"ID":"615","YEAR":2021,"REP_DATE":"Sat, 27 Nov 2021 00:00:00 GMT","OCC_DATE":"Sat, 27 Nov 2021 00:00:00 GMT","WEEKDAY":"Saturday","HATE_CRIME":"Race/Ethnicity","HC_MOTIVATION":"Black","HC_STATUS":"Hatecrime Suspected","OFF_CATEG":"Assault Level 1","NB_NAME_EN":"Centretown","SECTOR":"Sector 23","DIVISION":"Central","CENSUS_TRC":"5050040.00","WARD":"Ward 14 - Somerset","COUNCILLOR":"Ariel Troster","OFF_TYPE":"Criminal"}},{"type":"Feature","id":1305,"geometry":null,"properties":{"OBJECTID":1305,"ID":"616","YEAR":2023,"REP_DATE":"Wed, 05 Apr 2023 00:00:00 GMT","OCC_DATE":"Mon, 27 Mar 2023 00:00:00 GMT","WEEKDAY":"Monday","HATE_CRIME":"Religion","HC_MOTIVATION":"Jewish","HC_STATUS":"Hatecrime Happened","OFF_CATEG":"Mischief To Property","NB_NAME_EN":"Centretown","SECTOR":"Sector 23","DIVISION":"Central","CENSUS_TRC":"5050048.00","WARD":"Ward 14 - Somerset","COUNCILLOR":"Ariel Troster","OFF_TYPE":"Criminal"}},{"type":"Feature","id":1306,"geometry":null,"properties":{"OBJECTID":1306,"ID":"617","YEAR":2021,"REP_DATE":"Fri, 26 Mar 2021 00:00:00 GMT","OCC_DATE":"Fri, 26 Mar 2021 00:00:00 GMT","WEEKDAY":"Friday","HATE_CRIME":"Sexual Orientation","HC_MOTIVATION":"LGBTQ2+","HC_STATUS":"Hatecrime Suspected","OFF_CATEG":"Dispute- Disturbance","NB_NAME_EN":"Hintonburg - Mechanicsville","SECTOR":"Sector 21","DIVISION":"Central","CENSUS_TRC":"5050043.00","WARD":"Ward 15 - Kitchissippi","COUNCILLOR":"Jeff Leiper","OFF_TYPE":"Non Criminal"}},{"type":"Feature","id":1307,"geometry":null,"properties":{"OBJECTID":1307,"ID":"618","YEAR":2023,"REP_DATE":"Sun, 16 Apr 2023 00:00:00 GMT","OCC_DATE":"Sun, 16 Apr 2023 00:00:00 GMT","WEEKDAY":"Sunday","HATE_CRIME":"Religion","HC_MOTIVATION":"Jewish","HC_STATUS":"Hatecrime Happened","OFF_CATEG":"Mischief To Property","NB_NAME_EN":"New Barrhaven - New Development - Stonebridge","SECTOR":"Sector 16","DIVISION":"West","CENSUS_TRC":"5050141.21","WARD":"Ward 24 - Barrhaven East","COUNCILLOR":"Wilson Lo","OFF_TYPE":"Criminal"}},{"type":"Feature","id":1308,"geometry":null,"properties":{"OBJECTID":1308,"ID":"619","YEAR":2023,"REP_DATE":"Sun, 16 Apr 2023 00:00:00 GMT","OCC_DATE":"Sun, 16 Apr 2023 00:00:00 GMT","WEEKDAY":"Sunday","HATE_CRIME":"Religion","HC_MOTIVATION":"Jewish","HC_STATUS":"Hatecrime Happened","OFF_CATEG":"Mischief To Property","NB_NAME_EN":"New Barrhaven - New Development - Stonebridge","SECTOR":"Sector 16","DIVISION":"West","CENSUS_TRC":"5050141.21","WARD":"Ward 24 - Barrhaven East","COUNCILLOR":"Wilson Lo","OFF_TYPE":"Criminal"}},{"type":"Feature","id":1309,"geometry":null,"properties":{"OBJECTID":1309,"ID":"620","YEAR":2023,"REP_DATE":"Mon, 21 Aug 2023 00:00:00 GMT","OCC_DATE":"Tue, 15 Aug 2023 00:00:00 GMT","WEEKDAY":"Tuesday","HATE_CRIME":"Race/Ethnicity","HC_MOTIVATION":"White","HC_STATUS":"Hatecrime Suspected","OFF_CATEG":"Suspicious Circumstance( S)","NB_NAME_EN":"Civic Hospital-Central Park","SECTOR":"Sector 21","DIVISION":"Central","CENSUS_TRC":"5050020.01","WARD":"Ward 16 - River","COUNCILLOR":"Riley Brockington","OFF_TYPE":"Non Criminal"}},{"type":"Feature","id":1310,"geometry":null,"properties":{"OBJECTID":1310,"ID":"621","YEAR":2022,"REP_DATE":"Tue, 22 Nov 2022 00:00:00 GMT","OCC_DATE":"Tue, 20 Sep 2022 00:00:00 GMT","WEEKDAY":"Tuesday","HATE_CRIME":"Sexual Orientation","HC_MOTIVATION":"LGBTQ2+","HC_STATUS":"Hatecrime Happened","OFF_CATEG":"Fire Arson Property Damage","NB_NAME_EN":"West Centertown","SECTOR":"Sector 22","DIVISION":"Central","CENSUS_TRC":"5050035.00","WARD":"Ward 15 - Kitchissippi","COUNCILLOR":"Jeff Leiper","OFF_TYPE":"Criminal"}},{"type":"Feature","id":1311,"geometry":null,"properties":{"OBJECTID":1311,"ID":"622","YEAR":2020,"REP_DATE":"Tue, 02 Jun 2020 00:00:00 GMT","OCC_DATE":"Tue, 02 Jun 2020 00:00:00 GMT","WEEKDAY":"Tuesday","HATE_CRIME":"Sexual Orientation","HC_MOTIVATION":"LGBTQ2+","HC_STATUS":"Hatecrime Suspected","OFF_CATEG":"Suspicious Circumstance( S)","NB_NAME_EN":"Centretown","SECTOR":"Sector 23","DIVISION":"Central","CENSUS_TRC":"5050039.00","WARD":"Ward 14 - Somerset","COUNCILLOR":"Ariel Troster","OFF_TYPE":"Non Criminal"}},{"type":"Feature","id":1312,"geometry":null,"properties":{"OBJECTID":1312,"ID":"623","YEAR":2022,"REP_DATE":"Sat, 05 Mar 2022 00:00:00 GMT","OCC_DATE":"Sat, 05 Mar 2022 00:00:00 GMT","WEEKDAY":"Saturday","HATE_CRIME":"Sexual Orientation","HC_MOTIVATION":"LGBTQ2+","HC_STATUS":"Hatecrime Happened","OFF_CATEG":"Mischief To Property","NB_NAME_EN":"Centretown","SECTOR":"Sector 23","DIVISION":"Central","CENSUS_TRC":"5050048.00","WARD":"Ward 14 - Somerset","COUNCILLOR":"Ariel Troster","OFF_TYPE":"Criminal"}},{"type":"Feature","id":1313,"geometry":null,"properties":{"OBJECTID":1313,"ID":"624","YEAR":2021,"REP_DATE":"Mon, 03 May 2021 00:00:00 GMT","OCC_DATE":"Mon, 03 May 2021 00:00:00 GMT","WEEKDAY":"Monday","HATE_CRIME":"Race/Ethnicity","HC_MOTIVATION":"East and Southeast Asian","HC_STATUS":"Hatecrime Happened","OFF_CATEG":"Dispute- Disturbance","NB_NAME_EN":"Centretown","SECTOR":"Sector 23","DIVISION":"Central","CENSUS_TRC":"5050039.00","WARD":"Ward 14 - Somerset","COUNCILLOR":"Ariel Troster","OFF_TYPE":"Non Criminal"}},{"type":"Feature","id":1314,"geometry":null,"properties":{"OBJECTID":1314,"ID":"625","YEAR":2022,"REP_DATE":"Sat, 05 Feb 2022 00:00:00 GMT","OCC_DATE":"Sat, 05 Feb 2022 00:00:00 GMT","WEEKDAY":"Saturday","HATE_CRIME":"Religion","HC_MOTIVATION":"Jewish","HC_STATUS":"Hatecrime Happened","OFF_CATEG":"Wilful Promotion Of Hatred","NB_NAME_EN":"Centretown","SECTOR":"Sector 23","DIVISION":"Central","CENSUS_TRC":"5050039.00","WARD":"Ward 14 - Somerset","COUNCILLOR":"Ariel Troster","OFF_TYPE":"Criminal"}},{"type":"Feature","id":1315,"geometry":null,"properties":{"OBJECTID":1315,"ID":"626","YEAR":2022,"REP_DATE":"Tue, 08 Feb 2022 00:00:00 GMT","OCC_DATE":"Tue, 08 Feb 2022 00:00:00 GMT","WEEKDAY":"Tuesday","HATE_CRIME":"Race/Ethnicity","HC_MOTIVATION":"Other race/ethnicity","HC_STATUS":"Hatecrime Happened","OFF_CATEG":"Mischief To Property","NB_NAME_EN":"Hintonburg - Mechanicsville","SECTOR":"Sector 21","DIVISION":"Central","CENSUS_TRC":"5050046.00","WARD":"Ward 15 - Kitchissippi","COUNCILLOR":"Jeff Leiper","OFF_TYPE":"Criminal"}},{"type":"Feature","id":1316,"geometry":null,"properties":{"OBJECTID":1316,"ID":"627","YEAR":2023,"REP_DATE":"Mon, 13 Feb 2023 00:00:00 GMT","OCC_DATE":"Sun, 12 Feb 2023 00:00:00 GMT","WEEKDAY":"Sunday","HATE_CRIME":"Sexual Orientation","HC_MOTIVATION":"LGBTQ2+","HC_STATUS":"Hatecrime Happened","OFF_CATEG":"Mischief To Property","NB_NAME_EN":"Centretown","SECTOR":"Sector 23","DIVISION":"Central","CENSUS_TRC":"5050038.00","WARD":"Ward 14 - Somerset","COUNCILLOR":"Ariel Troster","OFF_TYPE":"Criminal"}},{"type":"Feature","id":1317,"geometry":null,"properties":{"OBJECTID":1317,"ID":"628","YEAR":2023,"REP_DATE":"Sun, 03 Dec 2023 00:00:00 GMT","OCC_DATE":"Sun, 03 Dec 2023 00:00:00 GMT","WEEKDAY":"Sunday","HATE_CRIME":"Race/Ethnicity","HC_MOTIVATION":"India,Pakistan/South Asian","HC_STATUS":"Hatecrime Happened","OFF_CATEG":"Mischief To Property","NB_NAME_EN":"Centretown","SECTOR":"Sector 23","DIVISION":"Central","CENSUS_TRC":"5050038.00","WARD":"Ward 14 - Somerset","COUNCILLOR":"Ariel Troster","OFF_TYPE":"Criminal"}},{"type":"Feature","id":1318,"geometry":null,"properties":{"OBJECTID":1318,"ID":"629","YEAR":2021,"REP_DATE":"Wed, 27 Jan 2021 00:00:00 GMT","OCC_DATE":"Wed, 27 Jan 2021 00:00:00 GMT","WEEKDAY":"Wednesday","HATE_CRIME":"Race/Ethnicity","HC_MOTIVATION":"Black","HC_STATUS":"Hatecrime Happened","OFF_CATEG":"Dispute- Disturbance","NB_NAME_EN":"Centretown","SECTOR":"Sector 23","DIVISION":"Central","CENSUS_TRC":"5050038.00","WARD":"Ward 14 - Somerset","COUNCILLOR":"Ariel Troster","OFF_TYPE":"Non Criminal"}},{"type":"Feature","id":1319,"geometry":null,"properties":{"OBJECTID":1319,"ID":"630","YEAR":2021,"REP_DATE":"Mon, 08 Nov 2021 00:00:00 GMT","OCC_DATE":"Mon, 08 Nov 2021 00:00:00 GMT","WEEKDAY":"Monday","HATE_CRIME":"Religion","HC_MOTIVATION":"Jewish","HC_STATUS":"Hatecrime Happened","OFF_CATEG":"Suspicious Circumstance( S)","NB_NAME_EN":"Glebe - Dows Lake","SECTOR":"Sector 22","DIVISION":"Central","CENSUS_TRC":"5050019.00","WARD":"Ward 17 - Capital","COUNCILLOR":"Shawn Menard","OFF_TYPE":"Non Criminal"}},{"type":"Feature","id":1320,"geometry":null,"properties":{"OBJECTID":1320,"ID":"631","YEAR":2022,"REP_DATE":"Thu, 27 Oct 2022 00:00:00 GMT","OCC_DATE":"Thu, 27 Oct 2022 00:00:00 GMT","WEEKDAY":"Thursday","HATE_CRIME":"Race/Ethnicity","HC_MOTIVATION":"East and Southeast Asian","HC_STATUS":"Hatecrime Happened","OFF_CATEG":"Mischief To Property","NB_NAME_EN":"West Centertown","SECTOR":"Sector 22","DIVISION":"Central","CENSUS_TRC":"5050041.00","WARD":"Ward 14 - Somerset","COUNCILLOR":"Ariel Troster","OFF_TYPE":"Criminal"}},{"type":"Feature","id":1321,"geometry":null,"properties":{"OBJECTID":1321,"ID":"632","YEAR":2021,"REP_DATE":"Fri, 26 Nov 2021 00:00:00 GMT","OCC_DATE":"Fri, 26 Nov 2021 00:00:00 GMT","WEEKDAY":"Friday","HATE_CRIME":"Religion","HC_MOTIVATION":"Jewish","HC_STATUS":"Hatecrime Happened","OFF_CATEG":"Mischief To Property","NB_NAME_EN":"New Barrhaven - New Development - Stonebridge","SECTOR":"Sector 16","DIVISION":"West","CENSUS_TRC":"5050141.21","WARD":"Ward 24 - Barrhaven East","COUNCILLOR":"Wilson Lo","OFF_TYPE":"Criminal"}},{"type":"Feature","id":1322,"geometry":null,"properties":{"OBJECTID":1322,"ID":"633","YEAR":2021,"REP_DATE":"Fri, 05 Nov 2021 00:00:00 GMT","OCC_DATE":"Wed, 03 Nov 2021 00:00:00 GMT","WEEKDAY":"Wednesday","HATE_CRIME":"Religion","HC_MOTIVATION":"Jewish","HC_STATUS":"Hatecrime Happened","OFF_CATEG":"Mischief To Property","NB_NAME_EN":"New Barrhaven - New Development - Stonebridge","SECTOR":"Sector 16","DIVISION":"West","CENSUS_TRC":"5050141.21","WARD":"Ward 24 - Barrhaven East","COUNCILLOR":"Wilson Lo","OFF_TYPE":"Criminal"}},{"type":"Feature","id":1323,"geometry":null,"properties":{"OBJECTID":1323,"ID":"634","YEAR":2021,"REP_DATE":"Mon, 08 Nov 2021 00:00:00 GMT","OCC_DATE":"Thu, 04 Nov 2021 00:00:00 GMT","WEEKDAY":"Thursday","HATE_CRIME":"Religion","HC_MOTIVATION":"Jewish","HC_STATUS":"Hatecrime Happened","OFF_CATEG":"Mischief To Property","NB_NAME_EN":"New Barrhaven - New Development - Stonebridge","SECTOR":"Sector 16","DIVISION":"West","CENSUS_TRC":"5050141.21","WARD":"Ward 24 - Barrhaven East","COUNCILLOR":"Wilson Lo","OFF_TYPE":"Criminal"}},{"type":"Feature","id":1324,"geometry":null,"properties":{"OBJECTID":1324,"ID":"635","YEAR":2018,"REP_DATE":"Tue, 14 Aug 2018 00:00:00 GMT","OCC_DATE":"Mon, 13 Aug 2018 00:00:00 GMT","WEEKDAY":"Monday","HATE_CRIME":"Religion","HC_MOTIVATION":"Catholic","HC_STATUS":"Hatecrime Suspected","OFF_CATEG":"Mischief Hate Cultrl/ Rel Prop","NB_NAME_EN":"Byward Market","SECTOR":"Sector 24","DIVISION":"Central","CENSUS_TRC":"5050055.00","WARD":"Ward 12 - Rideau-Vanier","COUNCILLOR":"Stéphanie Plante","OFF_TYPE":"Criminal"}},{"type":"Feature","id":1325,"geometry":null,"properties":{"OBJECTID":1325,"ID":"636","YEAR":2023,"REP_DATE":"Mon, 12 Jun 2023 00:00:00 GMT","OCC_DATE":"Sun, 11 Jun 2023 00:00:00 GMT","WEEKDAY":"Sunday","HATE_CRIME":"Unknown","HC_MOTIVATION":"Unknown","HC_STATUS":"Hatecrime Suspected","OFF_CATEG":"Threats Utter To Person","NB_NAME_EN":"Byward Market","SECTOR":"Sector 24","DIVISION":"Central","CENSUS_TRC":"5050055.00","WARD":"Ward 12 - Rideau-Vanier","COUNCILLOR":"Stéphanie Plante","OFF_TYPE":"Criminal"}},{"type":"Feature","id":1326,"geometry":null,"properties":{"OBJECTID":1326,"ID":"637","YEAR":2019,"REP_DATE":"Fri, 08 Mar 2019 00:00:00 GMT","OCC_DATE":"Fri, 08 Mar 2019 00:00:00 GMT","WEEKDAY":"Friday","HATE_CRIME":"Religion","HC_MOTIVATION":"Catholic","HC_STATUS":"Hatecrime Happened","OFF_CATEG":"Mischief To Property","NB_NAME_EN":"Byward Market","SECTOR":"Sector 24","DIVISION":"Central","CENSUS_TRC":"5050055.00","WARD":"Ward 12 - Rideau-Vanier","COUNCILLOR":"Stéphanie Plante","OFF_TYPE":"Criminal"}},{"type":"Feature","id":1327,"geometry":null,"properties":{"OBJECTID":1327,"ID":"638","YEAR":2021,"REP_DATE":"Tue, 29 Jun 2021 00:00:00 GMT","OCC_DATE":"Mon, 28 Jun 2021 00:00:00 GMT","WEEKDAY":"Monday","HATE_CRIME":"Religion","HC_MOTIVATION":"Catholic","HC_STATUS":"Hatecrime Happened","OFF_CATEG":"Threats To Property/ Animal","NB_NAME_EN":"Byward Market","SECTOR":"Sector 24","DIVISION":"Central","CENSUS_TRC":"5050055.00","WARD":"Ward 12 - Rideau-Vanier","COUNCILLOR":"Stéphanie Plante","OFF_TYPE":"Criminal"}},{"type":"Feature","id":1328,"geometry":null,"properties":{"OBJECTID":1328,"ID":"639","YEAR":2023,"REP_DATE":"Mon, 27 Feb 2023 00:00:00 GMT","OCC_DATE":"Sun, 26 Feb 2023 00:00:00 GMT","WEEKDAY":"Sunday","HATE_CRIME":"Religion","HC_MOTIVATION":"Catholic","HC_STATUS":"Hatecrime Happened","OFF_CATEG":"B&e Non- Res.prop/ Commercial","NB_NAME_EN":"Byward Market","SECTOR":"Sector 24","DIVISION":"Central","CENSUS_TRC":"5050055.00","WARD":"Ward 12 - Rideau-Vanier","COUNCILLOR":"Stéphanie Plante","OFF_TYPE":"Criminal"}},{"type":"Feature","id":1329,"geometry":null,"properties":{"OBJECTID":1329,"ID":"640","YEAR":2020,"REP_DATE":"Sat, 20 Jun 2020 00:00:00 GMT","OCC_DATE":"Sat, 20 Jun 2020 00:00:00 GMT","WEEKDAY":"Saturday","HATE_CRIME":"Gender","HC_MOTIVATION":"Woman","HC_STATUS":"Hatecrime Happened","OFF_CATEG":"Suspicious Person( S)","NB_NAME_EN":"Byward Market","SECTOR":"Sector 24","DIVISION":"Central","CENSUS_TRC":"5050055.00","WARD":"Ward 12 - Rideau-Vanier","COUNCILLOR":"Stéphanie Plante","OFF_TYPE":"Non Criminal"}},{"type":"Feature","id":1330,"geometry":null,"properties":{"OBJECTID":1330,"ID":"641","YEAR":2021,"REP_DATE":"Sun, 14 Nov 2021 00:00:00 GMT","OCC_DATE":"Mon, 01 Nov 2021 00:00:00 GMT","WEEKDAY":"Monday","HATE_CRIME":"Religion","HC_MOTIVATION":"Jewish","HC_STATUS":"Hatecrime Happened","OFF_CATEG":"Mischief To Property","NB_NAME_EN":"New Barrhaven - New Development - Stonebridge","SECTOR":"Sector 16","DIVISION":"West","CENSUS_TRC":"5050140.03","WARD":"Ward 24 - Barrhaven East","COUNCILLOR":"Wilson Lo","OFF_TYPE":"Criminal"}},{"type":"Feature","id":1331,"geometry":null,"properties":{"OBJECTID":1331,"ID":"642","YEAR":2023,"REP_DATE":"Tue, 14 Nov 2023 00:00:00 GMT","OCC_DATE":"Tue, 14 Nov 2023 00:00:00 GMT","WEEKDAY":"Tuesday","HATE_CRIME":"Religion","HC_MOTIVATION":"Jewish","HC_STATUS":"Hatecrime Suspected","OFF_CATEG":"Information ( General)","NB_NAME_EN":"Westboro","SECTOR":"Sector 21","DIVISION":"Central","CENSUS_TRC":"5050033.02","WARD":"Ward 15 - Kitchissippi","COUNCILLOR":"Jeff Leiper","OFF_TYPE":"Non Criminal"}},{"type":"Feature","id":1332,"geometry":null,"properties":{"OBJECTID":1332,"ID":"643","YEAR":2021,"REP_DATE":"Fri, 10 Dec 2021 00:00:00 GMT","OCC_DATE":"Fri, 10 Dec 2021 00:00:00 GMT","WEEKDAY":"Friday","HATE_CRIME":"Race/Ethnicity","HC_MOTIVATION":"Multiple Races/Ethnicities","HC_STATUS":"Hatecrime Happened","OFF_CATEG":"B&e Non- Res.prop/ Commercial","NB_NAME_EN":"Hunt Club South Industrial","SECTOR":"Sector 17","DIVISION":"West","CENSUS_TRC":"5050130.01","WARD":"Ward 9 - Knoxdale-Merivale","COUNCILLOR":"Sean Devine","OFF_TYPE":"Criminal"}},{"type":"Feature","id":1333,"geometry":null,"properties":{"OBJECTID":1333,"ID":"644","YEAR":2021,"REP_DATE":"Wed, 08 Sep 2021 00:00:00 GMT","OCC_DATE":"Tue, 07 Sep 2021 00:00:00 GMT","WEEKDAY":"Tuesday","HATE_CRIME":"Religion","HC_MOTIVATION":"Muslim (Islam)","HC_STATUS":"Hatecrime Suspected","OFF_CATEG":"Mischief To Property","NB_NAME_EN":"Borden Farm - Stewart Farm - Parkwood Hills - Fisher Glen","SECTOR":"Sector 17","DIVISION":"West","CENSUS_TRC":"5050131.02","WARD":"Ward 9 - Knoxdale-Merivale","COUNCILLOR":"Sean Devine","OFF_TYPE":"Criminal"}},{"type":"Feature","id":1334,"geometry":null,"properties":{"OBJECTID":1334,"ID":"645","YEAR":2022,"REP_DATE":"Tue, 25 Oct 2022 00:00:00 GMT","OCC_DATE":"Fri, 21 Oct 2022 00:00:00 GMT","WEEKDAY":"Friday","HATE_CRIME":"Religion","HC_MOTIVATION":"Jewish","HC_STATUS":"Hatecrime Happened","OFF_CATEG":"Mischief To Property","NB_NAME_EN":"West Centertown","SECTOR":"Sector 22","DIVISION":"Central","CENSUS_TRC":"5050035.00","WARD":"Ward 15 - Kitchissippi","COUNCILLOR":"Jeff Leiper","OFF_TYPE":"Criminal"}},{"type":"Feature","id":1335,"geometry":null,"properties":{"OBJECTID":1335,"ID":"646","YEAR":2022,"REP_DATE":"Tue, 09 Aug 2022 00:00:00 GMT","OCC_DATE":"Thu, 04 Aug 2022 00:00:00 GMT","WEEKDAY":"Thursday","HATE_CRIME":"Gender","HC_MOTIVATION":"Woman","HC_STATUS":"Hatecrime Happened","OFF_CATEG":"Threatening Communications","NB_NAME_EN":"Centretown","SECTOR":"Sector 23","DIVISION":"Central","CENSUS_TRC":"5050048.00","WARD":"Ward 14 - Somerset","COUNCILLOR":"Ariel Troster","OFF_TYPE":"Criminal"}},{"type":"Feature","id":1336,"geometry":null,"properties":{"OBJECTID":1336,"ID":"647","YEAR":2022,"REP_DATE":"Wed, 09 Feb 2022 00:00:00 GMT","OCC_DATE":"Wed, 02 Feb 2022 00:00:00 GMT","WEEKDAY":"Wednesday","HATE_CRIME":"Religion","HC_MOTIVATION":"Jewish","HC_STATUS":"Hatecrime Happened","OFF_CATEG":"Wilful Promotion Of Hatred","NB_NAME_EN":"Centretown","SECTOR":"Sector 23","DIVISION":"Central","CENSUS_TRC":"5050048.00","WARD":"Ward 14 - Somerset","COUNCILLOR":"Ariel Troster","OFF_TYPE":"Criminal"}},{"type":"Feature","id":1337,"geometry":null,"properties":{"OBJECTID":1337,"ID":"648","YEAR":2021,"REP_DATE":"Fri, 03 Sep 2021 00:00:00 GMT","OCC_DATE":"Fri, 03 Sep 2021 00:00:00 GMT","WEEKDAY":"Friday","HATE_CRIME":"Race/Ethnicity","HC_MOTIVATION":"Black","HC_STATUS":"Hatecrime Happened","OFF_CATEG":"Dispute- Disturbance","NB_NAME_EN":"Riverside South - Leitrim","SECTOR":"Sector 35","DIVISION":"East","CENSUS_TRC":"5050126.05","WARD":"Ward 22 - Riverside South-Findlay Creek","COUNCILLOR":"Steve Desroches","OFF_TYPE":"Non Criminal"}},{"type":"Feature","id":1338,"geometry":null,"properties":{"OBJECTID":1338,"ID":"649","YEAR":2023,"REP_DATE":"Thu, 05 Oct 2023 00:00:00 GMT","OCC_DATE":"Sun, 01 Oct 2023 00:00:00 GMT","WEEKDAY":"Sunday","HATE_CRIME":"Sexual Orientation","HC_MOTIVATION":"LGBTQ2+","HC_STATUS":"Hatecrime Happened","OFF_CATEG":"Mischief To Property","NB_NAME_EN":"Tanglewood","SECTOR":"Sector 17","DIVISION":"West","CENSUS_TRC":"5050130.02","WARD":"Ward 9 - Knoxdale-Merivale","COUNCILLOR":"Sean Devine","OFF_TYPE":"Criminal"}},{"type":"Feature","id":1339,"geometry":null,"properties":{"OBJECTID":1339,"ID":"650","YEAR":2019,"REP_DATE":"Thu, 11 Jul 2019 00:00:00 GMT","OCC_DATE":"Wed, 10 Jul 2019 00:00:00 GMT","WEEKDAY":"Wednesday","HATE_CRIME":"Religion","HC_MOTIVATION":"Catholic","HC_STATUS":"Hatecrime Happened","OFF_CATEG":"Mischief Hate Cultrl/ Rel Prop","NB_NAME_EN":"West Centertown","SECTOR":"Sector 22","DIVISION":"Central","CENSUS_TRC":"5050035.00","WARD":"Ward 15 - Kitchissippi","COUNCILLOR":"Jeff Leiper","OFF_TYPE":"Criminal"}},{"type":"Feature","id":1340,"geometry":null,"properties":{"OBJECTID":1340,"ID":"651","YEAR":2023,"REP_DATE":"Fri, 10 Feb 2023 00:00:00 GMT","OCC_DATE":"Fri, 10 Feb 2023 00:00:00 GMT","WEEKDAY":"Friday","HATE_CRIME":"Religion","HC_MOTIVATION":"Catholic","HC_STATUS":"Hatecrime Happened","OFF_CATEG":"Mischief To Property","NB_NAME_EN":"West Centertown","SECTOR":"Sector 22","DIVISION":"Central","CENSUS_TRC":"5050035.00","WARD":"Ward 15 - Kitchissippi","COUNCILLOR":"Jeff Leiper","OFF_TYPE":"Criminal"}},{"type":"Feature","id":1341,"geometry":null,"properties":{"OBJECTID":1341,"ID":"652","YEAR":2023,"REP_DATE":"Mon, 31 Jul 2023 00:00:00 GMT","OCC_DATE":"Mon, 31 Jul 2023 00:00:00 GMT","WEEKDAY":"Monday","HATE_CRIME":"Sexual Orientation","HC_MOTIVATION":"LGBTQ2+","HC_STATUS":"Hatecrime Happened","OFF_CATEG":"Threats Utter To Person","NB_NAME_EN":"Centretown","SECTOR":"Sector 23","DIVISION":"Central","CENSUS_TRC":"5050038.00","WARD":"Ward 14 - Somerset","COUNCILLOR":"Ariel Troster","OFF_TYPE":"Criminal"}},{"type":"Feature","id":1342,"geometry":null,"properties":{"OBJECTID":1342,"ID":"653","YEAR":2020,"REP_DATE":"Wed, 02 Sep 2020 00:00:00 GMT","OCC_DATE":"Wed, 02 Sep 2020 00:00:00 GMT","WEEKDAY":"Wednesday","HATE_CRIME":"Sexual Orientation","HC_MOTIVATION":"LGBTQ2+","HC_STATUS":"Hatecrime Happened","OFF_CATEG":"Assault Level 1","NB_NAME_EN":"Centretown","SECTOR":"Sector 23","DIVISION":"Central","CENSUS_TRC":"5050038.00","WARD":"Ward 14 - Somerset","COUNCILLOR":"Ariel Troster","OFF_TYPE":"Criminal"}},{"type":"Feature","id":1343,"geometry":null,"properties":{"OBJECTID":1343,"ID":"654","YEAR":2020,"REP_DATE":"Tue, 01 Sep 2020 00:00:00 GMT","OCC_DATE":"Tue, 01 Sep 2020 00:00:00 GMT","WEEKDAY":"Tuesday","HATE_CRIME":"Sexual Orientation","HC_MOTIVATION":"LGBTQ2+","HC_STATUS":"Hatecrime Happened","OFF_CATEG":"Threats Utter To Person","NB_NAME_EN":"Centretown","SECTOR":"Sector 23","DIVISION":"Central","CENSUS_TRC":"5050038.00","WARD":"Ward 14 - Somerset","COUNCILLOR":"Ariel Troster","OFF_TYPE":"Criminal"}},{"type":"Feature","id":1344,"geometry":null,"properties":{"OBJECTID":1344,"ID":"655","YEAR":2022,"REP_DATE":"Fri, 15 Apr 2022 00:00:00 GMT","OCC_DATE":"Fri, 15 Apr 2022 00:00:00 GMT","WEEKDAY":"Friday","HATE_CRIME":"Race/Ethnicity","HC_MOTIVATION":"East and Southeast Asian","HC_STATUS":"Hatecrime Suspected","OFF_CATEG":"Dispute- Disturbance","NB_NAME_EN":"Hintonburg - Mechanicsville","SECTOR":"Sector 21","DIVISION":"Central","CENSUS_TRC":"5050043.00","WARD":"Ward 15 - Kitchissippi","COUNCILLOR":"Jeff Leiper","OFF_TYPE":"Non Criminal"}},{"type":"Feature","id":1345,"geometry":null,"properties":{"OBJECTID":1345,"ID":"656","YEAR":2022,"REP_DATE":"Tue, 15 Nov 2022 00:00:00 GMT","OCC_DATE":"Mon, 14 Nov 2022 00:00:00 GMT","WEEKDAY":"Monday","HATE_CRIME":"Sexual Orientation","HC_MOTIVATION":"Unknown sexual orientation","HC_STATUS":"Hatecrime Happened","OFF_CATEG":"Harass Communications","NB_NAME_EN":"Borden Farm - Stewart Farm - Parkwood Hills - Fisher Glen","SECTOR":"Sector 17","DIVISION":"West","CENSUS_TRC":"5050131.02","WARD":"Ward 9 - Knoxdale-Merivale","COUNCILLOR":"Sean Devine","OFF_TYPE":"Criminal"}},{"type":"Feature","id":1346,"geometry":null,"properties":{"OBJECTID":1346,"ID":"657","YEAR":2021,"REP_DATE":"Thu, 21 Oct 2021 00:00:00 GMT","OCC_DATE":"Wed, 20 Oct 2021 00:00:00 GMT","WEEKDAY":"Wednesday","HATE_CRIME":"Race/Ethnicity","HC_MOTIVATION":"Multiple Races/Ethnicities","HC_STATUS":"Hatecrime Happened","OFF_CATEG":"Mischief To Property","NB_NAME_EN":"Centretown","SECTOR":"Sector 23","DIVISION":"Central","CENSUS_TRC":"5050037.01","WARD":"Ward 14 - Somerset","COUNCILLOR":"Ariel Troster","OFF_TYPE":"Criminal"}},{"type":"Feature","id":1347,"geometry":null,"properties":{"OBJECTID":1347,"ID":"658","YEAR":2021,"REP_DATE":"Mon, 22 Nov 2021 00:00:00 GMT","OCC_DATE":"Fri, 19 Nov 2021 00:00:00 GMT","WEEKDAY":"Friday","HATE_CRIME":"Race/Ethnicity","HC_MOTIVATION":"Multiple Races/Ethnicities","HC_STATUS":"Hatecrime Happened","OFF_CATEG":"Mischief To Property","NB_NAME_EN":"West Centertown","SECTOR":"Sector 22","DIVISION":"Central","CENSUS_TRC":"5050041.00","WARD":"Ward 14 - Somerset","COUNCILLOR":"Ariel Troster","OFF_TYPE":"Criminal"}},{"type":"Feature","id":1348,"geometry":null,"properties":{"OBJECTID":1348,"ID":"659","YEAR":2023,"REP_DATE":"Sat, 23 Dec 2023 00:00:00 GMT","OCC_DATE":"Fri, 22 Dec 2023 00:00:00 GMT","WEEKDAY":"Friday","HATE_CRIME":"Religion","HC_MOTIVATION":"Jewish","HC_STATUS":"Hatecrime Happened","OFF_CATEG":"Mischief To Property","NB_NAME_EN":"Centretown","SECTOR":"Sector 23","DIVISION":"Central","CENSUS_TRC":"5050037.01","WARD":"Ward 14 - Somerset","COUNCILLOR":"Ariel Troster","OFF_TYPE":"Criminal"}},{"type":"Feature","id":1349,"geometry":null,"properties":{"OBJECTID":1349,"ID":"660","YEAR":2023,"REP_DATE":"Sun, 04 Jun 2023 00:00:00 GMT","OCC_DATE":"Sun, 04 Jun 2023 00:00:00 GMT","WEEKDAY":"Sunday","HATE_CRIME":"Race/Ethnicity","HC_MOTIVATION":"Arab(West Asian,Middle Eastern and North African origins)","HC_STATUS":"Hatecrime Happened","OFF_CATEG":"Information ( General)","NB_NAME_EN":"Byward Market","SECTOR":"Sector 24","DIVISION":"Central","CENSUS_TRC":"5050055.00","WARD":"Ward 12 - Rideau-Vanier","COUNCILLOR":"Stéphanie Plante","OFF_TYPE":"Non Criminal"}},{"type":"Feature","id":1350,"geometry":null,"properties":{"OBJECTID":1350,"ID":"661","YEAR":2022,"REP_DATE":"Tue, 06 Dec 2022 00:00:00 GMT","OCC_DATE":"Tue, 06 Dec 2022 00:00:00 GMT","WEEKDAY":"Tuesday","HATE_CRIME":"Gender","HC_MOTIVATION":"Woman","HC_STATUS":"Hatecrime Suspected","OFF_CATEG":"Assault Level 1","NB_NAME_EN":"Byward Market","SECTOR":"Sector 24","DIVISION":"Central","CENSUS_TRC":"5050054.00","WARD":"Ward 12 - Rideau-Vanier","COUNCILLOR":"Stéphanie Plante","OFF_TYPE":"Criminal"}},{"type":"Feature","id":1351,"geometry":null,"properties":{"OBJECTID":1351,"ID":"662","YEAR":2023,"REP_DATE":"Wed, 27 Sep 2023 00:00:00 GMT","OCC_DATE":"Wed, 27 Sep 2023 00:00:00 GMT","WEEKDAY":"Wednesday","HATE_CRIME":"Race/Ethnicity","HC_MOTIVATION":"Chinese","HC_STATUS":"Hatecrime Suspected","OFF_CATEG":"B&e Residential Property","NB_NAME_EN":"New Barrhaven - New Development - Stonebridge","SECTOR":"Sector 16","DIVISION":"West","CENSUS_TRC":"5050141.04","WARD":"Ward 3 - Barrhaven West","COUNCILLOR":"David Hill","OFF_TYPE":"Criminal"}},{"type":"Feature","id":1352,"geometry":null,"properties":{"OBJECTID":1352,"ID":"663","YEAR":2023,"REP_DATE":"Fri, 01 Sep 2023 00:00:00 GMT","OCC_DATE":"Fri, 01 Sep 2023 00:00:00 GMT","WEEKDAY":"Friday","HATE_CRIME":"Sexual Orientation","HC_MOTIVATION":"LGBTQ2+","HC_STATUS":"Hatecrime Happened","OFF_CATEG":"Dispute- Disturbance","NB_NAME_EN":"Hintonburg - Mechanicsville","SECTOR":"Sector 21","DIVISION":"Central","CENSUS_TRC":"5050043.00","WARD":"Ward 15 - Kitchissippi","COUNCILLOR":"Jeff Leiper","OFF_TYPE":"Non Criminal"}},{"type":"Feature","id":1353,"geometry":null,"properties":{"OBJECTID":1353,"ID":"664","YEAR":2023,"REP_DATE":"Wed, 13 Dec 2023 00:00:00 GMT","OCC_DATE":"Sat, 28 Oct 2023 00:00:00 GMT","WEEKDAY":"Saturday","HATE_CRIME":"Sexual Orientation","HC_MOTIVATION":"LGBTQ2+","HC_STATUS":"Hatecrime Suspected","OFF_CATEG":"Threats Utter To Person","NB_NAME_EN":"Centretown","SECTOR":"Sector 23","DIVISION":"Central","CENSUS_TRC":"5050037.01","WARD":"Ward 14 - Somerset","COUNCILLOR":"Ariel Troster","OFF_TYPE":"Criminal"}},{"type":"Feature","id":1354,"geometry":null,"properties":{"OBJECTID":1354,"ID":"665","YEAR":2023,"REP_DATE":"Thu, 14 Dec 2023 00:00:00 GMT","OCC_DATE":"Thu, 14 Dec 2023 00:00:00 GMT","WEEKDAY":"Thursday","HATE_CRIME":"Gender","HC_MOTIVATION":"Woman","HC_STATUS":"Hatecrime Suspected","OFF_CATEG":"Harass Sexual Orientation","NB_NAME_EN":"West Centertown","SECTOR":"Sector 22","DIVISION":"Central","CENSUS_TRC":"5050041.00","WARD":"Ward 14 - Somerset","COUNCILLOR":"Ariel Troster","OFF_TYPE":"Non Criminal"}},{"type":"Feature","id":1355,"geometry":null,"properties":{"OBJECTID":1355,"ID":"666","YEAR":2021,"REP_DATE":"Tue, 13 Apr 2021 00:00:00 GMT","OCC_DATE":"Tue, 13 Apr 2021 00:00:00 GMT","WEEKDAY":"Tuesday","HATE_CRIME":"Religion","HC_MOTIVATION":"Muslim (Islam)","HC_STATUS":"Hatecrime Happened","OFF_CATEG":"Assault With Weapon Or Cbh Lv2","NB_NAME_EN":"West Centertown","SECTOR":"Sector 22","DIVISION":"Central","CENSUS_TRC":"5050035.00","WARD":"Ward 14 - Somerset","COUNCILLOR":"Ariel Troster","OFF_TYPE":"Criminal"}},{"type":"Feature","id":1356,"geometry":null,"properties":{"OBJECTID":1356,"ID":"667","YEAR":2019,"REP_DATE":"Sun, 14 Jul 2019 00:00:00 GMT","OCC_DATE":"Sun, 14 Jul 2019 00:00:00 GMT","WEEKDAY":"Sunday","HATE_CRIME":"Religion","HC_MOTIVATION":"Jewish","HC_STATUS":"Hatecrime Happened","OFF_CATEG":"Mischief To Property","NB_NAME_EN":"West Centertown","SECTOR":"Sector 22","DIVISION":"Central","CENSUS_TRC":"5050041.00","WARD":"Ward 14 - Somerset","COUNCILLOR":"Ariel Troster","OFF_TYPE":"Criminal"}},{"type":"Feature","id":1357,"geometry":null,"properties":{"OBJECTID":1357,"ID":"668","YEAR":2020,"REP_DATE":"Wed, 08 Apr 2020 00:00:00 GMT","OCC_DATE":"Wed, 08 Apr 2020 00:00:00 GMT","WEEKDAY":"Wednesday","HATE_CRIME":"Religion","HC_MOTIVATION":"Jewish","HC_STATUS":"Hatecrime Suspected","OFF_CATEG":"Mischief To Property","NB_NAME_EN":"Byward Market","SECTOR":"Sector 24","DIVISION":"Central","CENSUS_TRC":"5050054.00","WARD":"Ward 12 - Rideau-Vanier","COUNCILLOR":"Stéphanie Plante","OFF_TYPE":"Criminal"}},{"type":"Feature","id":1358,"geometry":null,"properties":{"OBJECTID":1358,"ID":"669","YEAR":2020,"REP_DATE":"Tue, 20 Oct 2020 00:00:00 GMT","OCC_DATE":"Sat, 17 Oct 2020 00:00:00 GMT","WEEKDAY":"Saturday","HATE_CRIME":"Religion","HC_MOTIVATION":"Jewish","HC_STATUS":"Hatecrime Happened","OFF_CATEG":"Mischief To Property","NB_NAME_EN":"Byward Market","SECTOR":"Sector 24","DIVISION":"Central","CENSUS_TRC":"5050054.00","WARD":"Ward 12 - Rideau-Vanier","COUNCILLOR":"Stéphanie Plante","OFF_TYPE":"Criminal"}},{"type":"Feature","id":1359,"geometry":null,"properties":{"OBJECTID":1359,"ID":"670","YEAR":2020,"REP_DATE":"Wed, 08 Apr 2020 00:00:00 GMT","OCC_DATE":"Tue, 07 Apr 2020 00:00:00 GMT","WEEKDAY":"Tuesday","HATE_CRIME":"Religion","HC_MOTIVATION":"Jewish","HC_STATUS":"Hatecrime Happened","OFF_CATEG":"Mischief To Property","NB_NAME_EN":"Byward Market","SECTOR":"Sector 24","DIVISION":"Central","CENSUS_TRC":"5050054.00","WARD":"Ward 12 - Rideau-Vanier","COUNCILLOR":"Stéphanie Plante","OFF_TYPE":"Criminal"}},{"type":"Feature","id":1360,"geometry":null,"properties":{"OBJECTID":1360,"ID":"671","YEAR":2021,"REP_DATE":"Sat, 19 Jun 2021 00:00:00 GMT","OCC_DATE":"Sat, 19 Jun 2021 00:00:00 GMT","WEEKDAY":"Saturday","HATE_CRIME":"Race/Ethnicity","HC_MOTIVATION":"South Asian","HC_STATUS":"Hatecrime Suspected","OFF_CATEG":"Assault Level 1","NB_NAME_EN":"Byward Market","SECTOR":"Sector 24","DIVISION":"Central","CENSUS_TRC":"5050054.00","WARD":"Ward 12 - Rideau-Vanier","COUNCILLOR":"Stéphanie Plante","OFF_TYPE":"Criminal"}},{"type":"Feature","id":1361,"geometry":null,"properties":{"OBJECTID":1361,"ID":"672","YEAR":2021,"REP_DATE":"Sun, 10 Oct 2021 00:00:00 GMT","OCC_DATE":"Sun, 10 Oct 2021 00:00:00 GMT","WEEKDAY":"Sunday","HATE_CRIME":"Race/Ethnicity","HC_MOTIVATION":"East and Southeast Asian","HC_STATUS":"Hatecrime Happened","OFF_CATEG":"Assault Level 1","NB_NAME_EN":"Byward Market","SECTOR":"Sector 24","DIVISION":"Central","CENSUS_TRC":"5050054.00","WARD":"Ward 12 - Rideau-Vanier","COUNCILLOR":"Stéphanie Plante","OFF_TYPE":"Criminal"}},{"type":"Feature","id":1362,"geometry":null,"properties":{"OBJECTID":1362,"ID":"673","YEAR":2023,"REP_DATE":"Fri, 13 Oct 2023 00:00:00 GMT","OCC_DATE":"Fri, 13 Oct 2023 00:00:00 GMT","WEEKDAY":"Friday","HATE_CRIME":"Religion","HC_MOTIVATION":"Jewish","HC_STATUS":"Hatecrime Happened","OFF_CATEG":"Mischief To Property","NB_NAME_EN":"Centretown","SECTOR":"Sector 23","DIVISION":"Central","CENSUS_TRC":"5050041.00","WARD":"Ward 14 - Somerset","COUNCILLOR":"Ariel Troster","OFF_TYPE":"Criminal"}},{"type":"Feature","id":1363,"geometry":null,"properties":{"OBJECTID":1363,"ID":"674","YEAR":2023,"REP_DATE":"Sat, 28 Oct 2023 00:00:00 GMT","OCC_DATE":"Fri, 27 Oct 2023 00:00:00 GMT","WEEKDAY":"Friday","HATE_CRIME":"Gender","HC_MOTIVATION":"LGBTQ2+","HC_STATUS":"Hatecrime Happened","OFF_CATEG":"Harass Crim Stalking","NB_NAME_EN":"Centretown","SECTOR":"Sector 23","DIVISION":"Central","CENSUS_TRC":"5050038.00","WARD":"Ward 14 - Somerset","COUNCILLOR":"Ariel Troster","OFF_TYPE":"Criminal"}},{"type":"Feature","id":1364,"geometry":null,"properties":{"OBJECTID":1364,"ID":"675","YEAR":2022,"REP_DATE":"Tue, 23 Aug 2022 00:00:00 GMT","OCC_DATE":"Tue, 23 Aug 2022 00:00:00 GMT","WEEKDAY":"Tuesday","HATE_CRIME":"Sexual Orientation","HC_MOTIVATION":"LGBTQ2+","HC_STATUS":"Hatecrime Happened","OFF_CATEG":"Dispute- Disturbance","NB_NAME_EN":"Centretown","SECTOR":"Sector 23","DIVISION":"Central","CENSUS_TRC":"5050048.00","WARD":"Ward 14 - Somerset","COUNCILLOR":"Ariel Troster","OFF_TYPE":"Non Criminal"}},{"type":"Feature","id":1365,"geometry":null,"properties":{"OBJECTID":1365,"ID":"676","YEAR":2022,"REP_DATE":"Thu, 02 Jun 2022 00:00:00 GMT","OCC_DATE":"Thu, 02 Jun 2022 00:00:00 GMT","WEEKDAY":"Thursday","HATE_CRIME":"Race/Ethnicity","HC_MOTIVATION":"Black","HC_STATUS":"Hatecrime Suspected","OFF_CATEG":"Dispute- Disturbance","NB_NAME_EN":"Centretown","SECTOR":"Sector 23","DIVISION":"Central","CENSUS_TRC":"5050048.00","WARD":"Ward 14 - Somerset","COUNCILLOR":"Ariel Troster","OFF_TYPE":"Non Criminal"}},{"type":"Feature","id":1366,"geometry":null,"properties":{"OBJECTID":1366,"ID":"677","YEAR":2022,"REP_DATE":"Sat, 10 Dec 2022 00:00:00 GMT","OCC_DATE":"Sat, 10 Dec 2022 00:00:00 GMT","WEEKDAY":"Saturday","HATE_CRIME":"Race/Ethnicity","HC_MOTIVATION":"Black","HC_STATUS":"Hatecrime Happened","OFF_CATEG":"Assault With Weapon Or Cbh Lv2","NB_NAME_EN":"Civic Hospital-Central Park","SECTOR":"Sector 21","DIVISION":"Central","CENSUS_TRC":"5050021.00","WARD":"Ward 16 - River","COUNCILLOR":"Riley Brockington","OFF_TYPE":"Criminal"}},{"type":"Feature","id":1367,"geometry":null,"properties":{"OBJECTID":1367,"ID":"678","YEAR":2022,"REP_DATE":"Thu, 29 Sep 2022 00:00:00 GMT","OCC_DATE":"Wed, 28 Sep 2022 00:00:00 GMT","WEEKDAY":"Wednesday","HATE_CRIME":"Sexual Orientation","HC_MOTIVATION":"LGBTQ2+","HC_STATUS":"Hatecrime Happened","OFF_CATEG":"Dispute- Neighbour","NB_NAME_EN":"Civic Hospital-Central Park","SECTOR":"Sector 21","DIVISION":"Central","CENSUS_TRC":"5050021.00","WARD":"Ward 16 - River","COUNCILLOR":"Riley Brockington","OFF_TYPE":"Non Criminal"}},{"type":"Feature","id":1368,"geometry":null,"properties":{"OBJECTID":1368,"ID":"679","YEAR":2021,"REP_DATE":"Thu, 15 Jul 2021 00:00:00 GMT","OCC_DATE":"Thu, 15 Jul 2021 00:00:00 GMT","WEEKDAY":"Thursday","HATE_CRIME":"Race/Ethnicity","HC_MOTIVATION":"Unknown race/ethnicity","HC_STATUS":"Hatecrime Happened","OFF_CATEG":"Harass Crim Stalking","NB_NAME_EN":"Civic Hospital-Central Park","SECTOR":"Sector 21","DIVISION":"Central","CENSUS_TRC":"5050021.00","WARD":"Ward 16 - River","COUNCILLOR":"Riley Brockington","OFF_TYPE":"Criminal"}},{"type":"Feature","id":1369,"geometry":null,"properties":{"OBJECTID":1369,"ID":"680","YEAR":2018,"REP_DATE":"Fri, 04 May 2018 00:00:00 GMT","OCC_DATE":"Wed, 02 May 2018 00:00:00 GMT","WEEKDAY":"Wednesday","HATE_CRIME":"Race/Ethnicity","HC_MOTIVATION":"Multiple Races/Ethnicities","HC_STATUS":"Hatecrime Suspected","OFF_CATEG":"Mischief To Property","NB_NAME_EN":"Byward Market","SECTOR":"Sector 24","DIVISION":"Central","CENSUS_TRC":"5050054.00","WARD":"Ward 12 - Rideau-Vanier","COUNCILLOR":"Stéphanie Plante","OFF_TYPE":"Criminal"}},{"type":"Feature","id":1370,"geometry":null,"properties":{"OBJECTID":1370,"ID":"681","YEAR":2022,"REP_DATE":"Fri, 21 Oct 2022 00:00:00 GMT","OCC_DATE":"Fri, 21 Oct 2022 00:00:00 GMT","WEEKDAY":"Friday","HATE_CRIME":"Gender","HC_MOTIVATION":"Woman","HC_STATUS":"Hatecrime Suspected","OFF_CATEG":"Assault Level 1","NB_NAME_EN":"Centretown","SECTOR":"Sector 23","DIVISION":"Central","CENSUS_TRC":"5050038.00","WARD":"Ward 14 - Somerset","COUNCILLOR":"Ariel Troster","OFF_TYPE":"Criminal"}},{"type":"Feature","id":1371,"geometry":null,"properties":{"OBJECTID":1371,"ID":"682","YEAR":2018,"REP_DATE":"Sun, 22 Apr 2018 00:00:00 GMT","OCC_DATE":"Sun, 22 Apr 2018 00:00:00 GMT","WEEKDAY":"Sunday","HATE_CRIME":"Religion","HC_MOTIVATION":"Muslim (Islam)","HC_STATUS":"Hatecrime Happened","OFF_CATEG":"Assault Level 1","NB_NAME_EN":"Byward Market","SECTOR":"Sector 24","DIVISION":"Central","CENSUS_TRC":"5050054.00","WARD":"Ward 12 - Rideau-Vanier","COUNCILLOR":"Stéphanie Plante","OFF_TYPE":"Criminal"}},{"type":"Feature","id":1372,"geometry":null,"properties":{"OBJECTID":1372,"ID":"683","YEAR":2021,"REP_DATE":"Fri, 11 Jun 2021 00:00:00 GMT","OCC_DATE":"Fri, 11 Jun 2021 00:00:00 GMT","WEEKDAY":"Friday","HATE_CRIME":"Race/Ethnicity","HC_MOTIVATION":"Multiple Races/Ethnicities","HC_STATUS":"Hatecrime Happened","OFF_CATEG":"Mischief To Property","NB_NAME_EN":"Westboro","SECTOR":"Sector 21","DIVISION":"Central","CENSUS_TRC":"5050033.02","WARD":"Ward 15 - Kitchissippi","COUNCILLOR":"Jeff Leiper","OFF_TYPE":"Criminal"}},{"type":"Feature","id":1373,"geometry":null,"properties":{"OBJECTID":1373,"ID":"684","YEAR":2018,"REP_DATE":"Sun, 01 Apr 2018 00:00:00 GMT","OCC_DATE":"Sun, 01 Apr 2018 00:00:00 GMT","WEEKDAY":"Sunday","HATE_CRIME":"Religion","HC_MOTIVATION":"Muslim (Islam)","HC_STATUS":"Hatecrime Happened","OFF_CATEG":"Mischief To Property","NB_NAME_EN":"West Centertown","SECTOR":"Sector 22","DIVISION":"Central","CENSUS_TRC":"5050035.00","WARD":"Ward 14 - Somerset","COUNCILLOR":"Ariel Troster","OFF_TYPE":"Criminal"}},{"type":"Feature","id":1374,"geometry":null,"properties":{"OBJECTID":1374,"ID":"685","YEAR":2021,"REP_DATE":"Sat, 26 Jun 2021 00:00:00 GMT","OCC_DATE":"Sat, 26 Jun 2021 00:00:00 GMT","WEEKDAY":"Saturday","HATE_CRIME":"Race/Ethnicity","HC_MOTIVATION":"Black","HC_STATUS":"Hatecrime Happened","OFF_CATEG":"Mischief To Property","NB_NAME_EN":"New Barrhaven - New Development - Stonebridge","SECTOR":"Sector 16","DIVISION":"West","CENSUS_TRC":"5050141.22","WARD":"Ward 24 - Barrhaven East","COUNCILLOR":"Wilson Lo","OFF_TYPE":"Criminal"}},{"type":"Feature","id":1375,"geometry":null,"properties":{"OBJECTID":1375,"ID":"686","YEAR":2022,"REP_DATE":"Thu, 02 Jun 2022 00:00:00 GMT","OCC_DATE":"Thu, 02 Jun 2022 00:00:00 GMT","WEEKDAY":"Thursday","HATE_CRIME":"Race/Ethnicity","HC_MOTIVATION":"East and Southeast Asian","HC_STATUS":"Hatecrime Happened","OFF_CATEG":"Mischief Hate Cultrl/ Rel Prop","NB_NAME_EN":"New Barrhaven - New Development - Stonebridge","SECTOR":"Sector 16","DIVISION":"West","CENSUS_TRC":"5050141.22","WARD":"Ward 24 - Barrhaven East","COUNCILLOR":"Wilson Lo","OFF_TYPE":"Criminal"}},{"type":"Feature","id":1376,"geometry":null,"properties":{"OBJECTID":1376,"ID":"687","YEAR":2022,"REP_DATE":"Tue, 20 Sep 2022 00:00:00 GMT","OCC_DATE":"Mon, 04 Jul 2022 00:00:00 GMT","WEEKDAY":"Monday","HATE_CRIME":"Sexual Orientation","HC_MOTIVATION":"LGBTQ2+","HC_STATUS":"Hatecrime Happened","OFF_CATEG":"Information ( General)","NB_NAME_EN":"Borden Farm - Stewart Farm - Parkwood Hills - Fisher Glen","SECTOR":"Sector 17","DIVISION":"West","CENSUS_TRC":"5050131.02","WARD":"Ward 9 - Knoxdale-Merivale","COUNCILLOR":"Sean Devine","OFF_TYPE":"Non Criminal"}},{"type":"Feature","id":1377,"geometry":null,"properties":{"OBJECTID":1377,"ID":"688","YEAR":2022,"REP_DATE":"Fri, 16 Dec 2022 00:00:00 GMT","OCC_DATE":"Fri, 16 Dec 2022 00:00:00 GMT","WEEKDAY":"Friday","HATE_CRIME":"Religion","HC_MOTIVATION":"Other Religion","HC_STATUS":"Hatecrime Happened","OFF_CATEG":"Mischief Hate Cultrl/ Rel Prop","NB_NAME_EN":"New Barrhaven - New Development - Stonebridge","SECTOR":"Sector 16","DIVISION":"West","CENSUS_TRC":"5050141.04","WARD":"Ward 3 - Barrhaven West","COUNCILLOR":"David Hill","OFF_TYPE":"Criminal"}},{"type":"Feature","id":1378,"geometry":null,"properties":{"OBJECTID":1378,"ID":"689","YEAR":2021,"REP_DATE":"Sat, 11 Dec 2021 00:00:00 GMT","OCC_DATE":"Sat, 11 Dec 2021 00:00:00 GMT","WEEKDAY":"Saturday","HATE_CRIME":"Race/Ethnicity","HC_MOTIVATION":"Black","HC_STATUS":"Hatecrime Happened","OFF_CATEG":"Assault Level 1","NB_NAME_EN":"West Centertown","SECTOR":"Sector 22","DIVISION":"Central","CENSUS_TRC":"5050042.00","WARD":"Ward 14 - Somerset","COUNCILLOR":"Ariel Troster","OFF_TYPE":"Criminal"}},{"type":"Feature","id":1379,"geometry":null,"properties":{"OBJECTID":1379,"ID":"690","YEAR":2022,"REP_DATE":"Wed, 20 Jul 2022 00:00:00 GMT","OCC_DATE":"Tue, 19 Jul 2022 00:00:00 GMT","WEEKDAY":"Tuesday","HATE_CRIME":"Race/Ethnicity","HC_MOTIVATION":"East and Southeast Asian","HC_STATUS":"Hatecrime Suspected","OFF_CATEG":"Suspicious Person( S)","NB_NAME_EN":"Centretown","SECTOR":"Sector 23","DIVISION":"Central","CENSUS_TRC":"5050037.01","WARD":"Ward 14 - Somerset","COUNCILLOR":"Ariel Troster","OFF_TYPE":"Non Criminal"}},{"type":"Feature","id":1380,"geometry":null,"properties":{"OBJECTID":1380,"ID":"691","YEAR":2023,"REP_DATE":"Tue, 18 Apr 2023 00:00:00 GMT","OCC_DATE":"Mon, 17 Apr 2023 00:00:00 GMT","WEEKDAY":"Monday","HATE_CRIME":"Religion","HC_MOTIVATION":"Jewish","HC_STATUS":"Hatecrime Happened","OFF_CATEG":"Mischief To Property","NB_NAME_EN":"Chapman Mills - Rideau Crest - Davidson Heights","SECTOR":"Sector 16","DIVISION":"West","CENSUS_TRC":"5050141.09","WARD":"Ward 24 - Barrhaven East","COUNCILLOR":"Wilson Lo","OFF_TYPE":"Criminal"}},{"type":"Feature","id":1381,"geometry":null,"properties":{"OBJECTID":1381,"ID":"692","YEAR":2019,"REP_DATE":"Tue, 16 Apr 2019 00:00:00 GMT","OCC_DATE":"Tue, 16 Apr 2019 00:00:00 GMT","WEEKDAY":"Tuesday","HATE_CRIME":"Race/Ethnicity","HC_MOTIVATION":"Multiple Races/Ethnicities","HC_STATUS":"Hatecrime Happened","OFF_CATEG":"Mischief To Property","NB_NAME_EN":"West Centertown","SECTOR":"Sector 22","DIVISION":"Central","CENSUS_TRC":"5050035.00","WARD":"Ward 14 - Somerset","COUNCILLOR":"Ariel Troster","OFF_TYPE":"Criminal"}},{"type":"Feature","id":1382,"geometry":null,"properties":{"OBJECTID":1382,"ID":"693","YEAR":2020,"REP_DATE":"Wed, 12 Aug 2020 00:00:00 GMT","OCC_DATE":"Wed, 12 Aug 2020 00:00:00 GMT","WEEKDAY":"Wednesday","HATE_CRIME":"Race/Ethnicity","HC_MOTIVATION":"Black","HC_STATUS":"Hatecrime Happened","OFF_CATEG":"Mischief To Property","NB_NAME_EN":"West Centertown","SECTOR":"Sector 22","DIVISION":"Central","CENSUS_TRC":"5050035.00","WARD":"Ward 14 - Somerset","COUNCILLOR":"Ariel Troster","OFF_TYPE":"Criminal"}},{"type":"Feature","id":1383,"geometry":null,"properties":{"OBJECTID":1383,"ID":"694","YEAR":2020,"REP_DATE":"Tue, 16 Jun 2020 00:00:00 GMT","OCC_DATE":"Sat, 13 Jun 2020 00:00:00 GMT","WEEKDAY":"Saturday","HATE_CRIME":"Race/Ethnicity","HC_MOTIVATION":"Multiple Races/Ethnicities","HC_STATUS":"Hatecrime Happened","OFF_CATEG":"Information ( General)","NB_NAME_EN":"West Centertown","SECTOR":"Sector 22","DIVISION":"Central","CENSUS_TRC":"5050035.00","WARD":"Ward 14 - Somerset","COUNCILLOR":"Ariel Troster","OFF_TYPE":"Non Criminal"}},{"type":"Feature","id":1384,"geometry":null,"properties":{"OBJECTID":1384,"ID":"695","YEAR":2023,"REP_DATE":"Mon, 05 Jun 2023 00:00:00 GMT","OCC_DATE":"Mon, 05 Jun 2023 00:00:00 GMT","WEEKDAY":"Monday","HATE_CRIME":"Sexual Orientation","HC_MOTIVATION":"LGBTQ2+","HC_STATUS":"Hatecrime Happened","OFF_CATEG":"Mischief To Property","NB_NAME_EN":"Island Park","SECTOR":"Sector 21","DIVISION":"Central","CENSUS_TRC":"5050045.01","WARD":"Ward 15 - Kitchissippi","COUNCILLOR":"Jeff Leiper","OFF_TYPE":"Criminal"}},{"type":"Feature","id":1385,"geometry":null,"properties":{"OBJECTID":1385,"ID":"696","YEAR":2024,"REP_DATE":"Wed, 24 Jan 2024 00:00:00 GMT","OCC_DATE":"Sun, 21 Jan 2024 00:00:00 GMT","WEEKDAY":"Sunday","HATE_CRIME":"Gender","HC_MOTIVATION":"Woman","HC_STATUS":"Hatecrime Suspected","OFF_CATEG":"Dispute- Disturbance","NB_NAME_EN":"Byward Market","SECTOR":"Sector 24","DIVISION":"Central","CENSUS_TRC":"5050054.00","WARD":"Ward 12 - Rideau-Vanier","COUNCILLOR":"Stéphanie Plante","OFF_TYPE":"Non Criminal"}},{"type":"Feature","id":1386,"geometry":null,"properties":{"OBJECTID":1386,"ID":"697","YEAR":2023,"REP_DATE":"Tue, 14 Mar 2023 00:00:00 GMT","OCC_DATE":"Mon, 13 Mar 2023 00:00:00 GMT","WEEKDAY":"Monday","HATE_CRIME":"Race/Ethnicity","HC_MOTIVATION":"Black","HC_STATUS":"Hatecrime Happened","OFF_CATEG":"Mischief To Property","NB_NAME_EN":"Byward Market","SECTOR":"Sector 24","DIVISION":"Central","CENSUS_TRC":"5050054.00","WARD":"Ward 12 - Rideau-Vanier","COUNCILLOR":"Stéphanie Plante","OFF_TYPE":"Criminal"}},{"type":"Feature","id":1387,"geometry":null,"properties":{"OBJECTID":1387,"ID":"698","YEAR":2023,"REP_DATE":"Sat, 11 Mar 2023 00:00:00 GMT","OCC_DATE":"Wed, 01 Mar 2023 00:00:00 GMT","WEEKDAY":"Wednesday","HATE_CRIME":"Race/Ethnicity","HC_MOTIVATION":"Black","HC_STATUS":"Hatecrime Happened","OFF_CATEG":"Mischief To Property","NB_NAME_EN":"Byward Market","SECTOR":"Sector 24","DIVISION":"Central","CENSUS_TRC":"5050054.00","WARD":"Ward 12 - Rideau-Vanier","COUNCILLOR":"Stéphanie Plante","OFF_TYPE":"Criminal"}},{"type":"Feature","id":1388,"geometry":null,"properties":{"OBJECTID":1388,"ID":"699","YEAR":2023,"REP_DATE":"Sun, 12 Feb 2023 00:00:00 GMT","OCC_DATE":"Mon, 06 Feb 2023 00:00:00 GMT","WEEKDAY":"Monday","HATE_CRIME":"Sexual Orientation","HC_MOTIVATION":"LGBTQ2+","HC_STATUS":"Hatecrime Happened","OFF_CATEG":"Assault Level 1","NB_NAME_EN":"Byward Market","SECTOR":"Sector 24","DIVISION":"Central","CENSUS_TRC":"5050054.00","WARD":"Ward 12 - Rideau-Vanier","COUNCILLOR":"Stéphanie Plante","OFF_TYPE":"Criminal"}},{"type":"Feature","id":1389,"geometry":null,"properties":{"OBJECTID":1389,"ID":"700","YEAR":2020,"REP_DATE":"Mon, 12 Oct 2020 00:00:00 GMT","OCC_DATE":"Fri, 09 Oct 2020 00:00:00 GMT","WEEKDAY":"Friday","HATE_CRIME":"Race/Ethnicity","HC_MOTIVATION":"East and Southeast Asian","HC_STATUS":"Hatecrime Happened","OFF_CATEG":"Dispute- Disturbance","NB_NAME_EN":"Byward Market","SECTOR":"Sector 24","DIVISION":"Central","CENSUS_TRC":"5050054.00","WARD":"Ward 12 - Rideau-Vanier","COUNCILLOR":"Stéphanie Plante","OFF_TYPE":"Non Criminal"}},{"type":"Feature","id":1390,"geometry":null,"properties":{"OBJECTID":1390,"ID":"701","YEAR":2024,"REP_DATE":"Sun, 07 Jan 2024 00:00:00 GMT","OCC_DATE":"Fri, 05 Jan 2024 00:00:00 GMT","WEEKDAY":"Friday","HATE_CRIME":"Race/Ethnicity","HC_MOTIVATION":"Arab(West Asian,Middle Eastern and North African origins)","HC_STATUS":"Hatecrime Happened","OFF_CATEG":"Harass Harrassment","NB_NAME_EN":"Byward Market","SECTOR":"Sector 24","DIVISION":"Central","CENSUS_TRC":"5050054.00","WARD":"Ward 12 - Rideau-Vanier","COUNCILLOR":"Stéphanie Plante","OFF_TYPE":"Non Criminal"}},{"type":"Feature","id":1391,"geometry":null,"properties":{"OBJECTID":1391,"ID":"702","YEAR":2023,"REP_DATE":"Sat, 01 Apr 2023 00:00:00 GMT","OCC_DATE":"Sat, 01 Apr 2023 00:00:00 GMT","WEEKDAY":"Saturday","HATE_CRIME":"Race/Ethnicity","HC_MOTIVATION":"Black","HC_STATUS":"Hatecrime Suspected","OFF_CATEG":"Dispute- Disturbance","NB_NAME_EN":"Byward Market","SECTOR":"Sector 24","DIVISION":"Central","CENSUS_TRC":"5050054.00","WARD":"Ward 12 - Rideau-Vanier","COUNCILLOR":"Stéphanie Plante","OFF_TYPE":"Non Criminal"}},{"type":"Feature","id":1392,"geometry":null,"properties":{"OBJECTID":1392,"ID":"703","YEAR":2023,"REP_DATE":"Tue, 10 Jan 2023 00:00:00 GMT","OCC_DATE":"Tue, 10 Jan 2023 00:00:00 GMT","WEEKDAY":"Tuesday","HATE_CRIME":"Combination (More than 2 Motivations)","HC_MOTIVATION":"Combination (More than 2 Motivations)","HC_STATUS":"Hatecrime Happened","OFF_CATEG":"Dispute- Disturbance","NB_NAME_EN":"Byward Market","SECTOR":"Sector 24","DIVISION":"Central","CENSUS_TRC":"5050054.00","WARD":"Ward 12 - Rideau-Vanier","COUNCILLOR":"Stéphanie Plante","OFF_TYPE":"Non Criminal"}},{"type":"Feature","id":1393,"geometry":null,"properties":{"OBJECTID":1393,"ID":"704","YEAR":2020,"REP_DATE":"Sat, 12 Dec 2020 00:00:00 GMT","OCC_DATE":"Sat, 12 Dec 2020 00:00:00 GMT","WEEKDAY":"Saturday","HATE_CRIME":"Race/Ethnicity","HC_MOTIVATION":"Black","HC_STATUS":"Hatecrime Happened","OFF_CATEG":"Assault Level 1","NB_NAME_EN":"Byward Market","SECTOR":"Sector 24","DIVISION":"Central","CENSUS_TRC":"5050054.00","WARD":"Ward 12 - Rideau-Vanier","COUNCILLOR":"Stéphanie Plante","OFF_TYPE":"Criminal"}},{"type":"Feature","id":1394,"geometry":null,"properties":{"OBJECTID":1394,"ID":"705","YEAR":2023,"REP_DATE":"Wed, 01 Mar 2023 00:00:00 GMT","OCC_DATE":"Tue, 28 Feb 2023 00:00:00 GMT","WEEKDAY":"Tuesday","HATE_CRIME":"Religion","HC_MOTIVATION":"Jewish","HC_STATUS":"Hatecrime Happened","OFF_CATEG":"Mischief To Property","NB_NAME_EN":"Byward Market","SECTOR":"Sector 24","DIVISION":"Central","CENSUS_TRC":"5050054.00","WARD":"Ward 12 - Rideau-Vanier","COUNCILLOR":"Stéphanie Plante","OFF_TYPE":"Criminal"}},{"type":"Feature","id":1395,"geometry":null,"properties":{"OBJECTID":1395,"ID":"706","YEAR":2019,"REP_DATE":"Tue, 08 Jan 2019 00:00:00 GMT","OCC_DATE":"Tue, 08 Jan 2019 00:00:00 GMT","WEEKDAY":"Tuesday","HATE_CRIME":"Race/Ethnicity","HC_MOTIVATION":"Black","HC_STATUS":"Hatecrime Happened","OFF_CATEG":"Assault Level 1","NB_NAME_EN":"Byward Market","SECTOR":"Sector 24","DIVISION":"Central","CENSUS_TRC":"5050054.00","WARD":"Ward 12 - Rideau-Vanier","COUNCILLOR":"Stéphanie Plante","OFF_TYPE":"Criminal"}},{"type":"Feature","id":1396,"geometry":null,"properties":{"OBJECTID":1396,"ID":"707","YEAR":2023,"REP_DATE":"Tue, 24 Oct 2023 00:00:00 GMT","OCC_DATE":"Tue, 24 Oct 2023 00:00:00 GMT","WEEKDAY":"Tuesday","HATE_CRIME":"Religion","HC_MOTIVATION":"Muslim (Islam)","HC_STATUS":"Hatecrime Happened","OFF_CATEG":"Harass Crim Stalking","NB_NAME_EN":"Byward Market","SECTOR":"Sector 24","DIVISION":"Central","CENSUS_TRC":"5050054.00","WARD":"Ward 12 - Rideau-Vanier","COUNCILLOR":"Stéphanie Plante","OFF_TYPE":"Criminal"}},{"type":"Feature","id":1397,"geometry":null,"properties":{"OBJECTID":1397,"ID":"708","YEAR":2023,"REP_DATE":"Thu, 16 Mar 2023 00:00:00 GMT","OCC_DATE":"Wed, 01 Mar 2023 00:00:00 GMT","WEEKDAY":"Wednesday","HATE_CRIME":"Religion","HC_MOTIVATION":"Jewish","HC_STATUS":"Hatecrime Happened","OFF_CATEG":"Mischief To Property","NB_NAME_EN":"Byward Market","SECTOR":"Sector 24","DIVISION":"Central","CENSUS_TRC":"5050054.00","WARD":"Ward 12 - Rideau-Vanier","COUNCILLOR":"Stéphanie Plante","OFF_TYPE":"Criminal"}},{"type":"Feature","id":1398,"geometry":null,"properties":{"OBJECTID":1398,"ID":"709","YEAR":2021,"REP_DATE":"Wed, 19 May 2021 00:00:00 GMT","OCC_DATE":"Tue, 18 May 2021 00:00:00 GMT","WEEKDAY":"Tuesday","HATE_CRIME":"Race/Ethnicity","HC_MOTIVATION":"Unknown race/ethnicity","HC_STATUS":"Hatecrime Suspected","OFF_CATEG":"Dispute- Disturbance","NB_NAME_EN":"Borden Farm - Stewart Farm - Parkwood Hills - Fisher Glen","SECTOR":"Sector 17","DIVISION":"West","CENSUS_TRC":"5050131.02","WARD":"Ward 9 - Knoxdale-Merivale","COUNCILLOR":"Sean Devine","OFF_TYPE":"Non Criminal"}},{"type":"Feature","id":1399,"geometry":null,"properties":{"OBJECTID":1399,"ID":"710","YEAR":2023,"REP_DATE":"Fri, 01 Dec 2023 00:00:00 GMT","OCC_DATE":"Fri, 01 Dec 2023 00:00:00 GMT","WEEKDAY":"Friday","HATE_CRIME":"Race/Ethnicity","HC_MOTIVATION":"Chinese","HC_STATUS":"Hatecrime Suspected","OFF_CATEG":"Mischief Cultural Property","NB_NAME_EN":"West Centertown","SECTOR":"Sector 22","DIVISION":"Central","CENSUS_TRC":"5050041.00","WARD":"Ward 14 - Somerset","COUNCILLOR":"Ariel Troster","OFF_TYPE":"Criminal"}},{"type":"Feature","id":1400,"geometry":null,"properties":{"OBJECTID":1400,"ID":"711","YEAR":2021,"REP_DATE":"Wed, 08 Sep 2021 00:00:00 GMT","OCC_DATE":"Sat, 04 Sep 2021 00:00:00 GMT","WEEKDAY":"Saturday","HATE_CRIME":"Religion","HC_MOTIVATION":"Muslim (Islam)","HC_STATUS":"Hatecrime Happened","OFF_CATEG":"Mischief Hate Cultrl/ Rel Prop","NB_NAME_EN":"Island Park","SECTOR":"Sector 21","DIVISION":"Central","CENSUS_TRC":"5050045.01","WARD":"Ward 15 - Kitchissippi","COUNCILLOR":"Jeff Leiper","OFF_TYPE":"Criminal"}},{"type":"Feature","id":1401,"geometry":null,"properties":{"OBJECTID":1401,"ID":"712","YEAR":2020,"REP_DATE":"Mon, 07 Dec 2020 00:00:00 GMT","OCC_DATE":"Mon, 07 Dec 2020 00:00:00 GMT","WEEKDAY":"Monday","HATE_CRIME":"Religion","HC_MOTIVATION":"Muslim (Islam)","HC_STATUS":"Hatecrime Happened","OFF_CATEG":"Threats Letters","NB_NAME_EN":"Island Park","SECTOR":"Sector 21","DIVISION":"Central","CENSUS_TRC":"5050045.01","WARD":"Ward 15 - Kitchissippi","COUNCILLOR":"Jeff Leiper","OFF_TYPE":"Criminal"}},{"type":"Feature","id":1402,"geometry":null,"properties":{"OBJECTID":1402,"ID":"713","YEAR":2019,"REP_DATE":"Tue, 21 May 2019 00:00:00 GMT","OCC_DATE":"Fri, 17 May 2019 00:00:00 GMT","WEEKDAY":"Friday","HATE_CRIME":"Religion","HC_MOTIVATION":"Muslim (Islam)","HC_STATUS":"Hatecrime Happened","OFF_CATEG":"Mischief Hate Cultrl/ Rel Prop","NB_NAME_EN":"Island Park","SECTOR":"Sector 21","DIVISION":"Central","CENSUS_TRC":"5050045.01","WARD":"Ward 15 - Kitchissippi","COUNCILLOR":"Jeff Leiper","OFF_TYPE":"Criminal"}},{"type":"Feature","id":1403,"geometry":null,"properties":{"OBJECTID":1403,"ID":"714","YEAR":2023,"REP_DATE":"Fri, 13 Oct 2023 00:00:00 GMT","OCC_DATE":"Sun, 08 Oct 2023 00:00:00 GMT","WEEKDAY":"Sunday","HATE_CRIME":"Not Applicable","HC_MOTIVATION":"Not Applicable","HC_STATUS":"Hatecrime Suspected","OFF_CATEG":"Mischief To Property","NB_NAME_EN":"West Centertown","SECTOR":"Sector 22","DIVISION":"Central","CENSUS_TRC":"5050041.00","WARD":"Ward 14 - Somerset","COUNCILLOR":"Ariel Troster","OFF_TYPE":"Criminal"}},{"type":"Feature","id":1404,"geometry":null,"properties":{"OBJECTID":1404,"ID":"715","YEAR":2019,"REP_DATE":"Wed, 28 Aug 2019 00:00:00 GMT","OCC_DATE":"Wed, 28 Aug 2019 00:00:00 GMT","WEEKDAY":"Wednesday","HATE_CRIME":"Religion","HC_MOTIVATION":"Jewish","HC_STATUS":"Hatecrime Happened","OFF_CATEG":"Mischief To Property","NB_NAME_EN":"West Centertown","SECTOR":"Sector 22","DIVISION":"Central","CENSUS_TRC":"5050041.00","WARD":"Ward 14 - Somerset","COUNCILLOR":"Ariel Troster","OFF_TYPE":"Criminal"}},{"type":"Feature","id":1405,"geometry":null,"properties":{"OBJECTID":1405,"ID":"716","YEAR":2021,"REP_DATE":"Tue, 19 Oct 2021 00:00:00 GMT","OCC_DATE":"Mon, 18 Oct 2021 00:00:00 GMT","WEEKDAY":"Monday","HATE_CRIME":"Religion","HC_MOTIVATION":"Jewish","HC_STATUS":"Hatecrime Happened","OFF_CATEG":"Mischief To Property","NB_NAME_EN":"New Barrhaven - New Development - Stonebridge","SECTOR":"Sector 16","DIVISION":"West","CENSUS_TRC":"5050141.20","WARD":"Ward 3 - Barrhaven West","COUNCILLOR":"David Hill","OFF_TYPE":"Criminal"}},{"type":"Feature","id":1406,"geometry":null,"properties":{"OBJECTID":1406,"ID":"717","YEAR":2024,"REP_DATE":"Fri, 02 Feb 2024 00:00:00 GMT","OCC_DATE":"Fri, 02 Feb 2024 00:00:00 GMT","WEEKDAY":"Friday","HATE_CRIME":"Race/Ethnicity","HC_MOTIVATION":"India,Pakistan/South Asian","HC_STATUS":"Hatecrime Happened","OFF_CATEG":"Suspicious Circumstance( S)","NB_NAME_EN":"Civic Hospital-Central Park","SECTOR":"Sector 21","DIVISION":"Central","CENSUS_TRC":"5050020.01","WARD":"Ward 16 - River","COUNCILLOR":"Riley Brockington","OFF_TYPE":"Non Criminal"}},{"type":"Feature","id":1407,"geometry":null,"properties":{"OBJECTID":1407,"ID":"718","YEAR":2022,"REP_DATE":"Mon, 15 Aug 2022 00:00:00 GMT","OCC_DATE":"Mon, 15 Aug 2022 00:00:00 GMT","WEEKDAY":"Monday","HATE_CRIME":"Sexual Orientation","HC_MOTIVATION":"LGBTQ2+","HC_STATUS":"Hatecrime Suspected","OFF_CATEG":"Mischief To Property","NB_NAME_EN":"West Centertown","SECTOR":"Sector 22","DIVISION":"Central","CENSUS_TRC":"5050042.00","WARD":"Ward 14 - Somerset","COUNCILLOR":"Ariel Troster","OFF_TYPE":"Criminal"}},{"type":"Feature","id":1408,"geometry":null,"properties":{"OBJECTID":1408,"ID":"719","YEAR":2022,"REP_DATE":"Wed, 13 Jul 2022 00:00:00 GMT","OCC_DATE":"Tue, 12 Jul 2022 00:00:00 GMT","WEEKDAY":"Tuesday","HATE_CRIME":"Sexual Orientation","HC_MOTIVATION":"LGBTQ2+","HC_STATUS":"Hatecrime Happened","OFF_CATEG":"Mischief To Property","NB_NAME_EN":"Centretown","SECTOR":"Sector 23","DIVISION":"Central","CENSUS_TRC":"5050048.00","WARD":"Ward 14 - Somerset","COUNCILLOR":"Ariel Troster","OFF_TYPE":"Criminal"}},{"type":"Feature","id":1409,"geometry":null,"properties":{"OBJECTID":1409,"ID":"720","YEAR":2019,"REP_DATE":"Fri, 25 Oct 2019 00:00:00 GMT","OCC_DATE":"Thu, 24 Oct 2019 00:00:00 GMT","WEEKDAY":"Thursday","HATE_CRIME":"Religion","HC_MOTIVATION":"Jewish","HC_STATUS":"Hatecrime Happened","OFF_CATEG":"Mischief To Property","NB_NAME_EN":"Centretown","SECTOR":"Sector 23","DIVISION":"Central","CENSUS_TRC":"5050048.00","WARD":"Ward 14 - Somerset","COUNCILLOR":"Ariel Troster","OFF_TYPE":"Criminal"}},{"type":"Feature","id":1410,"geometry":null,"properties":{"OBJECTID":1410,"ID":"721","YEAR":2022,"REP_DATE":"Mon, 21 Mar 2022 00:00:00 GMT","OCC_DATE":"Mon, 07 Mar 2022 00:00:00 GMT","WEEKDAY":"Monday","HATE_CRIME":"Gender","HC_MOTIVATION":"Other sex","HC_STATUS":"Hatecrime Happened","OFF_CATEG":"Harass Communications","NB_NAME_EN":"Centretown","SECTOR":"Sector 23","DIVISION":"Central","CENSUS_TRC":"5050048.00","WARD":"Ward 14 - Somerset","COUNCILLOR":"Ariel Troster","OFF_TYPE":"Criminal"}},{"type":"Feature","id":1411,"geometry":null,"properties":{"OBJECTID":1411,"ID":"722","YEAR":2021,"REP_DATE":"Mon, 30 Aug 2021 00:00:00 GMT","OCC_DATE":"Sat, 01 May 2021 00:00:00 GMT","WEEKDAY":"Saturday","HATE_CRIME":"Race/Ethnicity","HC_MOTIVATION":"East and Southeast Asian","HC_STATUS":"Hatecrime Suspected","OFF_CATEG":"Harass Race/ Religion","NB_NAME_EN":"Centretown","SECTOR":"Sector 23","DIVISION":"Central","CENSUS_TRC":"5050048.00","WARD":"Ward 14 - Somerset","COUNCILLOR":"Ariel Troster","OFF_TYPE":"Non Criminal"}},{"type":"Feature","id":1412,"geometry":null,"properties":{"OBJECTID":1412,"ID":"723","YEAR":2021,"REP_DATE":"Tue, 29 Jun 2021 00:00:00 GMT","OCC_DATE":"Fri, 25 Jun 2021 00:00:00 GMT","WEEKDAY":"Friday","HATE_CRIME":"Sexual Orientation","HC_MOTIVATION":"LGBTQ2+","HC_STATUS":"Hatecrime Suspected","OFF_CATEG":"Threats Utter To Person","NB_NAME_EN":"Centretown","SECTOR":"Sector 23","DIVISION":"Central","CENSUS_TRC":"5050048.00","WARD":"Ward 14 - Somerset","COUNCILLOR":"Ariel Troster","OFF_TYPE":"Criminal"}},{"type":"Feature","id":1413,"geometry":null,"properties":{"OBJECTID":1413,"ID":"724","YEAR":2022,"REP_DATE":"Mon, 12 Dec 2022 00:00:00 GMT","OCC_DATE":"Mon, 12 Dec 2022 00:00:00 GMT","WEEKDAY":"Monday","HATE_CRIME":"Race/Ethnicity","HC_MOTIVATION":"Black","HC_STATUS":"Hatecrime Happened","OFF_CATEG":"Disturbance Causing, Loiter Etc","NB_NAME_EN":"West Centertown","SECTOR":"Sector 22","DIVISION":"Central","CENSUS_TRC":"5050035.00","WARD":"Ward 17 - Capital","COUNCILLOR":"Shawn Menard","OFF_TYPE":"Criminal"}},{"type":"Feature","id":1414,"geometry":null,"properties":{"OBJECTID":1414,"ID":"725","YEAR":2023,"REP_DATE":"Fri, 19 May 2023 00:00:00 GMT","OCC_DATE":"Thu, 13 Apr 2023 00:00:00 GMT","WEEKDAY":"Thursday","HATE_CRIME":"Immigrants/Newcomers to Canada","HC_MOTIVATION":"Immigrants/Newcomers to Canada","HC_STATUS":"Hatecrime Happened","OFF_CATEG":"Assault Level 1","NB_NAME_EN":"Centretown","SECTOR":"Sector 23","DIVISION":"Central","CENSUS_TRC":"5050048.00","WARD":"Ward 14 - Somerset","COUNCILLOR":"Ariel Troster","OFF_TYPE":"Criminal"}},{"type":"Feature","id":1415,"geometry":null,"properties":{"OBJECTID":1415,"ID":"726","YEAR":2021,"REP_DATE":"Fri, 03 Dec 2021 00:00:00 GMT","OCC_DATE":"Fri, 03 Dec 2021 00:00:00 GMT","WEEKDAY":"Friday","HATE_CRIME":"Religion","HC_MOTIVATION":"Jewish","HC_STATUS":"Hatecrime Happened","OFF_CATEG":"Mischief To Property","NB_NAME_EN":"Centretown","SECTOR":"Sector 23","DIVISION":"Central","CENSUS_TRC":"5050048.00","WARD":"Ward 14 - Somerset","COUNCILLOR":"Ariel Troster","OFF_TYPE":"Criminal"}},{"type":"Feature","id":1416,"geometry":null,"properties":{"OBJECTID":1416,"ID":"727","YEAR":2023,"REP_DATE":"Sat, 14 Oct 2023 00:00:00 GMT","OCC_DATE":"Sat, 14 Oct 2023 00:00:00 GMT","WEEKDAY":"Saturday","HATE_CRIME":"Religion","HC_MOTIVATION":"Muslim (Islam)","HC_STATUS":"Hatecrime Happened","OFF_CATEG":"Mischief To Property","NB_NAME_EN":"Centretown","SECTOR":"Sector 23","DIVISION":"Central","CENSUS_TRC":"5050048.00","WARD":"Ward 14 - Somerset","COUNCILLOR":"Ariel Troster","OFF_TYPE":"Criminal"}},{"type":"Feature","id":1417,"geometry":null,"properties":{"OBJECTID":1417,"ID":"728","YEAR":2019,"REP_DATE":"Mon, 17 Jun 2019 00:00:00 GMT","OCC_DATE":"Mon, 17 Jun 2019 00:00:00 GMT","WEEKDAY":"Monday","HATE_CRIME":"Religion","HC_MOTIVATION":"Jewish","HC_STATUS":"Hatecrime Happened","OFF_CATEG":"Mischief To Property","NB_NAME_EN":"Hintonburg - Mechanicsville","SECTOR":"Sector 21","DIVISION":"Central","CENSUS_TRC":"5050043.00","WARD":"Ward 15 - Kitchissippi","COUNCILLOR":"Jeff Leiper","OFF_TYPE":"Criminal"}},{"type":"Feature","id":1418,"geometry":null,"properties":{"OBJECTID":1418,"ID":"729","YEAR":2023,"REP_DATE":"Wed, 12 Apr 2023 00:00:00 GMT","OCC_DATE":"Tue, 11 Apr 2023 00:00:00 GMT","WEEKDAY":"Tuesday","HATE_CRIME":"Race/Ethnicity","HC_MOTIVATION":"Arab(West Asian,Middle Eastern and North African origins)","HC_STATUS":"Hatecrime Suspected","OFF_CATEG":"Threats Utter To Person","NB_NAME_EN":"Carlington","SECTOR":"Sector 21","DIVISION":"Central","CENSUS_TRC":"5050022.00","WARD":"Ward 16 - River","COUNCILLOR":"Riley Brockington","OFF_TYPE":"Criminal"}},{"type":"Feature","id":1419,"geometry":null,"properties":{"OBJECTID":1419,"ID":"730","YEAR":2019,"REP_DATE":"Wed, 24 Jul 2019 00:00:00 GMT","OCC_DATE":"Wed, 24 Jul 2019 00:00:00 GMT","WEEKDAY":"Wednesday","HATE_CRIME":"Religion","HC_MOTIVATION":"Catholic","HC_STATUS":"Hatecrime Happened","OFF_CATEG":"Mischief To Property","NB_NAME_EN":"Lindenlea - New Edinburgh","SECTOR":"Sector 25","DIVISION":"Central","CENSUS_TRC":"5050059.00","WARD":"Ward 13 - Rideau-Rockcliffe","COUNCILLOR":"Rawlson King","OFF_TYPE":"Criminal"}},{"type":"Feature","id":1420,"geometry":null,"properties":{"OBJECTID":1420,"ID":"731","YEAR":2021,"REP_DATE":"Tue, 10 Aug 2021 00:00:00 GMT","OCC_DATE":"Tue, 10 Aug 2021 00:00:00 GMT","WEEKDAY":"Tuesday","HATE_CRIME":"Religion","HC_MOTIVATION":"Catholic","HC_STATUS":"Hatecrime Happened","OFF_CATEG":"Mischief Hate Cultrl/ Rel Prop","NB_NAME_EN":"West Centertown","SECTOR":"Sector 22","DIVISION":"Central","CENSUS_TRC":"5050041.00","WARD":"Ward 14 - Somerset","COUNCILLOR":"Ariel Troster","OFF_TYPE":"Criminal"}},{"type":"Feature","id":1421,"geometry":null,"properties":{"OBJECTID":1421,"ID":"732","YEAR":2021,"REP_DATE":"Tue, 09 Nov 2021 00:00:00 GMT","OCC_DATE":"Tue, 09 Nov 2021 00:00:00 GMT","WEEKDAY":"Tuesday","HATE_CRIME":"Religion","HC_MOTIVATION":"Catholic","HC_STATUS":"Hatecrime Happened","OFF_CATEG":"Mischief To Property","NB_NAME_EN":"West Centertown","SECTOR":"Sector 22","DIVISION":"Central","CENSUS_TRC":"5050041.00","WARD":"Ward 14 - Somerset","COUNCILLOR":"Ariel Troster","OFF_TYPE":"Criminal"}},{"type":"Feature","id":1422,"geometry":null,"properties":{"OBJECTID":1422,"ID":"733","YEAR":2023,"REP_DATE":"Sat, 06 May 2023 00:00:00 GMT","OCC_DATE":"Mon, 01 May 2023 00:00:00 GMT","WEEKDAY":"Monday","HATE_CRIME":"Combination (More than 2 Motivations)","HC_MOTIVATION":"Combination (More than 2 Motivations)","HC_STATUS":"Hatecrime Happened","OFF_CATEG":"Public Incitement Of Hatred","NB_NAME_EN":"New Barrhaven - New Development - Stonebridge","SECTOR":"Sector 16","DIVISION":"West","CENSUS_TRC":"5050141.17","WARD":"Ward 24 - Barrhaven East","COUNCILLOR":"Wilson Lo","OFF_TYPE":"Criminal"}},{"type":"Feature","id":1423,"geometry":null,"properties":{"OBJECTID":1423,"ID":"734","YEAR":2022,"REP_DATE":"Thu, 19 May 2022 00:00:00 GMT","OCC_DATE":"Thu, 12 May 2022 00:00:00 GMT","WEEKDAY":"Thursday","HATE_CRIME":"Race/Ethnicity","HC_MOTIVATION":"Unknown race/ethnicity","HC_STATUS":"Hatecrime Suspected","OFF_CATEG":"B&e Non- Res.prop/ Commercial","NB_NAME_EN":"Crestview - Meadowlands","SECTOR":"Sector 17","DIVISION":"West","CENSUS_TRC":"5050134.00","WARD":"Ward 8 - College","COUNCILLOR":"Laine Johnson","OFF_TYPE":"Criminal"}},{"type":"Feature","id":1424,"geometry":null,"properties":{"OBJECTID":1424,"ID":"735","YEAR":2022,"REP_DATE":"Thu, 07 Apr 2022 00:00:00 GMT","OCC_DATE":"Wed, 06 Apr 2022 00:00:00 GMT","WEEKDAY":"Wednesday","HATE_CRIME":"Sexual Orientation","HC_MOTIVATION":"LGBTQ2+","HC_STATUS":"Hatecrime Suspected","OFF_CATEG":"Harass Sexual Orientation","NB_NAME_EN":"Island Park","SECTOR":"Sector 21","DIVISION":"Central","CENSUS_TRC":"5050044.00","WARD":"Ward 15 - Kitchissippi","COUNCILLOR":"Jeff Leiper","OFF_TYPE":"Non Criminal"}},{"type":"Feature","id":1425,"geometry":null,"properties":{"OBJECTID":1425,"ID":"736","YEAR":2023,"REP_DATE":"Fri, 14 Jul 2023 00:00:00 GMT","OCC_DATE":"Fri, 14 Jul 2023 00:00:00 GMT","WEEKDAY":"Friday","HATE_CRIME":"Religion","HC_MOTIVATION":"Muslim (Islam)","HC_STATUS":"Hatecrime Happened","OFF_CATEG":"Fire Arson Disregard Life","NB_NAME_EN":"Centretown","SECTOR":"Sector 23","DIVISION":"Central","CENSUS_TRC":"5050040.00","WARD":"Ward 14 - Somerset","COUNCILLOR":"Ariel Troster","OFF_TYPE":"Criminal"}},{"type":"Feature","id":1426,"geometry":null,"properties":{"OBJECTID":1426,"ID":"737","YEAR":2020,"REP_DATE":"Tue, 04 Aug 2020 00:00:00 GMT","OCC_DATE":"Tue, 04 Aug 2020 00:00:00 GMT","WEEKDAY":"Tuesday","HATE_CRIME":"Race/Ethnicity","HC_MOTIVATION":"South Asian","HC_STATUS":"Hatecrime Suspected","OFF_CATEG":"Mischief To Property","NB_NAME_EN":"Carleton Heights - Rideauview","SECTOR":"Sector 17","DIVISION":"West","CENSUS_TRC":"5050020.02","WARD":"Ward 16 - River","COUNCILLOR":"Riley Brockington","OFF_TYPE":"Criminal"}},{"type":"Feature","id":1427,"geometry":null,"properties":{"OBJECTID":1427,"ID":"738","YEAR":2019,"REP_DATE":"Wed, 08 May 2019 00:00:00 GMT","OCC_DATE":"Wed, 08 May 2019 00:00:00 GMT","WEEKDAY":"Wednesday","HATE_CRIME":"Religion","HC_MOTIVATION":"Other Religion","HC_STATUS":"Hatecrime Happened","OFF_CATEG":"Mischief Hate Cultrl/ Rel Prop","NB_NAME_EN":"North Gower","SECTOR":"Sector 12","DIVISION":"West","CENSUS_TRC":"5050200.02","WARD":"Ward 21 - Rideau-Jock","COUNCILLOR":"David Brown","OFF_TYPE":"Criminal"}},{"type":"Feature","id":1428,"geometry":null,"properties":{"OBJECTID":1428,"ID":"739","YEAR":2020,"REP_DATE":"Wed, 29 Jan 2020 00:00:00 GMT","OCC_DATE":"Tue, 28 Jan 2020 00:00:00 GMT","WEEKDAY":"Tuesday","HATE_CRIME":"Religion","HC_MOTIVATION":"Jewish","HC_STATUS":"Hatecrime Happened","OFF_CATEG":"Mischief Hate Cultrl/ Rel Prop","NB_NAME_EN":"Lebreton Development","SECTOR":"Sector 22","DIVISION":"Central","CENSUS_TRC":"5050047.00","WARD":"Ward 14 - Somerset","COUNCILLOR":"Ariel Troster","OFF_TYPE":"Criminal"}},{"type":"Feature","id":1429,"geometry":null,"properties":{"OBJECTID":1429,"ID":"740","YEAR":2023,"REP_DATE":"Sun, 10 Sep 2023 00:00:00 GMT","OCC_DATE":"Wed, 01 Mar 2023 00:00:00 GMT","WEEKDAY":"Wednesday","HATE_CRIME":"Race/Ethnicity","HC_MOTIVATION":"Chinese","HC_STATUS":"Hatecrime Happened","OFF_CATEG":"Dispute- Landlord/ Tenant","NB_NAME_EN":"Centretown","SECTOR":"Sector 23","DIVISION":"Central","CENSUS_TRC":"5050037.02","WARD":"Ward 14 - Somerset","COUNCILLOR":"Ariel Troster","OFF_TYPE":"Non Criminal"}},{"type":"Feature","id":1430,"geometry":null,"properties":{"OBJECTID":1430,"ID":"741","YEAR":2021,"REP_DATE":"Tue, 25 May 2021 00:00:00 GMT","OCC_DATE":"Tue, 25 May 2021 00:00:00 GMT","WEEKDAY":"Tuesday","HATE_CRIME":"Race/Ethnicity","HC_MOTIVATION":"Black","HC_STATUS":"Hatecrime Happened","OFF_CATEG":"Harass Crim Stalking","NB_NAME_EN":"Centretown","SECTOR":"Sector 23","DIVISION":"Central","CENSUS_TRC":"5050037.02","WARD":"Ward 14 - Somerset","COUNCILLOR":"Ariel Troster","OFF_TYPE":"Criminal"}},{"type":"Feature","id":1431,"geometry":null,"properties":{"OBJECTID":1431,"ID":"742","YEAR":2023,"REP_DATE":"Thu, 12 Oct 2023 00:00:00 GMT","OCC_DATE":"Fri, 06 Oct 2023 00:00:00 GMT","WEEKDAY":"Friday","HATE_CRIME":"Race/Ethnicity","HC_MOTIVATION":"Chinese","HC_STATUS":"Hatecrime Happened","OFF_CATEG":"Threats Utter To Person","NB_NAME_EN":"Centretown","SECTOR":"Sector 23","DIVISION":"Central","CENSUS_TRC":"5050037.02","WARD":"Ward 14 - Somerset","COUNCILLOR":"Ariel Troster","OFF_TYPE":"Criminal"}},{"type":"Feature","id":1432,"geometry":null,"properties":{"OBJECTID":1432,"ID":"743","YEAR":2020,"REP_DATE":"Sat, 08 Aug 2020 00:00:00 GMT","OCC_DATE":"Thu, 06 Aug 2020 00:00:00 GMT","WEEKDAY":"Thursday","HATE_CRIME":"Gender","HC_MOTIVATION":"Woman","HC_STATUS":"Hatecrime Happened","OFF_CATEG":"Mischief To Property","NB_NAME_EN":"Centretown","SECTOR":"Sector 23","DIVISION":"Central","CENSUS_TRC":"5050037.02","WARD":"Ward 14 - Somerset","COUNCILLOR":"Ariel Troster","OFF_TYPE":"Criminal"}},{"type":"Feature","id":1433,"geometry":null,"properties":{"OBJECTID":1433,"ID":"744","YEAR":2020,"REP_DATE":"Sun, 17 May 2020 00:00:00 GMT","OCC_DATE":"Sun, 17 May 2020 00:00:00 GMT","WEEKDAY":"Sunday","HATE_CRIME":"Race/Ethnicity","HC_MOTIVATION":"East and Southeast Asian","HC_STATUS":"Hatecrime Happened","OFF_CATEG":"Threats Utter To Person","NB_NAME_EN":"Centretown","SECTOR":"Sector 23","DIVISION":"Central","CENSUS_TRC":"5050037.02","WARD":"Ward 14 - Somerset","COUNCILLOR":"Ariel Troster","OFF_TYPE":"Criminal"}},{"type":"Feature","id":1434,"geometry":null,"properties":{"OBJECTID":1434,"ID":"745","YEAR":2022,"REP_DATE":"Sat, 04 Jun 2022 00:00:00 GMT","OCC_DATE":"Fri, 27 May 2022 00:00:00 GMT","WEEKDAY":"Friday","HATE_CRIME":"Race/Ethnicity","HC_MOTIVATION":"Black","HC_STATUS":"Hatecrime Happened","OFF_CATEG":"Mischief To Property","NB_NAME_EN":"Centretown","SECTOR":"Sector 23","DIVISION":"Central","CENSUS_TRC":"5050040.00","WARD":"Ward 14 - Somerset","COUNCILLOR":"Ariel Troster","OFF_TYPE":"Criminal"}},{"type":"Feature","id":1435,"geometry":null,"properties":{"OBJECTID":1435,"ID":"746","YEAR":2022,"REP_DATE":"Tue, 07 Jun 2022 00:00:00 GMT","OCC_DATE":"Tue, 31 May 2022 00:00:00 GMT","WEEKDAY":"Tuesday","HATE_CRIME":"Race/Ethnicity","HC_MOTIVATION":"Arab(West Asian,Middle Eastern and North African origins)","HC_STATUS":"Hatecrime Happened","OFF_CATEG":"Theft \u003c Shoplifting","NB_NAME_EN":"Centretown","SECTOR":"Sector 23","DIVISION":"Central","CENSUS_TRC":"5050040.00","WARD":"Ward 14 - Somerset","COUNCILLOR":"Ariel Troster","OFF_TYPE":"Criminal"}},{"type":"Feature","id":1436,"geometry":null,"properties":{"OBJECTID":1436,"ID":"747","YEAR":2022,"REP_DATE":"Thu, 03 Feb 2022 00:00:00 GMT","OCC_DATE":"Thu, 03 Feb 2022 00:00:00 GMT","WEEKDAY":"Thursday","HATE_CRIME":"Race/Ethnicity","HC_MOTIVATION":"East and Southeast Asian","HC_STATUS":"Hatecrime Suspected","OFF_CATEG":"Threats Utter To Person","NB_NAME_EN":"Centretown","SECTOR":"Sector 23","DIVISION":"Central","CENSUS_TRC":"5050040.00","WARD":"Ward 14 - Somerset","COUNCILLOR":"Ariel Troster","OFF_TYPE":"Criminal"}},{"type":"Feature","id":1437,"geometry":null,"properties":{"OBJECTID":1437,"ID":"748","YEAR":2022,"REP_DATE":"Sat, 04 Jun 2022 00:00:00 GMT","OCC_DATE":"Tue, 31 May 2022 00:00:00 GMT","WEEKDAY":"Tuesday","HATE_CRIME":"Race/Ethnicity","HC_MOTIVATION":"Black","HC_STATUS":"Hatecrime Happened","OFF_CATEG":"Threats Utter To Person","NB_NAME_EN":"Centretown","SECTOR":"Sector 23","DIVISION":"Central","CENSUS_TRC":"5050040.00","WARD":"Ward 14 - Somerset","COUNCILLOR":"Ariel Troster","OFF_TYPE":"Criminal"}},{"type":"Feature","id":1438,"geometry":null,"properties":{"OBJECTID":1438,"ID":"749","YEAR":2019,"REP_DATE":"Mon, 28 Oct 2019 00:00:00 GMT","OCC_DATE":"Mon, 28 Oct 2019 00:00:00 GMT","WEEKDAY":"Monday","HATE_CRIME":"Religion","HC_MOTIVATION":"Jewish","HC_STATUS":"Hatecrime Happened","OFF_CATEG":"Mischief To Property","NB_NAME_EN":"Byward Market","SECTOR":"Sector 24","DIVISION":"Central","CENSUS_TRC":"5050050.00","WARD":"Ward 12 - Rideau-Vanier","COUNCILLOR":"Stéphanie Plante","OFF_TYPE":"Criminal"}},{"type":"Feature","id":1439,"geometry":null,"properties":{"OBJECTID":1439,"ID":"750","YEAR":2019,"REP_DATE":"Wed, 29 May 2019 00:00:00 GMT","OCC_DATE":"Wed, 29 May 2019 00:00:00 GMT","WEEKDAY":"Wednesday","HATE_CRIME":"Race/Ethnicity","HC_MOTIVATION":"East and Southeast Asian","HC_STATUS":"Hatecrime Happened","OFF_CATEG":"Assault Level 1","NB_NAME_EN":"Centretown","SECTOR":"Sector 23","DIVISION":"Central","CENSUS_TRC":"5050040.00","WARD":"Ward 14 - Somerset","COUNCILLOR":"Ariel Troster","OFF_TYPE":"Criminal"}},{"type":"Feature","id":1440,"geometry":null,"properties":{"OBJECTID":1440,"ID":"751","YEAR":2021,"REP_DATE":"Sun, 29 Aug 2021 00:00:00 GMT","OCC_DATE":"Sun, 29 Aug 2021 00:00:00 GMT","WEEKDAY":"Sunday","HATE_CRIME":"Race/Ethnicity","HC_MOTIVATION":"East and Southeast Asian","HC_STATUS":"Hatecrime Happened","OFF_CATEG":"Mischief To Property","NB_NAME_EN":"Centretown","SECTOR":"Sector 23","DIVISION":"Central","CENSUS_TRC":"5050040.00","WARD":"Ward 14 - Somerset","COUNCILLOR":"Ariel Troster","OFF_TYPE":"Criminal"}},{"type":"Feature","id":1441,"geometry":null,"properties":{"OBJECTID":1441,"ID":"752","YEAR":2019,"REP_DATE":"Mon, 11 Nov 2019 00:00:00 GMT","OCC_DATE":"Tue, 15 Oct 2019 00:00:00 GMT","WEEKDAY":"Tuesday","HATE_CRIME":"Religion","HC_MOTIVATION":"Catholic","HC_STATUS":"Hatecrime Happened","OFF_CATEG":"Mischief To Property","NB_NAME_EN":"Hunt Club South Industrial","SECTOR":"Sector 17","DIVISION":"West","CENSUS_TRC":"5050130.01","WARD":"Ward 9 - Knoxdale-Merivale","COUNCILLOR":"Sean Devine","OFF_TYPE":"Criminal"}},{"type":"Feature","id":1442,"geometry":null,"properties":{"OBJECTID":1442,"ID":"753","YEAR":2023,"REP_DATE":"Fri, 03 Nov 2023 00:00:00 GMT","OCC_DATE":"Fri, 03 Nov 2023 00:00:00 GMT","WEEKDAY":"Friday","HATE_CRIME":"Religion","HC_MOTIVATION":"Muslim (Islam)","HC_STATUS":"Hatecrime Happened","OFF_CATEG":"Mischief To Property","NB_NAME_EN":"Chapman Mills - Rideau Crest - Davidson Heights","SECTOR":"Sector 16","DIVISION":"West","CENSUS_TRC":"5050141.09","WARD":"Ward 24 - Barrhaven East","COUNCILLOR":"Wilson Lo","OFF_TYPE":"Criminal"}},{"type":"Feature","id":1443,"geometry":null,"properties":{"OBJECTID":1443,"ID":"754","YEAR":2020,"REP_DATE":"Wed, 25 Nov 2020 00:00:00 GMT","OCC_DATE":"Thu, 19 Nov 2020 00:00:00 GMT","WEEKDAY":"Thursday","HATE_CRIME":"Race/Ethnicity","HC_MOTIVATION":"Indigenous/Aboriginal","HC_STATUS":"Hatecrime Suspected","OFF_CATEG":"Harass Communications","NB_NAME_EN":"Byward Market","SECTOR":"Sector 24","DIVISION":"Central","CENSUS_TRC":"5050054.00","WARD":"Ward 12 - Rideau-Vanier","COUNCILLOR":"Stéphanie Plante","OFF_TYPE":"Criminal"}},{"type":"Feature","id":1444,"geometry":null,"properties":{"OBJECTID":1444,"ID":"755","YEAR":2022,"REP_DATE":"Wed, 23 Nov 2022 00:00:00 GMT","OCC_DATE":"Wed, 23 Nov 2022 00:00:00 GMT","WEEKDAY":"Wednesday","HATE_CRIME":"Religion","HC_MOTIVATION":"Jewish","HC_STATUS":"Hatecrime Suspected","OFF_CATEG":"Suspicious Circumstance( S)","NB_NAME_EN":"Byward Market","SECTOR":"Sector 24","DIVISION":"Central","CENSUS_TRC":"5050054.00","WARD":"Ward 12 - Rideau-Vanier","COUNCILLOR":"Stéphanie Plante","OFF_TYPE":"Non Criminal"}},{"type":"Feature","id":1445,"geometry":null,"properties":{"OBJECTID":1445,"ID":"756","YEAR":2021,"REP_DATE":"Sat, 03 Apr 2021 00:00:00 GMT","OCC_DATE":"Sat, 03 Apr 2021 00:00:00 GMT","WEEKDAY":"Saturday","HATE_CRIME":"Race/Ethnicity","HC_MOTIVATION":"Black","HC_STATUS":"Hatecrime Happened","OFF_CATEG":"Threats Utter To Person","NB_NAME_EN":"Centretown","SECTOR":"Sector 23","DIVISION":"Central","CENSUS_TRC":"5050039.00","WARD":"Ward 14 - Somerset","COUNCILLOR":"Ariel Troster","OFF_TYPE":"Criminal"}},{"type":"Feature","id":1446,"geometry":null,"properties":{"OBJECTID":1446,"ID":"757","YEAR":2020,"REP_DATE":"Thu, 23 Jan 2020 00:00:00 GMT","OCC_DATE":"Thu, 23 Jan 2020 00:00:00 GMT","WEEKDAY":"Thursday","HATE_CRIME":"Race/Ethnicity","HC_MOTIVATION":"Other race/ethnicity","HC_STATUS":"Hatecrime Suspected","OFF_CATEG":"Harass Communications","NB_NAME_EN":"Centretown","SECTOR":"Sector 23","DIVISION":"Central","CENSUS_TRC":"5050039.00","WARD":"Ward 14 - Somerset","COUNCILLOR":"Ariel Troster","OFF_TYPE":"Criminal"}},{"type":"Feature","id":1447,"geometry":null,"properties":{"OBJECTID":1447,"ID":"758","YEAR":2021,"REP_DATE":"Sun, 28 Mar 2021 00:00:00 GMT","OCC_DATE":"Sat, 27 Mar 2021 00:00:00 GMT","WEEKDAY":"Saturday","HATE_CRIME":"Race/Ethnicity","HC_MOTIVATION":"East and Southeast Asian","HC_STATUS":"Hatecrime Happened","OFF_CATEG":"Suspicious Person( S)","NB_NAME_EN":"Lowertown","SECTOR":"Sector 24","DIVISION":"Central","CENSUS_TRC":"5050054.00","WARD":"Ward 12 - Rideau-Vanier","COUNCILLOR":"Stéphanie Plante","OFF_TYPE":"Non Criminal"}},{"type":"Feature","id":1448,"geometry":null,"properties":{"OBJECTID":1448,"ID":"759","YEAR":2020,"REP_DATE":"Mon, 13 Jul 2020 00:00:00 GMT","OCC_DATE":"Mon, 13 Jul 2020 00:00:00 GMT","WEEKDAY":"Monday","HATE_CRIME":"Religion","HC_MOTIVATION":"Jewish","HC_STATUS":"Hatecrime Happened","OFF_CATEG":"Mischief To Property","NB_NAME_EN":"Lowertown","SECTOR":"Sector 24","DIVISION":"Central","CENSUS_TRC":"5050054.00","WARD":"Ward 12 - Rideau-Vanier","COUNCILLOR":"Stéphanie Plante","OFF_TYPE":"Criminal"}},{"type":"Feature","id":1449,"geometry":null,"properties":{"OBJECTID":1449,"ID":"760","YEAR":2020,"REP_DATE":"Sat, 13 Jun 2020 00:00:00 GMT","OCC_DATE":"Sat, 13 Jun 2020 00:00:00 GMT","WEEKDAY":"Saturday","HATE_CRIME":"Race/Ethnicity","HC_MOTIVATION":"Black","HC_STATUS":"Hatecrime Happened","OFF_CATEG":"Mischief To Property","NB_NAME_EN":"Lowertown","SECTOR":"Sector 24","DIVISION":"Central","CENSUS_TRC":"5050054.00","WARD":"Ward 12 - Rideau-Vanier","COUNCILLOR":"Stéphanie Plante","OFF_TYPE":"Criminal"}},{"type":"Feature","id":1450,"geometry":null,"properties":{"OBJECTID":1450,"ID":"761","YEAR":2020,"REP_DATE":"Tue, 18 Feb 2020 00:00:00 GMT","OCC_DATE":"Tue, 18 Feb 2020 00:00:00 GMT","WEEKDAY":"Tuesday","HATE_CRIME":"Religion","HC_MOTIVATION":"Jewish","HC_STATUS":"Hatecrime Happened","OFF_CATEG":"Mischief To Property","NB_NAME_EN":"Riverside South - Leitrim","SECTOR":"Sector 35","DIVISION":"East","CENSUS_TRC":"5050126.05","WARD":"Ward 22 - Riverside South-Findlay Creek","COUNCILLOR":"Steve Desroches","OFF_TYPE":"Criminal"}},{"type":"Feature","id":1451,"geometry":null,"properties":{"OBJECTID":1451,"ID":"762","YEAR":2020,"REP_DATE":"Tue, 18 Feb 2020 00:00:00 GMT","OCC_DATE":"Fri, 14 Feb 2020 00:00:00 GMT","WEEKDAY":"Friday","HATE_CRIME":"Religion","HC_MOTIVATION":"Jewish","HC_STATUS":"Hatecrime Suspected","OFF_CATEG":"Mischief To Property","NB_NAME_EN":"Riverside South - Leitrim","SECTOR":"Sector 35","DIVISION":"East","CENSUS_TRC":"5050126.05","WARD":"Ward 22 - Riverside South-Findlay Creek","COUNCILLOR":"Steve Desroches","OFF_TYPE":"Criminal"}},{"type":"Feature","id":1452,"geometry":null,"properties":{"OBJECTID":1452,"ID":"763","YEAR":2018,"REP_DATE":"Tue, 03 Apr 2018 00:00:00 GMT","OCC_DATE":"Tue, 03 Apr 2018 00:00:00 GMT","WEEKDAY":"Tuesday","HATE_CRIME":"Race/Ethnicity","HC_MOTIVATION":"Black","HC_STATUS":"Hatecrime Happened","OFF_CATEG":"Assault With Weapon Or Cbh Lv2","NB_NAME_EN":"Centretown","SECTOR":"Sector 23","DIVISION":"Central","CENSUS_TRC":"5050037.02","WARD":"Ward 14 - Somerset","COUNCILLOR":"Ariel Troster","OFF_TYPE":"Criminal"}},{"type":"Feature","id":1453,"geometry":null,"properties":{"OBJECTID":1453,"ID":"764","YEAR":2020,"REP_DATE":"Fri, 25 Dec 2020 00:00:00 GMT","OCC_DATE":"Thu, 24 Dec 2020 00:00:00 GMT","WEEKDAY":"Thursday","HATE_CRIME":"Race/Ethnicity","HC_MOTIVATION":"Black","HC_STATUS":"Hatecrime Happened","OFF_CATEG":"Information ( General)","NB_NAME_EN":"Centretown","SECTOR":"Sector 23","DIVISION":"Central","CENSUS_TRC":"5050041.00","WARD":"Ward 14 - Somerset","COUNCILLOR":"Ariel Troster","OFF_TYPE":"Non Criminal"}},{"type":"Feature","id":1454,"geometry":null,"properties":{"OBJECTID":1454,"ID":"765","YEAR":2020,"REP_DATE":"Tue, 21 Jul 2020 00:00:00 GMT","OCC_DATE":"Wed, 08 Jul 2020 00:00:00 GMT","WEEKDAY":"Wednesday","HATE_CRIME":"Religion","HC_MOTIVATION":"Jewish","HC_STATUS":"Hatecrime Happened","OFF_CATEG":"Mischief Hate Cultrl/ Rel Prop","NB_NAME_EN":"Carleton Heights - Rideauview","SECTOR":"Sector 17","DIVISION":"West","CENSUS_TRC":"5050020.01","WARD":"Ward 16 - River","COUNCILLOR":"Riley Brockington","OFF_TYPE":"Criminal"}},{"type":"Feature","id":1455,"geometry":null,"properties":{"OBJECTID":1455,"ID":"766","YEAR":2023,"REP_DATE":"Mon, 03 Jul 2023 00:00:00 GMT","OCC_DATE":"Fri, 09 Jun 2023 00:00:00 GMT","WEEKDAY":"Friday","HATE_CRIME":"Race/Ethnicity","HC_MOTIVATION":"Black","HC_STATUS":"Hatecrime Happened","OFF_CATEG":"Threats Utter To Person","NB_NAME_EN":"Centretown","SECTOR":"Sector 23","DIVISION":"Central","CENSUS_TRC":"5050048.00","WARD":"Ward 14 - Somerset","COUNCILLOR":"Ariel Troster","OFF_TYPE":"Criminal"}},{"type":"Feature","id":1456,"geometry":null,"properties":{"OBJECTID":1456,"ID":"767","YEAR":2020,"REP_DATE":"Sat, 13 Jun 2020 00:00:00 GMT","OCC_DATE":"Sat, 13 Jun 2020 00:00:00 GMT","WEEKDAY":"Saturday","HATE_CRIME":"Race/Ethnicity","HC_MOTIVATION":"Black","HC_STATUS":"Hatecrime Happened","OFF_CATEG":"Mischief To Property","NB_NAME_EN":"Centretown","SECTOR":"Sector 23","DIVISION":"Central","CENSUS_TRC":"5050048.00","WARD":"Ward 14 - Somerset","COUNCILLOR":"Ariel Troster","OFF_TYPE":"Criminal"}},{"type":"Feature","id":1457,"geometry":null,"properties":{"OBJECTID":1457,"ID":"768","YEAR":2020,"REP_DATE":"Thu, 11 Jun 2020 00:00:00 GMT","OCC_DATE":"Thu, 04 Jun 2020 00:00:00 GMT","WEEKDAY":"Thursday","HATE_CRIME":"Race/Ethnicity","HC_MOTIVATION":"Black","HC_STATUS":"Hatecrime Suspected","OFF_CATEG":"Information ( General)","NB_NAME_EN":"North Gower","SECTOR":"Sector 12","DIVISION":"West","CENSUS_TRC":"5050200.02","WARD":"Ward 21 - Rideau-Jock","COUNCILLOR":"David Brown","OFF_TYPE":"Non Criminal"}},{"type":"Feature","id":1458,"geometry":null,"properties":{"OBJECTID":1458,"ID":"769","YEAR":2021,"REP_DATE":"Sun, 17 Oct 2021 00:00:00 GMT","OCC_DATE":"Sun, 17 Oct 2021 00:00:00 GMT","WEEKDAY":"Sunday","HATE_CRIME":"Race/Ethnicity","HC_MOTIVATION":"Black","HC_STATUS":"Hatecrime Suspected","OFF_CATEG":"Assault Level 1","NB_NAME_EN":"West Centertown","SECTOR":"Sector 22","DIVISION":"Central","CENSUS_TRC":"5050035.00","WARD":"Ward 15 - Kitchissippi","COUNCILLOR":"Jeff Leiper","OFF_TYPE":"Criminal"}},{"type":"Feature","id":1459,"geometry":null,"properties":{"OBJECTID":1459,"ID":"770","YEAR":2020,"REP_DATE":"Sat, 11 Jul 2020 00:00:00 GMT","OCC_DATE":"Sat, 11 Jul 2020 00:00:00 GMT","WEEKDAY":"Saturday","HATE_CRIME":"Religion","HC_MOTIVATION":"Jewish","HC_STATUS":"Hatecrime Happened","OFF_CATEG":"Mischief To Property","NB_NAME_EN":"Cityview - Skyline - Fisher Heights","SECTOR":"Sector 17","DIVISION":"West","CENSUS_TRC":"5050023.02","WARD":"Ward 9 - Knoxdale-Merivale","COUNCILLOR":"Sean Devine","OFF_TYPE":"Criminal"}},{"type":"Feature","id":1460,"geometry":null,"properties":{"OBJECTID":1460,"ID":"771","YEAR":2021,"REP_DATE":"Thu, 18 Mar 2021 00:00:00 GMT","OCC_DATE":"Tue, 16 Mar 2021 00:00:00 GMT","WEEKDAY":"Tuesday","HATE_CRIME":"Race/Ethnicity","HC_MOTIVATION":"Arab(West Asian,Middle Eastern and North African origins)","HC_STATUS":"Hatecrime Happened","OFF_CATEG":"Mischief To Property","NB_NAME_EN":"Chapman Mills - Rideau Crest - Davidson Heights","SECTOR":"Sector 16","DIVISION":"West","CENSUS_TRC":"5050141.09","WARD":"Ward 24 - Barrhaven East","COUNCILLOR":"Wilson Lo","OFF_TYPE":"Criminal"}},{"type":"Feature","id":1461,"geometry":null,"properties":{"OBJECTID":1461,"ID":"772","YEAR":2022,"REP_DATE":"Fri, 02 Sep 2022 00:00:00 GMT","OCC_DATE":"Thu, 09 Jun 2022 00:00:00 GMT","WEEKDAY":"Thursday","HATE_CRIME":"Sexual Orientation","HC_MOTIVATION":"LGBTQ2+","HC_STATUS":"Hatecrime Suspected","OFF_CATEG":"Mischief To Property","NB_NAME_EN":"Centretown","SECTOR":"Sector 23","DIVISION":"Central","CENSUS_TRC":"5050048.00","WARD":"Ward 14 - Somerset","COUNCILLOR":"Ariel Troster","OFF_TYPE":"Criminal"}},{"type":"Feature","id":1462,"geometry":null,"properties":{"OBJECTID":1462,"ID":"773","YEAR":2021,"REP_DATE":"Thu, 02 Dec 2021 00:00:00 GMT","OCC_DATE":"Thu, 02 Dec 2021 00:00:00 GMT","WEEKDAY":"Thursday","HATE_CRIME":"Race/Ethnicity","HC_MOTIVATION":"Black","HC_STATUS":"Hatecrime Happened","OFF_CATEG":"Harass Crim Stalking","NB_NAME_EN":"Centretown","SECTOR":"Sector 23","DIVISION":"Central","CENSUS_TRC":"5050039.00","WARD":"Ward 14 - Somerset","COUNCILLOR":"Ariel Troster","OFF_TYPE":"Criminal"}},{"type":"Feature","id":1463,"geometry":null,"properties":{"OBJECTID":1463,"ID":"774","YEAR":2024,"REP_DATE":"Mon, 05 Feb 2024 00:00:00 GMT","OCC_DATE":"Mon, 05 Feb 2024 00:00:00 GMT","WEEKDAY":"Monday","HATE_CRIME":"Race/Ethnicity","HC_MOTIVATION":"Chinese","HC_STATUS":"Hatecrime Happened","OFF_CATEG":"Assault Level 1","NB_NAME_EN":"Centretown","SECTOR":"Sector 23","DIVISION":"Central","CENSUS_TRC":"5050048.00","WARD":"Ward 14 - Somerset","COUNCILLOR":"Ariel Troster","OFF_TYPE":"Criminal"}},{"type":"Feature","id":1464,"geometry":null,"properties":{"OBJECTID":1464,"ID":"775","YEAR":2023,"REP_DATE":"Thu, 07 Sep 2023 00:00:00 GMT","OCC_DATE":"Tue, 05 Sep 2023 00:00:00 GMT","WEEKDAY":"Tuesday","HATE_CRIME":"Race/Ethnicity","HC_MOTIVATION":"Black","HC_STATUS":"Hatecrime Suspected","OFF_CATEG":"Mischief To Property","NB_NAME_EN":"Carleton University","SECTOR":"Sector 22","DIVISION":"Central","CENSUS_TRC":"5050020.01","WARD":"Ward 17 - Capital","COUNCILLOR":"Shawn Menard","OFF_TYPE":"Criminal"}},{"type":"Feature","id":1465,"geometry":null,"properties":{"OBJECTID":1465,"ID":"776","YEAR":2023,"REP_DATE":"Fri, 13 Oct 2023 00:00:00 GMT","OCC_DATE":"Fri, 13 Oct 2023 00:00:00 GMT","WEEKDAY":"Friday","HATE_CRIME":"Religion","HC_MOTIVATION":"Jewish","HC_STATUS":"Hatecrime Happened","OFF_CATEG":"Information ( General)","NB_NAME_EN":"Carleton University","SECTOR":"Sector 22","DIVISION":"Central","CENSUS_TRC":"5050020.01","WARD":"Ward 17 - Capital","COUNCILLOR":"Shawn Menard","OFF_TYPE":"Non Criminal"}},{"type":"Feature","id":1466,"geometry":null,"properties":{"OBJECTID":1466,"ID":"777","YEAR":2023,"REP_DATE":"Fri, 27 Jan 2023 00:00:00 GMT","OCC_DATE":"Fri, 27 Jan 2023 00:00:00 GMT","WEEKDAY":"Friday","HATE_CRIME":"Religion","HC_MOTIVATION":"Jewish","HC_STATUS":"Hatecrime Happened","OFF_CATEG":"Mischief To Property","NB_NAME_EN":"Carleton University","SECTOR":"Sector 22","DIVISION":"Central","CENSUS_TRC":"5050020.01","WARD":"Ward 17 - Capital","COUNCILLOR":"Shawn Menard","OFF_TYPE":"Criminal"}},{"type":"Feature","id":1467,"geometry":null,"properties":{"OBJECTID":1467,"ID":"778","YEAR":2019,"REP_DATE":"Tue, 15 Jan 2019 00:00:00 GMT","OCC_DATE":"Tue, 15 Jan 2019 00:00:00 GMT","WEEKDAY":"Tuesday","HATE_CRIME":"Religion","HC_MOTIVATION":"Jewish","HC_STATUS":"Hatecrime Happened","OFF_CATEG":"Wilful Promotion Of Hatred","NB_NAME_EN":"Carleton University","SECTOR":"Sector 22","DIVISION":"Central","CENSUS_TRC":"5050020.01","WARD":"Ward 17 - Capital","COUNCILLOR":"Shawn Menard","OFF_TYPE":"Criminal"}},{"type":"Feature","id":1468,"geometry":null,"properties":{"OBJECTID":1468,"ID":"779","YEAR":2023,"REP_DATE":"Fri, 13 Oct 2023 00:00:00 GMT","OCC_DATE":"Wed, 11 Oct 2023 00:00:00 GMT","WEEKDAY":"Wednesday","HATE_CRIME":"Religion","HC_MOTIVATION":"Jewish","HC_STATUS":"Hatecrime Suspected","OFF_CATEG":"Admin Assist Other Agency","NB_NAME_EN":"Carleton University","SECTOR":"Sector 22","DIVISION":"Central","CENSUS_TRC":"5050020.01","WARD":"Ward 17 - Capital","COUNCILLOR":"Shawn Menard","OFF_TYPE":"Non Criminal"}},{"type":"Feature","id":1469,"geometry":null,"properties":{"OBJECTID":1469,"ID":"780","YEAR":2018,"REP_DATE":"Sun, 25 Mar 2018 00:00:00 GMT","OCC_DATE":"Sun, 25 Mar 2018 00:00:00 GMT","WEEKDAY":"Sunday","HATE_CRIME":"Religion","HC_MOTIVATION":"Jewish","HC_STATUS":"Hatecrime Happened","OFF_CATEG":"Mischief To Property","NB_NAME_EN":"Carleton University","SECTOR":"Sector 22","DIVISION":"Central","CENSUS_TRC":"5050020.01","WARD":"Ward 17 - Capital","COUNCILLOR":"Shawn Menard","OFF_TYPE":"Criminal"}},{"type":"Feature","id":1470,"geometry":null,"properties":{"OBJECTID":1470,"ID":"781","YEAR":2021,"REP_DATE":"Fri, 09 Apr 2021 00:00:00 GMT","OCC_DATE":"Fri, 09 Apr 2021 00:00:00 GMT","WEEKDAY":"Friday","HATE_CRIME":"Race/Ethnicity","HC_MOTIVATION":"East and Southeast Asian","HC_STATUS":"Hatecrime Suspected","OFF_CATEG":"Harass Harrassment","NB_NAME_EN":"Carleton University","SECTOR":"Sector 22","DIVISION":"Central","CENSUS_TRC":"5050020.01","WARD":"Ward 17 - Capital","COUNCILLOR":"Shawn Menard","OFF_TYPE":"Non Criminal"}},{"type":"Feature","id":1471,"geometry":null,"properties":{"OBJECTID":1471,"ID":"782","YEAR":2023,"REP_DATE":"Sat, 18 Nov 2023 00:00:00 GMT","OCC_DATE":"Sat, 18 Nov 2023 00:00:00 GMT","WEEKDAY":"Saturday","HATE_CRIME":"Sexual Orientation","HC_MOTIVATION":"LGBTQ2+","HC_STATUS":"Hatecrime Suspected","OFF_CATEG":"Theft \u003c $5000","NB_NAME_EN":"Carleton University","SECTOR":"Sector 22","DIVISION":"Central","CENSUS_TRC":"5050020.01","WARD":"Ward 17 - Capital","COUNCILLOR":"Shawn Menard","OFF_TYPE":"Criminal"}},{"type":"Feature","id":1472,"geometry":null,"properties":{"OBJECTID":1472,"ID":"783","YEAR":2023,"REP_DATE":"Wed, 15 Mar 2023 00:00:00 GMT","OCC_DATE":"Wed, 15 Mar 2023 00:00:00 GMT","WEEKDAY":"Wednesday","HATE_CRIME":"Combination (More than 2 Motivations)","HC_MOTIVATION":"Combination (More than 2 Motivations)","HC_STATUS":"Hatecrime Happened","OFF_CATEG":"Harass Sexual Orientation","NB_NAME_EN":"Carleton University","SECTOR":"Sector 22","DIVISION":"Central","CENSUS_TRC":"5050020.01","WARD":"Ward 17 - Capital","COUNCILLOR":"Shawn Menard","OFF_TYPE":"Non Criminal"}},{"type":"Feature","id":1473,"geometry":null,"properties":{"OBJECTID":1473,"ID":"784","YEAR":2023,"REP_DATE":"Sat, 25 Mar 2023 00:00:00 GMT","OCC_DATE":"Sat, 25 Mar 2023 00:00:00 GMT","WEEKDAY":"Saturday","HATE_CRIME":"Other Similar Factor","HC_MOTIVATION":"non","HC_STATUS":"Hatecrime Suspected","OFF_CATEG":"Mischief To Property","NB_NAME_EN":"Carleton University","SECTOR":"Sector 22","DIVISION":"Central","CENSUS_TRC":"5050020.01","WARD":"Ward 17 - Capital","COUNCILLOR":"Shawn Menard","OFF_TYPE":"Criminal"}},{"type":"Feature","id":1474,"geometry":null,"properties":{"OBJECTID":1474,"ID":"785","YEAR":2023,"REP_DATE":"Mon, 16 Oct 2023 00:00:00 GMT","OCC_DATE":"Mon, 16 Oct 2023 00:00:00 GMT","WEEKDAY":"Monday","HATE_CRIME":"Religion","HC_MOTIVATION":"Jewish","HC_STATUS":"Hatecrime Happened","OFF_CATEG":"Mischief To Property","NB_NAME_EN":"Carleton University","SECTOR":"Sector 22","DIVISION":"Central","CENSUS_TRC":"5050020.01","WARD":"Ward 17 - Capital","COUNCILLOR":"Shawn Menard","OFF_TYPE":"Criminal"}},{"type":"Feature","id":1475,"geometry":null,"properties":{"OBJECTID":1475,"ID":"786","YEAR":2023,"REP_DATE":"Wed, 08 Feb 2023 00:00:00 GMT","OCC_DATE":"Wed, 08 Feb 2023 00:00:00 GMT","WEEKDAY":"Wednesday","HATE_CRIME":"Race/Ethnicity","HC_MOTIVATION":"Black","HC_STATUS":"Hatecrime Happened","OFF_CATEG":"Assault Level 1","NB_NAME_EN":"Carleton University","SECTOR":"Sector 22","DIVISION":"Central","CENSUS_TRC":"5050020.01","WARD":"Ward 17 - Capital","COUNCILLOR":"Shawn Menard","OFF_TYPE":"Criminal"}},{"type":"Feature","id":1476,"geometry":null,"properties":{"OBJECTID":1476,"ID":"787","YEAR":2021,"REP_DATE":"Sat, 25 Sep 2021 00:00:00 GMT","OCC_DATE":"Sat, 25 Sep 2021 00:00:00 GMT","WEEKDAY":"Saturday","HATE_CRIME":"Religion","HC_MOTIVATION":"Jewish","HC_STATUS":"Hatecrime Happened","OFF_CATEG":"Harass Communications","NB_NAME_EN":"Carleton University","SECTOR":"Sector 22","DIVISION":"Central","CENSUS_TRC":"5050020.01","WARD":"Ward 17 - Capital","COUNCILLOR":"Shawn Menard","OFF_TYPE":"Criminal"}},{"type":"Feature","id":1477,"geometry":null,"properties":{"OBJECTID":1477,"ID":"788","YEAR":2019,"REP_DATE":"Sat, 06 Jul 2019 00:00:00 GMT","OCC_DATE":"Fri, 05 Jul 2019 00:00:00 GMT","WEEKDAY":"Friday","HATE_CRIME":"Religion","HC_MOTIVATION":"Muslim (Islam)","HC_STATUS":"Hatecrime Happened","OFF_CATEG":"Mischief Hate Cultrl/ Rel Prop","NB_NAME_EN":"Carleton University","SECTOR":"Sector 22","DIVISION":"Central","CENSUS_TRC":"5050020.01","WARD":"Ward 17 - Capital","COUNCILLOR":"Shawn Menard","OFF_TYPE":"Criminal"}},{"type":"Feature","id":1478,"geometry":null,"properties":{"OBJECTID":1478,"ID":"789","YEAR":2019,"REP_DATE":"Fri, 06 Dec 2019 00:00:00 GMT","OCC_DATE":"Wed, 04 Dec 2019 00:00:00 GMT","WEEKDAY":"Wednesday","HATE_CRIME":"Religion","HC_MOTIVATION":"Jewish","HC_STATUS":"Hatecrime Happened","OFF_CATEG":"Mischief To Property","NB_NAME_EN":"Carleton University","SECTOR":"Sector 22","DIVISION":"Central","CENSUS_TRC":"5050020.01","WARD":"Ward 17 - Capital","COUNCILLOR":"Shawn Menard","OFF_TYPE":"Criminal"}},{"type":"Feature","id":1479,"geometry":null,"properties":{"OBJECTID":1479,"ID":"790","YEAR":2023,"REP_DATE":"Fri, 01 Sep 2023 00:00:00 GMT","OCC_DATE":"Fri, 01 Sep 2023 00:00:00 GMT","WEEKDAY":"Friday","HATE_CRIME":"Race/Ethnicity","HC_MOTIVATION":"Black","HC_STATUS":"Hatecrime Happened","OFF_CATEG":"Harass Harrassment","NB_NAME_EN":"Centretown","SECTOR":"Sector 23","DIVISION":"Central","CENSUS_TRC":"5050038.00","WARD":"Ward 14 - Somerset","COUNCILLOR":"Ariel Troster","OFF_TYPE":"Non Criminal"}},{"type":"Feature","id":1480,"geometry":null,"properties":{"OBJECTID":1480,"ID":"791","YEAR":2024,"REP_DATE":"Sun, 11 Feb 2024 00:00:00 GMT","OCC_DATE":"Sun, 11 Feb 2024 00:00:00 GMT","WEEKDAY":"Sunday","HATE_CRIME":"Religion","HC_MOTIVATION":"Jewish","HC_STATUS":"Hatecrime Happened","OFF_CATEG":"Threats Harass, Intim, Violent","NB_NAME_EN":"Centretown","SECTOR":"Sector 23","DIVISION":"Central","CENSUS_TRC":"5050037.02","WARD":"Ward 14 - Somerset","COUNCILLOR":"Ariel Troster","OFF_TYPE":"Criminal"}},{"type":"Feature","id":1481,"geometry":null,"properties":{"OBJECTID":1481,"ID":"792","YEAR":2023,"REP_DATE":"Tue, 02 May 2023 00:00:00 GMT","OCC_DATE":"Tue, 02 May 2023 00:00:00 GMT","WEEKDAY":"Tuesday","HATE_CRIME":"Race/Ethnicity","HC_MOTIVATION":"Black","HC_STATUS":"Hatecrime Happened","OFF_CATEG":"Threats Utter To Person","NB_NAME_EN":"Centretown","SECTOR":"Sector 23","DIVISION":"Central","CENSUS_TRC":"5050037.02","WARD":"Ward 14 - Somerset","COUNCILLOR":"Ariel Troster","OFF_TYPE":"Criminal"}},{"type":"Feature","id":1482,"geometry":null,"properties":{"OBJECTID":1482,"ID":"793","YEAR":2022,"REP_DATE":"Sat, 05 Feb 2022 00:00:00 GMT","OCC_DATE":"Sat, 05 Feb 2022 00:00:00 GMT","WEEKDAY":"Saturday","HATE_CRIME":"Race/Ethnicity","HC_MOTIVATION":"Black","HC_STATUS":"Hatecrime Happened","OFF_CATEG":"Information ( General)","NB_NAME_EN":"Centretown","SECTOR":"Sector 23","DIVISION":"Central","CENSUS_TRC":"5050037.02","WARD":"Ward 14 - Somerset","COUNCILLOR":"Ariel Troster","OFF_TYPE":"Non Criminal"}},{"type":"Feature","id":1483,"geometry":null,"properties":{"OBJECTID":1483,"ID":"794","YEAR":2021,"REP_DATE":"Fri, 22 Oct 2021 00:00:00 GMT","OCC_DATE":"Tue, 14 Sep 2021 00:00:00 GMT","WEEKDAY":"Tuesday","HATE_CRIME":"Race/Ethnicity","HC_MOTIVATION":"Black","HC_STATUS":"Hatecrime Happened","OFF_CATEG":"Mischief To Property","NB_NAME_EN":"Centretown","SECTOR":"Sector 23","DIVISION":"Central","CENSUS_TRC":"5050037.02","WARD":"Ward 14 - Somerset","COUNCILLOR":"Ariel Troster","OFF_TYPE":"Criminal"}},{"type":"Feature","id":1484,"geometry":null,"properties":{"OBJECTID":1484,"ID":"795","YEAR":2023,"REP_DATE":"Mon, 10 Jul 2023 00:00:00 GMT","OCC_DATE":"Mon, 10 Jul 2023 00:00:00 GMT","WEEKDAY":"Monday","HATE_CRIME":"Sexual Orientation","HC_MOTIVATION":"LGBTQ2+","HC_STATUS":"Hatecrime Happened","OFF_CATEG":"Assault Level 1","NB_NAME_EN":"Centretown","SECTOR":"Sector 23","DIVISION":"Central","CENSUS_TRC":"5050037.02","WARD":"Ward 14 - Somerset","COUNCILLOR":"Ariel Troster","OFF_TYPE":"Criminal"}},{"type":"Feature","id":1485,"geometry":null,"properties":{"OBJECTID":1485,"ID":"796","YEAR":2020,"REP_DATE":"Sat, 31 Oct 2020 00:00:00 GMT","OCC_DATE":"Sat, 31 Oct 2020 00:00:00 GMT","WEEKDAY":"Saturday","HATE_CRIME":"Race/Ethnicity","HC_MOTIVATION":"Arab(West Asian,Middle Eastern and North African origins)","HC_STATUS":"Hatecrime Happened","OFF_CATEG":"Threatening Communications","NB_NAME_EN":"Centretown","SECTOR":"Sector 23","DIVISION":"Central","CENSUS_TRC":"5050037.02","WARD":"Ward 14 - Somerset","COUNCILLOR":"Ariel Troster","OFF_TYPE":"Criminal"}},{"type":"Feature","id":1486,"geometry":null,"properties":{"OBJECTID":1486,"ID":"797","YEAR":2022,"REP_DATE":"Thu, 08 Sep 2022 00:00:00 GMT","OCC_DATE":"Wed, 31 Aug 2022 00:00:00 GMT","WEEKDAY":"Wednesday","HATE_CRIME":"Sexual Orientation","HC_MOTIVATION":"LGBTQ2+","HC_STATUS":"Hatecrime Suspected","OFF_CATEG":"Mischief To Property","NB_NAME_EN":"Centretown","SECTOR":"Sector 23","DIVISION":"Central","CENSUS_TRC":"5050048.00","WARD":"Ward 14 - Somerset","COUNCILLOR":"Ariel Troster","OFF_TYPE":"Criminal"}},{"type":"Feature","id":1487,"geometry":null,"properties":{"OBJECTID":1487,"ID":"798","YEAR":2021,"REP_DATE":"Thu, 29 Apr 2021 00:00:00 GMT","OCC_DATE":"Tue, 27 Apr 2021 00:00:00 GMT","WEEKDAY":"Tuesday","HATE_CRIME":"Religion","HC_MOTIVATION":"Catholic","HC_STATUS":"Hatecrime Suspected","OFF_CATEG":"Theft \u003c $5000","NB_NAME_EN":"Centretown","SECTOR":"Sector 23","DIVISION":"Central","CENSUS_TRC":"5050048.00","WARD":"Ward 14 - Somerset","COUNCILLOR":"Ariel Troster","OFF_TYPE":"Criminal"}},{"type":"Feature","id":1488,"geometry":null,"properties":{"OBJECTID":1488,"ID":"799","YEAR":2024,"REP_DATE":"Thu, 08 Feb 2024 00:00:00 GMT","OCC_DATE":"Thu, 08 Feb 2024 00:00:00 GMT","WEEKDAY":"Thursday","HATE_CRIME":"Race/Ethnicity","HC_MOTIVATION":"Arab(West Asian,Middle Eastern and North African origins)","HC_STATUS":"Hatecrime Suspected","OFF_CATEG":"Mischief To Property","NB_NAME_EN":"Centretown","SECTOR":"Sector 23","DIVISION":"Central","CENSUS_TRC":"5050048.00","WARD":"Ward 14 - Somerset","COUNCILLOR":"Ariel Troster","OFF_TYPE":"Criminal"}},{"type":"Feature","id":1489,"geometry":null,"properties":{"OBJECTID":1489,"ID":"800","YEAR":2023,"REP_DATE":"Mon, 06 Nov 2023 00:00:00 GMT","OCC_DATE":"Mon, 06 Nov 2023 00:00:00 GMT","WEEKDAY":"Monday","HATE_CRIME":"Religion","HC_MOTIVATION":"Jewish","HC_STATUS":"Hatecrime Happened","OFF_CATEG":"Mischief To Property","NB_NAME_EN":"Carleton University","SECTOR":"Sector 22","DIVISION":"Central","CENSUS_TRC":"5050020.01","WARD":"Ward 17 - Capital","COUNCILLOR":"Shawn Menard","OFF_TYPE":"Criminal"}},{"type":"Feature","id":1490,"geometry":null,"properties":{"OBJECTID":1490,"ID":"801","YEAR":2022,"REP_DATE":"Tue, 08 Feb 2022 00:00:00 GMT","OCC_DATE":"Tue, 08 Feb 2022 00:00:00 GMT","WEEKDAY":"Tuesday","HATE_CRIME":"Sexual Orientation","HC_MOTIVATION":"Other sexual orientation","HC_STATUS":"Hatecrime Happened","OFF_CATEG":"Mischief To Property","NB_NAME_EN":"Lowertown","SECTOR":"Sector 24","DIVISION":"Central","CENSUS_TRC":"5050053.00","WARD":"Ward 12 - Rideau-Vanier","COUNCILLOR":"Stéphanie Plante","OFF_TYPE":"Criminal"}},{"type":"Feature","id":1491,"geometry":null,"properties":{"OBJECTID":1491,"ID":"802","YEAR":2020,"REP_DATE":"Sun, 20 Sep 2020 00:00:00 GMT","OCC_DATE":"Sun, 20 Sep 2020 00:00:00 GMT","WEEKDAY":"Sunday","HATE_CRIME":"Race/Ethnicity","HC_MOTIVATION":"South Asian","HC_STATUS":"Hatecrime Happened","OFF_CATEG":"Assault Level 1","NB_NAME_EN":"Lowertown","SECTOR":"Sector 24","DIVISION":"Central","CENSUS_TRC":"5050053.00","WARD":"Ward 12 - Rideau-Vanier","COUNCILLOR":"Stéphanie Plante","OFF_TYPE":"Criminal"}},{"type":"Feature","id":1492,"geometry":null,"properties":{"OBJECTID":1492,"ID":"803","YEAR":2023,"REP_DATE":"Fri, 10 Mar 2023 00:00:00 GMT","OCC_DATE":"Fri, 10 Mar 2023 00:00:00 GMT","WEEKDAY":"Friday","HATE_CRIME":"Race/Ethnicity","HC_MOTIVATION":"Unknown race/ethnicity","HC_STATUS":"Hatecrime Happened","OFF_CATEG":"Suspicious Calls","NB_NAME_EN":"Centretown","SECTOR":"Sector 23","DIVISION":"Central","CENSUS_TRC":"5050038.00","WARD":"Ward 14 - Somerset","COUNCILLOR":"Ariel Troster","OFF_TYPE":"Non Criminal"}},{"type":"Feature","id":1493,"geometry":null,"properties":{"OBJECTID":1493,"ID":"804","YEAR":2020,"REP_DATE":"Wed, 12 Aug 2020 00:00:00 GMT","OCC_DATE":"Wed, 12 Aug 2020 00:00:00 GMT","WEEKDAY":"Wednesday","HATE_CRIME":"Race/Ethnicity","HC_MOTIVATION":"Black","HC_STATUS":"Hatecrime Happened","OFF_CATEG":"Public Incitement Of Hatred","NB_NAME_EN":"West Centertown","SECTOR":"Sector 22","DIVISION":"Central","CENSUS_TRC":"5050035.00","WARD":"Ward 14 - Somerset","COUNCILLOR":"Ariel Troster","OFF_TYPE":"Criminal"}},{"type":"Feature","id":1494,"geometry":null,"properties":{"OBJECTID":1494,"ID":"805","YEAR":2022,"REP_DATE":"Wed, 02 Feb 2022 00:00:00 GMT","OCC_DATE":"Wed, 02 Feb 2022 00:00:00 GMT","WEEKDAY":"Wednesday","HATE_CRIME":"Race/Ethnicity","HC_MOTIVATION":"Black","HC_STATUS":"Hatecrime Happened","OFF_CATEG":"Dispute- Disturbance","NB_NAME_EN":"Centretown","SECTOR":"Sector 23","DIVISION":"Central","CENSUS_TRC":"5050038.00","WARD":"Ward 14 - Somerset","COUNCILLOR":"Ariel Troster","OFF_TYPE":"Non Criminal"}},{"type":"Feature","id":1495,"geometry":null,"properties":{"OBJECTID":1495,"ID":"806","YEAR":2019,"REP_DATE":"Sun, 29 Sep 2019 00:00:00 GMT","OCC_DATE":"Sun, 29 Sep 2019 00:00:00 GMT","WEEKDAY":"Sunday","HATE_CRIME":"Religion","HC_MOTIVATION":"Jewish","HC_STATUS":"Hatecrime Happened","OFF_CATEG":"Mischief To Property","NB_NAME_EN":"Centretown","SECTOR":"Sector 23","DIVISION":"Central","CENSUS_TRC":"5050038.00","WARD":"Ward 14 - Somerset","COUNCILLOR":"Ariel Troster","OFF_TYPE":"Criminal"}},{"type":"Feature","id":1496,"geometry":null,"properties":{"OBJECTID":1496,"ID":"807","YEAR":2023,"REP_DATE":"Tue, 10 Jan 2023 00:00:00 GMT","OCC_DATE":"Tue, 10 Jan 2023 00:00:00 GMT","WEEKDAY":"Tuesday","HATE_CRIME":"Race/Ethnicity","HC_MOTIVATION":"Chinese","HC_STATUS":"Hatecrime Happened","OFF_CATEG":"Assault Level 1","NB_NAME_EN":"Glebe - Dows Lake","SECTOR":"Sector 22","DIVISION":"Central","CENSUS_TRC":"5050018.00","WARD":"Ward 17 - Capital","COUNCILLOR":"Shawn Menard","OFF_TYPE":"Criminal"}},{"type":"Feature","id":1497,"geometry":null,"properties":{"OBJECTID":1497,"ID":"808","YEAR":2023,"REP_DATE":"Tue, 18 Jul 2023 00:00:00 GMT","OCC_DATE":"Wed, 05 Jul 2023 00:00:00 GMT","WEEKDAY":"Wednesday","HATE_CRIME":"Religion","HC_MOTIVATION":"Jewish","HC_STATUS":"Hatecrime Happened","OFF_CATEG":"Mischief To Property","NB_NAME_EN":"Island Park","SECTOR":"Sector 21","DIVISION":"Central","CENSUS_TRC":"5050045.01","WARD":"Ward 15 - Kitchissippi","COUNCILLOR":"Jeff Leiper","OFF_TYPE":"Criminal"}},{"type":"Feature","id":1498,"geometry":null,"properties":{"OBJECTID":1498,"ID":"809","YEAR":2022,"REP_DATE":"Wed, 24 Aug 2022 00:00:00 GMT","OCC_DATE":"Wed, 24 Aug 2022 00:00:00 GMT","WEEKDAY":"Wednesday","HATE_CRIME":"Sexual Orientation","HC_MOTIVATION":"LGBTQ2+","HC_STATUS":"Hatecrime Happened","OFF_CATEG":"Dispute- Disturbance","NB_NAME_EN":"Glebe - Dows Lake","SECTOR":"Sector 22","DIVISION":"Central","CENSUS_TRC":"5050036.00","WARD":"Ward 17 - Capital","COUNCILLOR":"Shawn Menard","OFF_TYPE":"Non Criminal"}},{"type":"Feature","id":1499,"geometry":null,"properties":{"OBJECTID":1499,"ID":"810","YEAR":2023,"REP_DATE":"Sun, 22 Oct 2023 00:00:00 GMT","OCC_DATE":"Sun, 22 Oct 2023 00:00:00 GMT","WEEKDAY":"Sunday","HATE_CRIME":"Religion","HC_MOTIVATION":"Muslim (Islam)","HC_STATUS":"Hatecrime Happened","OFF_CATEG":"Mischief Hate Cultrl/ Rel Prop","NB_NAME_EN":"Centretown","SECTOR":"Sector 23","DIVISION":"Central","CENSUS_TRC":"5050038.00","WARD":"Ward 14 - Somerset","COUNCILLOR":"Ariel Troster","OFF_TYPE":"Criminal"}},{"type":"Feature","id":1500,"geometry":null,"properties":{"OBJECTID":1500,"ID":"811","YEAR":2022,"REP_DATE":"Thu, 11 Aug 2022 00:00:00 GMT","OCC_DATE":"Wed, 10 Aug 2022 00:00:00 GMT","WEEKDAY":"Wednesday","HATE_CRIME":"Race/Ethnicity","HC_MOTIVATION":"South Asian","HC_STATUS":"Hatecrime Happened","OFF_CATEG":"Threats Utter To Person","NB_NAME_EN":"Centretown","SECTOR":"Sector 23","DIVISION":"Central","CENSUS_TRC":"5050038.00","WARD":"Ward 14 - Somerset","COUNCILLOR":"Ariel Troster","OFF_TYPE":"Criminal"}},{"type":"Feature","id":1501,"geometry":null,"properties":{"OBJECTID":1501,"ID":"812","YEAR":2023,"REP_DATE":"Thu, 05 Jan 2023 00:00:00 GMT","OCC_DATE":"Sat, 24 Dec 2022 00:00:00 GMT","WEEKDAY":"Saturday","HATE_CRIME":"Gender","HC_MOTIVATION":"Woman","HC_STATUS":"Hatecrime Happened","OFF_CATEG":"Threats Utter To Person","NB_NAME_EN":"Centretown","SECTOR":"Sector 23","DIVISION":"Central","CENSUS_TRC":"5050038.00","WARD":"Ward 14 - Somerset","COUNCILLOR":"Ariel Troster","OFF_TYPE":"Criminal"}},{"type":"Feature","id":1502,"geometry":null,"properties":{"OBJECTID":1502,"ID":"813","YEAR":2021,"REP_DATE":"Wed, 21 Jul 2021 00:00:00 GMT","OCC_DATE":"Sat, 10 Jul 2021 00:00:00 GMT","WEEKDAY":"Saturday","HATE_CRIME":"Religion","HC_MOTIVATION":"Catholic","HC_STATUS":"Hatecrime Happened","OFF_CATEG":"Threats Utter To Person","NB_NAME_EN":"Centretown","SECTOR":"Sector 23","DIVISION":"Central","CENSUS_TRC":"5050040.00","WARD":"Ward 14 - Somerset","COUNCILLOR":"Ariel Troster","OFF_TYPE":"Criminal"}},{"type":"Feature","id":1503,"geometry":null,"properties":{"OBJECTID":1503,"ID":"814","YEAR":2021,"REP_DATE":"Sun, 27 Jun 2021 00:00:00 GMT","OCC_DATE":"Fri, 25 Jun 2021 00:00:00 GMT","WEEKDAY":"Friday","HATE_CRIME":"Religion","HC_MOTIVATION":"Catholic","HC_STATUS":"Hatecrime Happened","OFF_CATEG":"Mischief Hate Cultrl/ Rel Prop","NB_NAME_EN":"Centretown","SECTOR":"Sector 23","DIVISION":"Central","CENSUS_TRC":"5050040.00","WARD":"Ward 14 - Somerset","COUNCILLOR":"Ariel Troster","OFF_TYPE":"Criminal"}},{"type":"Feature","id":1504,"geometry":null,"properties":{"OBJECTID":1504,"ID":"815","YEAR":2023,"REP_DATE":"Tue, 08 Aug 2023 00:00:00 GMT","OCC_DATE":"Tue, 08 Aug 2023 00:00:00 GMT","WEEKDAY":"Tuesday","HATE_CRIME":"Race/Ethnicity","HC_MOTIVATION":"Arab(West Asian,Middle Eastern and North African origins)","HC_STATUS":"Hatecrime Suspected","OFF_CATEG":"Dispute- Disturbance","NB_NAME_EN":"Riverside South - Leitrim","SECTOR":"Sector 35","DIVISION":"East","CENSUS_TRC":"5050126.05","WARD":"Ward 22 - Riverside South-Findlay Creek","COUNCILLOR":"Steve Desroches","OFF_TYPE":"Non Criminal"}},{"type":"Feature","id":1505,"geometry":null,"properties":{"OBJECTID":1505,"ID":"816","YEAR":2021,"REP_DATE":"Wed, 14 Jul 2021 00:00:00 GMT","OCC_DATE":"Wed, 14 Jul 2021 00:00:00 GMT","WEEKDAY":"Wednesday","HATE_CRIME":"Religion","HC_MOTIVATION":"Jewish","HC_STATUS":"Hatecrime Happened","OFF_CATEG":"Mischief To Property","NB_NAME_EN":"Glebe - Dows Lake","SECTOR":"Sector 22","DIVISION":"Central","CENSUS_TRC":"5050036.00","WARD":"Ward 17 - Capital","COUNCILLOR":"Shawn Menard","OFF_TYPE":"Criminal"}},{"type":"Feature","id":1506,"geometry":null,"properties":{"OBJECTID":1506,"ID":"817","YEAR":2023,"REP_DATE":"Tue, 08 Aug 2023 00:00:00 GMT","OCC_DATE":"Sat, 15 Jul 2023 00:00:00 GMT","WEEKDAY":"Saturday","HATE_CRIME":"Race/Ethnicity","HC_MOTIVATION":"Unknown race/ethnicity","HC_STATUS":"Hatecrime Suspected","OFF_CATEG":"Traffic Complaint -  Vehicle","NB_NAME_EN":"West Centertown","SECTOR":"Sector 22","DIVISION":"Central","CENSUS_TRC":"5050019.00","WARD":"Ward 17 - Capital","COUNCILLOR":"Shawn Menard","OFF_TYPE":"Non Criminal"}},{"type":"Feature","id":1507,"geometry":null,"properties":{"OBJECTID":1507,"ID":"818","YEAR":2021,"REP_DATE":"Mon, 19 Jul 2021 00:00:00 GMT","OCC_DATE":"Fri, 25 Jun 2021 00:00:00 GMT","WEEKDAY":"Friday","HATE_CRIME":"Sexual Orientation","HC_MOTIVATION":"LGBTQ2+","HC_STATUS":"Hatecrime Suspected","OFF_CATEG":"Dispute- Neighbour","NB_NAME_EN":"Centretown","SECTOR":"Sector 23","DIVISION":"Central","CENSUS_TRC":"5050039.00","WARD":"Ward 14 - Somerset","COUNCILLOR":"Ariel Troster","OFF_TYPE":"Non Criminal"}},{"type":"Feature","id":1508,"geometry":null,"properties":{"OBJECTID":1508,"ID":"819","YEAR":2021,"REP_DATE":"Sat, 25 Sep 2021 00:00:00 GMT","OCC_DATE":"Sat, 25 Sep 2021 00:00:00 GMT","WEEKDAY":"Saturday","HATE_CRIME":"Other Similar Factor","HC_MOTIVATION":"non","HC_STATUS":"Hatecrime Suspected","OFF_CATEG":"Assault With Weapon Or Cbh Lv2","NB_NAME_EN":"Centretown","SECTOR":"Sector 23","DIVISION":"Central","CENSUS_TRC":"5050048.00","WARD":"Ward 14 - Somerset","COUNCILLOR":"Ariel Troster","OFF_TYPE":"Criminal"}},{"type":"Feature","id":1509,"geometry":null,"properties":{"OBJECTID":1509,"ID":"820","YEAR":2020,"REP_DATE":"Fri, 16 Oct 2020 00:00:00 GMT","OCC_DATE":"Wed, 14 Oct 2020 00:00:00 GMT","WEEKDAY":"Wednesday","HATE_CRIME":"Race/Ethnicity","HC_MOTIVATION":"Multiple Races/Ethnicities","HC_STATUS":"Hatecrime Happened","OFF_CATEG":"Mischief War Memorial","NB_NAME_EN":"Centretown","SECTOR":"Sector 23","DIVISION":"Central","CENSUS_TRC":"5050048.00","WARD":"Ward 14 - Somerset","COUNCILLOR":"Ariel Troster","OFF_TYPE":"Criminal"}},{"type":"Feature","id":1510,"geometry":null,"properties":{"OBJECTID":1510,"ID":"821","YEAR":2018,"REP_DATE":"Thu, 08 Nov 2018 00:00:00 GMT","OCC_DATE":"Thu, 08 Nov 2018 00:00:00 GMT","WEEKDAY":"Thursday","HATE_CRIME":"Religion","HC_MOTIVATION":"Other Religion","HC_STATUS":"Hatecrime Suspected","OFF_CATEG":"Fire Arson Property Damage","NB_NAME_EN":"Sandy Hill - Ottawa East","SECTOR":"Sector 24","DIVISION":"Central","CENSUS_TRC":"5050050.00","WARD":"Ward 12 - Rideau-Vanier","COUNCILLOR":"Stéphanie Plante","OFF_TYPE":"Criminal"}},{"type":"Feature","id":1511,"geometry":null,"properties":{"OBJECTID":1511,"ID":"822","YEAR":2021,"REP_DATE":"Sat, 29 May 2021 00:00:00 GMT","OCC_DATE":"Sat, 29 May 2021 00:00:00 GMT","WEEKDAY":"Saturday","HATE_CRIME":"Religion","HC_MOTIVATION":"Jewish","HC_STATUS":"Hatecrime Suspected","OFF_CATEG":"Mischief To Property","NB_NAME_EN":"Lowertown","SECTOR":"Sector 24","DIVISION":"Central","CENSUS_TRC":"5050053.00","WARD":"Ward 12 - Rideau-Vanier","COUNCILLOR":"Stéphanie Plante","OFF_TYPE":"Criminal"}},{"type":"Feature","id":1512,"geometry":null,"properties":{"OBJECTID":1512,"ID":"823","YEAR":2020,"REP_DATE":"Tue, 31 Mar 2020 00:00:00 GMT","OCC_DATE":"Tue, 31 Mar 2020 00:00:00 GMT","WEEKDAY":"Tuesday","HATE_CRIME":"Sexual Orientation","HC_MOTIVATION":"LGBTQ2+","HC_STATUS":"Hatecrime Suspected","OFF_CATEG":"Fire Arson Disregard Life","NB_NAME_EN":"Centretown","SECTOR":"Sector 23","DIVISION":"Central","CENSUS_TRC":"5050039.00","WARD":"Ward 14 - Somerset","COUNCILLOR":"Ariel Troster","OFF_TYPE":"Criminal"}},{"type":"Feature","id":1513,"geometry":null,"properties":{"OBJECTID":1513,"ID":"824","YEAR":2021,"REP_DATE":"Fri, 16 Apr 2021 00:00:00 GMT","OCC_DATE":"Tue, 13 Apr 2021 00:00:00 GMT","WEEKDAY":"Tuesday","HATE_CRIME":"Race/Ethnicity","HC_MOTIVATION":"East and Southeast Asian","HC_STATUS":"Hatecrime Happened","OFF_CATEG":"Mischief To Property","NB_NAME_EN":"Byward Market","SECTOR":"Sector 24","DIVISION":"Central","CENSUS_TRC":"5050055.00","WARD":"Ward 12 - Rideau-Vanier","COUNCILLOR":"Stéphanie Plante","OFF_TYPE":"Criminal"}},{"type":"Feature","id":1514,"geometry":null,"properties":{"OBJECTID":1514,"ID":"825","YEAR":2023,"REP_DATE":"Wed, 04 Oct 2023 00:00:00 GMT","OCC_DATE":"Wed, 04 Oct 2023 00:00:00 GMT","WEEKDAY":"Wednesday","HATE_CRIME":"Race/Ethnicity","HC_MOTIVATION":"Chinese","HC_STATUS":"Hatecrime Suspected","OFF_CATEG":"B&e Residential Property","NB_NAME_EN":"New Barrhaven - New Development - Stonebridge","SECTOR":"Sector 16","DIVISION":"West","CENSUS_TRC":"5050141.21","WARD":"Ward 24 - Barrhaven East","COUNCILLOR":"Wilson Lo","OFF_TYPE":"Criminal"}},{"type":"Feature","id":1515,"geometry":null,"properties":{"OBJECTID":1515,"ID":"826","YEAR":2023,"REP_DATE":"Tue, 05 Dec 2023 00:00:00 GMT","OCC_DATE":"Mon, 04 Dec 2023 00:00:00 GMT","WEEKDAY":"Monday","HATE_CRIME":"Race/Ethnicity","HC_MOTIVATION":"Black","HC_STATUS":"Hatecrime Happened","OFF_CATEG":"Mischief To Property","NB_NAME_EN":"Lowertown","SECTOR":"Sector 24","DIVISION":"Central","CENSUS_TRC":"5050053.00","WARD":"Ward 12 - Rideau-Vanier","COUNCILLOR":"Stéphanie Plante","OFF_TYPE":"Criminal"}},{"type":"Feature","id":1516,"geometry":null,"properties":{"OBJECTID":1516,"ID":"827","YEAR":2021,"REP_DATE":"Thu, 17 Jun 2021 00:00:00 GMT","OCC_DATE":"Thu, 17 Jun 2021 00:00:00 GMT","WEEKDAY":"Thursday","HATE_CRIME":"Sexual Orientation","HC_MOTIVATION":"LGBTQ2+","HC_STATUS":"Hatecrime Suspected","OFF_CATEG":"Mischief To Property","NB_NAME_EN":"Centretown","SECTOR":"Sector 23","DIVISION":"Central","CENSUS_TRC":"5050048.00","WARD":"Ward 14 - Somerset","COUNCILLOR":"Ariel Troster","OFF_TYPE":"Criminal"}},{"type":"Feature","id":1517,"geometry":null,"properties":{"OBJECTID":1517,"ID":"828","YEAR":2020,"REP_DATE":"Sat, 05 Sep 2020 00:00:00 GMT","OCC_DATE":"Sat, 05 Sep 2020 00:00:00 GMT","WEEKDAY":"Saturday","HATE_CRIME":"Race/Ethnicity","HC_MOTIVATION":"Black","HC_STATUS":"Hatecrime Suspected","OFF_CATEG":"Mischief To Property","NB_NAME_EN":"Centretown","SECTOR":"Sector 23","DIVISION":"Central","CENSUS_TRC":"5050038.00","WARD":"Ward 14 - Somerset","COUNCILLOR":"Ariel Troster","OFF_TYPE":"Criminal"}},{"type":"Feature","id":1518,"geometry":null,"properties":{"OBJECTID":1518,"ID":"829","YEAR":2023,"REP_DATE":"Sat, 23 Dec 2023 00:00:00 GMT","OCC_DATE":"Fri, 22 Dec 2023 00:00:00 GMT","WEEKDAY":"Friday","HATE_CRIME":"Religion","HC_MOTIVATION":"Jewish","HC_STATUS":"Hatecrime Happened","OFF_CATEG":"Mischief To Property","NB_NAME_EN":"Centretown","SECTOR":"Sector 23","DIVISION":"Central","CENSUS_TRC":"5050037.01","WARD":"Ward 14 - Somerset","COUNCILLOR":"Ariel Troster","OFF_TYPE":"Criminal"}},{"type":"Feature","id":1519,"geometry":null,"properties":{"OBJECTID":1519,"ID":"830","YEAR":2023,"REP_DATE":"Mon, 03 Jul 2023 00:00:00 GMT","OCC_DATE":"Sun, 02 Jul 2023 00:00:00 GMT","WEEKDAY":"Sunday","HATE_CRIME":"Race/Ethnicity","HC_MOTIVATION":"India,Pakistan/South Asian","HC_STATUS":"Hatecrime Suspected","OFF_CATEG":"Threats Utter To Person","NB_NAME_EN":"Carlington","SECTOR":"Sector 21","DIVISION":"Central","CENSUS_TRC":"5050021.00","WARD":"Ward 16 - River","COUNCILLOR":"Riley Brockington","OFF_TYPE":"Criminal"}},{"type":"Feature","id":1520,"geometry":null,"properties":{"OBJECTID":1520,"ID":"831","YEAR":2022,"REP_DATE":"Fri, 18 Mar 2022 00:00:00 GMT","OCC_DATE":"Fri, 18 Mar 2022 00:00:00 GMT","WEEKDAY":"Friday","HATE_CRIME":"Race/Ethnicity","HC_MOTIVATION":"South Asian","HC_STATUS":"Hatecrime Happened","OFF_CATEG":"Mischief To Property","NB_NAME_EN":"Carlington","SECTOR":"Sector 21","DIVISION":"Central","CENSUS_TRC":"5050021.00","WARD":"Ward 16 - River","COUNCILLOR":"Riley Brockington","OFF_TYPE":"Criminal"}},{"type":"Feature","id":1521,"geometry":null,"properties":{"OBJECTID":1521,"ID":"832","YEAR":2021,"REP_DATE":"Sat, 03 Apr 2021 00:00:00 GMT","OCC_DATE":"Sat, 03 Apr 2021 00:00:00 GMT","WEEKDAY":"Saturday","HATE_CRIME":"Race/Ethnicity","HC_MOTIVATION":"Arab(West Asian,Middle Eastern and North African origins)","HC_STATUS":"Hatecrime Suspected","OFF_CATEG":"Assault With Weapon Or Cbh Lv2","NB_NAME_EN":"Cityview - Skyline - Fisher Heights","SECTOR":"Sector 17","DIVISION":"West","CENSUS_TRC":"5050132.00","WARD":"Ward 9 - Knoxdale-Merivale","COUNCILLOR":"Sean Devine","OFF_TYPE":"Criminal"}},{"type":"Feature","id":1522,"geometry":null,"properties":{"OBJECTID":1522,"ID":"833","YEAR":2021,"REP_DATE":"Wed, 09 Jun 2021 00:00:00 GMT","OCC_DATE":"Wed, 09 Jun 2021 00:00:00 GMT","WEEKDAY":"Wednesday","HATE_CRIME":"Race/Ethnicity","HC_MOTIVATION":"Arab(West Asian,Middle Eastern and North African origins)","HC_STATUS":"Hatecrime Happened","OFF_CATEG":"Mischief To Property","NB_NAME_EN":"Centretown","SECTOR":"Sector 23","DIVISION":"Central","CENSUS_TRC":"5050048.00","WARD":"Ward 14 - Somerset","COUNCILLOR":"Ariel Troster","OFF_TYPE":"Criminal"}},{"type":"Feature","id":1523,"geometry":null,"properties":{"OBJECTID":1523,"ID":"834","YEAR":2020,"REP_DATE":"Fri, 31 Jan 2020 00:00:00 GMT","OCC_DATE":"Fri, 31 Jan 2020 00:00:00 GMT","WEEKDAY":"Friday","HATE_CRIME":"Religion","HC_MOTIVATION":"Jewish","HC_STATUS":"Hatecrime Happened","OFF_CATEG":"Mischief To Property","NB_NAME_EN":"Ottawa South","SECTOR":"Sector 22","DIVISION":"Central","CENSUS_TRC":"5050016.00","WARD":"Ward 17 - Capital","COUNCILLOR":"Shawn Menard","OFF_TYPE":"Criminal"}},{"type":"Feature","id":1524,"geometry":null,"properties":{"OBJECTID":1524,"ID":"835","YEAR":2019,"REP_DATE":"Sat, 17 Aug 2019 00:00:00 GMT","OCC_DATE":"Sat, 17 Aug 2019 00:00:00 GMT","WEEKDAY":"Saturday","HATE_CRIME":"Religion","HC_MOTIVATION":"Jewish","HC_STATUS":"Hatecrime Happened","OFF_CATEG":"Mischief To Property","NB_NAME_EN":"Ottawa South","SECTOR":"Sector 22","DIVISION":"Central","CENSUS_TRC":"5050016.00","WARD":"Ward 17 - Capital","COUNCILLOR":"Shawn Menard","OFF_TYPE":"Criminal"}},{"type":"Feature","id":1525,"geometry":null,"properties":{"OBJECTID":1525,"ID":"836","YEAR":2020,"REP_DATE":"Wed, 29 Jan 2020 00:00:00 GMT","OCC_DATE":"Wed, 29 Jan 2020 00:00:00 GMT","WEEKDAY":"Wednesday","HATE_CRIME":"Religion","HC_MOTIVATION":"Jewish","HC_STATUS":"Hatecrime Happened","OFF_CATEG":"Mischief To Property","NB_NAME_EN":"Ottawa South","SECTOR":"Sector 22","DIVISION":"Central","CENSUS_TRC":"5050016.00","WARD":"Ward 17 - Capital","COUNCILLOR":"Shawn Menard","OFF_TYPE":"Criminal"}},{"type":"Feature","id":1526,"geometry":null,"properties":{"OBJECTID":1526,"ID":"837","YEAR":2023,"REP_DATE":"Sat, 23 Dec 2023 00:00:00 GMT","OCC_DATE":"Sat, 23 Dec 2023 00:00:00 GMT","WEEKDAY":"Saturday","HATE_CRIME":"Religion","HC_MOTIVATION":"Jewish","HC_STATUS":"Hatecrime Happened","OFF_CATEG":"Mischief To Property","NB_NAME_EN":"Centretown","SECTOR":"Sector 23","DIVISION":"Central","CENSUS_TRC":"5050048.00","WARD":"Ward 14 - Somerset","COUNCILLOR":"Ariel Troster","OFF_TYPE":"Criminal"}},{"type":"Feature","id":1527,"geometry":null,"properties":{"OBJECTID":1527,"ID":"838","YEAR":2022,"REP_DATE":"Tue, 21 Jun 2022 00:00:00 GMT","OCC_DATE":"Tue, 21 Jun 2022 00:00:00 GMT","WEEKDAY":"Tuesday","HATE_CRIME":"Race/Ethnicity","HC_MOTIVATION":"Black","HC_STATUS":"Hatecrime Suspected","OFF_CATEG":"Assault Level 1","NB_NAME_EN":"Centretown","SECTOR":"Sector 23","DIVISION":"Central","CENSUS_TRC":"5050048.00","WARD":"Ward 14 - Somerset","COUNCILLOR":"Ariel Troster","OFF_TYPE":"Criminal"}},{"type":"Feature","id":1528,"geometry":null,"properties":{"OBJECTID":1528,"ID":"839","YEAR":2023,"REP_DATE":"Sun, 22 Oct 2023 00:00:00 GMT","OCC_DATE":"Sun, 22 Oct 2023 00:00:00 GMT","WEEKDAY":"Sunday","HATE_CRIME":"Religion","HC_MOTIVATION":"Jewish","HC_STATUS":"Hatecrime Happened","OFF_CATEG":"Mischief To Property","NB_NAME_EN":"Hunt Club South Industrial","SECTOR":"Sector 17","DIVISION":"West","CENSUS_TRC":"5050130.01","WARD":"Ward 9 - Knoxdale-Merivale","COUNCILLOR":"Sean Devine","OFF_TYPE":"Criminal"}},{"type":"Feature","id":1529,"geometry":null,"properties":{"OBJECTID":1529,"ID":"840","YEAR":2023,"REP_DATE":"Tue, 05 Dec 2023 00:00:00 GMT","OCC_DATE":"Tue, 05 Dec 2023 00:00:00 GMT","WEEKDAY":"Tuesday","HATE_CRIME":"Sexual Orientation","HC_MOTIVATION":"LGBTQ2+","HC_STATUS":"Hatecrime Happened","OFF_CATEG":"Mischief To Property","NB_NAME_EN":"Centretown","SECTOR":"Sector 23","DIVISION":"Central","CENSUS_TRC":"5050040.00","WARD":"Ward 14 - Somerset","COUNCILLOR":"Ariel Troster","OFF_TYPE":"Criminal"}},{"type":"Feature","id":1530,"geometry":null,"properties":{"OBJECTID":1530,"ID":"841","YEAR":2021,"REP_DATE":"Thu, 24 Jun 2021 00:00:00 GMT","OCC_DATE":"Wed, 23 Jun 2021 00:00:00 GMT","WEEKDAY":"Wednesday","HATE_CRIME":"Religion","HC_MOTIVATION":"Jewish","HC_STATUS":"Hatecrime Happened","OFF_CATEG":"Mischief To Property","NB_NAME_EN":"Hintonburg - Mechanicsville","SECTOR":"Sector 21","DIVISION":"Central","CENSUS_TRC":"5050045.01","WARD":"Ward 15 - Kitchissippi","COUNCILLOR":"Jeff Leiper","OFF_TYPE":"Criminal"}},{"type":"Feature","id":1531,"geometry":null,"properties":{"OBJECTID":1531,"ID":"842","YEAR":2022,"REP_DATE":"Fri, 25 Mar 2022 00:00:00 GMT","OCC_DATE":"Fri, 25 Mar 2022 00:00:00 GMT","WEEKDAY":"Friday","HATE_CRIME":"Race/Ethnicity","HC_MOTIVATION":"Black","HC_STATUS":"Hatecrime Happened","OFF_CATEG":"Suspicious Person( S)","NB_NAME_EN":"Centretown","SECTOR":"Sector 23","DIVISION":"Central","CENSUS_TRC":"5050048.00","WARD":"Ward 14 - Somerset","COUNCILLOR":"Ariel Troster","OFF_TYPE":"Non Criminal"}},{"type":"Feature","id":1532,"geometry":null,"properties":{"OBJECTID":1532,"ID":"843","YEAR":2022,"REP_DATE":"Thu, 30 Jun 2022 00:00:00 GMT","OCC_DATE":"Thu, 30 Jun 2022 00:00:00 GMT","WEEKDAY":"Thursday","HATE_CRIME":"Race/Ethnicity","HC_MOTIVATION":"East and Southeast Asian","HC_STATUS":"Hatecrime Suspected","OFF_CATEG":"Disturbance Causing, Loiter Etc","NB_NAME_EN":"Centretown","SECTOR":"Sector 23","DIVISION":"Central","CENSUS_TRC":"5050048.00","WARD":"Ward 14 - Somerset","COUNCILLOR":"Ariel Troster","OFF_TYPE":"Criminal"}},{"type":"Feature","id":1533,"geometry":null,"properties":{"OBJECTID":1533,"ID":"844","YEAR":2020,"REP_DATE":"Wed, 04 Nov 2020 00:00:00 GMT","OCC_DATE":"Wed, 04 Nov 2020 00:00:00 GMT","WEEKDAY":"Wednesday","HATE_CRIME":"Race/Ethnicity","HC_MOTIVATION":"Indigenous/Aboriginal","HC_STATUS":"Hatecrime Suspected","OFF_CATEG":"Assault Level 1","NB_NAME_EN":"Centretown","SECTOR":"Sector 23","DIVISION":"Central","CENSUS_TRC":"5050048.00","WARD":"Ward 14 - Somerset","COUNCILLOR":"Ariel Troster","OFF_TYPE":"Criminal"}},{"type":"Feature","id":1534,"geometry":null,"properties":{"OBJECTID":1534,"ID":"845","YEAR":2023,"REP_DATE":"Sat, 23 Dec 2023 00:00:00 GMT","OCC_DATE":"Fri, 22 Dec 2023 00:00:00 GMT","WEEKDAY":"Friday","HATE_CRIME":"Unknown","HC_MOTIVATION":"Unknown","HC_STATUS":"Hatecrime Happened","OFF_CATEG":"Mischief To Property","NB_NAME_EN":"Centretown","SECTOR":"Sector 23","DIVISION":"Central","CENSUS_TRC":"5050037.01","WARD":"Ward 14 - Somerset","COUNCILLOR":"Ariel Troster","OFF_TYPE":"Criminal"}},{"type":"Feature","id":1535,"geometry":null,"properties":{"OBJECTID":1535,"ID":"846","YEAR":2020,"REP_DATE":"Fri, 05 Jun 2020 00:00:00 GMT","OCC_DATE":"Fri, 05 Jun 2020 00:00:00 GMT","WEEKDAY":"Friday","HATE_CRIME":"Race/Ethnicity","HC_MOTIVATION":"Black","HC_STATUS":"Hatecrime Happened","OFF_CATEG":"Mischief To Property","NB_NAME_EN":"Riverside South - Leitrim","SECTOR":"Sector 35","DIVISION":"East","CENSUS_TRC":"5050126.05","WARD":"Ward 22 - Riverside South-Findlay Creek","COUNCILLOR":"Steve Desroches","OFF_TYPE":"Criminal"}},{"type":"Feature","id":1536,"geometry":null,"properties":{"OBJECTID":1536,"ID":"847","YEAR":2020,"REP_DATE":"Thu, 30 Jul 2020 00:00:00 GMT","OCC_DATE":"Thu, 30 Jul 2020 00:00:00 GMT","WEEKDAY":"Thursday","HATE_CRIME":"Religion","HC_MOTIVATION":"Catholic","HC_STATUS":"Hatecrime Happened","OFF_CATEG":"Mischief Hate Cultrl/ Rel Prop","NB_NAME_EN":"Carleton Heights - Rideauview","SECTOR":"Sector 17","DIVISION":"West","CENSUS_TRC":"5050020.01","WARD":"Ward 16 - River","COUNCILLOR":"Riley Brockington","OFF_TYPE":"Criminal"}},{"type":"Feature","id":1537,"geometry":null,"properties":{"OBJECTID":1537,"ID":"848","YEAR":2020,"REP_DATE":"Sat, 04 Jul 2020 00:00:00 GMT","OCC_DATE":"Sat, 04 Jul 2020 00:00:00 GMT","WEEKDAY":"Saturday","HATE_CRIME":"Race/Ethnicity","HC_MOTIVATION":"South Asian","HC_STATUS":"Hatecrime Happened","OFF_CATEG":"Dispute- Neighbour","NB_NAME_EN":"Lindenlea - New Edinburgh","SECTOR":"Sector 25","DIVISION":"Central","CENSUS_TRC":"5050058.00","WARD":"Ward 13 - Rideau-Rockcliffe","COUNCILLOR":"Rawlson King","OFF_TYPE":"Non Criminal"}},{"type":"Feature","id":1538,"geometry":null,"properties":{"OBJECTID":1538,"ID":"849","YEAR":2021,"REP_DATE":"Mon, 14 Jun 2021 00:00:00 GMT","OCC_DATE":"Mon, 14 Jun 2021 00:00:00 GMT","WEEKDAY":"Monday","HATE_CRIME":"Religion","HC_MOTIVATION":"Jewish","HC_STATUS":"Hatecrime Happened","OFF_CATEG":"Mischief To Property","NB_NAME_EN":"Centretown","SECTOR":"Sector 23","DIVISION":"Central","CENSUS_TRC":"5050048.00","WARD":"Ward 14 - Somerset","COUNCILLOR":"Ariel Troster","OFF_TYPE":"Criminal"}},{"type":"Feature","id":1539,"geometry":null,"properties":{"OBJECTID":1539,"ID":"850","YEAR":2022,"REP_DATE":"Fri, 21 Jan 2022 00:00:00 GMT","OCC_DATE":"Fri, 21 Jan 2022 00:00:00 GMT","WEEKDAY":"Friday","HATE_CRIME":"Race/Ethnicity","HC_MOTIVATION":"Black","HC_STATUS":"Hatecrime Happened","OFF_CATEG":"Threats Utter To Person","NB_NAME_EN":"West Centertown","SECTOR":"Sector 22","DIVISION":"Central","CENSUS_TRC":"5050019.00","WARD":"Ward 17 - Capital","COUNCILLOR":"Shawn Menard","OFF_TYPE":"Criminal"}},{"type":"Feature","id":1540,"geometry":null,"properties":{"OBJECTID":1540,"ID":"851","YEAR":2023,"REP_DATE":"Sun, 12 Feb 2023 00:00:00 GMT","OCC_DATE":"Sun, 12 Feb 2023 00:00:00 GMT","WEEKDAY":"Sunday","HATE_CRIME":"Race/Ethnicity","HC_MOTIVATION":"Chinese","HC_STATUS":"Hatecrime Happened","OFF_CATEG":"Assault Level 1","NB_NAME_EN":"Centretown","SECTOR":"Sector 23","DIVISION":"Central","CENSUS_TRC":"5050040.00","WARD":"Ward 14 - Somerset","COUNCILLOR":"Ariel Troster","OFF_TYPE":"Criminal"}},{"type":"Feature","id":1541,"geometry":null,"properties":{"OBJECTID":1541,"ID":"852","YEAR":2020,"REP_DATE":"Tue, 10 Nov 2020 00:00:00 GMT","OCC_DATE":"Tue, 10 Nov 2020 00:00:00 GMT","WEEKDAY":"Tuesday","HATE_CRIME":"Sexual Orientation","HC_MOTIVATION":"LGBTQ2+","HC_STATUS":"Hatecrime Happened","OFF_CATEG":"Mischief To Property","NB_NAME_EN":"Hintonburg - Mechanicsville","SECTOR":"Sector 21","DIVISION":"Central","CENSUS_TRC":"5050045.01","WARD":"Ward 15 - Kitchissippi","COUNCILLOR":"Jeff Leiper","OFF_TYPE":"Criminal"}},{"type":"Feature","id":1542,"geometry":null,"properties":{"OBJECTID":1542,"ID":"853","YEAR":2023,"REP_DATE":"Wed, 08 Nov 2023 00:00:00 GMT","OCC_DATE":"Mon, 30 Oct 2023 00:00:00 GMT","WEEKDAY":"Monday","HATE_CRIME":"Religion","HC_MOTIVATION":"Muslim (Islam)","HC_STATUS":"Hatecrime Happened","OFF_CATEG":"Assault Level 1","NB_NAME_EN":"Hintonburg - Mechanicsville","SECTOR":"Sector 21","DIVISION":"Central","CENSUS_TRC":"5050045.01","WARD":"Ward 15 - Kitchissippi","COUNCILLOR":"Jeff Leiper","OFF_TYPE":"Criminal"}},{"type":"Feature","id":1543,"geometry":null,"properties":{"OBJECTID":1543,"ID":"854","YEAR":2024,"REP_DATE":"Mon, 15 Jan 2024 00:00:00 GMT","OCC_DATE":"Thu, 11 Jan 2024 00:00:00 GMT","WEEKDAY":"Thursday","HATE_CRIME":"Race/Ethnicity","HC_MOTIVATION":"Filipino","HC_STATUS":"Hatecrime Happened","OFF_CATEG":"Assault Level 1","NB_NAME_EN":"Hintonburg - Mechanicsville","SECTOR":"Sector 21","DIVISION":"Central","CENSUS_TRC":"5050046.00","WARD":"Ward 15 - Kitchissippi","COUNCILLOR":"Jeff Leiper","OFF_TYPE":"Criminal"}},{"type":"Feature","id":1544,"geometry":null,"properties":{"OBJECTID":1544,"ID":"855","YEAR":2021,"REP_DATE":"Tue, 22 Jun 2021 00:00:00 GMT","OCC_DATE":"Sun, 02 May 2021 00:00:00 GMT","WEEKDAY":"Sunday","HATE_CRIME":"Religion","HC_MOTIVATION":"Catholic","HC_STATUS":"Hatecrime Happened","OFF_CATEG":"Mischief Hate Cultrl/ Rel Prop","NB_NAME_EN":"Centretown","SECTOR":"Sector 23","DIVISION":"Central","CENSUS_TRC":"5050039.00","WARD":"Ward 14 - Somerset","COUNCILLOR":"Ariel Troster","OFF_TYPE":"Criminal"}},{"type":"Feature","id":1545,"geometry":null,"properties":{"OBJECTID":1545,"ID":"856","YEAR":2021,"REP_DATE":"Tue, 22 Jun 2021 00:00:00 GMT","OCC_DATE":"Tue, 27 Apr 2021 00:00:00 GMT","WEEKDAY":"Tuesday","HATE_CRIME":"Religion","HC_MOTIVATION":"Catholic","HC_STATUS":"Hatecrime Happened","OFF_CATEG":"Mischief Hate Cultrl/ Rel Prop","NB_NAME_EN":"Centretown","SECTOR":"Sector 23","DIVISION":"Central","CENSUS_TRC":"5050039.00","WARD":"Ward 14 - Somerset","COUNCILLOR":"Ariel Troster","OFF_TYPE":"Criminal"}},{"type":"Feature","id":1546,"geometry":null,"properties":{"OBJECTID":1546,"ID":"857","YEAR":2021,"REP_DATE":"Tue, 22 Jun 2021 00:00:00 GMT","OCC_DATE":"Thu, 17 Jun 2021 00:00:00 GMT","WEEKDAY":"Thursday","HATE_CRIME":"Religion","HC_MOTIVATION":"Catholic","HC_STATUS":"Hatecrime Happened","OFF_CATEG":"Mischief Hate Cultrl/ Rel Prop","NB_NAME_EN":"Centretown","SECTOR":"Sector 23","DIVISION":"Central","CENSUS_TRC":"5050039.00","WARD":"Ward 14 - Somerset","COUNCILLOR":"Ariel Troster","OFF_TYPE":"Criminal"}},{"type":"Feature","id":1547,"geometry":null,"properties":{"OBJECTID":1547,"ID":"858","YEAR":2021,"REP_DATE":"Tue, 22 Jun 2021 00:00:00 GMT","OCC_DATE":"Tue, 22 Jun 2021 00:00:00 GMT","WEEKDAY":"Tuesday","HATE_CRIME":"Religion","HC_MOTIVATION":"Catholic","HC_STATUS":"Hatecrime Happened","OFF_CATEG":"Mischief Hate Cultrl/ Rel Prop","NB_NAME_EN":"Centretown","SECTOR":"Sector 23","DIVISION":"Central","CENSUS_TRC":"5050039.00","WARD":"Ward 14 - Somerset","COUNCILLOR":"Ariel Troster","OFF_TYPE":"Criminal"}},{"type":"Feature","id":1548,"geometry":null,"properties":{"OBJECTID":1548,"ID":"859","YEAR":2022,"REP_DATE":"Tue, 05 Apr 2022 00:00:00 GMT","OCC_DATE":"Sat, 12 Mar 2022 00:00:00 GMT","WEEKDAY":"Saturday","HATE_CRIME":"Religion","HC_MOTIVATION":"Jewish","HC_STATUS":"Hatecrime Happened","OFF_CATEG":"Public Incitement Of Hatred","NB_NAME_EN":"Centretown","SECTOR":"Sector 23","DIVISION":"Central","CENSUS_TRC":"5050048.00","WARD":"Ward 14 - Somerset","COUNCILLOR":"Ariel Troster","OFF_TYPE":"Criminal"}},{"type":"Feature","id":1549,"geometry":null,"properties":{"OBJECTID":1549,"ID":"860","YEAR":2020,"REP_DATE":"Wed, 01 Apr 2020 00:00:00 GMT","OCC_DATE":"Wed, 01 Apr 2020 00:00:00 GMT","WEEKDAY":"Wednesday","HATE_CRIME":"Race/Ethnicity","HC_MOTIVATION":"East and Southeast Asian","HC_STATUS":"Hatecrime Happened","OFF_CATEG":"Mischief To Property","NB_NAME_EN":"Manotick West","SECTOR":"Sector 12","DIVISION":"West","CENSUS_TRC":"5050201.00","WARD":"Ward 21 - Rideau-Jock","COUNCILLOR":"David Brown","OFF_TYPE":"Criminal"}},{"type":"Feature","id":1550,"geometry":null,"properties":{"OBJECTID":1550,"ID":"861","YEAR":2020,"REP_DATE":"Tue, 14 Jan 2020 00:00:00 GMT","OCC_DATE":"Thu, 02 Jan 2020 00:00:00 GMT","WEEKDAY":"Thursday","HATE_CRIME":"Race/Ethnicity","HC_MOTIVATION":"Other race/ethnicity","HC_STATUS":"Hatecrime Suspected","OFF_CATEG":"Intimidate Justice Participant","NB_NAME_EN":"Centretown","SECTOR":"Sector 23","DIVISION":"Central","CENSUS_TRC":"5050048.00","WARD":"Ward 14 - Somerset","COUNCILLOR":"Ariel Troster","OFF_TYPE":"Criminal"}},{"type":"Feature","id":1551,"geometry":null,"properties":{"OBJECTID":1551,"ID":"862","YEAR":2021,"REP_DATE":"Mon, 15 Nov 2021 00:00:00 GMT","OCC_DATE":"Mon, 15 Nov 2021 00:00:00 GMT","WEEKDAY":"Monday","HATE_CRIME":"Race/Ethnicity","HC_MOTIVATION":"Multiple Races/Ethnicities","HC_STATUS":"Hatecrime Happened","OFF_CATEG":"Mischief To Property","NB_NAME_EN":"Centretown","SECTOR":"Sector 23","DIVISION":"Central","CENSUS_TRC":"5050048.00","WARD":"Ward 14 - Somerset","COUNCILLOR":"Ariel Troster","OFF_TYPE":"Criminal"}},{"type":"Feature","id":1552,"geometry":null,"properties":{"OBJECTID":1552,"ID":"863","YEAR":2021,"REP_DATE":"Tue, 26 Jan 2021 00:00:00 GMT","OCC_DATE":"Tue, 26 Jan 2021 00:00:00 GMT","WEEKDAY":"Tuesday","HATE_CRIME":"Religion","HC_MOTIVATION":"Other Religion","HC_STATUS":"Hatecrime Suspected","OFF_CATEG":"Intimidate Non- Just Particpant","NB_NAME_EN":"Centretown","SECTOR":"Sector 23","DIVISION":"Central","CENSUS_TRC":"5050048.00","WARD":"Ward 14 - Somerset","COUNCILLOR":"Ariel Troster","OFF_TYPE":"Criminal"}},{"type":"Feature","id":1553,"geometry":null,"properties":{"OBJECTID":1553,"ID":"864","YEAR":2021,"REP_DATE":"Tue, 15 Jun 2021 00:00:00 GMT","OCC_DATE":"Tue, 15 Jun 2021 00:00:00 GMT","WEEKDAY":"Tuesday","HATE_CRIME":"Race/Ethnicity","HC_MOTIVATION":"Black","HC_STATUS":"Hatecrime Happened","OFF_CATEG":"Trespass Act","NB_NAME_EN":"Byward Market","SECTOR":"Sector 24","DIVISION":"Central","CENSUS_TRC":"5050054.00","WARD":"Ward 12 - Rideau-Vanier","COUNCILLOR":"Stéphanie Plante","OFF_TYPE":"Non Criminal"}},{"type":"Feature","id":1554,"geometry":null,"properties":{"OBJECTID":1554,"ID":"865","YEAR":2020,"REP_DATE":"Wed, 18 Mar 2020 00:00:00 GMT","OCC_DATE":"Wed, 18 Mar 2020 00:00:00 GMT","WEEKDAY":"Wednesday","HATE_CRIME":"Race/Ethnicity","HC_MOTIVATION":"East and Southeast Asian","HC_STATUS":"Hatecrime Suspected","OFF_CATEG":"Assault Level 1","NB_NAME_EN":"Centretown","SECTOR":"Sector 23","DIVISION":"Central","CENSUS_TRC":"5050042.00","WARD":"Ward 14 - Somerset","COUNCILLOR":"Ariel Troster","OFF_TYPE":"Criminal"}},{"type":"Feature","id":1555,"geometry":null,"properties":{"OBJECTID":1555,"ID":"866","YEAR":2021,"REP_DATE":"Sun, 07 Mar 2021 00:00:00 GMT","OCC_DATE":"Sun, 07 Mar 2021 00:00:00 GMT","WEEKDAY":"Sunday","HATE_CRIME":"Religion","HC_MOTIVATION":"Jewish","HC_STATUS":"Hatecrime Happened","OFF_CATEG":"Mischief To Property","NB_NAME_EN":"Centretown","SECTOR":"Sector 23","DIVISION":"Central","CENSUS_TRC":"5050042.00","WARD":"Ward 14 - Somerset","COUNCILLOR":"Ariel Troster","OFF_TYPE":"Criminal"}},{"type":"Feature","id":1556,"geometry":null,"properties":{"OBJECTID":1556,"ID":"867","YEAR":2021,"REP_DATE":"Sat, 27 Nov 2021 00:00:00 GMT","OCC_DATE":"Sat, 27 Nov 2021 00:00:00 GMT","WEEKDAY":"Saturday","HATE_CRIME":"Race/Ethnicity","HC_MOTIVATION":"South Asian","HC_STATUS":"Hatecrime Suspected","OFF_CATEG":"Assault Level 1","NB_NAME_EN":"Byward Market","SECTOR":"Sector 24","DIVISION":"Central","CENSUS_TRC":"5050054.00","WARD":"Ward 12 - Rideau-Vanier","COUNCILLOR":"Stéphanie Plante","OFF_TYPE":"Criminal"}},{"type":"Feature","id":1557,"geometry":null,"properties":{"OBJECTID":1557,"ID":"868","YEAR":2023,"REP_DATE":"Fri, 13 Oct 2023 00:00:00 GMT","OCC_DATE":"Thu, 12 Oct 2023 00:00:00 GMT","WEEKDAY":"Thursday","HATE_CRIME":"Gender","HC_MOTIVATION":"Woman","HC_STATUS":"Hatecrime Suspected","OFF_CATEG":"Harass Harrassment","NB_NAME_EN":"Centretown","SECTOR":"Sector 23","DIVISION":"Central","CENSUS_TRC":"5050037.01","WARD":"Ward 14 - Somerset","COUNCILLOR":"Ariel Troster","OFF_TYPE":"Non Criminal"}},{"type":"Feature","id":1558,"geometry":null,"properties":{"OBJECTID":1558,"ID":"869","YEAR":2022,"REP_DATE":"Sun, 30 Jan 2022 00:00:00 GMT","OCC_DATE":"Sun, 30 Jan 2022 00:00:00 GMT","WEEKDAY":"Sunday","HATE_CRIME":"Religion","HC_MOTIVATION":"Jewish","HC_STATUS":"Hatecrime Suspected","OFF_CATEG":"Mischief To Property","NB_NAME_EN":"Sandy Hill - Ottawa East","SECTOR":"Sector 24","DIVISION":"Central","CENSUS_TRC":"5050051.00","WARD":"Ward 12 - Rideau-Vanier","COUNCILLOR":"Stéphanie Plante","OFF_TYPE":"Criminal"}},{"type":"Feature","id":1559,"geometry":null,"properties":{"OBJECTID":1559,"ID":"870","YEAR":2020,"REP_DATE":"Fri, 07 Aug 2020 00:00:00 GMT","OCC_DATE":"Fri, 07 Aug 2020 00:00:00 GMT","WEEKDAY":"Friday","HATE_CRIME":"Religion","HC_MOTIVATION":"Muslim (Islam)","HC_STATUS":"Hatecrime Happened","OFF_CATEG":"Mischief To Property","NB_NAME_EN":"Byward Market","SECTOR":"Sector 24","DIVISION":"Central","CENSUS_TRC":"5050054.00","WARD":"Ward 12 - Rideau-Vanier","COUNCILLOR":"Stéphanie Plante","OFF_TYPE":"Criminal"}},{"type":"Feature","id":1560,"geometry":null,"properties":{"OBJECTID":1560,"ID":"871","YEAR":2020,"REP_DATE":"Thu, 30 Jul 2020 00:00:00 GMT","OCC_DATE":"Thu, 30 Jul 2020 00:00:00 GMT","WEEKDAY":"Thursday","HATE_CRIME":"Race/Ethnicity","HC_MOTIVATION":"Black","HC_STATUS":"Hatecrime Suspected","OFF_CATEG":"Threats Utter To Person","NB_NAME_EN":"Byward Market","SECTOR":"Sector 24","DIVISION":"Central","CENSUS_TRC":"5050054.00","WARD":"Ward 12 - Rideau-Vanier","COUNCILLOR":"Stéphanie Plante","OFF_TYPE":"Criminal"}},{"type":"Feature","id":1561,"geometry":null,"properties":{"OBJECTID":1561,"ID":"872","YEAR":2019,"REP_DATE":"Sun, 23 Jun 2019 00:00:00 GMT","OCC_DATE":"Sun, 23 Jun 2019 00:00:00 GMT","WEEKDAY":"Sunday","HATE_CRIME":"Race/Ethnicity","HC_MOTIVATION":"Black","HC_STATUS":"Hatecrime Happened","OFF_CATEG":"Mischief To Property","NB_NAME_EN":"Island Park","SECTOR":"Sector 21","DIVISION":"Central","CENSUS_TRC":"5050044.00","WARD":"Ward 15 - Kitchissippi","COUNCILLOR":"Jeff Leiper","OFF_TYPE":"Criminal"}},{"type":"Feature","id":1562,"geometry":null,"properties":{"OBJECTID":1562,"ID":"873","YEAR":2023,"REP_DATE":"Wed, 23 Aug 2023 00:00:00 GMT","OCC_DATE":"Sat, 19 Aug 2023 00:00:00 GMT","WEEKDAY":"Saturday","HATE_CRIME":"Race/Ethnicity","HC_MOTIVATION":"Arab(West Asian,Middle Eastern and North African origins)","HC_STATUS":"Hatecrime Happened","OFF_CATEG":"Dispute- Disturbance","NB_NAME_EN":"Byward Market","SECTOR":"Sector 24","DIVISION":"Central","CENSUS_TRC":"5050055.00","WARD":"Ward 12 - Rideau-Vanier","COUNCILLOR":"Stéphanie Plante","OFF_TYPE":"Non Criminal"}},{"type":"Feature","id":1563,"geometry":null,"properties":{"OBJECTID":1563,"ID":"874","YEAR":2020,"REP_DATE":"Thu, 08 Oct 2020 00:00:00 GMT","OCC_DATE":"Thu, 08 Oct 2020 00:00:00 GMT","WEEKDAY":"Thursday","HATE_CRIME":"Race/Ethnicity","HC_MOTIVATION":"Black","HC_STATUS":"Hatecrime Happened","OFF_CATEG":"Mischief To Property","NB_NAME_EN":"Centretown","SECTOR":"Sector 23","DIVISION":"Central","CENSUS_TRC":"5050040.00","WARD":"Ward 14 - Somerset","COUNCILLOR":"Ariel Troster","OFF_TYPE":"Criminal"}},{"type":"Feature","id":1564,"geometry":null,"properties":{"OBJECTID":1564,"ID":"875","YEAR":2022,"REP_DATE":"Fri, 11 Feb 2022 00:00:00 GMT","OCC_DATE":"Fri, 11 Feb 2022 00:00:00 GMT","WEEKDAY":"Friday","HATE_CRIME":"Religion","HC_MOTIVATION":"Other Religion","HC_STATUS":"Hatecrime Happened","OFF_CATEG":"Wilful Promotion Of Hatred","NB_NAME_EN":"Centretown","SECTOR":"Sector 23","DIVISION":"Central","CENSUS_TRC":"5050039.00","WARD":"Ward 14 - Somerset","COUNCILLOR":"Ariel Troster","OFF_TYPE":"Criminal"}},{"type":"Feature","id":1565,"geometry":null,"properties":{"OBJECTID":1565,"ID":"876","YEAR":2023,"REP_DATE":"Sat, 23 Dec 2023 00:00:00 GMT","OCC_DATE":"Fri, 22 Dec 2023 00:00:00 GMT","WEEKDAY":"Friday","HATE_CRIME":"Religion","HC_MOTIVATION":"Jewish","HC_STATUS":"Hatecrime Happened","OFF_CATEG":"Mischief To Property","NB_NAME_EN":"Centretown","SECTOR":"Sector 23","DIVISION":"Central","CENSUS_TRC":"5050038.00","WARD":"Ward 14 - Somerset","COUNCILLOR":"Ariel Troster","OFF_TYPE":"Criminal"}},{"type":"Feature","id":1566,"geometry":null,"properties":{"OBJECTID":1566,"ID":"877","YEAR":2019,"REP_DATE":"Fri, 25 Oct 2019 00:00:00 GMT","OCC_DATE":"Fri, 25 Oct 2019 00:00:00 GMT","WEEKDAY":"Friday","HATE_CRIME":"Religion","HC_MOTIVATION":"Jewish","HC_STATUS":"Hatecrime Happened","OFF_CATEG":"Mischief To Property","NB_NAME_EN":"Centretown","SECTOR":"Sector 23","DIVISION":"Central","CENSUS_TRC":"5050048.00","WARD":"Ward 14 - Somerset","COUNCILLOR":"Ariel Troster","OFF_TYPE":"Criminal"}},{"type":"Feature","id":1567,"geometry":null,"properties":{"OBJECTID":1567,"ID":"878","YEAR":2021,"REP_DATE":"Fri, 04 Jun 2021 00:00:00 GMT","OCC_DATE":"Fri, 04 Jun 2021 00:00:00 GMT","WEEKDAY":"Friday","HATE_CRIME":"Race/Ethnicity","HC_MOTIVATION":"East and Southeast Asian","HC_STATUS":"Hatecrime Suspected","OFF_CATEG":"Mischief To Property","NB_NAME_EN":"Riverside Park","SECTOR":"Sector 34","DIVISION":"East","CENSUS_TRC":"5050003.00","WARD":"Ward 16 - River","COUNCILLOR":"Riley Brockington","OFF_TYPE":"Criminal"}},{"type":"Feature","id":1568,"geometry":null,"properties":{"OBJECTID":1568,"ID":"879","YEAR":2019,"REP_DATE":"Mon, 02 Sep 2019 00:00:00 GMT","OCC_DATE":"Mon, 02 Sep 2019 00:00:00 GMT","WEEKDAY":"Monday","HATE_CRIME":"Religion","HC_MOTIVATION":"Jewish","HC_STATUS":"Hatecrime Happened","OFF_CATEG":"Mischief To Property","NB_NAME_EN":"Civic Hospital-Central Park","SECTOR":"Sector 21","DIVISION":"Central","CENSUS_TRC":"5050034.00","WARD":"Ward 15 - Kitchissippi","COUNCILLOR":"Jeff Leiper","OFF_TYPE":"Criminal"}},{"type":"Feature","id":1569,"geometry":null,"properties":{"OBJECTID":1569,"ID":"880","YEAR":2020,"REP_DATE":"Thu, 30 Apr 2020 00:00:00 GMT","OCC_DATE":"Tue, 28 Apr 2020 00:00:00 GMT","WEEKDAY":"Tuesday","HATE_CRIME":"Race/Ethnicity","HC_MOTIVATION":"East and Southeast Asian","HC_STATUS":"Hatecrime Happened","OFF_CATEG":"Threats Utter To Person","NB_NAME_EN":"Centretown","SECTOR":"Sector 23","DIVISION":"Central","CENSUS_TRC":"5050048.00","WARD":"Ward 14 - Somerset","COUNCILLOR":"Ariel Troster","OFF_TYPE":"Criminal"}},{"type":"Feature","id":1570,"geometry":null,"properties":{"OBJECTID":1570,"ID":"881","YEAR":2018,"REP_DATE":"Thu, 13 Sep 2018 00:00:00 GMT","OCC_DATE":"Thu, 13 Sep 2018 00:00:00 GMT","WEEKDAY":"Thursday","HATE_CRIME":"Race/Ethnicity","HC_MOTIVATION":"Arab(West Asian,Middle Eastern and North African origins)","HC_STATUS":"Hatecrime Suspected","OFF_CATEG":"Robbery ( Personal- 1 Suspect)","NB_NAME_EN":"Centretown","SECTOR":"Sector 23","DIVISION":"Central","CENSUS_TRC":"5050048.00","WARD":"Ward 14 - Somerset","COUNCILLOR":"Ariel Troster","OFF_TYPE":"Criminal"}},{"type":"Feature","id":1571,"geometry":null,"properties":{"OBJECTID":1571,"ID":"882","YEAR":2023,"REP_DATE":"Sat, 23 Dec 2023 00:00:00 GMT","OCC_DATE":"Fri, 22 Dec 2023 00:00:00 GMT","WEEKDAY":"Friday","HATE_CRIME":"Religion","HC_MOTIVATION":"Jewish","HC_STATUS":"Hatecrime Happened","OFF_CATEG":"Mischief To Property","NB_NAME_EN":"Centretown","SECTOR":"Sector 23","DIVISION":"Central","CENSUS_TRC":"5050037.01","WARD":"Ward 14 - Somerset","COUNCILLOR":"Ariel Troster","OFF_TYPE":"Criminal"}},{"type":"Feature","id":1572,"geometry":null,"properties":{"OBJECTID":1572,"ID":"883","YEAR":2021,"REP_DATE":"Tue, 04 May 2021 00:00:00 GMT","OCC_DATE":"Tue, 04 May 2021 00:00:00 GMT","WEEKDAY":"Tuesday","HATE_CRIME":"Race/Ethnicity","HC_MOTIVATION":"East and Southeast Asian","HC_STATUS":"Hatecrime Suspected","OFF_CATEG":"Mischief To Property","NB_NAME_EN":"Civic Hospital-Central Park","SECTOR":"Sector 21","DIVISION":"Central","CENSUS_TRC":"5050034.00","WARD":"Ward 15 - Kitchissippi","COUNCILLOR":"Jeff Leiper","OFF_TYPE":"Criminal"}},{"type":"Feature","id":1573,"geometry":null,"properties":{"OBJECTID":1573,"ID":"884","YEAR":2020,"REP_DATE":"Wed, 01 Jul 2020 00:00:00 GMT","OCC_DATE":"Wed, 01 Jul 2020 00:00:00 GMT","WEEKDAY":"Wednesday","HATE_CRIME":"Race/Ethnicity","HC_MOTIVATION":"Black","HC_STATUS":"Hatecrime Happened","OFF_CATEG":"Mischief To Property","NB_NAME_EN":"Hintonburg - Mechanicsville","SECTOR":"Sector 21","DIVISION":"Central","CENSUS_TRC":"5050046.00","WARD":"Ward 15 - Kitchissippi","COUNCILLOR":"Jeff Leiper","OFF_TYPE":"Criminal"}},{"type":"Feature","id":1574,"geometry":null,"properties":{"OBJECTID":1574,"ID":"885","YEAR":2022,"REP_DATE":"Sat, 04 Jun 2022 00:00:00 GMT","OCC_DATE":"Sat, 04 Jun 2022 00:00:00 GMT","WEEKDAY":"Saturday","HATE_CRIME":"Race/Ethnicity","HC_MOTIVATION":"Black","HC_STATUS":"Hatecrime Happened","OFF_CATEG":"Weapon Possess Dangerous","NB_NAME_EN":"West Centertown","SECTOR":"Sector 22","DIVISION":"Central","CENSUS_TRC":"5050035.00","WARD":"Ward 17 - Capital","COUNCILLOR":"Shawn Menard","OFF_TYPE":"Criminal"}},{"type":"Feature","id":1575,"geometry":null,"properties":{"OBJECTID":1575,"ID":"886","YEAR":2023,"REP_DATE":"Wed, 26 Jul 2023 00:00:00 GMT","OCC_DATE":"Tue, 25 Jul 2023 00:00:00 GMT","WEEKDAY":"Tuesday","HATE_CRIME":"Sexual Orientation","HC_MOTIVATION":"LGBTQ2+","HC_STATUS":"Hatecrime Suspected","OFF_CATEG":"Mischief Wilfully Cause","NB_NAME_EN":"Centretown","SECTOR":"Sector 23","DIVISION":"Central","CENSUS_TRC":"5050040.00","WARD":"Ward 14 - Somerset","COUNCILLOR":"Ariel Troster","OFF_TYPE":"Criminal"}},{"type":"Feature","id":1576,"geometry":null,"properties":{"OBJECTID":1576,"ID":"887","YEAR":2021,"REP_DATE":"Wed, 20 Jan 2021 00:00:00 GMT","OCC_DATE":"Wed, 20 Jan 2021 00:00:00 GMT","WEEKDAY":"Wednesday","HATE_CRIME":"Race/Ethnicity","HC_MOTIVATION":"Black","HC_STATUS":"Hatecrime Suspected","OFF_CATEG":"Mischief To Property","NB_NAME_EN":"Centretown","SECTOR":"Sector 23","DIVISION":"Central","CENSUS_TRC":"5050038.00","WARD":"Ward 14 - Somerset","COUNCILLOR":"Ariel Troster","OFF_TYPE":"Criminal"}},{"type":"Feature","id":1577,"geometry":null,"properties":{"OBJECTID":1577,"ID":"888","YEAR":2022,"REP_DATE":"Sat, 12 Feb 2022 00:00:00 GMT","OCC_DATE":"Sat, 12 Feb 2022 00:00:00 GMT","WEEKDAY":"Saturday","HATE_CRIME":"Race/Ethnicity","HC_MOTIVATION":"Arab(West Asian,Middle Eastern and North African origins)","HC_STATUS":"Hatecrime Suspected","OFF_CATEG":"Assault Level 1","NB_NAME_EN":"Ottawa South","SECTOR":"Sector 22","DIVISION":"Central","CENSUS_TRC":"5050016.00","WARD":"Ward 17 - Capital","COUNCILLOR":"Shawn Menard","OFF_TYPE":"Criminal"}},{"type":"Feature","id":1578,"geometry":null,"properties":{"OBJECTID":1578,"ID":"889","YEAR":2023,"REP_DATE":"Thu, 21 Sep 2023 00:00:00 GMT","OCC_DATE":"Thu, 21 Sep 2023 00:00:00 GMT","WEEKDAY":"Thursday","HATE_CRIME":"Sexual Orientation","HC_MOTIVATION":"LGBTQ2+","HC_STATUS":"Hatecrime Happened","OFF_CATEG":"Traffic Dangerous Driving Hta","NB_NAME_EN":"Glebe - Dows Lake","SECTOR":"Sector 22","DIVISION":"Central","CENSUS_TRC":"5050035.00","WARD":"Ward 17 - Capital","COUNCILLOR":"Shawn Menard","OFF_TYPE":"Non Criminal"}},{"type":"Feature","id":1579,"geometry":null,"properties":{"OBJECTID":1579,"ID":"890","YEAR":2023,"REP_DATE":"Wed, 13 Sep 2023 00:00:00 GMT","OCC_DATE":"Tue, 12 Sep 2023 00:00:00 GMT","WEEKDAY":"Tuesday","HATE_CRIME":"Gender","HC_MOTIVATION":"LGBTQ2+","HC_STATUS":"Hatecrime Happened","OFF_CATEG":"Suspicious Circumstance( S)","NB_NAME_EN":"Carleton Heights - Rideauview","SECTOR":"Sector 17","DIVISION":"West","CENSUS_TRC":"5050020.02","WARD":"Ward 16 - River","COUNCILLOR":"Riley Brockington","OFF_TYPE":"Non Criminal"}},{"type":"Feature","id":1580,"geometry":null,"properties":{"OBJECTID":1580,"ID":"891","YEAR":2021,"REP_DATE":"Fri, 18 Jun 2021 00:00:00 GMT","OCC_DATE":"Fri, 18 Jun 2021 00:00:00 GMT","WEEKDAY":"Friday","HATE_CRIME":"Religion","HC_MOTIVATION":"Jewish","HC_STATUS":"Hatecrime Happened","OFF_CATEG":"Mischief To Property","NB_NAME_EN":"Rockcliffe - Manor Park","SECTOR":"Sector 25","DIVISION":"Central","CENSUS_TRC":"5050110.00","WARD":"Ward 13 - Rideau-Rockcliffe","COUNCILLOR":"Rawlson King","OFF_TYPE":"Criminal"}},{"type":"Feature","id":1581,"geometry":null,"properties":{"OBJECTID":1581,"ID":"892","YEAR":2019,"REP_DATE":"Mon, 13 May 2019 00:00:00 GMT","OCC_DATE":"Mon, 13 May 2019 00:00:00 GMT","WEEKDAY":"Monday","HATE_CRIME":"Religion","HC_MOTIVATION":"Catholic","HC_STATUS":"Hatecrime Happened","OFF_CATEG":"Mischief Hate Cultrl/ Rel Prop","NB_NAME_EN":"Lowertown","SECTOR":"Sector 24","DIVISION":"Central","CENSUS_TRC":"5050056.00","WARD":"Ward 12 - Rideau-Vanier","COUNCILLOR":"Stéphanie Plante","OFF_TYPE":"Criminal"}},{"type":"Feature","id":1582,"geometry":null,"properties":{"OBJECTID":1582,"ID":"893","YEAR":2022,"REP_DATE":"Sun, 18 Sep 2022 00:00:00 GMT","OCC_DATE":"Fri, 26 Aug 2022 00:00:00 GMT","WEEKDAY":"Friday","HATE_CRIME":"Race/Ethnicity","HC_MOTIVATION":"Other race/ethnicity","HC_STATUS":"Hatecrime Happened","OFF_CATEG":"Mischief To Property","NB_NAME_EN":"Byward Market","SECTOR":"Sector 24","DIVISION":"Central","CENSUS_TRC":"5050054.00","WARD":"Ward 12 - Rideau-Vanier","COUNCILLOR":"Stéphanie Plante","OFF_TYPE":"Criminal"}},{"type":"Feature","id":1583,"geometry":null,"properties":{"OBJECTID":1583,"ID":"894","YEAR":2023,"REP_DATE":"Wed, 27 Sep 2023 00:00:00 GMT","OCC_DATE":"Wed, 27 Sep 2023 00:00:00 GMT","WEEKDAY":"Wednesday","HATE_CRIME":"Sexual Orientation","HC_MOTIVATION":"LGBTQ2+","HC_STATUS":"Hatecrime Happened","OFF_CATEG":"Harass Crim Stalking","NB_NAME_EN":"Centretown","SECTOR":"Sector 23","DIVISION":"Central","CENSUS_TRC":"5050048.00","WARD":"Ward 14 - Somerset","COUNCILLOR":"Ariel Troster","OFF_TYPE":"Criminal"}},{"type":"Feature","id":1584,"geometry":null,"properties":{"OBJECTID":1584,"ID":"895","YEAR":2023,"REP_DATE":"Wed, 05 Apr 2023 00:00:00 GMT","OCC_DATE":"Thu, 30 Mar 2023 00:00:00 GMT","WEEKDAY":"Thursday","HATE_CRIME":"Race/Ethnicity","HC_MOTIVATION":"Chinese","HC_STATUS":"Hatecrime Happened","OFF_CATEG":"Threats Utter To Person","NB_NAME_EN":"Centretown","SECTOR":"Sector 23","DIVISION":"Central","CENSUS_TRC":"5050048.00","WARD":"Ward 14 - Somerset","COUNCILLOR":"Ariel Troster","OFF_TYPE":"Criminal"}},{"type":"Feature","id":1585,"geometry":null,"properties":{"OBJECTID":1585,"ID":"896","YEAR":2022,"REP_DATE":"Thu, 29 Sep 2022 00:00:00 GMT","OCC_DATE":"Thu, 29 Sep 2022 00:00:00 GMT","WEEKDAY":"Thursday","HATE_CRIME":"Religion","HC_MOTIVATION":"Jewish","HC_STATUS":"Hatecrime Suspected","OFF_CATEG":"Mischief Hate Cultrl/ Rel Prop","NB_NAME_EN":"Ottawa East","SECTOR":"Sector 22","DIVISION":"Central","CENSUS_TRC":"5050015.00","WARD":"Ward 17 - Capital","COUNCILLOR":"Shawn Menard","OFF_TYPE":"Criminal"}},{"type":"Feature","id":1586,"geometry":null,"properties":{"OBJECTID":1586,"ID":"897","YEAR":2019,"REP_DATE":"Fri, 22 Nov 2019 00:00:00 GMT","OCC_DATE":"Thu, 21 Nov 2019 00:00:00 GMT","WEEKDAY":"Thursday","HATE_CRIME":"Sexual Orientation","HC_MOTIVATION":"LGBTQ2+","HC_STATUS":"Hatecrime Happened","OFF_CATEG":"Assault Level 1","NB_NAME_EN":"Riverside South - Leitrim","SECTOR":"Sector 35","DIVISION":"East","CENSUS_TRC":"5050126.05","WARD":"Ward 22 - Riverside South-Findlay Creek","COUNCILLOR":"Steve Desroches","OFF_TYPE":"Criminal"}},{"type":"Feature","id":1587,"geometry":null,"properties":{"OBJECTID":1587,"ID":"898","YEAR":2020,"REP_DATE":"Fri, 29 May 2020 00:00:00 GMT","OCC_DATE":"Fri, 29 May 2020 00:00:00 GMT","WEEKDAY":"Friday","HATE_CRIME":"Religion","HC_MOTIVATION":"Jewish","HC_STATUS":"Hatecrime Happened","OFF_CATEG":"Mischief To Property","NB_NAME_EN":"Centretown","SECTOR":"Sector 23","DIVISION":"Central","CENSUS_TRC":"5050037.01","WARD":"Ward 14 - Somerset","COUNCILLOR":"Ariel Troster","OFF_TYPE":"Criminal"}},{"type":"Feature","id":1588,"geometry":null,"properties":{"OBJECTID":1588,"ID":"899","YEAR":2022,"REP_DATE":"Mon, 26 Sep 2022 00:00:00 GMT","OCC_DATE":"Mon, 19 Sep 2022 00:00:00 GMT","WEEKDAY":"Monday","HATE_CRIME":"Race/Ethnicity","HC_MOTIVATION":"Arab(West Asian,Middle Eastern and North African origins)","HC_STATUS":"Hatecrime Suspected","OFF_CATEG":"Theft \u003c Shoplifting","NB_NAME_EN":"Centretown","SECTOR":"Sector 23","DIVISION":"Central","CENSUS_TRC":"5050037.01","WARD":"Ward 14 - Somerset","COUNCILLOR":"Ariel Troster","OFF_TYPE":"Criminal"}},{"type":"Feature","id":1589,"geometry":null,"properties":{"OBJECTID":1589,"ID":"900","YEAR":2023,"REP_DATE":"Fri, 22 Dec 2023 00:00:00 GMT","OCC_DATE":"Fri, 22 Dec 2023 00:00:00 GMT","WEEKDAY":"Friday","HATE_CRIME":"Religion","HC_MOTIVATION":"Jewish","HC_STATUS":"Hatecrime Happened","OFF_CATEG":"Information ( General)","NB_NAME_EN":"Centretown","SECTOR":"Sector 23","DIVISION":"Central","CENSUS_TRC":"5050037.01","WARD":"Ward 14 - Somerset","COUNCILLOR":"Ariel Troster","OFF_TYPE":"Non Criminal"}},{"type":"Feature","id":1590,"geometry":null,"properties":{"OBJECTID":1590,"ID":"901","YEAR":2023,"REP_DATE":"Sat, 23 Dec 2023 00:00:00 GMT","OCC_DATE":"Fri, 22 Dec 2023 00:00:00 GMT","WEEKDAY":"Friday","HATE_CRIME":"Religion","HC_MOTIVATION":"Jewish","HC_STATUS":"Hatecrime Happened","OFF_CATEG":"Breach Undertaking/ Recog/ Fta","NB_NAME_EN":"Centretown","SECTOR":"Sector 23","DIVISION":"Central","CENSUS_TRC":"5050037.01","WARD":"Ward 14 - Somerset","COUNCILLOR":"Ariel Troster","OFF_TYPE":"Criminal"}},{"type":"Feature","id":1591,"geometry":null,"properties":{"OBJECTID":1591,"ID":"902","YEAR":2023,"REP_DATE":"Sun, 29 Oct 2023 00:00:00 GMT","OCC_DATE":"Sun, 29 Oct 2023 00:00:00 GMT","WEEKDAY":"Sunday","HATE_CRIME":"Combination (More than 2 Motivations)","HC_MOTIVATION":"Combination (More than 2 Motivations)","HC_STATUS":"Hatecrime Happened","OFF_CATEG":"Breach Probation","NB_NAME_EN":"Centretown","SECTOR":"Sector 23","DIVISION":"Central","CENSUS_TRC":"5050037.01","WARD":"Ward 14 - Somerset","COUNCILLOR":"Ariel Troster","OFF_TYPE":"Criminal"}},{"type":"Feature","id":1592,"geometry":null,"properties":{"OBJECTID":1592,"ID":"903","YEAR":2019,"REP_DATE":"Sat, 16 Mar 2019 00:00:00 GMT","OCC_DATE":"Wed, 13 Mar 2019 00:00:00 GMT","WEEKDAY":"Wednesday","HATE_CRIME":"Religion","HC_MOTIVATION":"Muslim (Islam)","HC_STATUS":"Hatecrime Suspected","OFF_CATEG":"Threats Utter To Person","NB_NAME_EN":"Lowertown","SECTOR":"Sector 24","DIVISION":"Central","CENSUS_TRC":"5050056.00","WARD":"Ward 12 - Rideau-Vanier","COUNCILLOR":"Stéphanie Plante","OFF_TYPE":"Criminal"}},{"type":"Feature","id":1593,"geometry":null,"properties":{"OBJECTID":1593,"ID":"904","YEAR":2022,"REP_DATE":"Thu, 10 Feb 2022 00:00:00 GMT","OCC_DATE":"Thu, 10 Feb 2022 00:00:00 GMT","WEEKDAY":"Thursday","HATE_CRIME":"Race/Ethnicity","HC_MOTIVATION":"Arab(West Asian,Middle Eastern and North African origins)","HC_STATUS":"Hatecrime Happened","OFF_CATEG":"Threats Utter To Person","NB_NAME_EN":"Centretown","SECTOR":"Sector 23","DIVISION":"Central","CENSUS_TRC":"5050048.00","WARD":"Ward 14 - Somerset","COUNCILLOR":"Ariel Troster","OFF_TYPE":"Criminal"}},{"type":"Feature","id":1594,"geometry":null,"properties":{"OBJECTID":1594,"ID":"905","YEAR":2023,"REP_DATE":"Sat, 10 Jun 2023 00:00:00 GMT","OCC_DATE":"Sat, 10 Jun 2023 00:00:00 GMT","WEEKDAY":"Saturday","HATE_CRIME":"Sexual Orientation","HC_MOTIVATION":"LGBTQ2+","HC_STATUS":"Hatecrime Suspected","OFF_CATEG":"Threats Utter To Person","NB_NAME_EN":"Centretown","SECTOR":"Sector 23","DIVISION":"Central","CENSUS_TRC":"5050048.00","WARD":"Ward 14 - Somerset","COUNCILLOR":"Ariel Troster","OFF_TYPE":"Criminal"}},{"type":"Feature","id":1595,"geometry":null,"properties":{"OBJECTID":1595,"ID":"906","YEAR":2021,"REP_DATE":"Fri, 20 Aug 2021 00:00:00 GMT","OCC_DATE":"Fri, 20 Aug 2021 00:00:00 GMT","WEEKDAY":"Friday","HATE_CRIME":"Race/Ethnicity","HC_MOTIVATION":"White","HC_STATUS":"Hatecrime Suspected","OFF_CATEG":"Information ( General)","NB_NAME_EN":"Byward Market","SECTOR":"Sector 24","DIVISION":"Central","CENSUS_TRC":"5050054.00","WARD":"Ward 12 - Rideau-Vanier","COUNCILLOR":"Stéphanie Plante","OFF_TYPE":"Non Criminal"}},{"type":"Feature","id":1596,"geometry":null,"properties":{"OBJECTID":1596,"ID":"907","YEAR":2023,"REP_DATE":"Sat, 13 May 2023 00:00:00 GMT","OCC_DATE":"Fri, 05 May 2023 00:00:00 GMT","WEEKDAY":"Friday","HATE_CRIME":"Race/Ethnicity","HC_MOTIVATION":"Chinese","HC_STATUS":"Hatecrime Suspected","OFF_CATEG":"Mischief To Property","NB_NAME_EN":"New Barrhaven - New Development - Stonebridge","SECTOR":"Sector 16","DIVISION":"West","CENSUS_TRC":"5050141.26","WARD":"Ward 3 - Barrhaven West","COUNCILLOR":"David Hill","OFF_TYPE":"Criminal"}},{"type":"Feature","id":1597,"geometry":null,"properties":{"OBJECTID":1597,"ID":"908","YEAR":2022,"REP_DATE":"Sun, 21 Aug 2022 00:00:00 GMT","OCC_DATE":"Sun, 21 Aug 2022 00:00:00 GMT","WEEKDAY":"Sunday","HATE_CRIME":"Sexual Orientation","HC_MOTIVATION":"LGBTQ2+","HC_STATUS":"Hatecrime Suspected","OFF_CATEG":"Threats Utter To Person","NB_NAME_EN":"Hunt Club Woods - Quintarra - Revelstoke","SECTOR":"Sector 35","DIVISION":"East","CENSUS_TRC":"5050002.01","WARD":"Ward 16 - River","COUNCILLOR":"Riley Brockington","OFF_TYPE":"Criminal"}},{"type":"Feature","id":1598,"geometry":null,"properties":{"OBJECTID":1598,"ID":"909","YEAR":2022,"REP_DATE":"Tue, 01 Nov 2022 00:00:00 GMT","OCC_DATE":"Mon, 31 Oct 2022 00:00:00 GMT","WEEKDAY":"Monday","HATE_CRIME":"Race/Ethnicity","HC_MOTIVATION":"Black","HC_STATUS":"Hatecrime Happened","OFF_CATEG":"Mischief To Property","NB_NAME_EN":"Glebe - Dows Lake","SECTOR":"Sector 22","DIVISION":"Central","CENSUS_TRC":"5050019.00","WARD":"Ward 17 - Capital","COUNCILLOR":"Shawn Menard","OFF_TYPE":"Criminal"}},{"type":"Feature","id":1599,"geometry":null,"properties":{"OBJECTID":1599,"ID":"910","YEAR":2022,"REP_DATE":"Thu, 08 Sep 2022 00:00:00 GMT","OCC_DATE":"Sun, 21 Aug 2022 00:00:00 GMT","WEEKDAY":"Sunday","HATE_CRIME":"Religion","HC_MOTIVATION":"Jewish","HC_STATUS":"Hatecrime Suspected","OFF_CATEG":"Harass Crim Stalking","NB_NAME_EN":"Glebe - Dows Lake","SECTOR":"Sector 22","DIVISION":"Central","CENSUS_TRC":"5050018.00","WARD":"Ward 17 - Capital","COUNCILLOR":"Shawn Menard","OFF_TYPE":"Criminal"}},{"type":"Feature","id":1600,"geometry":null,"properties":{"OBJECTID":1600,"ID":"911","YEAR":2022,"REP_DATE":"Fri, 14 Oct 2022 00:00:00 GMT","OCC_DATE":"Fri, 14 Oct 2022 00:00:00 GMT","WEEKDAY":"Friday","HATE_CRIME":"Religion","HC_MOTIVATION":"Jewish","HC_STATUS":"Hatecrime Suspected","OFF_CATEG":"Harass Communications","NB_NAME_EN":"Glebe - Dows Lake","SECTOR":"Sector 22","DIVISION":"Central","CENSUS_TRC":"5050018.00","WARD":"Ward 17 - Capital","COUNCILLOR":"Shawn Menard","OFF_TYPE":"Criminal"}},{"type":"Feature","id":1601,"geometry":null,"properties":{"OBJECTID":1601,"ID":"912","YEAR":2022,"REP_DATE":"Thu, 08 Sep 2022 00:00:00 GMT","OCC_DATE":"Thu, 08 Sep 2022 00:00:00 GMT","WEEKDAY":"Thursday","HATE_CRIME":"Gender","HC_MOTIVATION":"Woman","HC_STATUS":"Hatecrime Suspected","OFF_CATEG":"Threats Utter To Person","NB_NAME_EN":"Glebe - Dows Lake","SECTOR":"Sector 22","DIVISION":"Central","CENSUS_TRC":"5050018.00","WARD":"Ward 17 - Capital","COUNCILLOR":"Shawn Menard","OFF_TYPE":"Criminal"}},{"type":"Feature","id":1602,"geometry":null,"properties":{"OBJECTID":1602,"ID":"913","YEAR":2021,"REP_DATE":"Thu, 18 Mar 2021 00:00:00 GMT","OCC_DATE":"Thu, 18 Mar 2021 00:00:00 GMT","WEEKDAY":"Thursday","HATE_CRIME":"Gender","HC_MOTIVATION":"Woman","HC_STATUS":"Hatecrime Suspected","OFF_CATEG":"Suspicious Circumstance( S)","NB_NAME_EN":"Glebe - Dows Lake","SECTOR":"Sector 22","DIVISION":"Central","CENSUS_TRC":"5050018.00","WARD":"Ward 17 - Capital","COUNCILLOR":"Shawn Menard","OFF_TYPE":"Non Criminal"}},{"type":"Feature","id":1603,"geometry":null,"properties":{"OBJECTID":1603,"ID":"914","YEAR":2022,"REP_DATE":"Thu, 08 Sep 2022 00:00:00 GMT","OCC_DATE":"Thu, 08 Sep 2022 00:00:00 GMT","WEEKDAY":"Thursday","HATE_CRIME":"Religion","HC_MOTIVATION":"Jewish","HC_STATUS":"Hatecrime Happened","OFF_CATEG":"Harass Crim Stalking","NB_NAME_EN":"Glebe - Dows Lake","SECTOR":"Sector 22","DIVISION":"Central","CENSUS_TRC":"5050018.00","WARD":"Ward 17 - Capital","COUNCILLOR":"Shawn Menard","OFF_TYPE":"Criminal"}},{"type":"Feature","id":1604,"geometry":null,"properties":{"OBJECTID":1604,"ID":"915","YEAR":2022,"REP_DATE":"Tue, 23 Aug 2022 00:00:00 GMT","OCC_DATE":"Sun, 21 Aug 2022 00:00:00 GMT","WEEKDAY":"Sunday","HATE_CRIME":"Religion","HC_MOTIVATION":"Jewish","HC_STATUS":"Hatecrime Happened","OFF_CATEG":"Harass Communications","NB_NAME_EN":"Glebe - Dows Lake","SECTOR":"Sector 22","DIVISION":"Central","CENSUS_TRC":"5050018.00","WARD":"Ward 17 - Capital","COUNCILLOR":"Shawn Menard","OFF_TYPE":"Criminal"}},{"type":"Feature","id":1605,"geometry":null,"properties":{"OBJECTID":1605,"ID":"916","YEAR":2020,"REP_DATE":"Tue, 12 May 2020 00:00:00 GMT","OCC_DATE":"Thu, 07 May 2020 00:00:00 GMT","WEEKDAY":"Thursday","HATE_CRIME":"Religion","HC_MOTIVATION":"Catholic","HC_STATUS":"Hatecrime Happened","OFF_CATEG":"Mischief Hate Cultrl/ Rel Prop","NB_NAME_EN":"Merivale Gardens - Grenfell Glen - Pineglen - Country Place","SECTOR":"Sector 17","DIVISION":"West","CENSUS_TRC":"5050130.01","WARD":"Ward 9 - Knoxdale-Merivale","COUNCILLOR":"Sean Devine","OFF_TYPE":"Criminal"}},{"type":"Feature","id":1606,"geometry":null,"properties":{"OBJECTID":1606,"ID":"917","YEAR":2023,"REP_DATE":"Mon, 19 Jun 2023 00:00:00 GMT","OCC_DATE":"Mon, 19 Jun 2023 00:00:00 GMT","WEEKDAY":"Monday","HATE_CRIME":"Sexual Orientation","HC_MOTIVATION":"LGBTQ2+","HC_STATUS":"Hatecrime Happened","OFF_CATEG":"Threats Utter To Person","NB_NAME_EN":"Borden Farm - Stewart Farm - Parkwood Hills - Fisher Glen","SECTOR":"Sector 17","DIVISION":"West","CENSUS_TRC":"5050131.01","WARD":"Ward 9 - Knoxdale-Merivale","COUNCILLOR":"Sean Devine","OFF_TYPE":"Criminal"}},{"type":"Feature","id":1607,"geometry":null,"properties":{"OBJECTID":1607,"ID":"918","YEAR":2023,"REP_DATE":"Thu, 16 Nov 2023 00:00:00 GMT","OCC_DATE":"Thu, 16 Nov 2023 00:00:00 GMT","WEEKDAY":"Thursday","HATE_CRIME":"Religion","HC_MOTIVATION":"Jewish","HC_STATUS":"Hatecrime Happened","OFF_CATEG":"Mischief To Property","NB_NAME_EN":"Borden Farm - Stewart Farm - Parkwood Hills - Fisher Glen","SECTOR":"Sector 17","DIVISION":"West","CENSUS_TRC":"5050131.01","WARD":"Ward 9 - Knoxdale-Merivale","COUNCILLOR":"Sean Devine","OFF_TYPE":"Criminal"}},{"type":"Feature","id":1608,"geometry":null,"properties":{"OBJECTID":1608,"ID":"919","YEAR":2019,"REP_DATE":"Fri, 26 Jul 2019 00:00:00 GMT","OCC_DATE":"Wed, 24 Jul 2019 00:00:00 GMT","WEEKDAY":"Wednesday","HATE_CRIME":"Race/Ethnicity","HC_MOTIVATION":"Black","HC_STATUS":"Hatecrime Suspected","OFF_CATEG":"Mischief To Property","NB_NAME_EN":"Byward Market","SECTOR":"Sector 24","DIVISION":"Central","CENSUS_TRC":"5050054.00","WARD":"Ward 12 - Rideau-Vanier","COUNCILLOR":"Stéphanie Plante","OFF_TYPE":"Criminal"}},{"type":"Feature","id":1609,"geometry":null,"properties":{"OBJECTID":1609,"ID":"920","YEAR":2023,"REP_DATE":"Sat, 08 Apr 2023 00:00:00 GMT","OCC_DATE":"Sat, 08 Apr 2023 00:00:00 GMT","WEEKDAY":"Saturday","HATE_CRIME":"Religion","HC_MOTIVATION":"Other Christian Religion","HC_STATUS":"Hatecrime Suspected","OFF_CATEG":"Mischief Hate Cultrl/ Rel Prop","NB_NAME_EN":"Lowertown","SECTOR":"Sector 24","DIVISION":"Central","CENSUS_TRC":"5050056.00","WARD":"Ward 12 - Rideau-Vanier","COUNCILLOR":"Stéphanie Plante","OFF_TYPE":"Criminal"}},{"type":"Feature","id":1610,"geometry":null,"properties":{"OBJECTID":1610,"ID":"921","YEAR":2022,"REP_DATE":"Sat, 12 Mar 2022 00:00:00 GMT","OCC_DATE":"Sat, 12 Mar 2022 00:00:00 GMT","WEEKDAY":"Saturday","HATE_CRIME":"Religion","HC_MOTIVATION":"Jewish","HC_STATUS":"Hatecrime Happened","OFF_CATEG":"Public Incitement Of Hatred","NB_NAME_EN":"Centretown","SECTOR":"Sector 23","DIVISION":"Central","CENSUS_TRC":"5050048.00","WARD":"Ward 14 - Somerset","COUNCILLOR":"Ariel Troster","OFF_TYPE":"Criminal"}},{"type":"Feature","id":1611,"geometry":null,"properties":{"OBJECTID":1611,"ID":"922","YEAR":2019,"REP_DATE":"Tue, 23 Jul 2019 00:00:00 GMT","OCC_DATE":"Tue, 23 Jul 2019 00:00:00 GMT","WEEKDAY":"Tuesday","HATE_CRIME":"Race/Ethnicity","HC_MOTIVATION":"South Asian","HC_STATUS":"Hatecrime Happened","OFF_CATEG":"Threats Utter To Person","NB_NAME_EN":"Centretown","SECTOR":"Sector 23","DIVISION":"Central","CENSUS_TRC":"5050048.00","WARD":"Ward 14 - Somerset","COUNCILLOR":"Ariel Troster","OFF_TYPE":"Criminal"}},{"type":"Feature","id":1612,"geometry":null,"properties":{"OBJECTID":1612,"ID":"923","YEAR":2020,"REP_DATE":"Wed, 18 Nov 2020 00:00:00 GMT","OCC_DATE":"Wed, 18 Nov 2020 00:00:00 GMT","WEEKDAY":"Wednesday","HATE_CRIME":"Race/Ethnicity","HC_MOTIVATION":"South Asian","HC_STATUS":"Hatecrime Happened","OFF_CATEG":"Harass Communications","NB_NAME_EN":"Civic Hospital-Central Park","SECTOR":"Sector 21","DIVISION":"Central","CENSUS_TRC":"5050034.00","WARD":"Ward 15 - Kitchissippi","COUNCILLOR":"Jeff Leiper","OFF_TYPE":"Criminal"}},{"type":"Feature","id":1613,"geometry":null,"properties":{"OBJECTID":1613,"ID":"924","YEAR":2021,"REP_DATE":"Thu, 16 Dec 2021 00:00:00 GMT","OCC_DATE":"Thu, 16 Dec 2021 00:00:00 GMT","WEEKDAY":"Thursday","HATE_CRIME":"Gender","HC_MOTIVATION":"Woman","HC_STATUS":"Hatecrime Happened","OFF_CATEG":"Mischief To Property","NB_NAME_EN":"Sandy Hill - Ottawa East","SECTOR":"Sector 24","DIVISION":"Central","CENSUS_TRC":"5050051.00","WARD":"Ward 12 - Rideau-Vanier","COUNCILLOR":"Stéphanie Plante","OFF_TYPE":"Criminal"}},{"type":"Feature","id":1614,"geometry":null,"properties":{"OBJECTID":1614,"ID":"925","YEAR":2022,"REP_DATE":"Wed, 20 Apr 2022 00:00:00 GMT","OCC_DATE":"Fri, 15 Apr 2022 00:00:00 GMT","WEEKDAY":"Friday","HATE_CRIME":"Unknown","HC_MOTIVATION":"Unknown","HC_STATUS":"Hatecrime Happened","OFF_CATEG":"Mischief To Property","NB_NAME_EN":"Lindenlea - New Edinburgh","SECTOR":"Sector 25","DIVISION":"Central","CENSUS_TRC":"5050058.00","WARD":"Ward 13 - Rideau-Rockcliffe","COUNCILLOR":"Rawlson King","OFF_TYPE":"Criminal"}},{"type":"Feature","id":1615,"geometry":null,"properties":{"OBJECTID":1615,"ID":"926","YEAR":2022,"REP_DATE":"Thu, 21 Apr 2022 00:00:00 GMT","OCC_DATE":"Wed, 20 Apr 2022 00:00:00 GMT","WEEKDAY":"Wednesday","HATE_CRIME":"Race/Ethnicity","HC_MOTIVATION":"South Asian","HC_STATUS":"Hatecrime Happened","OFF_CATEG":"Admin Administrative","NB_NAME_EN":"Lindenlea - New Edinburgh","SECTOR":"Sector 25","DIVISION":"Central","CENSUS_TRC":"5050058.00","WARD":"Ward 13 - Rideau-Rockcliffe","COUNCILLOR":"Rawlson King","OFF_TYPE":"Non Criminal"}},{"type":"Feature","id":1616,"geometry":null,"properties":{"OBJECTID":1616,"ID":"927","YEAR":2021,"REP_DATE":"Wed, 18 Aug 2021 00:00:00 GMT","OCC_DATE":"Wed, 18 Aug 2021 00:00:00 GMT","WEEKDAY":"Wednesday","HATE_CRIME":"Race/Ethnicity","HC_MOTIVATION":"East and Southeast Asian","HC_STATUS":"Hatecrime Happened","OFF_CATEG":"Dispute- Disturbance","NB_NAME_EN":"Manotick East","SECTOR":"Sector 36","DIVISION":"East","CENSUS_TRC":"5050126.04","WARD":"Ward 20 - Osgoode","COUNCILLOR":"George Darouze","OFF_TYPE":"Non Criminal"}},{"type":"Feature","id":1617,"geometry":null,"properties":{"OBJECTID":1617,"ID":"928","YEAR":2023,"REP_DATE":"Sun, 12 Nov 2023 00:00:00 GMT","OCC_DATE":"Sun, 12 Nov 2023 00:00:00 GMT","WEEKDAY":"Sunday","HATE_CRIME":"Other Similar Factor","HC_MOTIVATION":"non","HC_STATUS":"Hatecrime Happened","OFF_CATEG":"Mischief Hate Cultrl/ Rel Prop","NB_NAME_EN":"Byward Market","SECTOR":"Sector 24","DIVISION":"Central","CENSUS_TRC":"5050054.00","WARD":"Ward 12 - Rideau-Vanier","COUNCILLOR":"Stéphanie Plante","OFF_TYPE":"Criminal"}},{"type":"Feature","id":1618,"geometry":null,"properties":{"OBJECTID":1618,"ID":"929","YEAR":2022,"REP_DATE":"Tue, 01 Feb 2022 00:00:00 GMT","OCC_DATE":"Tue, 01 Feb 2022 00:00:00 GMT","WEEKDAY":"Tuesday","HATE_CRIME":"Gender","HC_MOTIVATION":"Woman","HC_STATUS":"Hatecrime Happened","OFF_CATEG":"Mischief To Property","NB_NAME_EN":"Centretown","SECTOR":"Sector 23","DIVISION":"Central","CENSUS_TRC":"5050038.00","WARD":"Ward 14 - Somerset","COUNCILLOR":"Ariel Troster","OFF_TYPE":"Criminal"}},{"type":"Feature","id":1619,"geometry":null,"properties":{"OBJECTID":1619,"ID":"930","YEAR":2023,"REP_DATE":"Wed, 22 Feb 2023 00:00:00 GMT","OCC_DATE":"Wed, 22 Feb 2023 00:00:00 GMT","WEEKDAY":"Wednesday","HATE_CRIME":"Gender","HC_MOTIVATION":"LGBTQ2+","HC_STATUS":"Hatecrime Happened","OFF_CATEG":"Disturbance Causing, Loiter Etc","NB_NAME_EN":"Glebe - Dows Lake","SECTOR":"Sector 22","DIVISION":"Central","CENSUS_TRC":"5050018.00","WARD":"Ward 17 - Capital","COUNCILLOR":"Shawn Menard","OFF_TYPE":"Criminal"}},{"type":"Feature","id":1620,"geometry":null,"properties":{"OBJECTID":1620,"ID":"931","YEAR":2021,"REP_DATE":"Sat, 17 Apr 2021 00:00:00 GMT","OCC_DATE":"Sat, 17 Apr 2021 00:00:00 GMT","WEEKDAY":"Saturday","HATE_CRIME":"Race/Ethnicity","HC_MOTIVATION":"Black","HC_STATUS":"Hatecrime Happened","OFF_CATEG":"Assault Peace Officer Wpn- Cbh","NB_NAME_EN":"Byward Market","SECTOR":"Sector 24","DIVISION":"Central","CENSUS_TRC":"5050054.00","WARD":"Ward 12 - Rideau-Vanier","COUNCILLOR":"Stéphanie Plante","OFF_TYPE":"Criminal"}},{"type":"Feature","id":1621,"geometry":null,"properties":{"OBJECTID":1621,"ID":"932","YEAR":2022,"REP_DATE":"Mon, 13 Jun 2022 00:00:00 GMT","OCC_DATE":"Mon, 13 Jun 2022 00:00:00 GMT","WEEKDAY":"Monday","HATE_CRIME":"Sexual Orientation","HC_MOTIVATION":"LGBTQ2+","HC_STATUS":"Hatecrime Suspected","OFF_CATEG":"Harass Sexual Orientation","NB_NAME_EN":"Centretown","SECTOR":"Sector 23","DIVISION":"Central","CENSUS_TRC":"5050038.00","WARD":"Ward 14 - Somerset","COUNCILLOR":"Ariel Troster","OFF_TYPE":"Non Criminal"}},{"type":"Feature","id":1622,"geometry":null,"properties":{"OBJECTID":1622,"ID":"933","YEAR":2023,"REP_DATE":"Thu, 19 Oct 2023 00:00:00 GMT","OCC_DATE":"Mon, 16 Oct 2023 00:00:00 GMT","WEEKDAY":"Monday","HATE_CRIME":"Race/Ethnicity","HC_MOTIVATION":"Arab(West Asian,Middle Eastern and North African origins)","HC_STATUS":"Hatecrime Happened","OFF_CATEG":"Harass Race/ Religion","NB_NAME_EN":"Centretown","SECTOR":"Sector 23","DIVISION":"Central","CENSUS_TRC":"5050038.00","WARD":"Ward 14 - Somerset","COUNCILLOR":"Ariel Troster","OFF_TYPE":"Non Criminal"}},{"type":"Feature","id":1623,"geometry":null,"properties":{"OBJECTID":1623,"ID":"934","YEAR":2020,"REP_DATE":"Tue, 15 Sep 2020 00:00:00 GMT","OCC_DATE":"Tue, 04 Aug 2020 00:00:00 GMT","WEEKDAY":"Tuesday","HATE_CRIME":"Race/Ethnicity","HC_MOTIVATION":"Black","HC_STATUS":"Hatecrime Happened","OFF_CATEG":"Mischief To Property","NB_NAME_EN":"Centretown","SECTOR":"Sector 23","DIVISION":"Central","CENSUS_TRC":"5050038.00","WARD":"Ward 14 - Somerset","COUNCILLOR":"Ariel Troster","OFF_TYPE":"Criminal"}},{"type":"Feature","id":1624,"geometry":null,"properties":{"OBJECTID":1624,"ID":"935","YEAR":2021,"REP_DATE":"Mon, 02 Aug 2021 00:00:00 GMT","OCC_DATE":"Sat, 31 Jul 2021 00:00:00 GMT","WEEKDAY":"Saturday","HATE_CRIME":"Sexual Orientation","HC_MOTIVATION":"LGBTQ2+","HC_STATUS":"Hatecrime Happened","OFF_CATEG":"Mischief To Property","NB_NAME_EN":"Riverside Park","SECTOR":"Sector 34","DIVISION":"East","CENSUS_TRC":"5050003.00","WARD":"Ward 16 - River","COUNCILLOR":"Riley Brockington","OFF_TYPE":"Criminal"}},{"type":"Feature","id":1625,"geometry":null,"properties":{"OBJECTID":1625,"ID":"936","YEAR":2019,"REP_DATE":"Thu, 24 Oct 2019 00:00:00 GMT","OCC_DATE":"Thu, 24 Oct 2019 00:00:00 GMT","WEEKDAY":"Thursday","HATE_CRIME":"Religion","HC_MOTIVATION":"Unknown Religion","HC_STATUS":"Hatecrime Happened","OFF_CATEG":"Mischief To Property","NB_NAME_EN":"Byward Market","SECTOR":"Sector 24","DIVISION":"Central","CENSUS_TRC":"5050054.00","WARD":"Ward 12 - Rideau-Vanier","COUNCILLOR":"Stéphanie Plante","OFF_TYPE":"Criminal"}},{"type":"Feature","id":1626,"geometry":null,"properties":{"OBJECTID":1626,"ID":"937","YEAR":2023,"REP_DATE":"Sat, 23 Dec 2023 00:00:00 GMT","OCC_DATE":"Fri, 22 Dec 2023 00:00:00 GMT","WEEKDAY":"Friday","HATE_CRIME":"Mental or Physical Disability","HC_MOTIVATION":"Mental","HC_STATUS":"Hatecrime Happened","OFF_CATEG":"Mischief To Property","NB_NAME_EN":"Centretown","SECTOR":"Sector 23","DIVISION":"Central","CENSUS_TRC":"5050038.00","WARD":"Ward 14 - Somerset","COUNCILLOR":"Ariel Troster","OFF_TYPE":"Criminal"}},{"type":"Feature","id":1627,"geometry":null,"properties":{"OBJECTID":1627,"ID":"938","YEAR":2023,"REP_DATE":"Sun, 27 Aug 2023 00:00:00 GMT","OCC_DATE":"Sun, 27 Aug 2023 00:00:00 GMT","WEEKDAY":"Sunday","HATE_CRIME":"Race/Ethnicity","HC_MOTIVATION":"Unknown race/ethnicity","HC_STATUS":"Hatecrime Suspected","OFF_CATEG":"Mischief To Property","NB_NAME_EN":"Centretown","SECTOR":"Sector 23","DIVISION":"Central","CENSUS_TRC":"5050038.00","WARD":"Ward 14 - Somerset","COUNCILLOR":"Ariel Troster","OFF_TYPE":"Criminal"}},{"type":"Feature","id":1628,"geometry":null,"properties":{"OBJECTID":1628,"ID":"939","YEAR":2021,"REP_DATE":"Tue, 24 Aug 2021 00:00:00 GMT","OCC_DATE":"Tue, 24 Aug 2021 00:00:00 GMT","WEEKDAY":"Tuesday","HATE_CRIME":"Race/Ethnicity","HC_MOTIVATION":"East and Southeast Asian","HC_STATUS":"Hatecrime Happened","OFF_CATEG":"Harass Race/ Religion","NB_NAME_EN":"Byward Market","SECTOR":"Sector 24","DIVISION":"Central","CENSUS_TRC":"5050054.00","WARD":"Ward 12 - Rideau-Vanier","COUNCILLOR":"Stéphanie Plante","OFF_TYPE":"Non Criminal"}},{"type":"Feature","id":1629,"geometry":null,"properties":{"OBJECTID":1629,"ID":"940","YEAR":2023,"REP_DATE":"Wed, 04 Oct 2023 00:00:00 GMT","OCC_DATE":"Wed, 04 Oct 2023 00:00:00 GMT","WEEKDAY":"Wednesday","HATE_CRIME":"Religion","HC_MOTIVATION":"Jewish","HC_STATUS":"Hatecrime Happened","OFF_CATEG":"Mischief Hate Cultrl/ Rel Prop","NB_NAME_EN":"Riverside South - Leitrim","SECTOR":"Sector 35","DIVISION":"East","CENSUS_TRC":"5050126.04","WARD":"Ward 22 - Riverside South-Findlay Creek","COUNCILLOR":"Steve Desroches","OFF_TYPE":"Criminal"}},{"type":"Feature","id":1630,"geometry":null,"properties":{"OBJECTID":1630,"ID":"941","YEAR":2023,"REP_DATE":"Sat, 23 Dec 2023 00:00:00 GMT","OCC_DATE":"Fri, 22 Dec 2023 00:00:00 GMT","WEEKDAY":"Friday","HATE_CRIME":"Religion","HC_MOTIVATION":"Jewish","HC_STATUS":"Hatecrime Happened","OFF_CATEG":"Mischief To Property","NB_NAME_EN":"Centretown","SECTOR":"Sector 23","DIVISION":"Central","CENSUS_TRC":"5050048.00","WARD":"Ward 14 - Somerset","COUNCILLOR":"Ariel Troster","OFF_TYPE":"Criminal"}},{"type":"Feature","id":1631,"geometry":null,"properties":{"OBJECTID":1631,"ID":"942","YEAR":2021,"REP_DATE":"Fri, 02 Apr 2021 00:00:00 GMT","OCC_DATE":"Fri, 02 Apr 2021 00:00:00 GMT","WEEKDAY":"Friday","HATE_CRIME":"Race/Ethnicity","HC_MOTIVATION":"Black","HC_STATUS":"Hatecrime Happened","OFF_CATEG":"Weapon Possess Dangerous","NB_NAME_EN":"Centretown","SECTOR":"Sector 23","DIVISION":"Central","CENSUS_TRC":"5050048.00","WARD":"Ward 14 - Somerset","COUNCILLOR":"Ariel Troster","OFF_TYPE":"Criminal"}},{"type":"Feature","id":1632,"geometry":null,"properties":{"OBJECTID":1632,"ID":"943","YEAR":2023,"REP_DATE":"Wed, 20 Sep 2023 00:00:00 GMT","OCC_DATE":"Wed, 20 Sep 2023 00:00:00 GMT","WEEKDAY":"Wednesday","HATE_CRIME":"Combination (More than 2 Motivations)","HC_MOTIVATION":"Combination (More than 2 Motivations)","HC_STATUS":"Hatecrime Happened","OFF_CATEG":"Mischief To Property","NB_NAME_EN":"Centretown","SECTOR":"Sector 23","DIVISION":"Central","CENSUS_TRC":"5050048.00","WARD":"Ward 14 - Somerset","COUNCILLOR":"Ariel Troster","OFF_TYPE":"Criminal"}},{"type":"Feature","id":1633,"geometry":null,"properties":{"OBJECTID":1633,"ID":"944","YEAR":2022,"REP_DATE":"Sun, 06 Nov 2022 00:00:00 GMT","OCC_DATE":"Sun, 06 Nov 2022 00:00:00 GMT","WEEKDAY":"Sunday","HATE_CRIME":"Race/Ethnicity","HC_MOTIVATION":"Arab(West Asian,Middle Eastern and North African origins)","HC_STATUS":"Hatecrime Happened","OFF_CATEG":"Mischief To Property","NB_NAME_EN":"Centretown","SECTOR":"Sector 23","DIVISION":"Central","CENSUS_TRC":"5050037.01","WARD":"Ward 14 - Somerset","COUNCILLOR":"Ariel Troster","OFF_TYPE":"Criminal"}},{"type":"Feature","id":1634,"geometry":null,"properties":{"OBJECTID":1634,"ID":"945","YEAR":2023,"REP_DATE":"Fri, 22 Dec 2023 00:00:00 GMT","OCC_DATE":"Fri, 22 Dec 2023 00:00:00 GMT","WEEKDAY":"Friday","HATE_CRIME":"Religion","HC_MOTIVATION":"Jewish","HC_STATUS":"Hatecrime Happened","OFF_CATEG":"Information ( General)","NB_NAME_EN":"Centretown","SECTOR":"Sector 23","DIVISION":"Central","CENSUS_TRC":"5050048.00","WARD":"Ward 14 - Somerset","COUNCILLOR":"Ariel Troster","OFF_TYPE":"Non Criminal"}},{"type":"Feature","id":1635,"geometry":null,"properties":{"OBJECTID":1635,"ID":"946","YEAR":2020,"REP_DATE":"Mon, 29 Jun 2020 00:00:00 GMT","OCC_DATE":"Mon, 29 Jun 2020 00:00:00 GMT","WEEKDAY":"Monday","HATE_CRIME":"Race/Ethnicity","HC_MOTIVATION":"Black","HC_STATUS":"Hatecrime Happened","OFF_CATEG":"Assault Aggravated Lvl 3","NB_NAME_EN":"Centretown","SECTOR":"Sector 23","DIVISION":"Central","CENSUS_TRC":"5050048.00","WARD":"Ward 14 - Somerset","COUNCILLOR":"Ariel Troster","OFF_TYPE":"Criminal"}},{"type":"Feature","id":1636,"geometry":null,"properties":{"OBJECTID":1636,"ID":"947","YEAR":2023,"REP_DATE":"Mon, 23 Oct 2023 00:00:00 GMT","OCC_DATE":"Mon, 23 Oct 2023 00:00:00 GMT","WEEKDAY":"Monday","HATE_CRIME":"Religion","HC_MOTIVATION":"Jewish","HC_STATUS":"Hatecrime Suspected","OFF_CATEG":"Harass Race/ Religion","NB_NAME_EN":"Centretown","SECTOR":"Sector 23","DIVISION":"Central","CENSUS_TRC":"5050048.00","WARD":"Ward 14 - Somerset","COUNCILLOR":"Ariel Troster","OFF_TYPE":"Non Criminal"}},{"type":"Feature","id":1637,"geometry":null,"properties":{"OBJECTID":1637,"ID":"948","YEAR":2022,"REP_DATE":"Mon, 14 Mar 2022 00:00:00 GMT","OCC_DATE":"Sat, 01 Jan 2022 00:00:00 GMT","WEEKDAY":"Saturday","HATE_CRIME":"Race/Ethnicity","HC_MOTIVATION":"Black","HC_STATUS":"Hatecrime Happened","OFF_CATEG":"Dispute- Neighbour","NB_NAME_EN":"Hunt Club East - Western Community","SECTOR":"Sector 35","DIVISION":"East","CENSUS_TRC":"5050002.05","WARD":"Ward 16 - River","COUNCILLOR":"Riley Brockington","OFF_TYPE":"Non Criminal"}},{"type":"Feature","id":1638,"geometry":null,"properties":{"OBJECTID":1638,"ID":"949","YEAR":2023,"REP_DATE":"Tue, 24 Jan 2023 00:00:00 GMT","OCC_DATE":"Tue, 24 Jan 2023 00:00:00 GMT","WEEKDAY":"Tuesday","HATE_CRIME":"Race/Ethnicity","HC_MOTIVATION":"White","HC_STATUS":"Hatecrime Happened","OFF_CATEG":"Mischief Hate Cultrl/ Rel Prop","NB_NAME_EN":"Civic Hospital-Central Park","SECTOR":"Sector 21","DIVISION":"Central","CENSUS_TRC":"5050034.00","WARD":"Ward 15 - Kitchissippi","COUNCILLOR":"Jeff Leiper","OFF_TYPE":"Criminal"}},{"type":"Feature","id":1639,"geometry":null,"properties":{"OBJECTID":1639,"ID":"950","YEAR":2023,"REP_DATE":"Tue, 13 Jun 2023 00:00:00 GMT","OCC_DATE":"Fri, 09 Jun 2023 00:00:00 GMT","WEEKDAY":"Friday","HATE_CRIME":"Race/Ethnicity","HC_MOTIVATION":"Black","HC_STATUS":"Hatecrime Happened","OFF_CATEG":"Dispute- Disturbance","NB_NAME_EN":"Lowertown","SECTOR":"Sector 24","DIVISION":"Central","CENSUS_TRC":"5050053.00","WARD":"Ward 12 - Rideau-Vanier","COUNCILLOR":"Stéphanie Plante","OFF_TYPE":"Non Criminal"}},{"type":"Feature","id":1640,"geometry":null,"properties":{"OBJECTID":1640,"ID":"951","YEAR":2020,"REP_DATE":"Wed, 22 Jul 2020 00:00:00 GMT","OCC_DATE":"Tue, 21 Jul 2020 00:00:00 GMT","WEEKDAY":"Tuesday","HATE_CRIME":"Religion","HC_MOTIVATION":"Jewish","HC_STATUS":"Hatecrime Happened","OFF_CATEG":"Harass Communications","NB_NAME_EN":"Centretown","SECTOR":"Sector 23","DIVISION":"Central","CENSUS_TRC":"5050048.00","WARD":"Ward 14 - Somerset","COUNCILLOR":"Ariel Troster","OFF_TYPE":"Criminal"}},{"type":"Feature","id":1641,"geometry":null,"properties":{"OBJECTID":1641,"ID":"952","YEAR":2019,"REP_DATE":"Tue, 30 Jul 2019 00:00:00 GMT","OCC_DATE":"Tue, 30 Jul 2019 00:00:00 GMT","WEEKDAY":"Tuesday","HATE_CRIME":"Religion","HC_MOTIVATION":"Muslim (Islam)","HC_STATUS":"Hatecrime Suspected","OFF_CATEG":"Assault Level 1","NB_NAME_EN":"Centretown","SECTOR":"Sector 23","DIVISION":"Central","CENSUS_TRC":"5050038.00","WARD":"Ward 14 - Somerset","COUNCILLOR":"Ariel Troster","OFF_TYPE":"Criminal"}},{"type":"Feature","id":1642,"geometry":null,"properties":{"OBJECTID":1642,"ID":"953","YEAR":2022,"REP_DATE":"Fri, 23 Dec 2022 00:00:00 GMT","OCC_DATE":"Fri, 23 Dec 2022 00:00:00 GMT","WEEKDAY":"Friday","HATE_CRIME":"Gender","HC_MOTIVATION":"LGBTQ2+","HC_STATUS":"Hatecrime Suspected","OFF_CATEG":"Assault Level 1","NB_NAME_EN":"Centretown","SECTOR":"Sector 23","DIVISION":"Central","CENSUS_TRC":"5050038.00","WARD":"Ward 14 - Somerset","COUNCILLOR":"Ariel Troster","OFF_TYPE":"Criminal"}},{"type":"Feature","id":1643,"geometry":null,"properties":{"OBJECTID":1643,"ID":"954","YEAR":2022,"REP_DATE":"Thu, 14 Jul 2022 00:00:00 GMT","OCC_DATE":"Thu, 14 Jul 2022 00:00:00 GMT","WEEKDAY":"Thursday","HATE_CRIME":"Sexual Orientation","HC_MOTIVATION":"LGBTQ2+","HC_STATUS":"Hatecrime Happened","OFF_CATEG":"Mischief To Property","NB_NAME_EN":"Centretown","SECTOR":"Sector 23","DIVISION":"Central","CENSUS_TRC":"5050038.00","WARD":"Ward 14 - Somerset","COUNCILLOR":"Ariel Troster","OFF_TYPE":"Criminal"}},{"type":"Feature","id":1644,"geometry":null,"properties":{"OBJECTID":1644,"ID":"955","YEAR":2023,"REP_DATE":"Mon, 02 Oct 2023 00:00:00 GMT","OCC_DATE":"Sun, 01 Oct 2023 00:00:00 GMT","WEEKDAY":"Sunday","HATE_CRIME":"Combination (More than 2 Motivations)","HC_MOTIVATION":"Combination (More than 2 Motivations)","HC_STATUS":"Hatecrime Happened","OFF_CATEG":"Harass Race/ Religion","NB_NAME_EN":"Hunt Club East - Western Community","SECTOR":"Sector 35","DIVISION":"East","CENSUS_TRC":"5050002.05","WARD":"Ward 16 - River","COUNCILLOR":"Riley Brockington","OFF_TYPE":"Non Criminal"}},{"type":"Feature","id":1645,"geometry":null,"properties":{"OBJECTID":1645,"ID":"956","YEAR":2022,"REP_DATE":"Wed, 06 Apr 2022 00:00:00 GMT","OCC_DATE":"Tue, 05 Apr 2022 00:00:00 GMT","WEEKDAY":"Tuesday","HATE_CRIME":"Race/Ethnicity","HC_MOTIVATION":"South Asian","HC_STATUS":"Hatecrime Happened","OFF_CATEG":"Assault Level 1","NB_NAME_EN":"Hunt Club East - Western Community","SECTOR":"Sector 35","DIVISION":"East","CENSUS_TRC":"5050002.05","WARD":"Ward 16 - River","COUNCILLOR":"Riley Brockington","OFF_TYPE":"Criminal"}},{"type":"Feature","id":1646,"geometry":null,"properties":{"OBJECTID":1646,"ID":"957","YEAR":2023,"REP_DATE":"Tue, 20 Jun 2023 00:00:00 GMT","OCC_DATE":"Tue, 13 Jun 2023 00:00:00 GMT","WEEKDAY":"Tuesday","HATE_CRIME":"Sexual Orientation","HC_MOTIVATION":"LGBTQ2+","HC_STATUS":"Hatecrime Suspected","OFF_CATEG":"Mischief To Property","NB_NAME_EN":"Hunt Club Woods - Quintarra - Revelstoke","SECTOR":"Sector 35","DIVISION":"East","CENSUS_TRC":"5050002.01","WARD":"Ward 16 - River","COUNCILLOR":"Riley Brockington","OFF_TYPE":"Criminal"}},{"type":"Feature","id":1647,"geometry":null,"properties":{"OBJECTID":1647,"ID":"958","YEAR":2023,"REP_DATE":"Sat, 23 Dec 2023 00:00:00 GMT","OCC_DATE":"Fri, 22 Dec 2023 00:00:00 GMT","WEEKDAY":"Friday","HATE_CRIME":"Religion","HC_MOTIVATION":"Jewish","HC_STATUS":"Hatecrime Happened","OFF_CATEG":"Mischief To Property","NB_NAME_EN":"Centretown","SECTOR":"Sector 23","DIVISION":"Central","CENSUS_TRC":"5050037.01","WARD":"Ward 14 - Somerset","COUNCILLOR":"Ariel Troster","OFF_TYPE":"Criminal"}},{"type":"Feature","id":1648,"geometry":null,"properties":{"OBJECTID":1648,"ID":"959","YEAR":2023,"REP_DATE":"Sun, 12 Nov 2023 00:00:00 GMT","OCC_DATE":"Sun, 12 Nov 2023 00:00:00 GMT","WEEKDAY":"Sunday","HATE_CRIME":"Religion","HC_MOTIVATION":"Jewish","HC_STATUS":"Hatecrime Happened","OFF_CATEG":"Mischief Hate Cultrl/ Rel Prop","NB_NAME_EN":"Glebe - Dows Lake","SECTOR":"Sector 22","DIVISION":"Central","CENSUS_TRC":"5050036.00","WARD":"Ward 17 - Capital","COUNCILLOR":"Shawn Menard","OFF_TYPE":"Criminal"}},{"type":"Feature","id":1649,"geometry":null,"properties":{"OBJECTID":1649,"ID":"960","YEAR":2023,"REP_DATE":"Fri, 19 May 2023 00:00:00 GMT","OCC_DATE":"Fri, 19 May 2023 00:00:00 GMT","WEEKDAY":"Friday","HATE_CRIME":"Combination (More than 2 Motivations)","HC_MOTIVATION":"Combination (More than 2 Motivations)","HC_STATUS":"Hatecrime Happened","OFF_CATEG":"Harass Race/ Religion","NB_NAME_EN":"Hintonburg - Mechanicsville","SECTOR":"Sector 21","DIVISION":"Central","CENSUS_TRC":"5050046.00","WARD":"Ward 15 - Kitchissippi","COUNCILLOR":"Jeff Leiper","OFF_TYPE":"Non Criminal"}},{"type":"Feature","id":1650,"geometry":null,"properties":{"OBJECTID":1650,"ID":"961","YEAR":2023,"REP_DATE":"Mon, 25 Sep 2023 00:00:00 GMT","OCC_DATE":"Mon, 25 Sep 2023 00:00:00 GMT","WEEKDAY":"Monday","HATE_CRIME":"Race/Ethnicity","HC_MOTIVATION":"India,Pakistan/South Asian","HC_STATUS":"Hatecrime Suspected","OFF_CATEG":"B&e Residential Property","NB_NAME_EN":"New Barrhaven - New Development - Stonebridge","SECTOR":"Sector 16","DIVISION":"West","CENSUS_TRC":"5050141.26","WARD":"Ward 3 - Barrhaven West","COUNCILLOR":"David Hill","OFF_TYPE":"Criminal"}},{"type":"Feature","id":1651,"geometry":null,"properties":{"OBJECTID":1651,"ID":"962","YEAR":2022,"REP_DATE":"Tue, 06 Dec 2022 00:00:00 GMT","OCC_DATE":"Tue, 06 Dec 2022 00:00:00 GMT","WEEKDAY":"Tuesday","HATE_CRIME":"Race/Ethnicity","HC_MOTIVATION":"East and Southeast Asian","HC_STATUS":"Hatecrime Happened","OFF_CATEG":"Fraud Obtain Food/ Bev/ Lodg","NB_NAME_EN":"Byward Market","SECTOR":"Sector 24","DIVISION":"Central","CENSUS_TRC":"5050054.00","WARD":"Ward 12 - Rideau-Vanier","COUNCILLOR":"Stéphanie Plante","OFF_TYPE":"Criminal"}},{"type":"Feature","id":1652,"geometry":null,"properties":{"OBJECTID":1652,"ID":"963","YEAR":2022,"REP_DATE":"Sun, 03 Jul 2022 00:00:00 GMT","OCC_DATE":"Sun, 03 Jul 2022 00:00:00 GMT","WEEKDAY":"Sunday","HATE_CRIME":"Race/Ethnicity","HC_MOTIVATION":"East and Southeast Asian","HC_STATUS":"Hatecrime Happened","OFF_CATEG":"Mischief To Property","NB_NAME_EN":"Byward Market","SECTOR":"Sector 24","DIVISION":"Central","CENSUS_TRC":"5050054.00","WARD":"Ward 12 - Rideau-Vanier","COUNCILLOR":"Stéphanie Plante","OFF_TYPE":"Criminal"}},{"type":"Feature","id":1653,"geometry":null,"properties":{"OBJECTID":1653,"ID":"964","YEAR":2019,"REP_DATE":"Sun, 22 Sep 2019 00:00:00 GMT","OCC_DATE":"Sun, 22 Sep 2019 00:00:00 GMT","WEEKDAY":"Sunday","HATE_CRIME":"Race/Ethnicity","HC_MOTIVATION":"Indigenous/Aboriginal","HC_STATUS":"Hatecrime Happened","OFF_CATEG":"Assault Level 1","NB_NAME_EN":"Lowertown","SECTOR":"Sector 24","DIVISION":"Central","CENSUS_TRC":"5050056.00","WARD":"Ward 12 - Rideau-Vanier","COUNCILLOR":"Stéphanie Plante","OFF_TYPE":"Criminal"}},{"type":"Feature","id":1654,"geometry":null,"properties":{"OBJECTID":1654,"ID":"965","YEAR":2022,"REP_DATE":"Sat, 24 Sep 2022 00:00:00 GMT","OCC_DATE":"Sat, 24 Sep 2022 00:00:00 GMT","WEEKDAY":"Saturday","HATE_CRIME":"Religion","HC_MOTIVATION":"Catholic","HC_STATUS":"Hatecrime Suspected","OFF_CATEG":"Mischief Cultural Property","NB_NAME_EN":"Sandy Hill - Ottawa East","SECTOR":"Sector 24","DIVISION":"Central","CENSUS_TRC":"5050050.00","WARD":"Ward 12 - Rideau-Vanier","COUNCILLOR":"Stéphanie Plante","OFF_TYPE":"Criminal"}},{"type":"Feature","id":1655,"geometry":null,"properties":{"OBJECTID":1655,"ID":"966","YEAR":2019,"REP_DATE":"Sat, 05 Oct 2019 00:00:00 GMT","OCC_DATE":"Sat, 05 Oct 2019 00:00:00 GMT","WEEKDAY":"Saturday","HATE_CRIME":"Religion","HC_MOTIVATION":"Other Religion","HC_STATUS":"Hatecrime Happened","OFF_CATEG":"Mischief Hate Cultrl/ Rel Prop","NB_NAME_EN":"Sandy Hill - Ottawa East","SECTOR":"Sector 24","DIVISION":"Central","CENSUS_TRC":"5050050.00","WARD":"Ward 12 - Rideau-Vanier","COUNCILLOR":"Stéphanie Plante","OFF_TYPE":"Criminal"}},{"type":"Feature","id":1656,"geometry":null,"properties":{"OBJECTID":1656,"ID":"967","YEAR":2021,"REP_DATE":"Wed, 23 Jun 2021 00:00:00 GMT","OCC_DATE":"Wed, 23 Jun 2021 00:00:00 GMT","WEEKDAY":"Wednesday","HATE_CRIME":"Religion","HC_MOTIVATION":"Jewish","HC_STATUS":"Hatecrime Suspected","OFF_CATEG":"Mischief To Property","NB_NAME_EN":"Hintonburg - Mechanicsville","SECTOR":"Sector 21","DIVISION":"Central","CENSUS_TRC":"5050046.00","WARD":"Ward 15 - Kitchissippi","COUNCILLOR":"Jeff Leiper","OFF_TYPE":"Criminal"}},{"type":"Feature","id":1657,"geometry":null,"properties":{"OBJECTID":1657,"ID":"968","YEAR":2023,"REP_DATE":"Mon, 06 Nov 2023 00:00:00 GMT","OCC_DATE":"Sun, 05 Nov 2023 00:00:00 GMT","WEEKDAY":"Sunday","HATE_CRIME":"Race/Ethnicity","HC_MOTIVATION":"India,Pakistan/South Asian","HC_STATUS":"Hatecrime Suspected","OFF_CATEG":"Assault Level 1","NB_NAME_EN":"Glebe - Dows Lake","SECTOR":"Sector 22","DIVISION":"Central","CENSUS_TRC":"5050036.00","WARD":"Ward 17 - Capital","COUNCILLOR":"Shawn Menard","OFF_TYPE":"Criminal"}},{"type":"Feature","id":1658,"geometry":null,"properties":{"OBJECTID":1658,"ID":"969","YEAR":2022,"REP_DATE":"Mon, 26 Sep 2022 00:00:00 GMT","OCC_DATE":"Mon, 26 Sep 2022 00:00:00 GMT","WEEKDAY":"Monday","HATE_CRIME":"Race/Ethnicity","HC_MOTIVATION":"Black","HC_STATUS":"Hatecrime Happened","OFF_CATEG":"Mischief Hate Cultrl/ Rel Prop","NB_NAME_EN":"Byward Market","SECTOR":"Sector 24","DIVISION":"Central","CENSUS_TRC":"5050054.00","WARD":"Ward 12 - Rideau-Vanier","COUNCILLOR":"Stéphanie Plante","OFF_TYPE":"Criminal"}},{"type":"Feature","id":1659,"geometry":null,"properties":{"OBJECTID":1659,"ID":"970","YEAR":2020,"REP_DATE":"Sat, 29 Aug 2020 00:00:00 GMT","OCC_DATE":"Sat, 29 Aug 2020 00:00:00 GMT","WEEKDAY":"Saturday","HATE_CRIME":"Race/Ethnicity","HC_MOTIVATION":"East and Southeast Asian","HC_STATUS":"Hatecrime Happened","OFF_CATEG":"Suspicious Circumstance( S)","NB_NAME_EN":"Centretown","SECTOR":"Sector 23","DIVISION":"Central","CENSUS_TRC":"5050038.00","WARD":"Ward 14 - Somerset","COUNCILLOR":"Ariel Troster","OFF_TYPE":"Non Criminal"}},{"type":"Feature","id":1660,"geometry":null,"properties":{"OBJECTID":1660,"ID":"971","YEAR":2022,"REP_DATE":"Fri, 16 Sep 2022 00:00:00 GMT","OCC_DATE":"Fri, 16 Sep 2022 00:00:00 GMT","WEEKDAY":"Friday","HATE_CRIME":"Gender","HC_MOTIVATION":"Woman","HC_STATUS":"Hatecrime Suspected","OFF_CATEG":"Assault Aggravated Lvl 3","NB_NAME_EN":"Hunt Club East - Western Community","SECTOR":"Sector 35","DIVISION":"East","CENSUS_TRC":"5050002.05","WARD":"Ward 16 - River","COUNCILLOR":"Riley Brockington","OFF_TYPE":"Criminal"}},{"type":"Feature","id":1661,"geometry":null,"properties":{"OBJECTID":1661,"ID":"972","YEAR":2022,"REP_DATE":"Sat, 12 Mar 2022 00:00:00 GMT","OCC_DATE":"Sat, 12 Mar 2022 00:00:00 GMT","WEEKDAY":"Saturday","HATE_CRIME":"Sexual Orientation","HC_MOTIVATION":"LGBTQ2+","HC_STATUS":"Hatecrime Happened","OFF_CATEG":"Dispute- Neighbour","NB_NAME_EN":"Vanier North","SECTOR":"Sector 25","DIVISION":"Central","CENSUS_TRC":"5050104.00","WARD":"Ward 12 - Rideau-Vanier","COUNCILLOR":"Stéphanie Plante","OFF_TYPE":"Non Criminal"}},{"type":"Feature","id":1662,"geometry":null,"properties":{"OBJECTID":1662,"ID":"973","YEAR":2022,"REP_DATE":"Sun, 31 Jul 2022 00:00:00 GMT","OCC_DATE":"Sun, 31 Jul 2022 00:00:00 GMT","WEEKDAY":"Sunday","HATE_CRIME":"Race/Ethnicity","HC_MOTIVATION":"Multiple Races/Ethnicities","HC_STATUS":"Hatecrime Suspected","OFF_CATEG":"Assault With Weapon Or Cbh Lv2","NB_NAME_EN":"Centretown","SECTOR":"Sector 23","DIVISION":"Central","CENSUS_TRC":"5050038.00","WARD":"Ward 14 - Somerset","COUNCILLOR":"Ariel Troster","OFF_TYPE":"Criminal"}},{"type":"Feature","id":1663,"geometry":null,"properties":{"OBJECTID":1663,"ID":"974","YEAR":2023,"REP_DATE":"Fri, 22 Dec 2023 00:00:00 GMT","OCC_DATE":"Fri, 22 Dec 2023 00:00:00 GMT","WEEKDAY":"Friday","HATE_CRIME":"Race/Ethnicity","HC_MOTIVATION":"Black","HC_STATUS":"Hatecrime Happened","OFF_CATEG":"Assault Level 1","NB_NAME_EN":"Centretown","SECTOR":"Sector 23","DIVISION":"Central","CENSUS_TRC":"5050038.00","WARD":"Ward 14 - Somerset","COUNCILLOR":"Ariel Troster","OFF_TYPE":"Criminal"}},{"type":"Feature","id":1664,"geometry":null,"properties":{"OBJECTID":1664,"ID":"975","YEAR":2021,"REP_DATE":"Sat, 15 May 2021 00:00:00 GMT","OCC_DATE":"Sat, 15 May 2021 00:00:00 GMT","WEEKDAY":"Saturday","HATE_CRIME":"Religion","HC_MOTIVATION":"Muslim (Islam)","HC_STATUS":"Hatecrime Happened","OFF_CATEG":"Public Incitement Of Hatred","NB_NAME_EN":"Byward Market","SECTOR":"Sector 24","DIVISION":"Central","CENSUS_TRC":"5050054.00","WARD":"Ward 12 - Rideau-Vanier","COUNCILLOR":"Stéphanie Plante","OFF_TYPE":"Criminal"}},{"type":"Feature","id":1665,"geometry":null,"properties":{"OBJECTID":1665,"ID":"976","YEAR":2022,"REP_DATE":"Tue, 04 Jan 2022 00:00:00 GMT","OCC_DATE":"Tue, 04 Jan 2022 00:00:00 GMT","WEEKDAY":"Tuesday","HATE_CRIME":"Religion","HC_MOTIVATION":"Jewish","HC_STATUS":"Hatecrime Happened","OFF_CATEG":"Mischief To Property","NB_NAME_EN":"Sandy Hill - Ottawa East","SECTOR":"Sector 24","DIVISION":"Central","CENSUS_TRC":"5050050.00","WARD":"Ward 12 - Rideau-Vanier","COUNCILLOR":"Stéphanie Plante","OFF_TYPE":"Criminal"}},{"type":"Feature","id":1666,"geometry":null,"properties":{"OBJECTID":1666,"ID":"977","YEAR":2019,"REP_DATE":"Fri, 03 May 2019 00:00:00 GMT","OCC_DATE":"Fri, 03 May 2019 00:00:00 GMT","WEEKDAY":"Friday","HATE_CRIME":"Race/Ethnicity","HC_MOTIVATION":"South Asian","HC_STATUS":"Hatecrime Happened","OFF_CATEG":"Assault With Weapon Or Cbh Lv2","NB_NAME_EN":"Ottawa East","SECTOR":"Sector 22","DIVISION":"Central","CENSUS_TRC":"5050015.00","WARD":"Ward 17 - Capital","COUNCILLOR":"Shawn Menard","OFF_TYPE":"Criminal"}},{"type":"Feature","id":1667,"geometry":null,"properties":{"OBJECTID":1667,"ID":"978","YEAR":2020,"REP_DATE":"Sat, 25 Jul 2020 00:00:00 GMT","OCC_DATE":"Fri, 24 Jul 2020 00:00:00 GMT","WEEKDAY":"Friday","HATE_CRIME":"Race/Ethnicity","HC_MOTIVATION":"East and Southeast Asian","HC_STATUS":"Hatecrime Happened","OFF_CATEG":"Mischief To Property","NB_NAME_EN":"Byward Market","SECTOR":"Sector 24","DIVISION":"Central","CENSUS_TRC":"5050054.00","WARD":"Ward 12 - Rideau-Vanier","COUNCILLOR":"Stéphanie Plante","OFF_TYPE":"Criminal"}},{"type":"Feature","id":1668,"geometry":null,"properties":{"OBJECTID":1668,"ID":"979","YEAR":2019,"REP_DATE":"Wed, 24 Apr 2019 00:00:00 GMT","OCC_DATE":"Wed, 24 Apr 2019 00:00:00 GMT","WEEKDAY":"Wednesday","HATE_CRIME":"Race/Ethnicity","HC_MOTIVATION":"Black","HC_STATUS":"Hatecrime Happened","OFF_CATEG":"Mischief To Property","NB_NAME_EN":"Centretown","SECTOR":"Sector 23","DIVISION":"Central","CENSUS_TRC":"5050048.00","WARD":"Ward 14 - Somerset","COUNCILLOR":"Ariel Troster","OFF_TYPE":"Criminal"}},{"type":"Feature","id":1669,"geometry":null,"properties":{"OBJECTID":1669,"ID":"980","YEAR":2022,"REP_DATE":"Sun, 26 Jun 2022 00:00:00 GMT","OCC_DATE":"Sat, 25 Jun 2022 00:00:00 GMT","WEEKDAY":"Saturday","HATE_CRIME":"Race/Ethnicity","HC_MOTIVATION":"East and Southeast Asian","HC_STATUS":"Hatecrime Suspected","OFF_CATEG":"Assault With Weapon Or Cbh Lv2","NB_NAME_EN":"Centretown","SECTOR":"Sector 23","DIVISION":"Central","CENSUS_TRC":"5050048.00","WARD":"Ward 14 - Somerset","COUNCILLOR":"Ariel Troster","OFF_TYPE":"Criminal"}},{"type":"Feature","id":1670,"geometry":null,"properties":{"OBJECTID":1670,"ID":"981","YEAR":2018,"REP_DATE":"Thu, 06 Sep 2018 00:00:00 GMT","OCC_DATE":"Thu, 06 Sep 2018 00:00:00 GMT","WEEKDAY":"Thursday","HATE_CRIME":"Race/Ethnicity","HC_MOTIVATION":"Arab(West Asian,Middle Eastern and North African origins)","HC_STATUS":"Hatecrime Happened","OFF_CATEG":"Threats Utter To Person","NB_NAME_EN":"Byward Market","SECTOR":"Sector 24","DIVISION":"Central","CENSUS_TRC":"5050054.00","WARD":"Ward 12 - Rideau-Vanier","COUNCILLOR":"Stéphanie Plante","OFF_TYPE":"Criminal"}},{"type":"Feature","id":1671,"geometry":null,"properties":{"OBJECTID":1671,"ID":"982","YEAR":2023,"REP_DATE":"Sat, 23 Dec 2023 00:00:00 GMT","OCC_DATE":"Sat, 23 Dec 2023 00:00:00 GMT","WEEKDAY":"Saturday","HATE_CRIME":"Unknown","HC_MOTIVATION":"Unknown","HC_STATUS":"Hatecrime Happened","OFF_CATEG":"Mischief To Property","NB_NAME_EN":"Centretown","SECTOR":"Sector 23","DIVISION":"Central","CENSUS_TRC":"5050037.01","WARD":"Ward 14 - Somerset","COUNCILLOR":"Ariel Troster","OFF_TYPE":"Criminal"}},{"type":"Feature","id":1672,"geometry":null,"properties":{"OBJECTID":1672,"ID":"983","YEAR":2022,"REP_DATE":"Thu, 03 Feb 2022 00:00:00 GMT","OCC_DATE":"Thu, 03 Feb 2022 00:00:00 GMT","WEEKDAY":"Thursday","HATE_CRIME":"Religion","HC_MOTIVATION":"Jewish","HC_STATUS":"Hatecrime Happened","OFF_CATEG":"Wilful Promotion Of Hatred","NB_NAME_EN":"Byward Market","SECTOR":"Sector 24","DIVISION":"Central","CENSUS_TRC":"5050054.00","WARD":"Ward 12 - Rideau-Vanier","COUNCILLOR":"Stéphanie Plante","OFF_TYPE":"Criminal"}},{"type":"Feature","id":1673,"geometry":null,"properties":{"OBJECTID":1673,"ID":"984","YEAR":2023,"REP_DATE":"Sat, 23 Dec 2023 00:00:00 GMT","OCC_DATE":"Fri, 22 Dec 2023 00:00:00 GMT","WEEKDAY":"Friday","HATE_CRIME":"Other Similar Factor","HC_MOTIVATION":"non","HC_STATUS":"Hatecrime Suspected","OFF_CATEG":"Mischief To Property","NB_NAME_EN":"Centretown","SECTOR":"Sector 23","DIVISION":"Central","CENSUS_TRC":"5050037.01","WARD":"Ward 14 - Somerset","COUNCILLOR":"Ariel Troster","OFF_TYPE":"Criminal"}},{"type":"Feature","id":1674,"geometry":null,"properties":{"OBJECTID":1674,"ID":"985","YEAR":2019,"REP_DATE":"Mon, 24 Jun 2019 00:00:00 GMT","OCC_DATE":"Sat, 22 Jun 2019 00:00:00 GMT","WEEKDAY":"Saturday","HATE_CRIME":"Religion","HC_MOTIVATION":"Jewish","HC_STATUS":"Hatecrime Happened","OFF_CATEG":"Mischief To Property","NB_NAME_EN":"Centretown","SECTOR":"Sector 23","DIVISION":"Central","CENSUS_TRC":"5050037.01","WARD":"Ward 14 - Somerset","COUNCILLOR":"Ariel Troster","OFF_TYPE":"Criminal"}},{"type":"Feature","id":1675,"geometry":null,"properties":{"OBJECTID":1675,"ID":"986","YEAR":2022,"REP_DATE":"Thu, 04 Aug 2022 00:00:00 GMT","OCC_DATE":"Thu, 04 Aug 2022 00:00:00 GMT","WEEKDAY":"Thursday","HATE_CRIME":"Race/Ethnicity","HC_MOTIVATION":"East and Southeast Asian","HC_STATUS":"Hatecrime Happened","OFF_CATEG":"Harass Communications","NB_NAME_EN":"Hintonburg - Mechanicsville","SECTOR":"Sector 21","DIVISION":"Central","CENSUS_TRC":"5050043.00","WARD":"Ward 15 - Kitchissippi","COUNCILLOR":"Jeff Leiper","OFF_TYPE":"Criminal"}},{"type":"Feature","id":1676,"geometry":null,"properties":{"OBJECTID":1676,"ID":"987","YEAR":2020,"REP_DATE":"Sun, 02 Feb 2020 00:00:00 GMT","OCC_DATE":"Sun, 02 Feb 2020 00:00:00 GMT","WEEKDAY":"Sunday","HATE_CRIME":"Race/Ethnicity","HC_MOTIVATION":"East and Southeast Asian","HC_STATUS":"Hatecrime Suspected","OFF_CATEG":"Assault Level 1","NB_NAME_EN":"Byward Market","SECTOR":"Sector 24","DIVISION":"Central","CENSUS_TRC":"5050054.00","WARD":"Ward 12 - Rideau-Vanier","COUNCILLOR":"Stéphanie Plante","OFF_TYPE":"Criminal"}},{"type":"Feature","id":1677,"geometry":null,"properties":{"OBJECTID":1677,"ID":"988","YEAR":2021,"REP_DATE":"Mon, 05 Jul 2021 00:00:00 GMT","OCC_DATE":"Thu, 01 Jul 2021 00:00:00 GMT","WEEKDAY":"Thursday","HATE_CRIME":"Race/Ethnicity","HC_MOTIVATION":"East and Southeast Asian","HC_STATUS":"Hatecrime Suspected","OFF_CATEG":"Assault Level 1","NB_NAME_EN":"Byward Market","SECTOR":"Sector 24","DIVISION":"Central","CENSUS_TRC":"5050054.00","WARD":"Ward 12 - Rideau-Vanier","COUNCILLOR":"Stéphanie Plante","OFF_TYPE":"Criminal"}},{"type":"Feature","id":1678,"geometry":null,"properties":{"OBJECTID":1678,"ID":"989","YEAR":2023,"REP_DATE":"Wed, 17 May 2023 00:00:00 GMT","OCC_DATE":"Wed, 17 May 2023 00:00:00 GMT","WEEKDAY":"Wednesday","HATE_CRIME":"Race/Ethnicity","HC_MOTIVATION":"India,Pakistan/South Asian","HC_STATUS":"Hatecrime Happened","OFF_CATEG":"Assault Level 1","NB_NAME_EN":"Lowertown","SECTOR":"Sector 24","DIVISION":"Central","CENSUS_TRC":"5050053.00","WARD":"Ward 12 - Rideau-Vanier","COUNCILLOR":"Stéphanie Plante","OFF_TYPE":"Criminal"}},{"type":"Feature","id":1679,"geometry":null,"properties":{"OBJECTID":1679,"ID":"990","YEAR":2023,"REP_DATE":"Fri, 10 Mar 2023 00:00:00 GMT","OCC_DATE":"Fri, 10 Mar 2023 00:00:00 GMT","WEEKDAY":"Friday","HATE_CRIME":"Race/Ethnicity","HC_MOTIVATION":"India,Pakistan/South Asian","HC_STATUS":"Hatecrime Happened","OFF_CATEG":"Assault Level 1","NB_NAME_EN":"Lowertown","SECTOR":"Sector 24","DIVISION":"Central","CENSUS_TRC":"5050053.00","WARD":"Ward 12 - Rideau-Vanier","COUNCILLOR":"Stéphanie Plante","OFF_TYPE":"Criminal"}},{"type":"Feature","id":1680,"geometry":null,"properties":{"OBJECTID":1680,"ID":"991","YEAR":2022,"REP_DATE":"Sat, 23 Apr 2022 00:00:00 GMT","OCC_DATE":"Sat, 23 Apr 2022 00:00:00 GMT","WEEKDAY":"Saturday","HATE_CRIME":"Sexual Orientation","HC_MOTIVATION":"Other sexual orientation","HC_STATUS":"Hatecrime Happened","OFF_CATEG":"Assault Level 1","NB_NAME_EN":"Lowertown","SECTOR":"Sector 24","DIVISION":"Central","CENSUS_TRC":"5050056.00","WARD":"Ward 12 - Rideau-Vanier","COUNCILLOR":"Stéphanie Plante","OFF_TYPE":"Criminal"}},{"type":"Feature","id":1681,"geometry":null,"properties":{"OBJECTID":1681,"ID":"992","YEAR":2018,"REP_DATE":"Sun, 14 Oct 2018 00:00:00 GMT","OCC_DATE":"Sun, 14 Oct 2018 00:00:00 GMT","WEEKDAY":"Sunday","HATE_CRIME":"Race/Ethnicity","HC_MOTIVATION":"Arab(West Asian,Middle Eastern and North African origins)","HC_STATUS":"Hatecrime Suspected","OFF_CATEG":"Assault With Weapon Or Cbh Lv2","NB_NAME_EN":"Lowertown","SECTOR":"Sector 24","DIVISION":"Central","CENSUS_TRC":"5050056.00","WARD":"Ward 12 - Rideau-Vanier","COUNCILLOR":"Stéphanie Plante","OFF_TYPE":"Criminal"}},{"type":"Feature","id":1682,"geometry":null,"properties":{"OBJECTID":1682,"ID":"993","YEAR":2020,"REP_DATE":"Sat, 22 Feb 2020 00:00:00 GMT","OCC_DATE":"Sat, 22 Feb 2020 00:00:00 GMT","WEEKDAY":"Saturday","HATE_CRIME":"Religion","HC_MOTIVATION":"Jewish","HC_STATUS":"Hatecrime Happened","OFF_CATEG":"Mischief To Property","NB_NAME_EN":"Centretown","SECTOR":"Sector 23","DIVISION":"Central","CENSUS_TRC":"5050037.02","WARD":"Ward 14 - Somerset","COUNCILLOR":"Ariel Troster","OFF_TYPE":"Criminal"}},{"type":"Feature","id":1683,"geometry":null,"properties":{"OBJECTID":1683,"ID":"994","YEAR":2023,"REP_DATE":"Mon, 17 Jul 2023 00:00:00 GMT","OCC_DATE":"Sun, 16 Jul 2023 00:00:00 GMT","WEEKDAY":"Sunday","HATE_CRIME":"Sexual Orientation","HC_MOTIVATION":"LGBTQ2+","HC_STATUS":"Hatecrime Suspected","OFF_CATEG":"Information ( General)","NB_NAME_EN":"Hunt Club Woods - Quintarra - Revelstoke","SECTOR":"Sector 35","DIVISION":"East","CENSUS_TRC":"5050002.06","WARD":"Ward 16 - River","COUNCILLOR":"Riley Brockington","OFF_TYPE":"Non Criminal"}},{"type":"Feature","id":1684,"geometry":null,"properties":{"OBJECTID":1684,"ID":"995","YEAR":2023,"REP_DATE":"Fri, 25 Aug 2023 00:00:00 GMT","OCC_DATE":"Tue, 22 Aug 2023 00:00:00 GMT","WEEKDAY":"Tuesday","HATE_CRIME":"Sexual Orientation","HC_MOTIVATION":"LGBTQ2+","HC_STATUS":"Hatecrime Happened","OFF_CATEG":"Information ( General)","NB_NAME_EN":"Vanier North","SECTOR":"Sector 25","DIVISION":"Central","CENSUS_TRC":"5050103.00","WARD":"Ward 12 - Rideau-Vanier","COUNCILLOR":"Stéphanie Plante","OFF_TYPE":"Non Criminal"}},{"type":"Feature","id":1685,"geometry":null,"properties":{"OBJECTID":1685,"ID":"996","YEAR":2022,"REP_DATE":"Fri, 05 Aug 2022 00:00:00 GMT","OCC_DATE":"Fri, 05 Aug 2022 00:00:00 GMT","WEEKDAY":"Friday","HATE_CRIME":"Race/Ethnicity","HC_MOTIVATION":"Multiple Races/Ethnicities","HC_STATUS":"Hatecrime Happened","OFF_CATEG":"Mischief To Property","NB_NAME_EN":"Riverside South - Leitrim","SECTOR":"Sector 35","DIVISION":"East","CENSUS_TRC":"5050126.06","WARD":"Ward 22 - Riverside South-Findlay Creek","COUNCILLOR":"Steve Desroches","OFF_TYPE":"Criminal"}},{"type":"Feature","id":1686,"geometry":null,"properties":{"OBJECTID":1686,"ID":"997","YEAR":2020,"REP_DATE":"Sun, 24 May 2020 00:00:00 GMT","OCC_DATE":"Sun, 24 May 2020 00:00:00 GMT","WEEKDAY":"Sunday","HATE_CRIME":"Religion","HC_MOTIVATION":"Jewish","HC_STATUS":"Hatecrime Happened","OFF_CATEG":"Mischief To Property","NB_NAME_EN":"Centretown","SECTOR":"Sector 23","DIVISION":"Central","CENSUS_TRC":"5050038.00","WARD":"Ward 14 - Somerset","COUNCILLOR":"Ariel Troster","OFF_TYPE":"Criminal"}},{"type":"Feature","id":1687,"geometry":null,"properties":{"OBJECTID":1687,"ID":"998","YEAR":2022,"REP_DATE":"Thu, 01 Sep 2022 00:00:00 GMT","OCC_DATE":"Wed, 31 Aug 2022 00:00:00 GMT","WEEKDAY":"Wednesday","HATE_CRIME":"Race/Ethnicity","HC_MOTIVATION":"Black","HC_STATUS":"Hatecrime Happened","OFF_CATEG":"Mischief To Property","NB_NAME_EN":"Glebe - Dows Lake","SECTOR":"Sector 22","DIVISION":"Central","CENSUS_TRC":"5050018.00","WARD":"Ward 17 - Capital","COUNCILLOR":"Shawn Menard","OFF_TYPE":"Criminal"}},{"type":"Feature","id":1688,"geometry":null,"properties":{"OBJECTID":1688,"ID":"999","YEAR":2023,"REP_DATE":"Mon, 23 Oct 2023 00:00:00 GMT","OCC_DATE":"Thu, 19 Oct 2023 00:00:00 GMT","WEEKDAY":"Thursday","HATE_CRIME":"Religion","HC_MOTIVATION":"Jewish","HC_STATUS":"Hatecrime Happened","OFF_CATEG":"Threatening Communications","NB_NAME_EN":"Sandy Hill - Ottawa East","SECTOR":"Sector 24","DIVISION":"Central","CENSUS_TRC":"5050051.00","WARD":"Ward 12 - Rideau-Vanier","COUNCILLOR":"Stéphanie Plante","OFF_TYPE":"Criminal"}},{"type":"Feature","id":1689,"geometry":null,"properties":{"OBJECTID":1689,"ID":"1000","YEAR":2023,"REP_DATE":"Sun, 03 Sep 2023 00:00:00 GMT","OCC_DATE":"Sun, 03 Sep 2023 00:00:00 GMT","WEEKDAY":"Sunday","HATE_CRIME":"Gender","HC_MOTIVATION":"LGBTQ2+","HC_STATUS":"Hatecrime Suspected","OFF_CATEG":"Threats Utter To Person","NB_NAME_EN":"Glebe - Dows Lake","SECTOR":"Sector 22","DIVISION":"Central","CENSUS_TRC":"5050018.00","WARD":"Ward 17 - Capital","COUNCILLOR":"Shawn Menard","OFF_TYPE":"Criminal"}}]}